id;ident;type;name;latitude_deg;longitude_deg;elevation_ft;continent;iso_country;iso_region;municipality;scheduled_service;gps_code;iata_code;local_code;home_link;wikipedia_link
3;AGGH;large_airport;Honiara International Airport;-9.428;160.054993;28;OC;SB;SB-GU;Honiara;yes;AGGH;HIR;;;https://en.wikipedia.org/wiki/Honiara_International_Airport
4;AGGM;medium_airport;Munda Airport;-8.32797;157.263;10;OC;SB;SB-WE;Munda;yes;AGGM;MUA;;;https://en.wikipedia.org/wiki/Munda_Airport
8;ANYN;medium_airport;Nauru International Airport;-0.547458;166.919006;22;OC;NR;NR-14;Yaren District;yes;ANYN;INU;;;https://en.wikipedia.org/wiki/Nauru_International_Airport
53;AYBK;medium_airport;Buka Airport;-5.4223198890686035;154.67300415039062;11;OC;PG;PG-NSB;Buka Island;yes;AYBK;BUA;;;https://en.wikipedia.org/wiki/Buka_Airport
54;AYCH;medium_airport;Chimbu Airport;-6.024290084838867;144.9709930419922;4974;OC;PG;PG-CPK;Kundiawa;yes;AYCH;CMU;;;https://en.wikipedia.org/wiki/Chimbu_Airport
55;AYDU;medium_airport;Daru Airport;-9.08676;143.207993;20;OC;PG;PG-WPD;Daru;yes;AYDU;DAU;;;https://en.wikipedia.org/wiki/Daru_Airport
56;AYGA;medium_airport;Goroka Airport;-6.081689834590001;145.391998291;5282;OC;PG;PG-EHG;Goronka;yes;AYGA;GKA;;;https://en.wikipedia.org/wiki/Goroka_Airport
57;AYGN;medium_airport;Gurney Airport;-10.3114995956;150.333999634;88;OC;PG;PG-MBA;Gurney;yes;AYGN;GUR;;;https://en.wikipedia.org/wiki/Gurney_Airport
58;AYGR;medium_airport;Girua Airport;-8.80453968048;148.309005737;311;OC;PG;PG-NPP;Popondetta;yes;AYGR;PNP;;;https://en.wikipedia.org/wiki/Girua_Airport
59;AYHK;medium_airport;Hoskins Airport;-5.463846;150.407327;66;OC;PG;PG-WBK;Kimbe;yes;AYHK;HKN;;;https://en.wikipedia.org/wiki/Hoskins_Airport
60;AYKM;medium_airport;Kerema Airport;-7.96361017227;145.770996094;10;OC;PG;PG-GPK;Kerema;yes;AYKM;KMA;;;https://en.wikipedia.org/wiki/Kerema_Airport
61;AYKV;medium_airport;Kavieng Airport;-2.57940006256;150.807998657;7;OC;PG;PG-NIK;Kavieng;yes;AYKV;KVG;;;https://en.wikipedia.org/wiki/Kavieng_Airport
62;AYMD;medium_airport;Madang Airport;-5.20707988739;145.789001465;20;OC;PG;PG-MPM;Madang;yes;AYMD;MAG;;;https://en.wikipedia.org/wiki/Madang_Airport
63;AYMH;medium_airport;Mount Hagen Kagamuga Airport;-5.828212;144.299412;5388;OC;PG;PG-WHM;Mount Hagen;yes;AYMH;HGU;;;https://en.wikipedia.org/wiki/Mount_Hagen_Airport
64;AYMN;medium_airport;Mendi Airport;-6.14774;143.656998;5680;OC;PG;PG-SHM;Mendi;yes;AYMN;MDU;;;https://en.wikipedia.org/wiki/Mendi_Airport
65;AYMO;medium_airport;Momote Airport;-2.06189;147.423996;12;OC;PG;PG-MRL;Manus Island;yes;AYMO;MAS;;;https://en.wikipedia.org/wiki/Momote_Airport
66;AYNZ;medium_airport;Nadzab Airport;-6.569803;146.725977;239;OC;PG;PG-MPL;Lae;yes;AYNZ;LAE;;;https://en.wikipedia.org/wiki/Lae_Nadzab_Airport
67;AYPY;large_airport;Port Moresby Jacksons International Airport;-9.443380355834961;147.22000122070312;146;OC;PG;PG-NCD;Port Moresby;yes;AYPY;POM;;;https://en.wikipedia.org/wiki/Jacksons_International_Airport
68;AYTK;medium_airport;Tokua Airport;-4.34046;152.380005;49;OC;PG;PG-EBR;Kokopo;yes;AYTK;RAB;;;https://en.wikipedia.org/wiki/Rabaul_Airport
69;AYVN;medium_airport;Vanimo Airport;-2.6926;141.3028;10;OC;PG;PG-SAN;Vanimo;yes;AYVN;VAI;;;https://en.wikipedia.org/wiki/Vanimo_Airport
70;AYWD;medium_airport;Wapenamanda Airport;-5.635293;143.892231;5889;OC;PG;PG-EPW;Wapenamanda;yes;AYWD;WBM;;;https://en.wikipedia.org/wiki/Wapenamanda_Airport
71;AYWK;medium_airport;Wewak International Airport;-3.58383011818;143.669006348;19;OC;PG;PG-ESW;Wewak;yes;AYWK;WWK;;;https://en.wikipedia.org/wiki/Wewak_International_Airport
31697;BGAA;medium_airport;Aasiaat Airport;68.721802;-52.784698;74;NA;GL;GL-QK;Aasiaat;yes;BGAA;JEG;;http://airgreenland.com/om_rejsen/efter_rejsen/din_destination_/aasiaat/;https://en.wikipedia.org/wiki/Aasiaat_Airport
113;BGBW;medium_airport;Narsarsuaq Airport;61.1605;-45.425999;112;NA;GL;GL-KU;Narsarsuaq;yes;BGBW;UAK;;;https://en.wikipedia.org/wiki/Narsarsuaq_Airport
114;BGGH;medium_airport;Nuuk Airport;64.193022;-51.676512;283;NA;GL;GL-SE;Nuuk;yes;BGGH;GOH;;;https://en.wikipedia.org/wiki/Nuuk_Airport
31694;BGJN;medium_airport;Ilulissat Airport;69.243202;-51.057098;95;NA;GL;GL-AV;Ilulissat;yes;BGJN;JAV;;;https://en.wikipedia.org/wiki/Ilulissat_Airport
31786;BGKK;medium_airport;Kulusuk Airport;65.573601;-37.1236;117;NA;GL;GL-SE;Kulusuk;yes;BGKK;KUS;;;https://en.wikipedia.org/wiki/Kulusuk_Airport
115;BGSF;medium_airport;Kangerlussuaq Airport;67.010446;-50.715294;165;NA;GL;GL-QA;Kangerlussuaq;yes;BGSF;SFJ;;;https://en.wikipedia.org/wiki/Kangerlussuaq_Airport
31700;BGSS;medium_airport;Sisimiut Airport;66.951302;-53.729301;33;NA;GL;GL-QA;Sisimiut;yes;BGSS;JHS;;https://www.mit.gl/en/todays-flights/airports/sisimiut-airport/;https://en.wikipedia.org/wiki/Sisimiut_Airport
116;BGTL;medium_airport;Pituffik Space Base;76.531197;-68.703201;251;NA;GL;GL-AV;Pituffik;yes;BGTL;THU;;;https://en.wikipedia.org/wiki/Pituffik_Space_Base
117;BIAR;medium_airport;Akureyri Airport;65.656573;-18.072018;6;EU;IS;IS-6;Akureyri;yes;BIAR;AEY;;https://www.isavia.is/en/akureyri-airport;https://en.wikipedia.org/wiki/Akureyri_Airport
119;BIEG;medium_airport;Egilsstaðir Airport;65.2833023071289;-14.401399612426758;76;EU;IS;IS-7;Egilsstaðir;yes;BIEG;EGS;;;https://en.wikipedia.org/wiki/Egilssta%C3%B0ir_Airport
120;BIHN;medium_airport;Hornafjörður Airport;64.295601;-15.2272;24;EU;IS;IS-8;Höfn;yes;BIHN;HFN;;;https://en.wikipedia.org/wiki/Hornafj%C3%B6r%C3%B0ur_Airport
121;BIHU;medium_airport;Húsavík Airport;65.952301;-17.426001;48;EU;IS;IS-6;Húsavík;yes;BIHU;HZK;;;https://en.wikipedia.org/wiki/H%C3%BAsav%C3%ADk_Airport
122;BIIS;medium_airport;Ísafjörður Airport;66.058098;-23.1353;8;EU;IS;IS-4;Ísafjörður;yes;BIIS;IFJ;;https://www.isavia.is/en/isafjordur-airport;https://en.wikipedia.org/wiki/%C3%8Dsafj%C3%B6r%C3%B0ur_Airport
123;BIKF;large_airport;Keflavik International Airport;63.985001;-22.6056;171;EU;IS;IS-2;Reykjavík;yes;BIKF;KEF;;https://www.isavia.is/en/keflavik-airport;https://en.wikipedia.org/wiki/Keflav%C3%ADk_International_Airport
125;BIRK;medium_airport;Reykjavik Airport;64.1299972534;-21.9405994415;48;EU;IS;IS-1;Reykjavik;yes;BIRK;RKV;;;https://en.wikipedia.org/wiki/Reykjav%C3%ADk_Airport
126;BISI;medium_airport;Siglufjörður Airport;66.137847;-18.908157;10;EU;IS;IS-6;Siglufjörður;no;BISI;SIJ;;;https://en.wikipedia.org/wiki/Siglufj%C3%B6r%C3%B0ur_Airport
128;BIVM;medium_airport;Vestmannaeyjar Airport;63.42430114746094;-20.278900146484375;326;EU;IS;IS-8;Vestmannaeyjar;no;BIVM;VEY;;;https://en.wikipedia.org/wiki/Vestmannaeyjar_Airport
4614;BKPR;medium_airport;Priština Adem Jashari International Airport;42.5728;21.035801;1789;EU;XK;XK-01;Prishtina;yes;BKPR;PRN;;http://www.airportpristina.com/;https://en.wikipedia.org/wiki/Pristina_International_Airport
664;CBBC;medium_airport;Bella Bella (Campbell Island) Airport;52.185001;-128.156994;141;NA;CA;CA-BC;Bella Bella;yes;CBBC;ZEL;CBBC;;https://en.wikipedia.org/wiki/Bella_Bella_(Campbell_Island)_Airport
1654;CYAG;medium_airport;Fort Frances Municipal Airport;48.655749;-93.44349;1125;NA;CA;CA-ON;Fort Frances;yes;CYAG;YAG;;;https://en.wikipedia.org/wiki/Fort_Frances_Municipal_Airport
1655;CYAH;medium_airport;La Grande-4 Airport;53.754699707;-73.6753005981;1005;NA;CA;CA-QC;La Grande-4;no;CYAH;YAH;;;https://en.wikipedia.org/wiki/La_Grande-4_Airport
1657;CYAM;medium_airport;Sault Ste Marie Airport;46.483216;-84.508467;630;NA;CA;CA-ON;Sault Ste Marie;yes;CYAM;YAM;;http://www.saultairport.com/;https://en.wikipedia.org/wiki/Sault_Ste._Marie_Airport
1658;CYAQ;medium_airport;Kasabonika Airport;53.52470016479492;-88.6427993774414;672;NA;CA;CA-ON;Kasabonika;yes;CYAQ;XKS;;;https://en.wikipedia.org/wiki/Kasabonika_Airport
1662;CYAV;medium_airport;Winnipeg / St. Andrews Airport;50.0564;-97.032501;760;NA;CA;CA-MB;Winnipeg/Saint Andrews;yes;CYAV;;;;https://en.wikipedia.org/wiki/Winnipeg/St._Andrews_Airport
1664;CYAX;medium_airport;Lac Du Bonnet Airport;50.294399;-96.010002;850;NA;CA;CA-MB;Lac Du Bonnet;yes;CYAX;;;;https://en.wikipedia.org/wiki/Lac_du_Bonnet_Airport
1665;CYAY;medium_airport;St. Anthony Airport;51.391909;-56.08321;108;NA;CA;CA-NL;St. Anthony;yes;CYAY;YAY;;;https://en.wikipedia.org/wiki/St._Anthony_Airport
1666;CYAZ;medium_airport;Tofino / Long Beach Airport;49.079833;-125.775583;80;NA;CA;CA-BC;Tofino;yes;CYAZ;YAZ;;http://www.acrd.bc.ca/long-beach-airport;https://en.wikipedia.org/wiki/Tofino_Airport
1669;CYBC;medium_airport;Baie-Comeau Airport;49.1325;-68.204399;71;NA;CA;CA-QC;Baie-Comeau;yes;CYBC;YBC;YBC;;https://en.wikipedia.org/wiki/Baie-Comeau_Airport
1670;CYBD;medium_airport;Bella Coola Airport;52.387501;-126.596001;117;NA;CA;CA-BC;Bella Coola;yes;CYBD;QBC;;;https://en.wikipedia.org/wiki/Bella_Coola_Airport
1672;CYBF;medium_airport;Bonnyville Airport;54.304199;-110.744003;1836;NA;CA;CA-AB;Bonnyville;yes;CYBF;YBY;;http://town.bonnyville.ab.ca/livingin/airport/index.html;https://en.wikipedia.org/wiki/Bonnyville_Airport
1673;CYBG;medium_airport;CFB Bagotville / Saguenay-Bagotville Airport;48.331908;-70.992909;522;NA;CA;CA-QC;La Baie;yes;CYBG;YBG;;;https://en.wikipedia.org/wiki/CFB_Bagotville
1674;CYBK;medium_airport;Baker Lake Airport;64.29889678960001;-96.077796936;59;NA;CA;CA-NU;Baker Lake;yes;CYBK;YBK;;;https://en.wikipedia.org/wiki/Baker_Lake_Airport
1675;CYBL;medium_airport;Campbell River Airport;49.950802;-125.271004;346;NA;CA;CA-BC;Campbell River;yes;CYBL;YBL;YBL;;https://en.wikipedia.org/wiki/Campbell_River_Airport
1678;CYBR;medium_airport;Brandon Municipal Airport;49.91;-99.951897;1343;NA;CA;CA-MB;Brandon;yes;CYBR;YBR;;;https://en.wikipedia.org/wiki/Brandon_Airport
1680;CYBU;medium_airport;Nipawin Airport;53.33250045776367;-104.00800323486328;1220;NA;CA;CA-SK;Nipawin;no;CYBU;;;;https://en.wikipedia.org/wiki/Nipawin_Airport
1682;CYBW;medium_airport;Calgary / Springbank Airport;51.1031;-114.374001;3940;NA;CA;CA-AB;Calgary;no;CYBW;;;http://www.ybw.ca/;https://en.wikipedia.org/wiki/Calgary/Springbank_Airport
1683;CYBX;medium_airport;Lourdes-de-Blanc-Sablon Airport;51.4436;-57.185299;121;NA;CA;CA-QC;Blanc-Sablon;yes;CYBX;YBX;;;https://en.wikipedia.org/wiki/Lourdes-de-Blanc-Sablon_Airport
1685;CYCB;medium_airport;Cambridge Bay Airport;69.1081008911;-105.138000488;90;NA;CA;CA-NU;Cambridge Bay;yes;CYCB;YCB;;;https://en.wikipedia.org/wiki/Cambridge_Bay_Airport
1686;CYCC;medium_airport;Cornwall Regional Airport;45.092637;-74.567724;175;NA;CA;CA-ON;Cornwall;no;CYCC;YCC;;;https://en.wikipedia.org/wiki/Cornwall_Regional_Airport
1687;CYCD;medium_airport;Nanaimo Airport;49.05497;-123.869863;92;NA;CA;CA-BC;Nanaimo;yes;CYCD;YCD;;https://www.nanaimoairport.com/;https://en.wikipedia.org/wiki/Nanaimo_Airport
1688;CYCE;medium_airport;Centralia / James T. Field Memorial Aerodrome;43.285599;-81.508301;824;NA;CA;CA-ON;Huron Park;no;CYCE;YCE;CYCE;;https://en.wikipedia.org/wiki/Centralia/Huron_Airpark
1689;CYCG;medium_airport;Castlegar/West Kootenay Regional Airport;49.296398;-117.632004;1624;NA;CA;CA-BC;Castlegar;yes;CYCG;YCG;;https://www.wkrairport.ca/;https://en.wikipedia.org/wiki/Castlegar_Airport
1690;CYCH;medium_airport;Miramichi Airport;47.007801;-65.449203;108;NA;CA;CA-NB;Miramichi;yes;CYCH;YCH;;;https://en.wikipedia.org/wiki/Miramichi_Airport
1691;CYCL;medium_airport;Charlo Airport;47.990799;-66.330299;132;NA;CA;CA-NB;Charlo;yes;CYCL;YCL;;;https://en.wikipedia.org/wiki/Charlo_Airport
1692;CYCN;medium_airport;Cochrane Airport;49.10559844970703;-81.01360321044922;861;NA;CA;CA-ON;Cochrane;no;CYCN;YCN;;;https://en.wikipedia.org/wiki/Cochrane_Airport
1694;CYCP;medium_airport;Blue River Airport;52.11669921875;-119.28299713134766;2240;NA;CA;CA-BC;Blue River;no;CYCP;;;;https://en.wikipedia.org/wiki/Blue_River_Airport
1695;CYCQ;medium_airport;Chetwynd Airport;55.687198638916016;-121.62699890136719;2000;NA;CA;CA-BC;Chetwynd;no;CYCQ;YCQ;;;https://en.wikipedia.org/wiki/Chetwynd_Airport
1703;CYDA;medium_airport;Dawson City Airport;64.04309844970703;-139.1280059814453;1215;NA;CA;CA-YT;Dawson City;yes;CYDA;YDA;;;https://en.wikipedia.org/wiki/Dawson_City_Airport
1704;CYDB;medium_airport;Burwash Airport;61.371101;-139.041;2647;NA;CA;CA-YT;Burwash Landing;no;CYDB;YDB;;;https://en.wikipedia.org/wiki/Burwash_Airport
1706;CYDF;medium_airport;Deer Lake Airport;49.2108;-57.391399;72;NA;CA;CA-NL;Deer Lake;yes;CYDF;YDF;;https://deerlakeairport.com/;https://en.wikipedia.org/wiki/Deer_Lake_Airport_(Newfoundland)
1709;CYDM;medium_airport;Ross River Airport;61.9706001282;-132.42300415;2314;NA;CA;CA-YT;Ross River;no;CYDM;XRR;YDM;;https://en.wikipedia.org/wiki/Ross_River_Airport
1710;CYDN;medium_airport;Dauphin Barker Airport;51.1008;-100.052002;999;NA;CA;CA-MB;Dauphin;yes;CYDN;YDN;;;https://en.wikipedia.org/wiki/Dauphin_(Lt._Col_W.G._(Billy)_Barker_VC_Airport)
1711;CYDO;medium_airport;Dolbeau-Saint-Felicien Airport;48.7785;-72.375;372;NA;CA;CA-QC;Dolbeau-Saint-Felicien;no;CYDO;YDO;;;https://en.wikipedia.org/wiki/Dolbeau-St-F%C3%A9licien_Airport
1713;CYDQ;medium_airport;Dawson Creek Airport;55.741245;-120.183263;2148;NA;CA;CA-BC;Dawson Creek;no;CYDQ;YDQ;;;https://en.wikipedia.org/wiki/Dawson_Creek_Airport
1716;CYEE;medium_airport;Huronia Airport;44.6833000183;-79.9282989502;770;NA;CA;CA-ON;Midland;no;CYEE;;YEE;;https://en.wikipedia.org/wiki/Midland/Huronia_Airport
1717;CYEG;large_airport;Edmonton International Airport;53.3097;-113.580002;2373;NA;CA;CA-AB;Edmonton;yes;CYEG;YEG;CYEG;http://www.edmontonairports.com/;https://en.wikipedia.org/wiki/Edmonton_International_Airport
1719;CYEL;medium_airport;Elliot Lake Municipal Airport;46.351398468;-82.5614013672;1087;NA;CA;CA-ON;Elliot Lake;no;CYEL;YEL;;http://cyelont.tripod.com/cyel/;https://en.wikipedia.org/wiki/Elliot_Lake_Municipal_Airport
1720;CYEM;medium_airport;Manitoulin East Municipal Airport;45.842435;-81.857595;869;NA;CA;CA-ON;Sheguiandah;no;CYEM;YEM;;;https://en.wikipedia.org/wiki/Manitowaning/Manitoulin_East_Municipal_Airport
1721;CYEN;medium_airport;Estevan Airport;49.2103004456;-102.966003418;1905;NA;CA;CA-SK;Estevan;no;CYEN;YEN;;;https://en.wikipedia.org/wiki/Estevan_Regional_Aerodrome
1724;CYET;medium_airport;Edson Airport;53.578899383499994;-116.464996338;3043;NA;CA;CA-AB;Edson;no;CYET;YET;;;https://en.wikipedia.org/wiki/Edson_Airport
1726;CYEV;medium_airport;Inuvik Mike Zubko Airport;68.30419921880001;-133.483001709;224;NA;CA;CA-NT;Inuvik;yes;CYEV;YEV;;;https://en.wikipedia.org/wiki/Inuvik_(Mike_Zubko)_Airport
1727;CYEY;medium_airport;Amos/Magny Airport;48.563903;-78.249702;1068;NA;CA;CA-QC;Amos;no;CYEY;YEY;;;https://en.wikipedia.org/wiki/Amos/Magny_Airport
1729;CYFB;medium_airport;Iqaluit Airport;63.756402;-68.555801;110;NA;CA;CA-NU;Iqaluit;yes;CYFB;YFB;;;https://en.wikipedia.org/wiki/Iqaluit_Airport
1730;CYFC;medium_airport;Fredericton Airport;45.868900299072266;-66.53720092773438;68;NA;CA;CA-NB;Fredericton;yes;CYFC;YFC;;;https://en.wikipedia.org/wiki/Greater_Fredericton_Airport
1732;CYFE;medium_airport;Forestville Airport;48.74610137939453;-69.09719848632812;293;NA;CA;CA-QC;Forestville;no;CYFE;YFE;;;https://en.wikipedia.org/wiki/Forestville_Airport
1734;CYFJ;medium_airport;Mont-Tremblant International Airport;46.409401;-74.779999;827;NA;CA;CA-QC;La Macaza;no;CYFJ;YTM;;http://www.mtia.ca/;https://en.wikipedia.org/wiki/Rivi%C3%A8re_Rouge/Mont-Tremblant_International_Inc_Airport
1736;CYFR;medium_airport;Fort Resolution Airport;61.1808013916;-113.690002441;526;NA;CA;CA-NT;Fort Resolution;no;CYFR;YFR;;;https://en.wikipedia.org/wiki/Fort_Resolution_Airport
1737;CYFS;medium_airport;Fort Simpson Airport;61.76020050048828;-121.23699951171875;555;NA;CA;CA-NT;Fort Simpson;yes;CYFS;YFS;;;https://en.wikipedia.org/wiki/Fort_Simpson_Airport
1740;CYGD;medium_airport;Goderich Airport;43.7668991089;-81.7106018066;712;NA;CA;CA-ON;Goderich;no;CYGD;;YGD;http://www.goderich.ca/en/townhall/airport.asp;https://en.wikipedia.org/wiki/Goderich_Airport
1741;CYGE;medium_airport;Golden Airport;51.299196;-116.982002;2575;NA;CA;CA-BC;Golden;no;CYGE;;;;https://en.wikipedia.org/wiki/Golden_Airport
1743;CYGK;medium_airport;Kingston Norman Rogers Airport;44.2253;-76.596901;305;NA;CA;CA-ON;Kingston;no;CYGK;YGK;;http://www.ygkairport.com;https://en.wikipedia.org/wiki/Kingston/Norman_Rogers_Airport
1744;CYGL;medium_airport;La Grande Rivière Airport;53.625301361083984;-77.7042007446289;639;NA;CA;CA-QC;La Grande Rivière;yes;CYGL;YGL;;;https://en.wikipedia.org/wiki/La_Grande_Rivi%C3%A8re_Airport
1745;CYGM;medium_airport;Gimli Industrial Park Airport;50.62810134887695;-97.04329681396484;753;NA;CA;CA-MB;Gimli;no;CYGM;YGM;;;https://en.wikipedia.org/wiki/Gimli_Industrial_Park_Airport
1747;CYGP;medium_airport;Michel-Pouliot Gaspé Airport;48.774915;-64.481893;112;NA;CA;CA-QC;Gaspé;yes;CYGP;YGP;;;https://en.wikipedia.org/wiki/Gasp%C3%A9_Airport
1748;CYGQ;medium_airport;Geraldton Greenstone Regional Airport;49.77830123901367;-86.93939971923828;1144;NA;CA;CA-ON;Geraldton;no;CYGQ;YGQ;;;https://en.wikipedia.org/wiki/Geraldton_(Greenstone_Regional)_Airport
1749;CYGR;medium_airport;Îles-de-la-Madeleine Airport;47.425242;-61.778612;35;NA;CA;CA-QC;Les Îles-de-la-Madeleine;yes;CYGR;YGR;;;https://en.wikipedia.org/wiki/%C3%8Eles-de-la-Madeleine_Airport
1751;CYGV;medium_airport;Havre-Saint-Pierre Airport;50.281898;-63.611401;124;NA;CA;CA-QC;Havre-Saint-Pierre;yes;CYGV;YGV;;;https://en.wikipedia.org/wiki/Havre_St-Pierre_Airport
1752;CYGW;medium_airport;Kuujjuarapik Airport;55.281898498535156;-77.76529693603516;34;NA;CA;CA-QC;Kuujjuarapik;yes;CYGW;YGW;;;https://en.wikipedia.org/wiki/Kuujjuarapik_Airport
1757;CYHD;medium_airport;Dryden Regional Airport;49.831699;-92.744202;1354;NA;CA;CA-ON;Dryden;yes;CYHD;YHD;;;https://en.wikipedia.org/wiki/Dryden_Regional_Airport
1759;CYHF;medium_airport;Hearst René Fontaine Municipal Airport;49.71419906616211;-83.68609619140625;827;NA;CA;CA-ON;Hearst;no;CYHF;YHF;;;https://en.wikipedia.org/wiki/Hearst_(Ren%C3%A9_Fontaine)_Municipal_Airport
1763;CYHM;medium_airport;John C. Munro Hamilton International Airport;43.173599243199995;-79.93499755859999;780;NA;CA;CA-ON;Hamilton;yes;CYHM;YHM;;http://www.flyhi.ca/;https://en.wikipedia.org/wiki/Hamilton/John_C._Munro_International_Airport
1764;CYHN;medium_airport;Hornepayne Municipal Airport;49.19309997558594;-84.75890350341797;1099;NA;CA;CA-ON;Hornepayne;no;CYHN;YHN;;;https://en.wikipedia.org/wiki/Hornepayne_Municipal_Airport
1767;CYHT;medium_airport;Haines Junction Airport;60.7892;-137.546005;2150;NA;CA;CA-YT;Haines Junction;no;CYHT;YHT;;;https://en.wikipedia.org/wiki/Haines_Junction_Airport
1768;CYHU;medium_airport;Montréal / Saint-Hubert Airport;45.5175018311;-73.4169006348;90;NA;CA;CA-QC;Montréal;yes;CYHU;YHU;;http://www.dashl.ca/;https://en.wikipedia.org/wiki/Montr%C3%A9al/St-Hubert_Airport
1769;CYHY;medium_airport;Hay River / Merlyn Carter Airport;60.8396987915;-115.782997131;541;NA;CA;CA-NT;Hay River;yes;CYHY;YHY;;;https://en.wikipedia.org/wiki/Hay_River_Airport
1770;CYHZ;large_airport;Halifax / Stanfield International Airport;44.8807983398;-63.5085983276;477;NA;CA;CA-NS;Halifax;yes;CYHZ;YHZ;;http://www.hiaa.ca/;https://en.wikipedia.org/wiki/Halifax_International_Airport
1771;CYIB;medium_airport;Atikokan Municipal Airport;48.7738990784;-91.6386032104;1408;NA;CA;CA-ON;Atikokan;no;CYIB;YIB;;http://www.atikokaninfo.com/community/transportation/airport/;https://en.wikipedia.org/wiki/Atikokan_Municipal_Airport
1772;CYID;medium_airport;Digby / Annapolis Regional Airport;44.5458450365;-65.7854247093;499;NA;CA;CA-NS;Digby;no;CYID;YDG;;;https://en.wikipedia.org/wiki/Digby_Airport
1773;CYIF;medium_airport;St Augustin Airport;51.2117;-58.658298;20;NA;CA;CA-QC;St-Augustin;yes;CYIF;YIF;;;https://en.wikipedia.org/wiki/St-Augustin_Airport
1776;CYIV;medium_airport;Island Lake Airport;53.857200622558594;-94.65360260009766;770;NA;CA;CA-MB;Island Lake;yes;CYIV;YIV;;;https://en.wikipedia.org/wiki/Island_Lake_Airport
1778;CYJF;medium_airport;Fort Liard Airport;60.235801696799996;-123.46900177;708;NA;CA;CA-NT;Fort Liard;no;CYJF;YJF;;;https://en.wikipedia.org/wiki/Fort_Liard_Airport
1780;CYJN;medium_airport;St Jean Airport;45.29439926147461;-73.28109741210938;136;NA;CA;CA-QC;St Jean;no;CYJN;YJN;;;https://en.wikipedia.org/wiki/St-Jean_Airport
1783;CYJT;medium_airport;Dymond Airport;48.544201;-58.549999;84;NA;CA;CA-NL;Stephenville;no;CYJT;YJT;;https://cyjt.com/;https://en.wikipedia.org/wiki/Stephenville_Airport
1784;CYKA;medium_airport;Kamloops John Moose Fulton Field Regional Airport;50.703038;-120.448641;1133;NA;CA;CA-BC;Kamloops;yes;CYKA;YKA;;;https://en.wikipedia.org/wiki/Kamloops_Airport
1787;CYKF;medium_airport;Region of Waterloo International Airport;43.4608;-80.378601;1054;NA;CA;CA-ON;Breslau;yes;CYKF;YKF;;http://www.waterlooairport.ca/;https://en.wikipedia.org/wiki/Region_of_Waterloo_International_Airport
1789;CYKJ;medium_airport;Key Lake Airport;57.256099700927734;-105.61799621582031;1679;NA;CA;CA-SK;Key Lake;no;CYKJ;YKJ;;;https://en.wikipedia.org/wiki/Key_Lake_Airport
1790;CYKL;medium_airport;Schefferville Airport;54.805301666259766;-66.8052978515625;1709;NA;CA;CA-QC;Schefferville;yes;CYKL;YKL;;;https://en.wikipedia.org/wiki/Schefferville_Airport
1340;CYKM;medium_airport;Kincardine Municipal Airport;44.201401;-81.606697;772;NA;CA;CA-ON;Kincardine;no;CYKM;YKD;CYKM;http://www.kincardineairport.com/;https://en.wikipedia.org/wiki/Kincardine_Airport
1793;CYKX;medium_airport;Kirkland Lake Airport;48.21030044555664;-79.98139953613281;1157;NA;CA;CA-ON;Kirkland Lake;no;CYKX;YKX;;;https://en.wikipedia.org/wiki/Kirkland_Lake_Airport
1794;CYKY;medium_airport;Kindersley Airport;51.5175018311;-109.180999756;2277;NA;CA;CA-SK;Kindersley;no;CYKY;YKY;YKY;;https://en.wikipedia.org/wiki/Kindersley_Airport
1799;CYLD;medium_airport;Chapleau Airport;47.81999969482422;-83.3467025756836;1470;NA;CA;CA-ON;Chapleau;no;CYLD;YLD;;;https://en.wikipedia.org/wiki/Chapleau_Airport
1801;CYLJ;medium_airport;Meadow Lake Airport;54.125301361083984;-108.52300262451172;1576;NA;CA;CA-SK;Meadow Lake;no;CYLJ;YLJ;;;https://en.wikipedia.org/wiki/Meadow_Lake_Airport
1803;CYLL;medium_airport;Lloydminster Airport;53.3092;-110.072998;2193;NA;CA;CA-AB;Lloydminster;yes;CYLL;YLL;;;https://en.wikipedia.org/wiki/Lloydminster_Airport
1805;CYLR;medium_airport;Leaf Rapids Airport;56.513301849365234;-99.98529815673828;959;NA;CA;CA-MB;Leaf Rapids;no;CYLR;YLR;;;https://en.wikipedia.org/wiki/Leaf_Rapids_Airport
1293;CYLS;medium_airport;Barrie-Lake Simcoe Regional Airport;44.485056;-79.554663;972;NA;CA;CA-ON;Barrie;yes;CYLS;YLK;CYLS;http://www.lakesimcoeairport.com/;https://en.wikipedia.org/wiki/Barrie-Orillia_(Lake_Simcoe_Regional)_Airport
1806;CYLT;medium_airport;Alert Airport;82.517799;-62.280602;100;NA;CA;CA-NU;Alert;no;CYLT;YLT;;;https://en.wikipedia.org/wiki/Alert_Airport
1808;CYLW;medium_airport;Kelowna International Airport;49.9561;-119.377998;1421;NA;CA;CA-BC;Kelowna;yes;CYLW;YLW;;http://www.kelowna.ca/CM/Page68.aspx;https://en.wikipedia.org/wiki/Kelowna_International_Airport
1809;CYMA;medium_airport;Mayo Airport;63.61640167236328;-135.8679962158203;1653;NA;CA;CA-YT;Mayo;no;CYMA;YMA;;;https://en.wikipedia.org/wiki/Mayo_Airport
1810;CYME;medium_airport;Matane Airport;48.85689926147461;-67.45330047607422;102;NA;CA;CA-QC;Matane;no;CYME;YME;;;https://en.wikipedia.org/wiki/Matane_Airport
1811;CYMG;medium_airport;Manitouwadge Airport;49.083900451660156;-85.86060333251953;1198;NA;CA;CA-ON;Manitouwadge;no;CYMG;YMG;;;https://en.wikipedia.org/wiki/Manitouwadge_Airport
1813;CYMJ;medium_airport;Moose Jaw Air Vice Marshal C. M. McEwen Airport;50.330299377441406;-105.55899810791016;1892;NA;CA;CA-SK;Moose Jaw;no;CYMJ;YMJ;;;https://en.wikipedia.org/wiki/Moose_Jaw/Air_Vice_Marshal_C.M._McEwen_Airport
1814;CYML;medium_airport;Charlevoix Airport;47.59749984741211;-70.2238998413086;977;NA;CA;CA-QC;Charlevoix;no;CYML;YML;;;https://en.wikipedia.org/wiki/Charlevoix_Airport
1815;CYMM;medium_airport;Fort McMurray Airport;56.653301239;-111.222000122;1211;NA;CA;CA-AB;Fort McMurray;yes;CYMM;YMM;;;https://en.wikipedia.org/wiki/Fort_McMurray_Airport
1816;CYMO;medium_airport;Moosonee Airport;51.291099548339844;-80.60780334472656;30;NA;CA;CA-ON;Moosonee;yes;CYMO;YMO;;;https://en.wikipedia.org/wiki/Moosonee_Airport
1817;CYMT;medium_airport;Chapais Airport;49.77190017700195;-74.5280990600586;1270;NA;CA;CA-QC;Chibougamau;yes;CYMT;YMT;;;https://en.wikipedia.org/wiki/Chibougamau/Chapais_Airport
1820;CYMX;medium_airport;Montreal International (Mirabel) Airport;45.679501;-74.038696;270;NA;CA;CA-QC;Montréal;no;CYMX;YMX;;;https://en.wikipedia.org/wiki/Montr%C3%A9al-Mirabel_International_Airport
1822;CYNA;medium_airport;Natashquan Airport;50.190114;-61.78898;39;NA;CA;CA-QC;Natashquan;yes;CYNA;YNA;;;https://en.wikipedia.org/wiki/Natashquan_Airport
1824;CYND;medium_airport;Ottawa / Gatineau Airport;45.521702;-75.563599;211;NA;CA;CA-QC;Gatineau;yes;CYND;YND;CYND;http://www.ego-airport.ca/english/propos_ego/;https://en.wikipedia.org/wiki/Ottawa-Gatineau_Airport
1827;CYNJ;medium_airport;Langley Airport;49.1008;-122.630997;34;NA;CA;CA-BC;Langley;no;CYNJ;YLY;;;https://en.wikipedia.org/wiki/Langley_Regional_Airport
1828;CYNL;medium_airport;Points North Landing Airport;58.27669906616211;-104.08200073242188;1605;NA;CA;CA-SK;Points North Landing;yes;CYNL;YNL;;;https://en.wikipedia.org/wiki/Points_North_Landing_Airport
1829;CYNM;medium_airport;Matagami Airport;49.76169967651367;-77.80280303955078;918;NA;CA;CA-QC;Matagami;no;CYNM;YNM;;;https://en.wikipedia.org/wiki/Matagami_Airport
1830;CYNN;medium_airport;Nejanilini Lake Airport;59.4874992371;-97.78029632570001;1000;NA;CA;CA-MB;Nejanilini Lake;no;CYNN;;;;https://en.wikipedia.org/wiki/Nejanilini_Lake_Airport
1832;CYOA;medium_airport;Ekati Airport;64.6988983154;-110.614997864;1536;NA;CA;CA-NT;Ekati;no;CYOA;YOA;;;https://en.wikipedia.org/wiki/Ekati_Airport
1834;CYOD;medium_airport;CFB Cold Lake;54.404998779296875;-110.27899932861328;1775;NA;CA;CA-AB;Cold Lake;no;CYOD;YOD;;;https://en.wikipedia.org/wiki/CFB_Cold_Lake
1836;CYOJ;medium_airport;High Level Airport;58.62139892578125;-117.16500091552734;1110;NA;CA;CA-AB;High Level;yes;CYOJ;YOJ;;;https://en.wikipedia.org/wiki/High_Level_Airport
1837;CYOO;medium_airport;Oshawa Executive Airport;43.922798;-78.894997;460;NA;CA;CA-ON;Oshawa;no;CYOO;YOO;CYOO;http://www.oshawa-airport.com/;https://en.wikipedia.org/wiki/Oshawa_Airport
1838;CYOP;medium_airport;Rainbow Lake Airport;58.491402;-119.407997;1759;NA;CA;CA-AB;Rainbow Lake;no;CYOP;YOP;;;https://en.wikipedia.org/wiki/Rainbow_Lake_Airport
1839;CYOS;medium_airport;Owen Sound / Billy Bishop Regional Airport;44.5903015137;-80.8375015259;1007;NA;CA;CA-ON;Owen Sound;no;CYOS;YOS;;;https://en.wikipedia.org/wiki/Owen_Sound/Billy_Bishop_Regional_Airport
1840;CYOW;large_airport;Ottawa Macdonald-Cartier International Airport;45.322498;-75.669197;374;NA;CA;CA-ON;Ottawa;yes;CYOW;YOW;YOW;https://yow.ca/;https://en.wikipedia.org/wiki/Ottawa_Macdonald%E2%80%93Cartier_International_Airport
1842;CYPA;medium_airport;Prince Albert Glass Field;53.214199066199996;-105.672996521;1405;NA;CA;CA-SK;Prince Albert;yes;CYPA;YPA;;;https://en.wikipedia.org/wiki/Prince_Albert_(Glass_Field)_Airport
1844;CYPD;medium_airport;Port Hawkesbury Airport;45.6567001343;-61.3680992126;377;NA;CA;CA-NS;Port Hawkesbury;no;CYPD;YPS;;http://www.porthawkesburyairport.com/;https://en.wikipedia.org/wiki/Port_Hawkesbury_Airport
1845;CYPE;medium_airport;Peace River Airport;56.226898;-117.446999;1873;NA;CA;CA-AB;Peace River;yes;CYPE;YPE;;;https://en.wikipedia.org/wiki/Peace_River_Airport
1846;CYPG;medium_airport;Portage-la-Prairie / Southport Airport;49.903099;-98.273817;885;NA;CA;CA-MB;Portage la Prairie;no;CYPG;YPG;;http://southport.ca/;https://en.wikipedia.org/wiki/Portage_La_Prairie/Southport_Airport
1848;CYPK;medium_airport;Pitt Meadows Airport;49.216099;-122.709999;11;NA;CA;CA-BC;Pitt Meadows;yes;CYPK;;;;https://en.wikipedia.org/wiki/Pitt_Meadows_Airport
1849;CYPL;medium_airport;Pickle Lake Airport;51.4463996887207;-90.21420288085938;1267;NA;CA;CA-ON;Pickle Lake;yes;CYPL;YPL;;;https://en.wikipedia.org/wiki/Pickle_Lake_Airport
1851;CYPN;medium_airport;Port-Menier Airport;49.836399;-64.288597;167;NA;CA;CA-QC;Port-Menier;yes;CYPN;YPN;;;https://en.wikipedia.org/wiki/Port-Menier_Airport
1854;CYPQ;medium_airport;Peterborough Municipal Airport;44.23;-78.363297;628;NA;CA;CA-ON;Peterborough;no;CYPQ;YPQ;;;https://en.wikipedia.org/wiki/Peterborough_Airport
1855;CYPR;medium_airport;Prince Rupert Airport;54.286098480199996;-130.445007324;116;NA;CA;CA-BC;Prince Rupert;yes;CYPR;YPR;;http://www.ypr.ca/;https://en.wikipedia.org/wiki/Prince_Rupert_Airport
1859;CYPW;medium_airport;Powell River Airport;49.83420181274414;-124.5;425;NA;CA;CA-BC;Powell River;yes;CYPW;YPW;;;https://en.wikipedia.org/wiki/Powell_River_Airport
1860;CYPX;medium_airport;Puvirnituq Airport;60.050598;-77.286903;74;NA;CA;CA-QC;Puvirnituq;yes;CYPX;YPX;;;https://en.wikipedia.org/wiki/Puvirnituq_Airport
1861;CYPY;medium_airport;Fort Chipewyan Airport;58.7672004699707;-111.11699676513672;761;NA;CA;CA-AB;Fort Chipewyan;yes;CYPY;YPY;;;https://en.wikipedia.org/wiki/Fort_Chipewyan_Airport
1862;CYPZ;medium_airport;Burns Lake Airport;54.3764;-125.950996;2343;NA;CA;CA-BC;Burns Lake;yes;CYPZ;YPZ;YPZ;;https://en.wikipedia.org/wiki/Burns_Lake_Airport
1863;CYQA;medium_airport;Muskoka Airport;44.975376;-79.306546;925;NA;CA;CA-ON;Gravenhurst;yes;CYQA;YQA;;;https://en.wikipedia.org/wiki/Muskoka_Airport
1864;CYQB;large_airport;Quebec Jean Lesage International Airport;46.7911;-71.393303;244;NA;CA;CA-QC;Quebec;yes;CYQB;YQB;YQB;http://www.aeroportdequebec.com/;https://en.wikipedia.org/wiki/Qu%C3%A9bec/Jean_Lesage_International_Airport
1865;CYQD;medium_airport;The Pas Airport;53.97140121459961;-101.09100341796875;887;NA;CA;CA-MB;The Pas;yes;CYQD;YQD;;;https://en.wikipedia.org/wiki/The_Pas_Airport
1866;CYQF;medium_airport;Red Deer Regional Airport;52.182201;-113.893997;2968;NA;CA;CA-AB;Springbrook;no;CYQF;YQF;;;https://en.wikipedia.org/wiki/Red_Deer_Regional_Airport
1867;CYQG;medium_airport;Windsor Airport;42.27560043334961;-82.95559692382812;622;NA;CA;CA-ON;Windsor;yes;CYQG;YQG;;;https://en.wikipedia.org/wiki/Windsor_Airport
1868;CYQH;medium_airport;Watson Lake Airport;60.116839;-128.821993;2255;NA;CA;CA-YT;Watson Lake;yes;CYQH;YQH;;;https://en.wikipedia.org/wiki/Watson_Lake_Airport
1869;CYQI;medium_airport;Yarmouth Airport;43.826900482177734;-66.08809661865234;141;NA;CA;CA-NS;Yarmouth;no;CYQI;YQI;;;https://en.wikipedia.org/wiki/Yarmouth_Airport
1870;CYQK;medium_airport;Kenora Airport;49.788299560546875;-94.36309814453125;1332;NA;CA;CA-ON;Kenora;yes;CYQK;YQK;;;https://en.wikipedia.org/wiki/Kenora_Airport
1871;CYQL;medium_airport;Lethbridge County Airport;49.6302986145;-112.800003052;3048;NA;CA;CA-AB;Lethbridge;yes;CYQL;YQL;;;https://en.wikipedia.org/wiki/Lethbridge_County_Airport
1872;CYQM;medium_airport;Greater Moncton Roméo LeBlanc International Airport;46.112202;-64.678596;232;NA;CA;CA-NB;Moncton;yes;CYQM;YQM;;https://cyqm.ca/;https://en.wikipedia.org/wiki/Greater_Moncton_International_Airport
1873;CYQN;medium_airport;Nakina Airport;50.18280029296875;-86.69640350341797;1057;NA;CA;CA-ON;Nakina;yes;CYQN;YQN;;;https://en.wikipedia.org/wiki/Nakina_Airport
1874;CYQQ;medium_airport;Comox Valley Airport / CFB Comox;49.7108;-124.887001;84;NA;CA;CA-BC;Comox;yes;CYQQ;YQQ;;;https://en.wikipedia.org/wiki/CFB_Comox
1875;CYQR;medium_airport;Regina International Airport;50.43190002441406;-104.66600036621094;1894;NA;CA;CA-SK;Regina;yes;CYQR;YQR;;;https://en.wikipedia.org/wiki/Regina_International_Airport
1876;CYQS;medium_airport;St Thomas Municipal Airport;42.77000045776367;-81.11080169677734;778;NA;CA;CA-ON;St Thomas;no;CYQS;YQS;;;https://en.wikipedia.org/wiki/St._Thomas_Airport
1877;CYQT;medium_airport;Thunder Bay Airport;48.37189865112305;-89.32389831542969;653;NA;CA;CA-ON;Thunder Bay;yes;CYQT;YQT;;;https://en.wikipedia.org/wiki/Thunder_Bay_International_Airport
1878;CYQU;medium_airport;Grande Prairie Airport;55.1796989441;-118.885002136;2195;NA;CA;CA-AB;Grande Prairie;yes;CYQU;YQU;;http://www.grandeprairieairport.com/;https://en.wikipedia.org/wiki/Grande_Prairie_Airport
1879;CYQV;medium_airport;Yorkton Municipal Airport;51.26470184326172;-102.46199798583984;1635;NA;CA;CA-SK;Yorkton;no;CYQV;YQV;;;https://en.wikipedia.org/wiki/Yorkton_Municipal_Airport
1880;CYQW;medium_airport;North Battleford Airport;52.769409;-108.243742;1799;NA;CA;CA-SK;North Battleford;no;CYQW;YQW;;;https://en.wikipedia.org/wiki/North_Battleford_(Cameron_McIntosh)_Airport
1881;CYQX;medium_airport;Gander International Airport / CFB Gander;48.936258;-54.567719;496;NA;CA;CA-NL;Gander;yes;CYQX;YQX;;;https://en.wikipedia.org/wiki/Gander_International_Airport
1882;CYQY;medium_airport;Sydney / J.A. Douglas McCurdy Airport;46.1614;-60.047798;203;NA;CA;CA-NS;Sydney;yes;CYQY;YQY;;http://www.sydneyairport.ca/;https://en.wikipedia.org/wiki/Sydney/J.A._Douglas_McCurdy_Airport
1883;CYQZ;medium_airport;Quesnel Airport;53.026100158691406;-122.51000213623047;1789;NA;CA;CA-BC;Quesnel;yes;CYQZ;YQZ;;;https://en.wikipedia.org/wiki/Quesnel_Airport
1885;CYRB;medium_airport;Resolute Bay Airport;74.7169036865;-94.9693984985;215;NA;CA;CA-NU;Resolute Bay;yes;CYRB;YRB;;;https://en.wikipedia.org/wiki/Resolute_Bay_Airport
1887;CYRI;medium_airport;Rivière-du-Loup Airport;47.764400482177734;-69.58470153808594;427;NA;CA;CA-QC;Rivière-du-Loup;no;CYRI;YRI;;http://www.ville.riviere-du-loup.qc.ca/anglais/aeroport.php;https://en.wikipedia.org/wiki/Rivi%C3%A8re-du-Loup_Airport
1888;CYRJ;medium_airport;Roberval Airport;48.519665;-72.265735;586;NA;CA;CA-QC;Roberval;yes;CYRJ;YRJ;;;https://en.wikipedia.org/wiki/Roberval_Airport
1889;CYRL;medium_airport;Red Lake Airport;51.066898345947266;-93.79309844970703;1265;NA;CA;CA-ON;Red Lake;yes;CYRL;YRL;;;https://en.wikipedia.org/wiki/Red_Lake_Airport
1891;CYRO;medium_airport;Ottawa / Rockcliffe Airport;45.4603004456;-75.64610290530001;188;NA;CA;CA-ON;Ottawa;no;CYRO;YRO;CYRO;http://www.rfc.ca/;https://en.wikipedia.org/wiki/Ottawa/Rockcliffe_Airport
1892;CYRP;medium_airport;Ottawa / Carp Airport;45.3191986084;-76.0222015381;382;NA;CA;CA-ON;Ottawa;no;CYRP;;YRP;http://www.cyrp.ca/;https://en.wikipedia.org/wiki/Ottawa/Carp_Airport
1893;CYRQ;medium_airport;Trois-Rivières Airport;46.35279846191406;-72.67939758300781;199;NA;CA;CA-QC;Trois-Rivières;no;CYRQ;YRQ;;;https://en.wikipedia.org/wiki/Trois-Rivi%C3%A8res_Airport
1895;CYRT;medium_airport;Rankin Inlet Airport;62.8114013672;-92.1157989502;94;NA;CA;CA-NU;Rankin Inlet;yes;CYRT;YRT;;;https://en.wikipedia.org/wiki/Rankin_Inlet_Airport
1896;CYRV;medium_airport;Revelstoke Airport;50.962245;-118.184258;1459;NA;CA;CA-BC;Revelstoke;no;CYRV;YRV;;;https://en.wikipedia.org/wiki/Revelstoke_Airport
1897;CYSB;medium_airport;Sudbury Airport;46.625;-80.79889678955078;1141;NA;CA;CA-ON;Sudbury;yes;CYSB;YSB;;;https://en.wikipedia.org/wiki/Sudbury_Airport
1898;CYSC;medium_airport;Sherbrooke Airport;45.438599;-71.691399;792;NA;CA;CA-QC;Sherbrooke;no;CYSC;YSC;;;https://en.wikipedia.org/wiki/Sherbrooke_Airport
1901;CYSF;medium_airport;Stony Rapids Airport;59.250301361083984;-105.84100341796875;805;NA;CA;CA-SK;Stony Rapids;yes;CYSF;YSF;;;https://en.wikipedia.org/wiki/Stony_Rapids_Airport
1902;CYSG;medium_airport;Saint-Georges Airport;46.096401;-70.714699;893;NA;CA;CA-QC;Saint-Georges;no;CYSG;;;;https://en.wikipedia.org/wiki/St-Georges_Airport
1903;CYSH;medium_airport;Smiths Falls-Montague (Russ Beach) Airport;44.945801;-75.940598;416;NA;CA;CA-ON;Smiths Falls;no;CYSH;YSH;;http://www.smithsfallsflyingclub.com/;https://en.wikipedia.org/wiki/Smiths_Falls-Montague_Airport
1904;CYSJ;medium_airport;Saint John Airport;45.31610107421875;-65.89029693603516;357;NA;CA;CA-NB;Saint John;yes;CYSJ;YSJ;;;https://en.wikipedia.org/wiki/Saint_John_Airport
1906;CYSL;medium_airport;Saint-Léonard Airport;47.157097;-67.836242;793;NA;CA;CA-NB;Saint-Léonard;no;CYSL;YSL;;;https://en.wikipedia.org/wiki/St._Leonard_Airport
1907;CYSM;medium_airport;Fort Smith Airport;60.020302;-111.961998;671;NA;CA;CA-NT;Fort Smith;yes;CYSM;YSM;;;https://en.wikipedia.org/wiki/Fort_Smith_Airport
1908;CYSN;medium_airport;Niagara District Airport;43.191598;-79.171686;321;NA;CA;CA-ON;Niagara-on-the-Lake;yes;CYSN;YCM;;;https://en.wikipedia.org/wiki/St._Catharines/Niagara_District_Airport
1909;CYSP;medium_airport;Marathon Airport;48.75529861450195;-86.34439849853516;1035;NA;CA;CA-ON;Marathon;no;CYSP;YSP;;;https://en.wikipedia.org/wiki/Marathon_Airport_(Canada)
1913;CYSU;medium_airport;Summerside Airport;46.440601;-63.833599;56;NA;CA;CA-PE;Slemon Park;no;CYSU;YSU;;;https://en.wikipedia.org/wiki/Summerside_Airport
1917;CYTA;medium_airport;Pembroke Airport;45.86439895629883;-77.25170135498047;529;NA;CA;CA-ON;Pembroke;no;CYTA;YTA;;http://www.flycyta.ca/;https://en.wikipedia.org/wiki/Pembroke_Airport
1919;CYTF;medium_airport;Alma Airport;48.5089;-71.641899;445;NA;CA;CA-QC;Alma;no;CYTF;YTF;;;https://en.wikipedia.org/wiki/Alma_Airport
1920;CYTH;medium_airport;Thompson Airport;55.80110168457031;-97.86419677734375;729;NA;CA;CA-MB;Thompson;yes;CYTH;YTH;;;https://en.wikipedia.org/wiki/Thompson_Airport
1924;CYTR;medium_airport;CFB Trenton;44.118900299072266;-77.5280990600586;283;NA;CA;CA-ON;Trenton;no;CYTR;YTR;;;https://en.wikipedia.org/wiki/CFB_Trenton
1925;CYTS;medium_airport;Timmins/Victor M. Power;48.569698333699996;-81.376701355;967;NA;CA;CA-ON;Timmins;yes;CYTS;YTS;;http://portal.timmins.ca/portal/en/timmins/residents/airport;https://en.wikipedia.org/wiki/Timmins_Airport
1926;CYTZ;medium_airport;Billy Bishop Toronto City Centre Airport;43.627499;-79.396202;252;NA;CA;CA-ON;Toronto;yes;CYTZ;YTZ;;http://www.torontoport.com/airport.aspx;https://en.wikipedia.org/wiki/Toronto_City_Centre_Airport
1928;CYUL;large_airport;Montreal / Pierre Elliott Trudeau International Airport;45.467837;-73.742294;118;NA;CA;CA-QC;Montréal;yes;CYUL;YUL;YUL;http://www.admtl.com/passager/Home.aspx;https://en.wikipedia.org/wiki/Montr%C3%A9al-Pierre_Elliott_Trudeau_International_Airport
1930;CYUX;medium_airport;Hall Beach Airport;68.7761;-81.2425;30;NA;CA;CA-NU;Sanirajak;yes;CYUX;YUX;;;https://en.wikipedia.org/wiki/Hall_Beach_Airport
1931;CYUY;medium_airport;Rouyn Noranda Airport;48.20610046386719;-78.83560180664062;988;NA;CA;CA-QC;Rouyn-Noranda;yes;CYUY;YUY;;;https://en.wikipedia.org/wiki/Rouyn-Noranda_Airport
1932;CYVB;medium_airport;Bonaventure Airport;48.071098;-65.460297;123;NA;CA;CA-QC;Bonaventure;yes;CYVB;YVB;;;https://en.wikipedia.org/wiki/Bonaventure_Airport
1933;CYVC;medium_airport;La Ronge Airport;55.151401519800004;-105.262001038;1242;NA;CA;CA-SK;La Ronge;yes;CYVC;YVC;;;https://en.wikipedia.org/wiki/La_Ronge_(Barber_Field)_Airport
1934;CYVD;medium_airport;Virden / RJ (Bob) Andrew Field Regional Aerodrome;49.8783;-100.917999;1454;NA;CA;CA-MB;Virden;no;CYVD;;YVD;;https://en.wikipedia.org/wiki/Virden_Airport
1936;CYVK;medium_airport;Vernon Regional Airport;50.246163;-119.330963;1140;NA;CA;CA-BC;Vernon;no;CYVK;YVE;;;https://en.wikipedia.org/wiki/Vernon_Regional_Airport
1938;CYVO;medium_airport;Val-d'Or Airport;48.0532989502;-77.7827987671;1107;NA;CA;CA-QC;Val-d'Or;yes;CYVO;YVO;;http://www.arvo.qc.ca/;https://en.wikipedia.org/wiki/Val-d'Or_Airport
1939;CYVP;medium_airport;Kuujjuaq Airport;58.096099853515625;-68.4269027709961;129;NA;CA;CA-QC;Kuujjuaq;yes;CYVP;YVP;;;https://en.wikipedia.org/wiki/Kuujjuaq_Airport
1940;CYVQ;medium_airport;Norman Wells Airport;65.28160095214844;-126.7979965209961;238;NA;CA;CA-NT;Norman Wells;yes;CYVQ;YVQ;;;https://en.wikipedia.org/wiki/Norman_Wells_Airport
1941;CYVR;large_airport;Vancouver International Airport;49.193901062;-123.183998108;14;NA;CA;CA-BC;Vancouver;yes;CYVR;YVR;;http://www.yvr.ca/;https://en.wikipedia.org/wiki/Vancouver_International_Airport
1943;CYVV;medium_airport;Wiarton Airport;44.7458;-81.107201;729;NA;CA;CA-ON;Wiarton;yes;CYVV;YVV;;http://wiartonairport.ca/;https://en.wikipedia.org/wiki/Wiarton_Airport
1945;CYWA;medium_airport;Petawawa Airport;45.95220184326172;-77.31919860839844;427;NA;CA;CA-ON;Petawawa;no;CYWA;YWA;;;https://en.wikipedia.org/wiki/Petawawa_Airport
1946;CYWG;large_airport;Winnipeg / James Armstrong Richardson International Airport;49.909999847399995;-97.2398986816;783;NA;CA;CA-MB;Winnipeg;yes;CYWG;YWG;YWG;http://www.waa.ca/;https://en.wikipedia.org/wiki/Winnipeg_James_Armstrong_Richardson_International_Airport
1949;CYWK;medium_airport;Wabush Airport;52.92190170288086;-66.8644027709961;1808;NA;CA;CA-NL;Wabush;yes;CYWK;YWK;;;https://en.wikipedia.org/wiki/Wabush_Airport
1950;CYWL;medium_airport;Williams Lake Airport;52.1831016541;-122.054000854;3085;NA;CA;CA-BC;Williams Lake;yes;CYWL;YWL;;;https://en.wikipedia.org/wiki/Williams_Lake_Airport
1954;CYWY;medium_airport;Wrigley Airport;63.20940017700195;-123.43699645996094;489;NA;CA;CA-NT;Wrigley;no;CYWY;YWY;;;https://en.wikipedia.org/wiki/Wrigley_Airport
1955;CYXC;medium_airport;Cranbrook/Canadian Rockies International Airport;49.610801696777;-115.78199768066;3082;NA;CA;CA-BC;Cranbrook;yes;CYXC;YXC;;;https://en.wikipedia.org/wiki/Cranbrook/Canadian_Rockies_International_Airport
1957;CYXE;medium_airport;Saskatoon John G. Diefenbaker International Airport;52.170799255371094;-106.69999694824219;1653;NA;CA;CA-SK;Saskatoon;yes;CYXE;YXE;;;https://en.wikipedia.org/wiki/Saskatoon/John_G._Diefenbaker_International_Airport
1958;CYXH;medium_airport;Medicine Hat Regional Airport;50.018902;-110.721001;2352;NA;CA;CA-AB;Medicine Hat;yes;CYXH;YXH;;;https://en.wikipedia.org/wiki/Medicine_Hat_Airport
1959;CYXJ;medium_airport;Fort St John / North Peace Regional Airport;56.238098;-120.739998;2280;NA;CA;CA-BC;Fort Saint John;yes;CYXJ;YXJ;;;https://en.wikipedia.org/wiki/Fort_St._John_Airport
1960;CYXK;medium_airport;Rimouski Airport;48.477644;-68.496323;82;NA;CA;CA-QC;Rimouski;yes;CYXK;YXK;;;https://en.wikipedia.org/wiki/Rimouski_Airport
1961;CYXL;medium_airport;Sioux Lookout Airport;50.11389923095703;-91.9052963256836;1258;NA;CA;CA-ON;Sioux Lookout;yes;CYXL;YXL;;;https://en.wikipedia.org/wiki/Sioux_Lookout_Airport
1964;CYXQ;medium_airport;Beaver Creek Airport;62.410301208496094;-140.86700439453125;2131;NA;CA;CA-YT;Beaver Creek;no;CYXQ;YXQ;;;https://en.wikipedia.org/wiki/Beaver_Creek_Airport
1965;CYXR;medium_airport;Earlton (Timiskaming Regional) Airport;47.697400654599996;-79.8473453522;800;NA;CA;CA-ON;Earlton;no;CYXR;YXR;;;https://en.wikipedia.org/wiki/Earlton_(Timiskaming_Regional)_Airport
1966;CYXS;medium_airport;Prince George Airport;53.884311;-122.666554;2267;NA;CA;CA-BC;Prince George;yes;CYXS;YXS;;https://www.pgairport.ca/;https://en.wikipedia.org/wiki/Prince_George_Airport
1967;CYXT;medium_airport;Northwest Regional Airport Terrace-Kitimat;54.468498;-128.576009;713;NA;CA;CA-BC;Terrace;yes;CYXT;YXT;;;https://en.wikipedia.org/wiki/Terrace_Airport
1968;CYXU;medium_airport;London Airport;43.035599;-81.1539;912;NA;CA;CA-ON;London;yes;CYXU;YXU;;http://www.londonairport.on.ca/;https://en.wikipedia.org/wiki/London_International_Airport
1969;CYXX;medium_airport;Abbotsford International Airport;49.025299;-122.361;195;NA;CA;CA-BC;Abbotsford;yes;CYXX;YXX;;http://www.abbotsfordairport.ca/;https://en.wikipedia.org/wiki/Abbotsford_International_Airport
1970;CYXY;medium_airport;Whitehorse / Erik Nielsen International Airport;60.709599;-135.067001;2317;NA;CA;CA-YT;Whitehorse;yes;CYXY;YXY;;;https://en.wikipedia.org/wiki/Whitehorse_International_Airport
1971;CYXZ;medium_airport;Wawa Airport;47.96670150756836;-84.78669738769531;942;NA;CA;CA-ON;Wawa;no;CYXZ;YXZ;;;https://en.wikipedia.org/wiki/Wawa_Airport
1972;CYYB;medium_airport;North Bay Jack Garland Airport;46.363602;-79.422798;1215;NA;CA;CA-ON;North Bay;yes;CYYB;YYB;;https://yyb.ca/;https://en.wikipedia.org/wiki/North_Bay/Jack_Garland_Airport
1973;CYYC;large_airport;Calgary International Airport;51.118822;-114.009933;3557;NA;CA;CA-AB;Calgary;yes;CYYC;YYC;;http://www.calgaryairport.com/;https://en.wikipedia.org/wiki/Calgary_International_Airport
1974;CYYD;medium_airport;Smithers Airport;54.82469940185547;-127.18299865722656;1712;NA;CA;CA-BC;Smithers;yes;CYYD;YYD;;;https://en.wikipedia.org/wiki/Smithers_Airport
1975;CYYE;medium_airport;Fort Nelson Airport;58.8363990784;-122.597000122;1253;NA;CA;CA-BC;Fort Nelson;yes;CYYE;YYE;;;https://en.wikipedia.org/wiki/Fort_Nelson_Airport
1976;CYYF;medium_airport;Penticton Airport;49.46310043334961;-119.60199737548828;1129;NA;CA;CA-BC;Penticton;yes;CYYF;YYF;;;https://en.wikipedia.org/wiki/Penticton_Regional_Airport
1977;CYYG;medium_airport;Charlottetown Airport;46.290000915527344;-63.12110137939453;160;NA;CA;CA-PE;Charlottetown;yes;CYYG;YYG;;;https://en.wikipedia.org/wiki/Charlottetown_Airport
1979;CYYJ;medium_airport;Victoria International Airport;48.647201;-123.427792;63;NA;CA;CA-BC;Victoria;yes;CYYJ;YYJ;;http://www.victoriaairport.com/;https://en.wikipedia.org/wiki/Victoria_International_Airport
1980;CYYL;medium_airport;Lynn Lake Airport;56.86389923095703;-101.07599639892578;1170;NA;CA;CA-MB;Lynn Lake;yes;CYYL;YYL;;;https://en.wikipedia.org/wiki/Lynn_Lake_Airport
1982;CYYN;medium_airport;Swift Current Airport;50.291900634799994;-107.691001892;2680;NA;CA;CA-SK;Swift Current;no;CYYN;YYN;;http://www.swiftcurrentairport.com/;https://en.wikipedia.org/wiki/Swift_Current_Airport
1984;CYYQ;medium_airport;Churchill Airport;58.739200592041016;-94.06500244140625;94;NA;CA;CA-MB;Churchill;yes;CYYQ;YYQ;;;https://en.wikipedia.org/wiki/Churchill_Airport
1985;CYYR;medium_airport;Goose Bay Airport;53.3191986084;-60.4258003235;160;NA;CA;CA-NL;Goose Bay;yes;CYYR;YYR;;;https://en.wikipedia.org/wiki/CFB_Goose_Bay
1986;CYYT;large_airport;St. John's International Airport;47.618599;-52.7519;461;NA;CA;CA-NL;St. John's;yes;CYYT;YYT;;https://www.stjohnsairport.com/;https://en.wikipedia.org/wiki/St._John's_International_Airport
1987;CYYU;medium_airport;Kapuskasing Airport;49.411587;-82.469645;743;NA;CA;CA-ON;Kapuskasing;no;CYYU;YYU;;;https://en.wikipedia.org/wiki/Kapuskasing_Airport
1988;CYYW;medium_airport;Armstrong Airport;50.29029846191406;-88.90969848632812;1058;NA;CA;CA-ON;Armstrong;no;CYYW;YYW;;;https://en.wikipedia.org/wiki/Armstrong_Airport
1989;CYYY;medium_airport;Mont Joli Airport;48.60860061645508;-68.20809936523438;172;NA;CA;CA-QC;Mont-Joli;yes;CYYY;YYY;;;https://en.wikipedia.org/wiki/Mont-Joli_Airport
1990;CYYZ;large_airport;Toronto Lester B. Pearson International Airport;43.6772;-79.6306;569;NA;CA;CA-ON;Toronto;yes;CYYZ;YYZ;YYZ;http://www.gtaa.com/;https://en.wikipedia.org/wiki/Toronto_Pearson_International_Airport
1991;CYZD;medium_airport;Downsview Airport;43.7425;-79.465599;652;NA;CA;CA-ON;North York;no;CYZD;;;;https://en.wikipedia.org/wiki/Toronto/Downsview_Airport
1992;CYZE;medium_airport;Gore Bay Manitoulin Airport;45.8853;-82.567802;623;NA;CA;CA-ON;Gore Bay;no;CYZE;YZE;;;https://en.wikipedia.org/wiki/Gore_Bay-Manitoulin_Airport
1993;CYZF;medium_airport;Yellowknife International Airport;62.462799;-114.440002;675;NA;CA;CA-NT;Yellowknife;yes;CYZF;YZF;;;https://en.wikipedia.org/wiki/Yellowknife_Airport
1995;CYZH;medium_airport;Slave Lake Airport;55.292945;-114.777276;1912;NA;CA;CA-AB;Slave Lake;no;CYZH;YZH;;http://slavelakeairport.com;https://en.wikipedia.org/wiki/Slave_Lake_Airport
1996;CYZP;medium_airport;Sandspit Airport;53.25429916379999;-131.813995361;21;NA;CA;CA-BC;Sandspit;yes;CYZP;YZP;;;https://en.wikipedia.org/wiki/Sandspit_Airport
1997;CYZR;medium_airport;Chris Hadfield Airport;42.999401;-82.308899;594;NA;CA;CA-ON;Sarnia;no;CYZR;YZR;;;https://en.wikipedia.org/wiki/Sarnia_(Chris_Hadfield)_Airport
1998;CYZS;medium_airport;Coral Harbour Airport;64.1932983398;-83.3593978882;210;NA;CA;CA-NU;Coral Harbour;yes;CYZS;YZS;;;https://en.wikipedia.org/wiki/Coral_Harbour_Airport
1999;CYZT;medium_airport;Port Hardy Airport;50.680599212646484;-127.36699676513672;71;NA;CA;CA-BC;Port Hardy;yes;CYZT;YZT;;;https://en.wikipedia.org/wiki/Port_Hardy_Airport
2000;CYZU;medium_airport;Whitecourt Airport;54.143902;-115.787003;2567;NA;CA;CA-AB;Whitecourt;yes;CYZU;YZU;;;https://en.wikipedia.org/wiki/Whitecourt_Airport
2001;CYZV;medium_airport;Sept-Îles Airport;50.22330093383789;-66.2656021118164;180;NA;CA;CA-QC;Sept-Îles;yes;CYZV;YZV;;;https://en.wikipedia.org/wiki/Sept-%C3%8Eles_Airport
2002;CYZW;medium_airport;Teslin Airport;60.17279815673828;-132.7429962158203;2313;NA;CA;CA-YT;Teslin;no;CYZW;YZW;;;https://en.wikipedia.org/wiki/Teslin_Airport
2003;CYZX;medium_airport;CFB Greenwood;44.98440170288086;-64.91690063476562;92;NA;CA;CA-NS;Greenwood;no;CYZX;YZX;;;https://en.wikipedia.org/wiki/CFB_Greenwood
2004;CYZY;medium_airport;Mackenzie Airport;55.297786;-123.133907;2264;NA;CA;CA-BC;Mackenzie;yes;CYZY;;;;https://en.wikipedia.org/wiki/Mackenzie_Airport
2006;CZAM;medium_airport;Shuswap Regional Airport;50.682802;-119.228996;1751;NA;CA;CA-BC;Salmon Arm;no;CZAM;YSN;;http://www.salmonarm.ca/index.aspx?nid=228;https://en.wikipedia.org/wiki/Salmon_Arm_Airport
2008;CZBB;medium_airport;Boundary Bay Airport;49.0742;-123.012001;6;NA;CA;CA-BC;Delta;no;CZBB;YDT;;http://http://czbb.com/;https://en.wikipedia.org/wiki/Boundary_Bay_Airport
2010;CZBF;medium_airport;Bathurst Airport;47.6297;-65.738899;193;NA;CA;CA-NB;South Tetagouche;yes;CZBF;ZBF;;;https://en.wikipedia.org/wiki/Bathurst_Airport_(New_Brunswick)
2011;CZBM;medium_airport;Bromont (Roland Désourdy) Airport;45.290798;-72.741402;375;NA;CA;CA-QC;Bromont;no;CZBM;ZBM;;;https://en.wikipedia.org/wiki/Roland-D%C3%A9sourdy_Airport
2012;CZEE;medium_airport;Kelsey Airport;56.0374984741;-96.50969696039999;600;NA;CA;CA-MB;Kelsey;no;CZEE;KES;ZEE;;https://en.wikipedia.org/wiki/Kelsey_Airport
2014;CZFA;medium_airport;Faro Airport;62.20750045776367;-133.37600708007812;2351;NA;CA;CA-YT;Faro;no;CZFA;ZFA;;;https://en.wikipedia.org/wiki/Faro_Airport_(Yukon)
2019;CZGF;medium_airport;Grand Forks Airport;49.015598;-118.431;1720;NA;CA;CA-BC;Grand Forks;no;CZGF;ZGF;;;https://en.wikipedia.org/wiki/Grand_Forks_Airport
2023;CZJG;medium_airport;Jenpeg Airport;54.51890182495117;-98.04609680175781;729;NA;CA;CA-MB;Jenpeg;no;CZJG;ZJG;;;https://en.wikipedia.org/wiki/Jenpeg_Airport
2024;CZJN;medium_airport;Swan River Airport;52.120602;-101.236;1100;NA;CA;CA-MB;Swan River;no;CZJN;ZJN;;;https://en.wikipedia.org/wiki/Swan_River_Airport
2026;CZLQ;medium_airport;Thicket Portage Airport;55.31890106201172;-97.70780181884766;678;NA;CA;CA-MB;Thicket Portage;no;CZLQ;YTD;;;https://en.wikipedia.org/wiki/Thicket_Portage_Airport
2029;CZMN;medium_airport;Pikwitonei Airport;55.58890151977539;-97.16419982910156;630;NA;CA;CA-MB;Pikwitonei;no;CZMN;PIW;;;https://en.wikipedia.org/wiki/Pikwitonei_Airport
2030;CZMT;medium_airport;Masset Airport;54.0275;-132.125;25;NA;CA;CA-BC;Masset;yes;CZMT;ZMT;;;https://en.wikipedia.org/wiki/Masset_Airport
2034;CZPC;medium_airport;Pincher Creek Airport;49.520429;-113.997002;3903;NA;CA;CA-AB;Pincher Creek;no;CZPC;WPC;;;https://en.wikipedia.org/wiki/Pincher_Creek_Airport
2037;CZSJ;medium_airport;Sandy Lake Airport;53.06420135498047;-93.34439849853516;951;NA;CA;CA-ON;Sandy Lake;yes;CZSJ;ZSJ;;;https://en.wikipedia.org/wiki/Sandy_Lake_Airport
2039;CZST;medium_airport;Stewart Airport;55.935410448;-129.982434511;24;NA;CA;CA-BC;Stewart;no;CZST;ZST;CZST;;https://en.wikipedia.org/wiki/Stewart_Airport_(British_Columbia)
2042;CZUC;medium_airport;Ignace Municipal Airport;49.428204;-91.720418;1435;NA;CA;CA-ON;Ignace;no;CZUC;ZUC;;;https://en.wikipedia.org/wiki/Ignace_Municipal_Airport
2047;DAAB;medium_airport;Blida Airport;36.503601;2.81417;535;AF;DZ;DZ-09;Blida;no;DAAB;QLD;;;https://en.wikipedia.org/wiki/Blida_Airport
2048;DAAD;medium_airport;Bou Saada Airport;35.3325;4.20639;1506;AF;DZ;DZ-28;Ouled Sidi Brahim;no;DAAD;BUJ;;;https://en.wikipedia.org/wiki/Bou_Saada_Airport
2049;DAAE;medium_airport;Soummam–Abane Ramdane Airport;36.711952;5.069804;20;AF;DZ;DZ-06;Béjaïa;yes;DAAE;BJA;BJ1;;https://en.wikipedia.org/wiki/Abane_Ramdane_Airport
2050;DAAG;large_airport;Houari Boumediene Airport;36.693886;3.214531;82;AF;DZ;DZ-16;Algiers;yes;DAAG;ALG;;;https://en.wikipedia.org/wiki/Houari_Boumediene_Airport
2051;DAAJ;medium_airport;Djanet Inedbirene Airport;24.292801;9.45244;3176;AF;DZ;DZ-56;Djanet;yes;DAAJ;DJG;;;https://en.wikipedia.org/wiki/Djanet_Inedbirene_Airport
2052;DAAK;medium_airport;Boufarik Air Base;36.545799;2.87611;335;AF;DZ;DZ-09;Boufarik;no;DAAK;;;;https://en.wikipedia.org/wiki/Boufarik_Airport
2054;DAAP;medium_airport;Illizi Takhamalt Airport;26.723499;8.62265;1778;AF;DZ;DZ-33;Illizi;yes;DAAP;VVZ;;;https://en.wikipedia.org/wiki/Illizi_Airport
32193;DAAS;medium_airport;Ain Arnat Airport;36.178100585900005;5.3244900703399995;3360;AF;DZ;DZ-19;Sétif;yes;DAAS;QSF;;http://www.egsa-constantine.dz/;https://en.wikipedia.org/wiki/Ain_Arnat_Airport
2056;DAAT;medium_airport;Aguenar – Hadj Bey Akhamok Airport;22.811501;5.45108;4518;AF;DZ;DZ-11;Tamanrasset;yes;DAAT;TMR;;;https://en.wikipedia.org/wiki/Tamanrasset_Airport
2057;DAAV;medium_airport;Jijel Ferhat Abbas Airport;36.795101;5.87361;36;AF;DZ;DZ-18;Tahir;yes;DAAV;GJL;;;https://en.wikipedia.org/wiki/Jijel_Ferhat_Abbas_Airport
2058;DAAY;medium_airport;Mecheria Airport;33.535900116;-0.242353007197;3855;AF;DZ;DZ-45;Mecheria;no;DAAY;MZW;;;http://fr.wikipedia.org/wiki/A%C3%A9roport_de_Mecheria
2059;DAAZ;medium_airport;Relizane Airport;35.752955;0.625877;282;AF;DZ;DZ-48;Relizane;no;DAAZ;;;;https://en.wikipedia.org/wiki/Relizane_Airport
2060;DABB;medium_airport;Annaba Rabah Bitat Airport;36.826781;7.81334;16;AF;DZ;DZ-23;Annaba;yes;DABB;AAE;;;https://en.wikipedia.org/wiki/Rabah_Bitat_Airport
2061;DABC;medium_airport;Mohamed Boudiaf International Airport;36.2760009765625;6.620389938354492;2265;AF;DZ;DZ-25;Constantine;yes;DABC;CZL;;;https://en.wikipedia.org/wiki/Mohamed_Boudiaf_International_Airport
2062;DABS;medium_airport;Cheikh Larbi Tébessi Airport;35.4315986633;8.12071990967;2661;AF;DZ;DZ-12;Tébessi;yes;DABS;TEE;;;https://en.wikipedia.org/wiki/T%C3%A9bessa_Airport
2063;DABT;medium_airport;Batna Mostefa Ben Boulaid Airport;35.752102;6.30859;2697;AF;DZ;DZ-05;Batna;yes;DABT;BLJ;;;https://en.wikipedia.org/wiki/Batna_Airport
2064;DAFH;medium_airport;Hassi R'Mel Airport;32.930401;3.31154;2540;AF;DZ;DZ-03;Hassi R'Mel;yes;DAFH;HRM;;;https://en.wikipedia.org/wiki/Hassi_R'Mel_Airport
2065;DAOB;medium_airport;Abdelhafid Boussouf Bou Chekif Airport;35.341099;1.46315;3245;AF;DZ;DZ-14;Tiaret;no;DAOB;TID;;;https://en.wikipedia.org/wiki/Bou_Chekif_Airport
2067;DAOF;medium_airport;Tindouf Airport;27.7003993988;-8.167099952700001;1453;AF;DZ;DZ-37;Tindouf;yes;DAOF;TIN;;;https://en.wikipedia.org/wiki/Tindouf_Airport
2068;DAOI;medium_airport;Chlef Aboubakr Belkaid International Airport;36.217166;1.342237;463;AF;DZ;DZ-02;Chlef;yes;DAOI;CFK;;;https://en.wikipedia.org/wiki/Chlef_International_Airport
2069;DAOL;medium_airport;Oran Tafraoui Airport;35.5424;-0.532278;367;AF;DZ;DZ-31;Tafraoui;no;DAOL;TAF;;;https://en.wikipedia.org/wiki/Oran_Tafraoui_Airport
2070;DAON;medium_airport;Zenata – Messali El Hadj Airport;35.013426;-1.457191;814;AF;DZ;DZ-13;Zenata;yes;DAON;TLM;;;https://en.wikipedia.org/wiki/Zenata_%E2%80%93_Messali_El_Hadj_Airport
2071;DAOO;medium_airport;Oran Es-Sénia (Ahmed Ben Bella) International Airport;35.623901;-0.621183;295;AF;DZ;DZ-31;Es-Sénia;yes;DAOO;ORN;;;https://en.wikipedia.org/wiki/Oran_Es_Senia_Airport
2072;DAOR;medium_airport;Béchar Boudghene Ben Ali Lotfi Airport;31.645700454711914;-2.269860029220581;2661;AF;DZ;DZ-08;Béchar;yes;DAOR;CBH;;;https://en.wikipedia.org/wiki/B%C3%A9char_Ouakda_Airport
2074;DAOV;medium_airport;Ghriss Airport;35.207699;0.147142;1686;AF;DZ;DZ-29;Ghriss;no;DAOV;MUW;;;https://en.wikipedia.org/wiki/Ghriss_Airport
2075;DAUA;medium_airport;Touat Cheikh Sidi Mohamed Belkebir Airport;27.837601;-0.186414;919;AF;DZ;DZ-01;Adrar;yes;DAUA;AZR;;;https://en.wikipedia.org/wiki/Touat_Cheikh_Sidi_Mohamed_Belkebir_Airport
2076;DAUB;medium_airport;Biskra - Mohamed Khider Airport;34.793301;5.73823;289;AF;DZ;DZ-07;Biskra;yes;DAUB;BSK;;;https://en.wikipedia.org/wiki/Biskra_Airport
2077;DAUE;medium_airport;El Golea Airport;30.580732;2.861595;1306;AF;DZ;DZ-50;El Menia;yes;DAUE;ELG;;;https://en.wikipedia.org/wiki/El_Golea_Airport
2078;DAUG;medium_airport;Noumérat - Moufdi Zakaria Airport;32.384102;3.79411;1512;AF;DZ;DZ-47;El Atteuf;yes;DAUG;GHA;;;https://en.wikipedia.org/wiki/Noumerate_Airport
2079;DAUH;medium_airport;Hassi Messaoud-Oued Irara Krim Belkacem Airport;31.673;6.14044;463;AF;DZ;DZ-30;Hassi Messaoud;yes;DAUH;HME;;;https://en.wikipedia.org/wiki/Oued_Irara_Airport
2080;DAUI;medium_airport;In Salah Airport;27.250999;2.51202;896;AF;DZ;DZ-57;In Salah;yes;DAUI;INZ;;;https://en.wikipedia.org/wiki/In_Salah_Airport
2081;DAUK;medium_airport;Touggourt Sidi Madhi Airport;33.067799;6.08867;279;AF;DZ;DZ-55;Touggourt;yes;DAUK;TGR;;;https://en.wikipedia.org/wiki/Touggourt_Sidi_Madhi_Airport
2082;DAUL;medium_airport;Laghouat - Molay Ahmed Medeghri Airport;33.7644;2.92834;2510;AF;DZ;DZ-03;Laghouat;no;DAUL;LOO;;;https://en.wikipedia.org/wiki/L%27Mekrareg_Airport
2083;DAUO;medium_airport;Guemar Airport;33.5113983154;6.77679014206;203;AF;DZ;DZ-39;Guemar;yes;DAUO;ELU;;;https://en.wikipedia.org/wiki/Guemar_Airport
2084;DAUT;medium_airport;Timimoun Airport;29.237101;0.276033;1027;AF;DZ;DZ-54;Timimoun;yes;DAUT;TMX;;;https://en.wikipedia.org/wiki/Timimoun_Airport
2085;DAUU;medium_airport;Ain Beida Airport;31.9172;5.41278;492;AF;DZ;DZ-30;Ouargla;yes;DAUU;OGX;;;https://en.wikipedia.org/wiki/Ain_Beida_Airport
2086;DAUZ;medium_airport;Zarzaitine - In Aménas Airport;28.0515;9.64291;1847;AF;DZ;DZ-33;In Aménas;yes;DAUZ;IAM;;;https://en.wikipedia.org/wiki/In_Amenas_Airport
2087;DBBB;medium_airport;Cadjehoun Airport;6.357230186462402;2.384350061416626;19;AF;BJ;BJ-AQ;Cotonou;yes;DBBB;COO;;;https://en.wikipedia.org/wiki/Cadjehoun_Airport
2088;DFFD;medium_airport;Ouagadougou Airport;12.3532;-1.51242;1037;AF;BF;BF-KAD;Ouagadougou;yes;DFFD;OUA;;;https://en.wikipedia.org/wiki/Ouagadougou_Airport
2089;DFOO;medium_airport;Bobo Dioulasso Airport;11.160099983215332;-4.33096981048584;1511;AF;BF;BF-HOU;Bobo Dioulasso;yes;DFOO;BOY;;;https://en.wikipedia.org/wiki/Bobo_Dioulasso_Airport
2090;DGAA;large_airport;Kotoka International Airport;5.605189800262451;-0.16678600013256073;205;AF;GH;GH-AA;Accra;yes;DGAA;ACC;;;https://en.wikipedia.org/wiki/Kotoka_International_Airport
354173;DGAH;medium_airport;Ho Airport;6.579691;0.532547;356;AF;GH;GH-TV;Ho;yes;DGAH;;HZ09;https://www.gacl.com.gh/;https://en.wikipedia.org/wiki/Ho_Airport
2091;DGLE;medium_airport;Tamale Airport;9.55718994140625;-0.8632140159606934;553;AF;GH;GH-NP;Tamale;yes;DGLE;TML;;;https://en.wikipedia.org/wiki/Tamale_Airport
2093;DGSI;medium_airport;Kumasi Airport;6.714560031890869;-1.5908199548721313;942;AF;GH;GH-AH;Kumasi;yes;DGSI;KMS;;;https://en.wikipedia.org/wiki/Kumasi_Airport
2094;DGSN;medium_airport;Sunyani Airport;7.36183;-2.32876;1014;AF;GH;GH-BO;Sunyani;yes;DGSN;NYI;;;https://en.wikipedia.org/wiki/Sunyani_Airport
2095;DGTK;medium_airport;Takoradi Airport;4.896059989929199;-1.7747600078582764;21;AF;GH;GH-WP;Sekondi-Takoradi;yes;DGTK;TKD;;;https://en.wikipedia.org/wiki/Takoradi_Airport
2096;DIAP;medium_airport;Félix-Houphouët-Boigny International Airport;5.26139;-3.92629;21;AF;CI;CI-AB;Abidjan;yes;DIAP;ABJ;;;https://en.wikipedia.org/wiki/F%C3%A9lix-Houphou%C3%ABt-Boigny_International_Airport
2097;DIBK;medium_airport;Bouaké Airport;7.7388;-5.07367;1230;AF;CI;CI-VB;Bouaké;yes;DIBK;BYK;;;https://en.wikipedia.org/wiki/Bouak%C3%A9_Airport
2098;DIDL;medium_airport;Daloa Airport;6.79281;-6.47319;823;AF;CI;CI-SM;;no;DIDL;DJO;;;https://en.wikipedia.org/wiki/Daloa_Airport
2099;DIKO;medium_airport;Korhogo Airport;9.38718;-5.55666;1214;AF;CI;CI-SV;Korhogo;no;DIKO;HGO;;;https://en.wikipedia.org/wiki/Korhogo_Airport
2100;DIMN;medium_airport;Man Airport;7.27207;-7.58736;1089;AF;CI;CI-MG;;no;DIMN;MJC;;;https://en.wikipedia.org/wiki/Man_Airport
2101;DISP;medium_airport;San Pedro Airport;4.74672;-6.66082;26;AF;CI;CI-BS;;no;DISP;SPY;;;https://en.wikipedia.org/wiki/San_P%C3%A9dro_Airport
2102;DIYO;medium_airport;Yamoussoukro Airport;6.9031701088;-5.36558008194;699;AF;CI;CI-YM;Yamoussoukro;no;DIYO;ASK;;;https://en.wikipedia.org/wiki/Yamoussoukro_Airport
2104;DNAA;large_airport;Nnamdi Azikiwe International Airport;9.00679;7.26317;1123;AF;NG;NG-FC;Abuja;yes;DNAA;ABV;;http://www.faannigeria.org/nigeria-airport.php?airport=3;https://en.wikipedia.org/wiki/Nnamdi_Azikiwe_International_Airport
309668;DNAI;medium_airport;Akwa Ibom International Airport;4.8725;8.093;170;AF;NG;NG-AK;Uyo;yes;DNAI;QUO;;http://www.ibomairport.com.ng/;https://en.wikipedia.org/wiki/Akwa_Ibom_Airport
2105;DNAK;medium_airport;Akure Airport;7.246739864349365;5.3010101318359375;1100;AF;NG;NG-ON;Akure;yes;DNAK;AKR;;http://www.faannigeria.org/nigeria-airport.php?airport=21;https://en.wikipedia.org/wiki/Akure_Airport
300781;DNAS;medium_airport;Asaba International Airport;6.204167;6.665278;305;AF;NG;NG-DE;Asaba;no;DNAS;ABB;;;https://en.wikipedia.org/wiki/Asaba_International_Airport
323056;DNBC;medium_airport;Sir Abubakar Tafawa Balewa International Airport;10.482833;9.744;1965;AF;NG;NG-BA;Bauchi;yes;DNBC;BCU;;;https://en.wikipedia.org/wiki/Bauchi_State_Airport
2106;DNBE;medium_airport;Benin Airport;6.316979885101318;5.5995001792907715;258;AF;NG;NG-ED;Benin;yes;DNBE;BNI;;http://www.faannigeria.org/nigeria-airport.php?airport=22;https://en.wikipedia.org/wiki/Benin_Airport
340295;DNBY;medium_airport;Bayelsa International Airport;4.95759;6.203327;67;AF;NG;NG-BY;Yenagoa;yes;DNBY;;;;https://en.wikipedia.org/wiki/Bayelsa_International_Airport
2107;DNCA;medium_airport;Margaret Ekpo International Airport;4.976019859313965;8.347200393676758;210;AF;NG;NG-CR;Calabar;yes;DNCA;CBQ;;http://www.faannigeria.org/nigeria-airport.php?airport=12;https://en.wikipedia.org/wiki/Margaret_Ekpo_International_Airport
2108;DNEN;medium_airport;Akanu Ibiam International Airport;6.474269866943359;7.561960220336914;466;AF;NG;NG-EN;Enegu;yes;DNEN;ENU;;http://www.faannigeria.org/nigeria-airport.php?airport=11;https://en.wikipedia.org/wiki/Akanu_Ibiam_International_Airport
2109;DNGU;medium_airport;Gusau Airport;12.1717;6.69611;1520;AF;NG;NG-ZA;Gusau;no;DNGU;QUS;;;https://en.wikipedia.org/wiki/Gusau_Airstrip
2110;DNIB;medium_airport;Ibadan Airport;7.362460136413574;3.97832989692688;725;AF;NG;NG-OY;Ibadan;yes;DNIB;IBA;;http://www.faannigeria.org/nigeria-airport.php?airport=7;https://en.wikipedia.org/wiki/Ibadan_Airport
2111;DNIL;medium_airport;Ilorin International Airport;8.440210342407227;4.493919849395752;1126;AF;NG;NG-KW;Ilorin;yes;DNIL;ILR;;http://www.faannigeria.org/nigeria-airport.php?airport=20;https://en.wikipedia.org/wiki/Ilorin_International_Airport
2112;DNIM;medium_airport;Sam Mbakwe International Airport;5.427060127258301;7.206029891967773;373;AF;NG;NG-IM;Owerri;yes;DNIM;QOW;;http://www.faannigeria.org/nigeria-airport.php?airport=17;https://en.wikipedia.org/wiki/Sam_Mbakwe_International_Cargo_Airport
2113;DNJO;medium_airport;Yakubu Gowon Airport;9.639829635620117;8.869050025939941;4232;AF;NG;NG-PL;Jos;yes;DNJO;JOS;;http://www.faannigeria.org/nigeria-airport.php?airport=15;https://en.wikipedia.org/wiki/Yakubu_Gowon_Airport
2114;DNKA;medium_airport;Kaduna Airport;10.696000099182129;7.320109844207764;2073;AF;NG;NG-KD;Kaduna;yes;DNKA;KAD;;http://www.faannigeria.org/nigeria-airport.php?airport=10;https://en.wikipedia.org/wiki/Kaduna_Airport
2115;DNKN;medium_airport;Mallam Aminu International Airport;12.0476;8.52462;1562;AF;NG;NG-KN;Kano;yes;DNKN;KAN;;http://www.faannigeria.org/nigeria-airport.php?airport=2;https://en.wikipedia.org/wiki/Mallam_Aminu_Kano_International_Airport
2116;DNMA;medium_airport;Maiduguri International Airport;11.855299949645996;13.080900192260742;1099;AF;NG;NG-BO;Maiduguri;yes;DNMA;MIU;;http://www.faannigeria.org/nigeria-airport.php?airport=14;https://en.wikipedia.org/wiki/Maiduguri_International_Airport
2117;DNMK;medium_airport;Makurdi Airport;7.70388;8.61394;371;AF;NG;NG-BE;Makurdi;yes;DNMK;MDI;;http://www.faannigeria.org/nigeria-airport.php?airport=23;https://en.wikipedia.org/wiki/Makurdi_Airport
2118;DNMM;large_airport;Murtala Muhammed International Airport;6.5773701667785645;3.321160078048706;135;AF;NG;NG-LA;Lagos;yes;DNMM;LOS;;http://www.faannigeria.org/nigeria-airport.php?airport=1;https://en.wikipedia.org/wiki/Murtala_Mohammed_International_Airport
2119;DNMN;medium_airport;Minna Airport;9.652170181274414;6.462259769439697;834;AF;NG;NG-NI;Minna;no;DNMN;MXJ;;http://www.faannigeria.org/nigeria-airport.php?airport=19;https://en.wikipedia.org/wiki/Minna_Airport
2120;DNPO;medium_airport;Port Harcourt International Airport;5.0154900550842285;6.94959020614624;87;AF;NG;NG-RI;Port Harcourt;yes;DNPO;PHC;;http://www.faannigeria.org/nigeria-airport.php?airport=4;https://en.wikipedia.org/wiki/Port_Harcourt_International_Airport
2121;DNSO;medium_airport;Sadiq Abubakar III International Airport;12.916299819946289;5.207190036773682;1010;AF;NG;NG-SO;Sokoto;yes;DNSO;SKO;;http://www.faannigeria.org/nigeria-airport.php?airport=13;https://en.wikipedia.org/wiki/Sadiq_Abubakar_III_International_Airport
2122;DNYO;medium_airport;Yola Airport;9.257550239562988;12.430399894714355;599;AF;NG;NG-AD;Yola;yes;DNYO;YOL;;http://www.faannigeria.org/nigeria-airport.php?airport=16;https://en.wikipedia.org/wiki/Yola_Airport
2123;DNZA;medium_airport;Zaria Airport;11.1302;7.68581;2170;AF;NG;NG-KD;Zaria;no;DNZA;ZAR;;http://www.faannigeria.org/nigeria-airport.php?airport=24;https://en.wikipedia.org/wiki/Zaria_Airport
2124;DRRM;medium_airport;Maradi Airport;13.5025;7.12675;1240;AF;NE;NE-4;Maradi;no;DRRM;MFQ;;;https://en.wikipedia.org/wiki/Maradi_Airport
2125;DRRN;large_airport;Diori Hamani International Airport;13.4815;2.18361;732;AF;NE;NE-8;Niamey;yes;DRRN;NIM;;;https://en.wikipedia.org/wiki/Diori_Hamani_International_Airport
2126;DRRT;medium_airport;Tahoua Airport;14.8757;5.26536;1266;AF;NE;NE-5;Tahoua;no;DRRT;THZ;;;https://en.wikipedia.org/wiki/Tahoua_Airport
2127;DRZA;medium_airport;Mano Dayak International Airport;16.965999603271484;8.000109672546387;1657;AF;NE;NE-1;Agadez;yes;DRZA;AJY;;;https://en.wikipedia.org/wiki/Mano_Dayak_International_Airport
2130;DRZR;medium_airport;Zinder Airport;13.779000282287598;8.983759880065918;1516;AF;NE;NE-7;Zinder;yes;DRZR;ZND;;;https://en.wikipedia.org/wiki/Zinder_Airport
2131;DTKA;medium_airport;Tabarka-Aïn Draham International Airport;36.98;8.87694;230;AF;TN;TN-32;Tabarka;yes;DTKA;TBJ;;;https://en.wikipedia.org/wiki/Tabarka%E2%80%93A%C3%AFn_Draham_International_Airport
2132;DTMB;medium_airport;Monastir Habib Bourguiba International Airport;35.75809860229492;10.75469970703125;9;AF;TN;TN-52;Monastir;yes;DTMB;MIR;;;https://en.wikipedia.org/wiki/Habib_Bourguiba_International_Airport
44483;DTNH;medium_airport;Enfidha - Hammamet International Airport;36.075833;10.438611;21;AF;TN;TN-51;Enfidha;yes;DTNH;NBE;DTNH;http://www.enfidhahammametairport.com/;https://en.wikipedia.org/wiki/Enfidha%E2%80%93Hammamet_International_Airport
2133;DTTA;large_airport;Tunis Carthage International Airport;36.851002;10.2272;22;AF;TN;TN-11;Tunis;yes;DTTA;TUN;;http://www.oaca.nat.tn/english/div_horizontal_tunis_airport_eng.htm;https://en.wikipedia.org/wiki/Tunis-Carthage_International_Airport
2134;DTTB;medium_airport;Bizerte Sidi Ahmed Air Base;37.242356;9.787016;20;AF;TN;TN-23;Borj Challouf;no;DTTB;;;;https://en.wikipedia.org/wiki/Bizerte-Sidi_Ahmed_Air_Base
2135;DTTD;medium_airport;Remada Air Base;32.306198;10.3821;1004;AF;TN;TN-83;Remada;no;DTTD;;;;https://en.wikipedia.org/wiki/Remada_Air_Base
2136;DTTF;medium_airport;Gafsa Ksar International Airport;34.422000885009766;8.822500228881836;1060;AF;TN;TN-71;Gafsa;yes;DTTF;GAF;;;https://en.wikipedia.org/wiki/Gafsa_-_Ksar_International_Airport
2137;DTTG;medium_airport;Gabès Matmata International Airport;33.733691;9.91941;407;AF;TN;TN-81;Gabès;yes;DTTG;GAE;;;https://en.wikipedia.org/wiki/Gab%C3%A8s_-_Matmata_International_Airport
2139;DTTJ;medium_airport;Djerba Zarzis International Airport;33.875;10.7755;19;AF;TN;TN-82;Mellita;yes;DTTJ;DJE;;http://www.aeroport-de-djerba-zarzis.com/;https://en.wikipedia.org/wiki/Djerba-Zarzis_Airport
2140;DTTR;medium_airport;El Borma Airport;31.7043;9.25462;827;AF;TN;TN-83;El Borma;no;DTTR;EBM;;;https://en.wikipedia.org/wiki/El_Borma_Airport
2141;DTTX;medium_airport;Sfax Thyna International Airport;34.71799850463867;10.690999984741211;85;AF;TN;TN-61;Sfax;yes;DTTX;SFA;;;https://en.wikipedia.org/wiki/Thyna_Airport
2142;DTTZ;medium_airport;Tozeur Nefta International Airport;33.939701080322266;8.110560417175293;287;AF;TN;TN-72;Tozeur;yes;DTTZ;TOE;;;https://en.wikipedia.org/wiki/Nefta_Airport
2143;DXNG;medium_airport;Niamtougou International Airport;9.767330169677734;1.091249942779541;1515;AF;TG;TG-K;Niamtougou;no;DXNG;LRL;;;https://en.wikipedia.org/wiki/Niamtougou_International_Airport
2144;DXXX;medium_airport;Lomé–Tokoin International Airport;6.16561;1.25451;72;AF;TG;TG-M;Lomé;yes;DXXX;LFW;;;https://en.wikipedia.org/wiki/Lom%C3%A9%E2%80%93Tokoin_International_Airport
2152;EBAW;medium_airport;Antwerp International Airport (Deurne);51.190667;4.463153;39;EU;BE;BE-VAN;Antwerp;yes;EBAW;ANR;;http://www.antwerp-airport.be/;https://en.wikipedia.org/wiki/Antwerp_International_Airport
2153;EBBE;medium_airport;Beauvechain Air Base;50.758598;4.76833;370;EU;BE;BE-WBR;Beauvechain;no;EBBE;;;;https://en.wikipedia.org/wiki/Beauvechain_Air_Base
2154;EBBL;medium_airport;Kleine Brogel Air Base;51.168301;5.47;200;EU;BE;BE-VLI;Kleine Brogel;no;EBBL;;;;https://en.wikipedia.org/wiki/Kleine_Brogel_Air_Base
2155;EBBR;large_airport;Brussels Airport;50.901402;4.48444;175;EU;BE;BE-VBR;Zaventem;yes;EBBR;BRU;;http://www.brusselsairport.be/en/;https://en.wikipedia.org/wiki/Brussels_Airport
2157;EBCI;medium_airport;Brussels South Charleroi Airport;50.460982;4.457158;614;EU;BE;BE-WHT;Charleroi;yes;EBCI;CRL;;http://www.charleroi-airport.com/doc.php?nd=o29&tid=29&lg=2&docid=1&site=1;https://en.wikipedia.org/wiki/Brussels_South_Charleroi_Airport
2158;EBCV;medium_airport;Chièvres Air Base;50.575801849365234;3.8310000896453857;194;EU;BE;BE-WHT;Chièvres;no;EBCV;;;;https://en.wikipedia.org/wiki/Chievres_Air_Base
2159;EBFN;medium_airport;Koksijde Air Base;51.090302;2.65278;20;EU;BE;BE-VWV;Koksijde;no;EBFN;;;;https://en.wikipedia.org/wiki/Koksijde_Air_Base
2160;EBFS;medium_airport;Florennes Air Base;50.2433013916;4.64583015442;935;EU;BE;BE-WNA;Florennes;no;EBFS;;;;https://en.wikipedia.org/wiki/Florennes_Air_Base
2161;EBKT;medium_airport;Flanders International Airport Kortrijk-Wevelgem;50.818878;3.209551;55;EU;BE;BE-VWV;Wevelgem;no;EBKT;KJK;;http://www.kortrijkairport.be;https://en.wikipedia.org/wiki/Flanders_International_Airport
2162;EBLG;medium_airport;Liège Airport;50.638574;5.443897;659;EU;BE;BE-WLG;Grâce-Hollogne;yes;EBLG;LGG;;http://www.liegeairport.be/;https://en.wikipedia.org/wiki/Li%C3%A8ge_Airport
2163;EBOS;medium_airport;Oostende-Brugge International Airport;51.1998;2.874673;13;EU;BE;BE-VWV;Oostende;yes;EBOS;OST;;http://www.ost.aero/;https://en.wikipedia.org/wiki/Ostend-Bruges_International_Airport
2184;EDAC;medium_airport;Leipzig–Altenburg Airport;50.981945;12.506389;640;EU;DE;DE-TH;Nobitz;no;EDAC;AOC;;http://www.leipzig-altenburg-airport.de/;https://en.wikipedia.org/wiki/Leipzig%E2%80%93Altenburg_Airport
2187;EDAH;medium_airport;Heringsdorf Airport;53.8787;14.1523;93;EU;DE;DE-MV;Zirchow;yes;EDAH;HDF;;;https://en.wikipedia.org/wiki/Heringsdorf_Airport
2743;EDBN;medium_airport;Neubrandenburg Trollenhagen Airport;53.6022;13.306;228;EU;DE;DE-MV;Trollenhagen;no;EDBN;FNB;;http://www.flughafen-neubrandenburg.de/;https://en.wikipedia.org/wiki/Neubrandenburg_Airport
2200;EDBR;medium_airport;Rothenburg/Görlitz Airfield;51.363335;14.95;518;EU;DE;DE-SN;Rothenburg/Oberlausitz;no;EDBR;;;http://www.flugplatz-rothenburg-goerlitz.de/;http://de.wikipedia.org/wiki/Flugplatz_Rothenburg/G%C3%B6rlitz
301881;EDDB;large_airport;Berlin Brandenburg Airport;52.362247;13.500672;157;EU;DE;DE-BR;Berlin;yes;EDDB;BER;;https://ber.berlin-airport.de/;https://en.wikipedia.org/wiki/Berlin_Brandenburg_Airport
2210;EDDC;medium_airport;Dresden Airport;51.134123;13.767831;755;EU;DE;DE-SN;Dresden;yes;EDDC;DRS;;http://www.dresden-airport.de/en/index.html;https://en.wikipedia.org/wiki/Dresden_Airport
2211;EDDE;medium_airport;Erfurt-Weimar Airport;50.979801;10.9581;1036;EU;DE;DE-TH;Erfurt;yes;EDDE;ERF;;http://www.airport-erfurt.de/;https://en.wikipedia.org/wiki/Erfurt_Airport
2212;EDDF;large_airport;Frankfurt Airport;50.030241;8.561096;364;EU;DE;DE-HE;Frankfurt am Main;yes;EDDF;FRA;;https://www.frankfurt-airport.de/;https://en.wikipedia.org/wiki/Frankfurt_Airport
2213;EDDG;medium_airport;Münster Osnabrück Airport;52.134602;7.68483;160;EU;DE;DE-NW;Greven;yes;EDDG;FMO;;https://www.fmo.de/;https://en.wikipedia.org/wiki/M%C3%BCnster_Osnabr%C3%BCck_International_Airport
2214;EDDH;large_airport;Hamburg Helmut Schmidt Airport;53.630402;9.98823;53;EU;DE;DE-HH;Hamburg;yes;EDDH;HAM;;https://www.hamburg-airport.de/en/;https://en.wikipedia.org/wiki/Hamburg_Airport
2216;EDDK;large_airport;Cologne Bonn Airport;50.865898;7.14274;302;EU;DE;DE-NW;Köln (Cologne);yes;EDDK;CGN;;http://www.koeln-bonn-airport.de/en/;https://en.wikipedia.org/wiki/Cologne_Bonn_Airport
2217;EDDL;large_airport;Düsseldorf Airport;51.289501;6.76678;147;EU;DE;DE-NW;Düsseldorf;yes;EDDL;DUS;;http://www.dus.com/dus_en/;https://en.wikipedia.org/wiki/D%C3%BCsseldorf_Airport
2218;EDDM;large_airport;Munich Airport;48.353802;11.7861;1487;EU;DE;DE-BY;Munich;yes;EDDM;MUC;;http://www.munich-airport.com/;https://en.wikipedia.org/wiki/Munich_Airport
2219;EDDN;large_airport;Nuremberg Airport;49.498699;11.078056;1046;EU;DE;DE-BY;Nuremberg;yes;EDDN;NUE;;https://www.airport-nuernberg.de/english;https://en.wikipedia.org/wiki/Nuremberg_Airport
2220;EDDP;large_airport;Leipzig/Halle Airport;51.420657;12.232705;465;EU;DE;DE-SN;Schkeuditz;yes;EDDP;LEJ;;https://www.mdf-ag.com/;https://en.wikipedia.org/wiki/Leipzig/Halle_Airport
2221;EDDR;medium_airport;Saarbrücken Airport;49.214599609400004;7.10950994492;1058;EU;DE;DE-SL;Saarbrücken;yes;EDDR;SCN;;http://www.flughafen-saarbruecken.de/;https://en.wikipedia.org/wiki/Saarbr%C3%BCcken_Airport
2222;EDDS;large_airport;Stuttgart Airport;48.689899;9.22196;1276;EU;DE;DE-BW;Stuttgart;yes;EDDS;STR;;http://www.flughafen-stuttgart.de/;https://en.wikipedia.org/wiki/Stuttgart_Airport
2224;EDDV;large_airport;Hannover Airport;52.461102;9.68508;183;EU;DE;DE-NI;Hannover;yes;EDDV;HAJ;;https://www.hannover-airport.de;https://en.wikipedia.org/wiki/Hanover/Langenhagen_International_Airport
2225;EDDW;medium_airport;Bremen Airport;53.046786;8.78932;14;EU;DE;DE-HB;Bremen;yes;EDDW;BRE;;https://www.bremen-airport.com;https://en.wikipedia.org/wiki/Bremen_Airport
2226;EDFE;medium_airport;Frankfurt-Egelsbach Airport;49.96;8.643043;384;EU;DE;DE-HE;Egelsbach;no;EDFE;;;http://www.egelsbach-airport.com/;https://en.wikipedia.org/wiki/Frankfurt_Egelsbach_Airport
2227;EDFH;medium_airport;Frankfurt-Hahn Airport;49.9487;7.26389;1649;EU;DE;DE-RP;Frankfurt am Main (Lautzenhausen);yes;EDFH;HHN;;https://www.hahn-airport.de/en/home;https://en.wikipedia.org/wiki/Frankfurt-Hahn_Airport
2228;EDFM;medium_airport;Mannheim-City Airport;49.473057;8.514167;308;EU;DE;DE-BW;Mannheim;yes;EDFM;MHG;;http://www.flugplatz-mannheim.de/;https://en.wikipedia.org/wiki/Mannheim_City_Airport
2231;EDFZ;medium_airport;Mainz-Finthen Airfield;49.967499;8.147222;760;EU;DE;DE-RP;Mainz;no;EDFZ;;;https://www.lfv-mainz.com/;https://en.wikipedia.org/wiki/Mainz_Finthen_Airport
2232;EDGE;medium_airport;Eisenach-Kindel Airport;50.991604;10.47973;1112;EU;DE;DE-TH;Hörselberg-Hainich;no;EDGE;EIB;;http://www.flugplatz-eisenach.de/;http://de.wikipedia.org/wiki/Flugplatz_Eisenach-Kindel
2233;EDGS;medium_airport;Siegerland Airport;50.707699;8.08297;1966;EU;DE;DE-NW;Burbach;no;EDGS;SGE;;;https://en.wikipedia.org/wiki/Siegerland_Airport
2234;EDHI;medium_airport;Hamburg-Finkenwerder Airport;53.5352783203125;9.835556030273438;23;EU;DE;DE-HH;Hamburg;no;EDHI;XFW;;;https://en.wikipedia.org/wiki/Hamburg_Finkenwerder_Airport
2235;EDHK;medium_airport;Kiel-Holtenau Airport;54.37957;10.145266;102;EU;DE;DE-SH;Kiel;no;EDHK;KEL;;;https://en.wikipedia.org/wiki/Kiel-Holtenau_airport
2236;EDHL;medium_airport;Lübeck Blankensee Airport;53.805401;10.7192;53;EU;DE;DE-SH;Lübeck;yes;EDHL;LBC;;https://www.flughafen-luebeck.de/en/home;https://en.wikipedia.org/wiki/L%C3%BCbeck_Airport
2237;EDJA;medium_airport;Memmingen Allgau Airport;47.988800048799995;10.2395000458;2077;EU;DE;DE-BY;Memmingen;yes;EDJA;FMM;;;https://en.wikipedia.org/wiki/Memmingen_Airport
2243;EDLN;medium_airport;Mönchengladbach Airport;51.230278;6.504444;125;EU;DE;DE-NW;Mönchengladbach;no;EDLN;MGL;;;https://en.wikipedia.org/wiki/D%C3%BCsseldorf-M%C3%B6nchengladbach_Airport
2244;EDLP;medium_airport;Paderborn Lippstadt Airport;51.614101;8.61632;699;EU;DE;DE-NW;Büren;yes;EDLP;PAD;;;https://en.wikipedia.org/wiki/Paderborn_Lippstadt_Airport
2246;EDLV;medium_airport;Weeze Airport;51.6024017334;6.14216995239;106;EU;DE;DE-NW;Weeze;yes;EDLV;NRN;;http://www.airport-weeze.de/de;https://en.wikipedia.org/wiki/Airport_Weeze
2247;EDLW;medium_airport;Dortmund Airport;51.518299;7.61224;425;EU;DE;DE-NW;Dortmund;yes;EDLW;DTM;;https://www.dortmund-airport.com/;https://en.wikipedia.org/wiki/Dortmund_Airport
2248;EDMA;medium_airport;Augsburg Airport;48.425278;10.931667;1516;EU;DE;DE-BY;Augsburg;no;EDMA;AGB;;https://www.augsburg-airport.de/;https://en.wikipedia.org/wiki/Augsburg_Airport
2252;EDMO;medium_airport;Oberpfaffenhofen Airport;48.081402;11.2831;1947;EU;DE;DE-BY;Weßling;no;EDMO;OBF;;http://www.edmo-airport.de;https://de.wikipedia.org/wiki/Flugplatz_Oberpfaffenhofen
2256;EDNY;medium_airport;Friedrichshafen Airport;47.671299;9.51149;1367;EU;DE;DE-BW;Friedrichshafen;yes;EDNY;FDH;;https://www.bodensee-airport.eu;https://en.wikipedia.org/wiki/Friedrichshafen_Airport
317932;EDQA;medium_airport;Bamberg-Breitenau Airfield;49.920403;10.914233;811;EU;DE;DE-BY;Bamberg;no;EDQA;;;http://www.aeroclub-bamberg.de/;https://de.wikipedia.org/wiki/Flugplatz_Bamberg-Breitenau
2261;EDQD;medium_airport;Bayreuth Airport;49.985001;11.64;1601;EU;DE;DE-BY;Bindlach;no;EDQD;BYU;;;https://en.wikipedia.org/wiki/Bindlacher_Berg_Airport
2263;EDQM;medium_airport;Hof-Plauen Airport;50.288544;11.852876;1959;EU;DE;DE-BY;Hof;no;EDQM;HOQ;;;https://en.wikipedia.org/wiki/Hof-Plauen_Airport
2270;EDSB;medium_airport;Karlsruhe Baden-Baden Airport;48.7794;8.0805;408;EU;DE;DE-BW;Rheinmünster;yes;EDSB;FKB;;http://www.baden-airpark.de/startseite.html;https://en.wikipedia.org/wiki/Baden_Airpark
2273;EDTD;medium_airport;Donaueschingen-Villingen Airfield;47.973331;8.522222;2231;EU;DE;DE-BW;Donaueschingen;no;EDTD;;;http://www.flugplatz-donaueschingen.de/;http://de.wikipedia.org/wiki/Flugplatz_Donaueschingen-Villingen
2276;EDTL;medium_airport;Lahr Airport;48.369301;7.82772;511;EU;DE;DE-BW;Lahr/Schwarzwald;no;EDTL;LHA;;http://airport-lahr.de/;https://en.wikipedia.org/wiki/CFB_Lahr
2278;EDTY;medium_airport;Adolf Würth Airport;49.118332;9.783889;1299;EU;DE;DE-BW;Schwäbisch Hall;no;EDTY;;;http://www.edty.de;https://de.wikipedia.org/wiki/Flugplatz_Schw%C3%A4bisch_Hall-Hessental
29094;EDUZ;medium_airport;Zerbst Airfield;52.000832;12.148611;289;EU;DE;DE-ST;Straguth;no;EDUZ;;;https://www.luftsportverein-zerbst.de/;https://de.wikipedia.org/wiki/Flugplatz_Zerbst
2284;EDVE;medium_airport;Braunschweig-Wolfsburg Airport;52.319199;10.5561;295;EU;DE;DE-NI;Braunschweig;no;EDVE;BWE;;http://www.flughafen-braunschweig-wolfsburg.de/;https://en.wikipedia.org/wiki/Braunschweig_Airport
2285;EDVK;medium_airport;Kassel Airport;51.420699;9.392152;820;EU;DE;DE-HE;Calden;yes;EDVK;KSF;;http://www.flughafenkassel.de/;https://en.wikipedia.org/wiki/Kassel_Airport
2296;EDXW;medium_airport;Westerland Sylt Airport;54.9132;8.34047;51;EU;DE;DE-SH;Sylt;yes;EDXW;GWT;;https://www.flughafen-sylt.de;https://en.wikipedia.org/wiki/Sylt_Airport
2297;EEEI;medium_airport;Ämari Air Base;59.259599;24.204799;65;EU;EE;EE-37;Keila;no;EEEI;;;;https://en.wikipedia.org/wiki/%C3%84mari_Air_Base
2298;EEKA;medium_airport;Kärdla Airport;58.99079895019531;22.830699920654297;18;EU;EE;EE-39;Kärdla;yes;EEKA;KDL;;;https://en.wikipedia.org/wiki/K%C3%A4rdla_Airport
2299;EEKE;medium_airport;Kuressaare Airport;58.22990036010742;22.50950050354004;14;EU;EE;EE-74;Kuressaare;yes;EEKE;URE;;http://www.eeke.ee/;https://en.wikipedia.org/wiki/Kuressaare_Airport
2300;EEPU;medium_airport;Pärnu Airport;58.41899871826172;24.47279930114746;47;EU;EE;EE-67;Pärnu;yes;EEPU;EPU;;;https://en.wikipedia.org/wiki/P%C3%A4rnu_Airport
2301;EETN;large_airport;Lennart Meri Tallinn Airport;59.413246;24.83264;131;EU;EE;EE-37;Tallinn;yes;EETN;TLL;;http://www.tallinn-airport.ee/eng;https://en.wikipedia.org/wiki/Tallinn_Airport
2302;EETU;medium_airport;Tartu Airport;58.307499;26.690399;220;EU;EE;EE-7B;Tartu;yes;EETU;TAY;;;https://en.wikipedia.org/wiki/Tartu_Airport
2303;EFET;medium_airport;Enontekio Airport;68.362602233887;23.424299240112;1005;EU;FI;FI-10;Enontekio;yes;EFET;ENF;;http://www.finavia.fi/en/enontekio/;https://en.wikipedia.org/wiki/Enonteki%C3%B6_Airport
2305;EFHA;medium_airport;Halli Airport;61.856039;24.786686;479;EU;FI;FI-08;Jämsä;no;EFHA;KEV;;;https://en.wikipedia.org/wiki/Halli_Airport
2307;EFHK;large_airport;Helsinki Vantaa Airport;60.318363;24.963341;179;EU;FI;FI-18;Helsinki;yes;EFHK;HEL;;http://www.finavia.fi/en/helsinki-airport;https://en.wikipedia.org/wiki/Helsinki_Airport
2313;EFIT;medium_airport;Kitee Airport;62.1661;30.073601;364;EU;FI;FI-13;Kitee;no;EFIT;KTQ;;;https://en.wikipedia.org/wiki/Kitee_Airfield
2314;EFIV;medium_airport;Ivalo Airport;68.607299804688;27.405300140381;481;EU;FI;FI-10;Ivalo;yes;EFIV;IVL;;http://www.finavia.fi/en/ivalo/;https://en.wikipedia.org/wiki/Ivalo_Airport
2315;EFJO;medium_airport;Joensuu Airport;62.658815;29.619398;398;EU;FI;FI-13;Joensuu;yes;EFJO;JOE;;http://www.finavia.fi/en/joensuu/;https://en.wikipedia.org/wiki/Joensuu_Airport
2316;EFJY;medium_airport;Jyväskylä Airport;62.399502;25.678301;459;EU;FI;FI-08;Jyväskylän Maalaiskunta;yes;EFJY;JYV;;https://www.finavia.fi/en/jyvaskyla/;https://en.wikipedia.org/wiki/Jyv%C3%A4skyl%C3%A4_Airport
2317;EFKA;medium_airport;Kauhava Airfield;63.127102;23.051399;151;EU;FI;FI-03;Kauhava;no;EFKA;KAU;;;https://en.wikipedia.org/wiki/Kauhava_Airfield
2318;EFKE;medium_airport;Kemi-Tornio Airport;65.778701782227;24.582099914551;61;EU;FI;FI-10;Kemi / Tornio;yes;EFKE;KEM;;http://www.finavia.fi/en/kemi-tornio/;https://en.wikipedia.org/wiki/Kemi-Tornio_Airport
2319;EFKI;medium_airport;Kajaani Airport;64.2855;27.6924;483;EU;FI;FI-05;Kajaani;yes;EFKI;KAJ;;https://www.finavia.fi/en/kajaani/;https://en.wikipedia.org/wiki/Kajaani_Airport
2320;EFKJ;medium_airport;Kauhajoki Airfield;62.463212;22.390817;407;EU;FI;FI-03;;no;EFKJ;KHJ;;;https://en.wikipedia.org/wiki/Kauhajoki_Airfield
2321;EFKK;medium_airport;Kokkola-Pietarsaari Airport;63.721199;23.143101;84;EU;FI;FI-07;Kokkola / Kruunupyy;yes;EFKK;KOK;;https://www.finavia.fi/en/kokkola-pietarsaari/;https://en.wikipedia.org/wiki/Kokkola-Pietarsaari_Airport
2324;EFKS;medium_airport;Kuusamo Airport;65.987602;29.239401;866;EU;FI;FI-14;Kuusamo;yes;EFKS;KAO;;http://www.finavia.fi/en/kuusamo/;https://en.wikipedia.org/wiki/Kuusamo_Airport
2325;EFKT;medium_airport;Kittilä Airport;67.700996398926;24.846799850464;644;EU;FI;FI-10;Kittilä;yes;EFKT;KTT;;http://www.finavia.fi/en/kittila/;https://en.wikipedia.org/wiki/Kittil%C3%A4_Airport
2326;EFKU;medium_airport;Kuopio Airport;63.007099;27.7978;323;EU;FI;FI-15;Kuopio / Siilinjärvi;yes;EFKU;KUO;;https://www.finavia.fi/en/kuopio/;https://en.wikipedia.org/wiki/Kuopio_Airport
2329;EFLP;medium_airport;Lappeenranta Airport;61.044601;28.144743;349;EU;FI;FI-02;Lappeenranta;yes;EFLP;LPP;;https://lppairport.fi/en;https://en.wikipedia.org/wiki/Lappeenranta_Airport
2330;EFMA;medium_airport;Mariehamn Airport;60.1222;19.898199;17;EU;FI;FI-01;Mariehamn;yes;EFMA;MHQ;;http://www.finavia.fi/en/mariehamn/;https://en.wikipedia.org/wiki/Mariehamn_Airport
2332;EFMI;medium_airport;Mikkeli Airport;61.6866;27.201799;329;EU;FI;FI-04;Mikkeli;no;EFMI;MIK;;http://www.mikkelinlentoasema.fi/en/;https://en.wikipedia.org/wiki/Mikkeli_Airport
2334;EFOU;medium_airport;Oulu Airport;64.930099;25.354601;47;EU;FI;FI-14;Oulu / Oulunsalo;yes;EFOU;OUL;;https://www.finavia.fi/en/oulu/;https://en.wikipedia.org/wiki/Oulu_Airport
2336;EFPO;medium_airport;Pori Airport;61.4617;21.799999;44;EU;FI;FI-17;Pori;yes;EFPO;POR;;http://www.finavia.fi/en/pori/;https://en.wikipedia.org/wiki/Pori_Airport
334942;EFPR;medium_airport;Helsinki East-Redstone Aerodrome;60.479167;26.593889;72;EU;FI;FI-09;Helsinki (Pyhtää);no;EFPR;;;https://www.redstone.aero/helsinkieast-aerodrome;https://fi.wikipedia.org/wiki/Pyht%C3%A4%C3%A4n_lentokentt%C3%A4
2341;EFRO;medium_airport;Rovaniemi Airport;66.564796447754;25.830400466919;642;EU;FI;FI-10;Rovaniemi;yes;EFRO;RVN;;http://www.finavia.fi/en/rovaniemi/;https://en.wikipedia.org/wiki/Rovaniemi_Airport
2343;EFSA;medium_airport;Savonlinna Airport;61.9431;28.945101;311;EU;FI;FI-04;Savonlinna;yes;EFSA;SVL;;http://www.finavia.fi/en/savonlinna/;https://en.wikipedia.org/wiki/Savonlinna_Airport
2345;EFSI;medium_airport;Seinäjoki Airport;62.692101;22.8323;302;EU;FI;FI-03;Seinäjoki / Ilmajoki;no;EFSI;SJY;;;https://en.wikipedia.org/wiki/Sein%C3%A4joki_Airport
2346;EFSO;medium_airport;Sodankyla Airport;67.3949966431;26.6191005707;602;EU;FI;FI-10;Sodankyla;no;EFSO;SOT;;;https://en.wikipedia.org/wiki/Sodankyl%C3%A4_Airfield
2347;EFTP;medium_airport;Tampere-Pirkkala Airport;61.414101;23.604401;390;EU;FI;FI-11;Tampere / Pirkkala;yes;EFTP;TMP;;https://www.finavia.fi/en/tampere-pirkkala/;https://en.wikipedia.org/wiki/Tampere-Pirkkala_Airport
2349;EFTU;medium_airport;Turku Airport;60.514099;22.2628;161;EU;FI;FI-19;Turku;yes;EFTU;TKU;;https://www.finavia.fi/en/turku/;https://en.wikipedia.org/wiki/Turku_Airport
2350;EFUT;medium_airport;Utti Air Base;60.8964;26.9384;339;EU;FI;FI-09;Utti / Valkeala;no;EFUT;UTI;;;https://en.wikipedia.org/wiki/Utti_Airport
2351;EFVA;medium_airport;Vaasa Airport;63.050701;21.762199;19;EU;FI;FI-12;Vaasa;yes;EFVA;VAA;;http://www.finavia.fi/en/vaasa/;https://en.wikipedia.org/wiki/Vaasa_Airport
2352;EFVR;medium_airport;Varkaus Airport;62.171101;27.868601;286;EU;FI;FI-04;Varkaus / Joroinen;no;EFVR;VRK;;http://www.finavia.fi/en/varkaus/;https://en.wikipedia.org/wiki/Varkaus_Airport
2353;EFYL;medium_airport;Ylivieska Airfield;64.054722;24.725278;252;EU;FI;FI-14;;no;EFYL;YLI;;http://www.ylivieska.fi/alltypes.asp?d_type=5&menu_id=17643&menupath=16922,17643;https://en.wikipedia.org/wiki/Ylivieska_Airfield
2385;EGAA;large_airport;Belfast International Airport;54.6575012207;-6.2158298492399995;268;EU;GB;GB-NIR;Belfast;yes;EGAA;BFS;;http://www.belfastairport.com/;https://en.wikipedia.org/wiki/Belfast_International_Airport
2386;EGAB;medium_airport;Enniskillen/St Angelo Airport;54.398899;-7.65167;155;EU;GB;GB-NIR;Enniskillen;no;EGAB;ENK;;;https://en.wikipedia.org/wiki/Enniskillen/St_Angelo_Airport
2387;EGAC;medium_airport;George Best Belfast City Airport;54.618099;-5.8725;15;EU;GB;GB-NIR;Belfast;yes;EGAC;BHD;;http://www.belfastcityairport.com/;https://en.wikipedia.org/wiki/George_Best_Belfast_City_Airport
2388;EGAE;medium_airport;City of Derry Airport;55.04280090332031;-7.161109924316406;22;EU;GB;GB-NIR;Derry;yes;EGAE;LDY;;http://www.cityofderryairport.com/;https://en.wikipedia.org/wiki/City_of_Derry_Airport
2389;EGBB;large_airport;Birmingham Airport;52.453899;-1.74803;327;EU;GB;GB-ENG;Birmingham, West Midlands;yes;EGBB;BHX;;https://www.birminghamairport.co.uk/;https://en.wikipedia.org/wiki/Birmingham_Airport
2390;EGBE;medium_airport;Coventry Airport;52.3697013855;-1.4797199964499999;267;EU;GB;GB-ENG;Coventry;no;EGBE;CVT;;http://www.coventryairport.co.uk/;https://en.wikipedia.org/wiki/Coventry_Airport
2392;EGBJ;medium_airport;Gloucestershire Airport;51.89419937133789;-2.167220115661621;101;EU;GB;GB-ENG;Staverton;no;EGBJ;GLO;;;https://en.wikipedia.org/wiki/Gloucestershire_Airport
2393;EGBN;medium_airport;Nottingham Airport;52.919998;-1.07917;138;EU;GB;GB-ENG;Nottingham;no;EGBN;NQT;;http://www.nottinghamairport.co.uk/;https://en.wikipedia.org/wiki/Nottingham_Airport
2398;EGCC;large_airport;Manchester Airport;53.349375;-2.279521;257;EU;GB;GB-ENG;Manchester, Greater Manchester;yes;EGCC;MAN;;http://www.manchesterairport.co.uk/;https://en.wikipedia.org/wiki/Manchester_Airport
2403;EGDC;medium_airport;Royal Marines Base Chivenor;51.0872;-4.15034;27;EU;GB;GB-ENG;Chivenor;no;EGDC;;;;https://en.wikipedia.org/wiki/Royal_Marines_Base_Chivenor
2406;EGDM;medium_airport;MoD Boscombe Down;51.152199;-1.74741;407;EU;GB;GB-ENG;Amesbury;no;EGDM;;;;https://en.wikipedia.org/wiki/MoD_Boscombe_Down
2408;EGDR;medium_airport;RNAS Culdrose;50.08610153198242;-5.255710124969482;267;EU;GB;GB-ENG;Helston;no;EGDR;;;;https://en.wikipedia.org/wiki/RNAS_Culdrose_(HMS_Seahawk)
2409;EGDX;medium_airport;MOD St Athan;51.405229;-3.433254;163;EU;GB;GB-WLS;St Athan, Vale of Glamorgan;no;EGSY;;;;https://en.wikipedia.org/wiki/MOD_St_Athan
2410;EGDY;medium_airport;RNAS Yeovilton;51.0093994140625;-2.638819932937622;75;EU;GB;GB-ENG;Yeovil;no;EGDY;YEO;;;https://en.wikipedia.org/wiki/RNAS_Yeovilton_(HMS_Heron)
2411;EGEC;medium_airport;Campbeltown Airport;55.437198638916016;-5.686389923095703;42;EU;GB;GB-SCT;Campbeltown;yes;EGEC;CAL;;http://www.hial.co.uk/campbeltown-airport.html;https://en.wikipedia.org/wiki/Campbeltown_Airport
29126;EGED;medium_airport;Eday Airport;59.19060134887695;-2.7722198963165283;10;EU;GB;GB-SCT;Eday;yes;EGED;EOI;;;https://en.wikipedia.org/wiki/Eday_Airport
2414;EGFE;medium_airport;Haverfordwest Airport;51.833099365234375;-4.9611101150512695;159;EU;GB;GB-WLS;Haverfordwest;no;EGFE;HAW;;;https://en.wikipedia.org/wiki/Haverfordwest_Aerodrome
2415;EGFF;medium_airport;Cardiff International Airport;51.396702;-3.34333;220;EU;GB;GB-WLS;Rhoose, Vale of Glamorgan;yes;EGFF;CWL;;http://www.cwlfly.com/;https://en.wikipedia.org/wiki/Cardiff_Airport
2416;EGFH;medium_airport;Swansea Airport;51.601366;-4.071006;299;EU;GB;GB-WLS;Swansea;no;EGFH;SWS;;;https://en.wikipedia.org/wiki/Swansea_Airport
2417;EGGD;medium_airport;Bristol Airport;51.382702;-2.71909;622;EU;GB;GB-ENG;Bristol;yes;EGGD;BRS;;http://www.bristolairport.co.uk/;https://en.wikipedia.org/wiki/Bristol_International_Airport
2418;EGGP;medium_airport;Liverpool John Lennon Airport;53.333599;-2.84972;80;EU;GB;GB-ENG;Liverpool;yes;EGGP;LPL;;http://www.liverpoolairport.com/;https://en.wikipedia.org/wiki/Liverpool_John_Lennon_Airport
2419;EGGW;large_airport;London Luton Airport;51.874699;-0.368333;526;EU;GB;GB-ENG;Luton, Bedfordshire;yes;EGGW;LTN;;http://www.london-luton.co.uk/en/;https://en.wikipedia.org/wiki/London_Luton_Airport
2421;EGHH;medium_airport;Bournemouth Airport;50.780483;-1.839576;38;EU;GB;GB-ENG;Christchurch, Dorset;yes;EGHH;BOH;;http://www.bournemouthairport.com/;https://en.wikipedia.org/wiki/Bournemouth_Airport
2422;EGHI;medium_airport;Southampton Airport;50.950298;-1.3568;44;EU;GB;GB-ENG;Southampton;yes;EGHI;SOU;;http://www.southamptonairport.com/;https://en.wikipedia.org/wiki/Southampton_Airport
2423;EGHL;medium_airport;Lasham Airfield;51.187199;-1.0335;618;EU;GB;GB-ENG;Lasham;no;EGHL;;;http://www.lasham.org.uk/;https://en.wikipedia.org/wiki/Lasham_Airfield
2404;EGHQ;medium_airport;Cornwall Airport Newquay;50.440601;-4.99541;390;EU;GB;GB-ENG;Newquay;yes;EGHQ;NQY;;https://www.cornwallairportnewquay.com/;https://en.wikipedia.org/wiki/Newquay_Airport
2424;EGJA;medium_airport;Alderney Airport;49.706104;-2.21472;290;EU;GG;GG-A;Saint Anne;yes;EGJA;ACI;;;https://en.wikipedia.org/wiki/Alderney_Airport
2425;EGJB;medium_airport;Guernsey Airport;49.435001;-2.60197;336;EU;GG;GG-G;Saint Peter Port;yes;EGJB;GCI;;;https://en.wikipedia.org/wiki/Guernsey_Airport
2426;EGJJ;medium_airport;Jersey Airport;49.20790100097656;-2.195509910583496;277;EU;JE;JE-U-A;Saint Helier;yes;EGJJ;JER;;http://www.jerseyairport.com/;https://en.wikipedia.org/wiki/Jersey_Airport
2427;EGKA;medium_airport;Brighton City Airport;50.835602;-0.297222;7;EU;GB;GB-ENG;Brighton, East Sussex;no;EGKA;ESH;;http://flybrighton.com;https://en.wikipedia.org/wiki/Brighton_City_Airport
2428;EGKB;medium_airport;London Biggin Hill Airport;51.33079910279999;0.0324999988079;598;EU;GB;GB-ENG;London;no;EGKB;BQH;;http://www.bigginhillairport.com/;https://en.wikipedia.org/wiki/London_Biggin_Hill_Airport
2429;EGKK;large_airport;London Gatwick Airport;51.148771;-0.192089;202;EU;GB;GB-ENG;Gatwick, Surrey;yes;EGKK;LGW;;http://www.gatwickairport.com/;https://en.wikipedia.org/wiki/Gatwick_Airport
2430;EGLC;medium_airport;London City Airport;51.505299;0.055278;19;EU;GB;GB-ENG;London;yes;EGLC;LCY;;http://www.londoncityairport.com/;https://en.wikipedia.org/wiki/London_City_Airport
2431;EGLF;medium_airport;Farnborough Airport;51.2757987976;-0.776332974434;238;EU;GB;GB-ENG;Farnborough;no;EGLF;FAB;;http://www.tagaviation.com;https://en.wikipedia.org/wiki/Farnborough_Airfield
2433;EGLK;medium_airport;Blackbushe Airport;51.323898;-0.8475;325;EU;GB;GB-ENG;Camberley, Surrey;no;EGLK;BBS;;http://www.blackbusheairport.co.uk/;https://en.wikipedia.org/wiki/Blackbushe_Airport
2434;EGLL;large_airport;London Heathrow Airport;51.4706;-0.461941;83;EU;GB;GB-ENG;London;yes;EGLL;LHR;;http://www.heathrowairport.com/;https://en.wikipedia.org/wiki/Heathrow_Airport
2435;EGMC;medium_airport;London Southend Airport;51.570562;0.693627;49;EU;GB;GB-ENG;Southend-on-Sea, Essex;yes;EGMC;SEN;;http://www.southendairport.com/;https://en.wikipedia.org/wiki/London_Southend_Airport
2436;EGMD;medium_airport;Lydd London Ashford Airport;50.956246;0.939074;13;EU;GB;GB-ENG;Romney Marsh, Kent;no;EGMD;LYX;;http://www.lydd-airport.co.uk/;https://en.wikipedia.org/wiki/Lydd_Airport
2439;EGNC;medium_airport;Carlisle Lake District Airport;54.9375;-2.80917;190;EU;GB;GB-ENG;Carlisle;no;EGNC;CAX;;https://www.carlisleairport.co.uk/;https://en.wikipedia.org/wiki/Carlisle_Lake_District_Airport
2441;EGNH;medium_airport;Blackpool International Airport;53.77170181274414;-3.0286099910736084;34;EU;GB;GB-ENG;Blackpool;yes;EGNH;BLK;;http://www.blackpoolinternational.com/;https://en.wikipedia.org/wiki/Blackpool_International_Airport
2442;EGNJ;medium_airport;Humberside Airport;53.57440185546875;-0.350832998752594;121;EU;GB;GB-ENG;Grimsby;yes;EGNJ;HUY;;http://www.humbersideairport.com/;https://en.wikipedia.org/wiki/Humberside_Airport
2443;EGNL;medium_airport;Barrow Walney Island Airport;54.1286111;-3.2675;173;EU;GB;GB-ENG;Barrow-in-Furness;no;EGNL;BWF;;http://www.walneyairfield.multiservers.com/;https://en.wikipedia.org/wiki/Barrow/Walney_Island_Airfield
2444;EGNM;medium_airport;Leeds Bradford Airport;53.865898;-1.66057;681;EU;GB;GB-ENG;Leeds, West Yorkshire;yes;EGNM;LBA;;http://www.lbia.co.uk/;https://en.wikipedia.org/wiki/Leeds_Bradford_International_Airport
2445;EGNO;medium_airport;Warton Aerodrome;53.745098;-2.88306;55;EU;GB;GB-ENG;Warton;no;EGNO;WRT;;;https://en.wikipedia.org/wiki/Warton_Aerodrome
2446;EGNR;medium_airport;Hawarden Airport;53.178101;-2.97778;45;EU;GB;GB-WLS;Broughton;no;EGNR;CEG;;;https://en.wikipedia.org/wiki/Hawarden_Airport
2447;EGNS;medium_airport;Isle of Man Airport;54.083302;-4.62389;52;EU;IM;IM-U-A;Castletown;yes;EGNS;IOM;;http://www.iom-airport.com/;https://en.wikipedia.org/wiki/Isle_of_Man_Airport
2448;EGNT;medium_airport;Newcastle Airport;55.037958;-1.689577;266;EU;GB;GB-ENG;Newcastle;yes;EGNT;NCL;;http://www.newcastleairport.com/;https://en.wikipedia.org/wiki/Newcastle_Airport
2449;EGNV;medium_airport;Teesside International Airport;54.509201;-1.42941;120;EU;GB;GB-ENG;Darlington, Durham;yes;EGNV;MME;;https://www.teessideinternational.com/;https://en.wikipedia.org/wiki/Teesside_International_Airport
2450;EGNX;medium_airport;East Midlands Airport;52.8311;-1.32806;306;EU;GB;GB-ENG;Nottingham;yes;EGNX;EMA;;http://www.eastmidlandsairport.com/;https://en.wikipedia.org/wiki/East_Midlands_Airport
30991;EGOM;medium_airport;RAF Spadeadam;55.0499992371;-2.54999995232;1066;EU;GB;GB-ENG;Spadeadam;no;EGOM;;;http://www.raf.mod.uk/rafspadeadam/;https://en.wikipedia.org/wiki/RAF_Spadeadam
2453;EGOS;medium_airport;RAF Shawbury;52.79819869995117;-2.6680400371551514;249;EU;GB;GB-ENG;Shawbury;no;EGOS;;;http://www.raf.mod.uk/rafshawbury/;https://en.wikipedia.org/wiki/RAF_Shawbury
2454;EGOV;medium_airport;Anglesey Airport;53.2481002808;-4.53533983231;37;EU;GB;GB-WLS;Angelsey;yes;EGOV;VLY;;http://www.angleseyairport.com/;https://en.wikipedia.org/wiki/Anglesey_Airport
2456;EGPA;medium_airport;Kirkwall Airport;58.957801818847656;-2.9049999713897705;50;EU;GB;GB-SCT;Orkney Islands;yes;EGPA;KOI;;;https://en.wikipedia.org/wiki/Kirkwall_Airport
2457;EGPB;medium_airport;Sumburgh Airport;59.87889862060547;-1.2955600023269653;20;EU;GB;GB-SCT;Lerwick;yes;EGPB;LSI;;http://www.hial.co.uk/sumburgh-airport.html;https://en.wikipedia.org/wiki/Sumburgh_Airport
2458;EGPC;medium_airport;Wick Airport;58.458900451660156;-3.09306001663208;126;EU;GB;GB-SCT;Wick;yes;EGPC;WIC;;http://www.hial.co.uk/wick-airport.html;https://en.wikipedia.org/wiki/Wick_Airport
2459;EGPD;medium_airport;Aberdeen Dyce Airport;57.2019;-2.19778;215;EU;GB;GB-SCT;Aberdeen;yes;EGPD;ABZ;;http://www.aberdeenairport.com/;https://en.wikipedia.org/wiki/Aberdeen_Airport
2460;EGPE;medium_airport;Inverness Airport;57.54249954223633;-4.047500133514404;31;EU;GB;GB-SCT;Inverness;yes;EGPE;INV;;http://www.hial.co.uk/inverness-airport.html;https://en.wikipedia.org/wiki/Inverness_Airport
2461;EGPF;large_airport;Glasgow International Airport;55.871899;-4.43306;26;EU;GB;GB-SCT;Paisley, Renfrewshire;yes;EGPF;GLA;;http://www.glasgowairport.com/;https://en.wikipedia.org/wiki/Glasgow_International_Airport
2462;EGPH;large_airport;Edinburgh Airport;55.950145;-3.372288;135;EU;GB;GB-SCT;Edinburgh;yes;EGPH;EDI;;http://www.edinburghairport.com/;https://en.wikipedia.org/wiki/Edinburgh_Airport
2463;EGPI;medium_airport;Islay Airport;55.682708;-6.257525;56;EU;GB;GB-SCT;Isle of Islay, Argyll and Bute;yes;EGPI;ILY;;;https://en.wikipedia.org/wiki/Islay_Airport
2464;EGPK;medium_airport;Glasgow Prestwick Airport;55.502003;-4.587019;65;EU;GB;GB-SCT;Prestwick, South Ayrshire;yes;EGPK;PIK;;http://www.glasgowprestwick.com/;https://en.wikipedia.org/wiki/Glasgow_Prestwick_International_Airport
2465;EGPL;medium_airport;Benbecula Airport;57.48109817504883;-7.3627800941467285;19;EU;GB;GB-SCT;Balivanich;yes;EGPL;BEB;;http://www.hial.co.uk/benbecula-airport.html;https://en.wikipedia.org/wiki/Benbecula_Airport
2467;EGPN;medium_airport;Dundee Airport;56.45249938964844;-3.025830030441284;17;EU;GB;GB-SCT;Dundee;yes;EGPN;DND;;http://www.hial.co.uk/dundee-airport.html;https://en.wikipedia.org/wiki/Dundee_Airport
2468;EGPO;medium_airport;Stornoway Airport;58.215599;-6.33111;26;EU;GB;GB-SCT;Stornoway, Western Isles;yes;EGPO;SYY;;http://www.hial.co.uk/stornoway-airport.html;https://en.wikipedia.org/wiki/Stornoway_Airport
29173;EGPR;medium_airport;Barra Airport;57.0228;-7.44306;5;EU;GB;GB-SCT;Eoligarry;yes;EGPR;BRR;;http://www.hial.co.uk/barra-airport.html;https://en.wikipedia.org/wiki/Barra_Airport_(Scotland)
2469;EGPU;medium_airport;Tiree Airport;56.49919891357422;-6.869170188903809;38;EU;GB;GB-SCT;Balemartine;yes;EGPU;TRE;;http://www.hial.co.uk/tiree-airport.html;https://en.wikipedia.org/wiki/Tiree_Airport
2471;EGQL;medium_airport;Leuchars Station Airfield;56.37398;-2.868862;38;EU;GB;GB-SCT;Leuchars, Fife;no;EGQL;ADX;;;https://en.wikipedia.org/wiki/Leuchars_Station
2472;EGQS;medium_airport;RAF Lossiemouth;57.7052001953125;-3.339169979095459;42;EU;GB;GB-SCT;Lossiemouth;no;EGQS;LMO;;http://www.raf.mod.uk/raflossiemouth/;https://en.wikipedia.org/wiki/RAF_Lossiemouth
2473;EGSC;medium_airport;Cambridge City Airport;52.205002;0.175;47;EU;GB;GB-ENG;Cambridge, Cambridgeshire;no;EGSC;CBG;;http://www.cambridgeairport.com/;https://en.wikipedia.org/wiki/Cambridge_City_Airport
2475;EGSH;medium_airport;Norwich Airport;52.6758;1.28278;117;EU;GB;GB-ENG;Norwich, Norfolk;yes;EGSH;NWI;;https://www.norwichairport.co.uk/;https://en.wikipedia.org/wiki/Norwich_Airport
2476;EGSS;large_airport;London Stansted Airport;51.884998;0.235;348;EU;GB;GB-ENG;London;yes;EGSS;STN;;http://www.stanstedairport.com/;https://en.wikipedia.org/wiki/London_Stansted_Airport
2480;EGTC;medium_airport;Cranfield Airport;52.072201;-0.616667;360;EU;GB;GB-ENG;Cranfield;no;EGTC;;;http://www.cranfieldairport.co.uk/;https://en.wikipedia.org/wiki/Cranfield_Airport
2481;EGTE;medium_airport;Exeter International Airport;50.734261;-3.413984;102;EU;GB;GB-ENG;Exeter, Devon;yes;EGTE;EXT;;http://www.exeter-airport.co.uk/;https://en.wikipedia.org/wiki/Exeter_International_Airport
2483;EGTK;medium_airport;Oxford (Kidlington) Airport;51.8368988037;-1.32000005245;270;EU;GB;GB-ENG;Kidlington;no;EGTK;OXF;;http://www.oxfordairport.co.uk/;https://en.wikipedia.org/wiki/Oxford_Airport
2486;EGUB;medium_airport;RAF Benson;51.616401672399995;-1.09582996368;226;EU;GB;GB-ENG;Benson;no;EGUB;BEX;;;https://en.wikipedia.org/wiki/RAF_Benson
2487;EGUL;medium_airport;RAF Lakenheath;52.40954;0.561161;32;EU;GB;GB-ENG;Brandon, Suffolk;no;EGUL;LKZ;;http://www.lakenheath.af.mil/;https://en.wikipedia.org/wiki/RAF_Lakenheath
2488;EGUN;medium_airport;RAF Mildenhall;52.3619;0.486406;33;EU;GB;GB-ENG;Bury Saint Edmunds, Suffolk;no;EGUN;MHZ;;http://www.mildenhall.af.mil/;https://en.wikipedia.org/wiki/RAF_Mildenhall
2490;EGUW;medium_airport;Wattisham Airfield;52.127451;0.956189;284;EU;GB;GB-ENG;Ipswich, Suffolk;no;EGUW;;;;https://en.wikipedia.org/wiki/RAF_Wattisham
2492;EGVA;medium_airport;RAF Fairford;51.682201;-1.79003;286;EU;GB;GB-ENG;Fairford;no;EGVA;FFD;;;https://en.wikipedia.org/wiki/RAF_Fairford
2493;EGVN;medium_airport;RAF Brize Norton;51.75;-1.58362;288;EU;GB;GB-ENG;Carterton, Oxfordshire;no;EGVN;BZZ;;http://www.raf.mod.uk/rafbrizenorton/passengers/;https://en.wikipedia.org/wiki/RAF_Brize_Norton
2494;EGVO;medium_airport;RAF Odiham;51.2341003418;-0.94282501936;405;EU;GB;GB-ENG;Odiham;no;EGVO;ODH;;;https://en.wikipedia.org/wiki/RAF_Odiham
2495;EGWC;medium_airport;DCAE Cosford Air Base;52.639999;-2.30558;272;EU;GB;GB-ENG;Cosford;no;EGWC;;;http://www.raf.mod.uk/dcaecosford/;https://en.wikipedia.org/wiki/DCAE_Cosford
2496;EGWU;medium_airport;RAF Northolt;51.553001;-0.418167;124;EU;GB;GB-ENG;London;no;EGWU;NHT;;https://www.raf.mod.uk/our-organisation/stations/raf-northolt/;https://en.wikipedia.org/wiki/RAF_Northolt
2497;EGXC;medium_airport;RAF Coningsby;53.0929985046;-0.166014000773;25;EU;GB;GB-ENG;Coningsby;no;EGXC;QCY;;http://www.raf.mod.uk/rafconingsby;https://en.wikipedia.org/wiki/RAF_Coningsby
2499;EGXE;medium_airport;RAF Leeming Air Base;54.2924;-1.5354;132;EU;GB;GB-ENG;Leeming;no;EGXE;;;;https://en.wikipedia.org/wiki/RAF_Leeming
2500;EGXG;medium_airport;Leeds East Airport;53.834747;-1.194678;29;EU;GB;GB-ENG;Tadcaster, North Yorkshire;no;EGCM;;;http://www.leedseastairport.co.uk;https://en.wikipedia.org/wiki/Leeds_East_Airport
2501;EGXH;medium_airport;RAF Honington;52.342602;0.772939;174;EU;GB;GB-ENG;Bury Saint Edmunds, Suffolk;no;EGXH;BEQ;;;https://en.wikipedia.org/wiki/RAF_Honington
2503;EGXP;medium_airport;RAF Scampton;53.307800293;-0.550832986832;202;EU;GB;GB-ENG;Scampton;no;EGXP;SQZ;;;https://en.wikipedia.org/wiki/RAF_Scampton
2504;EGXT;medium_airport;RAF Wittering;52.612598;-0.476453;273;EU;GB;GB-ENG;Wittering;no;EGXT;;;http://www.raf.mod.uk/rafwittering/;https://en.wikipedia.org/wiki/RAF_Wittering
2506;EGXW;medium_airport;RAF Waddington;53.1661987305;-0.523810982704;231;EU;GB;GB-ENG;Waddington;no;EGXW;WTN;;http://www.raf.mod.uk/rafwaddington;https://en.wikipedia.org/wiki/RAF_Waddington
2508;EGXZ;medium_airport;RAF Topcliffe;54.205501556399994;-1.3820899725;92;EU;GB;GB-ENG;Topcliffe;no;EGXZ;;;;https://en.wikipedia.org/wiki/RAF_Topcliffe
2509;EGYD;medium_airport;RAF Cranwell;53.0303001404;-0.48324200511;218;EU;GB;GB-ENG;Cranwell;no;EGYD;;;http://www.raf.mod.uk/rafcranwell/;https://en.wikipedia.org/wiki/RAF_Cranwell
2510;EGYE;medium_airport;RAF Barkston Heath;52.962200164799995;-0.561625003815;367;EU;GB;GB-ENG;Grantham;no;EGYE;;;;https://en.wikipedia.org/wiki/RAF_Barkston_Heath
2511;EGYM;medium_airport;RAF Marham;52.648395;0.550692;75;EU;GB;GB-ENG;King's Lynn, Norfolk;no;EGYM;KNF;;http://www.raf.mod.uk/rafmarham/;https://en.wikipedia.org/wiki/RAF_Marham
2512;EGYP;medium_airport;Mount Pleasant Airport;-51.82279968261719;-58.447200775146484;244;SA;FK;FK-U-A;Mount Pleasant;yes;EGYP;MPN;;;https://en.wikipedia.org/wiki/RAF_Mount_Pleasant
2513;EHAM;large_airport;Amsterdam Airport Schiphol;52.308601;4.76389;-11;EU;NL;NL-NH;Amsterdam;yes;EHAM;AMS;;https://www.schiphol.nl/;https://en.wikipedia.org/wiki/Amsterdam_Airport_Schiphol
2514;EHBD;medium_airport;Kempen Airport Budel;51.255299;5.60139;114;EU;NL;NL-NB;Weert;no;EHBD;;;http://www.kempenairport.nl/;https://en.wikipedia.org/wiki/Kempen_Airport
2515;EHBK;medium_airport;Maastricht Aachen Airport;50.911701;5.77014;375;EU;NL;NL-LI;Maastricht;yes;EHBK;MST;;;https://en.wikipedia.org/wiki/Maastricht_Aachen_Airport
2516;EHDL;medium_airport;Deelen Air Base;52.0606;5.87306;158;EU;NL;NL-GE;Arnhem;no;EHDL;;;;https://en.wikipedia.org/wiki/Deelen_Air_Base
2518;EHEH;large_airport;Eindhoven Airport;51.4500999451;5.37452983856;74;EU;NL;NL-NB;Eindhoven;yes;EHEH;EIN;;http://www.eindhovenairport.nl/;https://en.wikipedia.org/wiki/Eindhoven_Airport
2519;EHGG;medium_airport;Groningen Airport Eelde;53.119701;6.57944;17;EU;NL;NL-DR;Groningen;yes;EHGG;GRQ;;;https://en.wikipedia.org/wiki/Groningen_Airport_Eelde
2520;EHGR;medium_airport;Gilze Rijen Air Base;51.567402;4.93183;49;EU;NL;NL-NB;Rijen;no;EHGR;GLZ;;http://www.defensie.nl/luchtmacht/luchtmachtbases/gilze-rijen/;https://en.wikipedia.org/wiki/Gilze-Rijen_Air_Base
2521;EHKD;medium_airport;De Kooy Airfield / Den Helder Naval Air Station;52.923401;4.78062;3;EU;NL;NL-NH;Den Helder;no;EHKD;DHR;;;https://en.wikipedia.org/wiki/De_Kooy_Airfield
2522;EHLE;medium_airport;Lelystad Airport;52.453188;5.514622;-13;EU;NL;NL-FL;Lelystad;no;EHLE;LEY;;https://www.lelystadairport.nl/;https://en.wikipedia.org/wiki/Lelystad_Airport
2523;EHLW;medium_airport;Leeuwarden Air Base;53.228599548339844;5.760560035705566;3;EU;NL;NL-FR;Leeuwarden;no;EHLW;LWR;;http://www.defensie.nl/luchtmacht/luchtmachtbases/leeuwarden/;https://en.wikipedia.org/wiki/Leeuwarden_Air_Base
2524;EHRD;medium_airport;Rotterdam The Hague Airport;51.956902;4.43722;-15;EU;NL;NL-ZH;Rotterdam;yes;EHRD;RTM;;https://www.rotterdamthehagueairport.nl/;https://en.wikipedia.org/wiki/Rotterdam_Airport
2526;EHTW;medium_airport;Twente Airport;52.275833;6.889167;114;EU;NL;NL-OV;Enschede;no;EHTW;ENS;;https://www.twente-airport.nl/;https://en.wikipedia.org/wiki/Enschede_Airport_Twente
2528;EHVK;medium_airport;Volkel Air Base;51.657222;5.707778;72;EU;NL;NL-NB;Uden;no;EHVK;UDE;;http://www.defensie.nl/luchtmacht/luchtmachtbases/volkel/;https://en.wikipedia.org/wiki/Volkel_Air_Base
2529;EHWO;medium_airport;Woensdrecht Air Base;51.4491;4.34203;63;EU;NL;NL-NB;Hoogerheide;no;EHWO;WOE;;http://www.defensie.nl/luchtmacht/luchtmachtbases/woensdrecht/;https://en.wikipedia.org/wiki/Woensdrecht_Air_Base
2530;EICK;medium_airport;Cork Airport;51.841301;-8.49111;502;EU;IE;IE-C;Cork;yes;EICK;ORK;;http://www.corkairport.com/;https://en.wikipedia.org/wiki/Cork_Airport
2531;EICM;medium_airport;Galway Airport;53.300201416015625;-8.941590309143066;81;EU;IE;IE-G;Galway;yes;EICM;GWY;;http://www.galwayairport.com/;https://en.wikipedia.org/wiki/Galway_Airport
2532;EIDL;medium_airport;Donegal Airport;55.0442008972168;-8.340999603271484;30;EU;IE;IE-DL;Donegal;yes;EIDL;CFN;;http://www.donegalairport.ie/;https://en.wikipedia.org/wiki/Donegal_Airport
2533;EIDW;large_airport;Dublin Airport;53.428713;-6.262121;242;EU;IE;IE-D;Dublin;yes;EIDW;DUB;;http://www.dublinairport.com/;https://en.wikipedia.org/wiki/Dublin_Airport
2534;EIKN;medium_airport;Ireland West Knock Airport;53.910301;-8.81849;665;EU;IE;IE-MO;Charlestown;yes;EIKN;NOC;;http://www.irelandwestairport.com/;https://en.wikipedia.org/wiki/Ireland_West_Airport_Knock
2535;EIKY;medium_airport;Kerry Airport;52.180901;-9.52378;112;EU;IE;IE-KY;Killarney;yes;EIKY;KIR;;http://www.kerryairport.ie/;https://en.wikipedia.org/wiki/Kerry_Airport
2536;EIME;medium_airport;Casement Air Base;53.301700592;-6.451330184940001;319;EU;IE;IE-D;Baldonnel;no;EIME;;;;https://en.wikipedia.org/wiki/Casement_Aerodrome
2537;EINN;large_airport;Shannon Airport;52.702;-8.92482;46;EU;IE;IE-CE;Shannon;yes;EINN;SNN;;http://www.shannonairport.com/;https://en.wikipedia.org/wiki/Shannon_Airport
2538;EISG;medium_airport;Sligo Airport;54.280200958252;-8.5992097854614;11;EU;IE;IE-SO;Sligo;no;EISG;SXL;;http://www.sligoairport.com/;https://en.wikipedia.org/wiki/Sligo_Airport
2539;EIWF;medium_airport;Waterford Airport;52.187199;-7.08696;119;EU;IE;IE-WD;Waterford;no;EIWF;WAT;;http://flywaterford.com/;https://en.wikipedia.org/wiki/Waterford_Airport
27310;EIWT;medium_airport;Weston Airfield;53.3522;-6.48611;150;EU;IE;IE-KE;Leixlip;no;EIWT;;;http://www.westonairport.com/;https://en.wikipedia.org/wiki/Weston_Airport
2540;EKAH;medium_airport;Aarhus Airport;56.303331;10.618286;82;EU;DK;DK-82;Aarhus;yes;EKAH;AAR;;http://www.aar.dk/default.asp?id=87;https://en.wikipedia.org/wiki/Aarhus_Airport
2541;EKBI;large_airport;Billund Airport;55.740335;9.157019;247;EU;DK;DK-83;Billund;yes;EKBI;BLL;;http://www.billund-airport.dk/?sc_lang=en;https://en.wikipedia.org/wiki/Billund_Airport
2542;EKCH;large_airport;Copenhagen Kastrup Airport;55.617900848389;12.656000137329;17;EU;DK;DK-84;Copenhagen;yes;EKCH;CPH;;http://www.cph.dk/en/;https://en.wikipedia.org/wiki/Copenhagen_Airport
2543;EKEB;medium_airport;Esbjerg Airport;55.525902;8.5534;97;EU;DK;DK-83;Esbjerg;yes;EKEB;EBJ;;http://www.esbjerg-lufthavn.dk/en/;https://en.wikipedia.org/wiki/Esbjerg_Airport
2546;EKKA;medium_airport;Midtjyllands Airport / Air Base Karup;56.297139;9.104311;170;EU;DK;DK-82;Karup;yes;EKKA;KRP;;;https://en.wikipedia.org/wiki/Midtjyllands_Airport
2548;EKMB;medium_airport;Lolland Falster Maribo Airport;54.699447;11.438163;16;EU;DK;DK-85;Rødby;no;EKMB;MRW;;http://www.lollandfalsterairport.dk/;https://en.wikipedia.org/wiki/Lolland_Falster_Airport
2549;EKOD;medium_airport;Odense Hans Christian Andersen Airport;55.475307;10.327206;56;EU;DK;DK-83;Odense;yes;EKOD;ODE;;;https://en.wikipedia.org/wiki/Hans_Christian_Andersen_Airport
2551;EKRK;medium_airport;Copenhagen Roskilde Airport;55.585602;12.1314;146;EU;DK;DK-85;Roskilde;yes;EKRK;RKE;;;https://en.wikipedia.org/wiki/Roskilde_Airport
2552;EKRN;medium_airport;Bornholm Airport;55.063301;14.7596;52;EU;DK;DK-84;Rønne;yes;EKRN;RNN;;http://www.bornholms-lufthavn.dk/en/;https://en.wikipedia.org/wiki/Bornholm_Airport
2553;EKSB;medium_airport;Sønderborg Airport;54.96440124511719;9.791729927062988;24;EU;DK;DK-83;Sønderborg;yes;EKSB;SGD;;;https://en.wikipedia.org/wiki/S%C3%B8nderborg_Airport
2554;EKSN;medium_airport;Sindal Airport;57.503502;10.2294;92;EU;DK;DK-81;Sindal;yes;EKSN;CNL;;http://www.eksn.dk/;https://en.wikipedia.org/wiki/Sindal_Airport
2555;EKSP;medium_airport;Skrydstrup Air Base;55.221048;9.26702;141;EU;DK;DK-83;Vojens;no;EKSP;SKS;;;https://en.wikipedia.org/wiki/Fighter_Wing_Skrydstrup
2556;EKSV;medium_airport;Skive Airport;56.550201;9.17298;74;EU;DK;DK-82;Skive;no;EKSV;SQW;;;https://en.wikipedia.org/wiki/Skive_Airport
2557;EKTS;medium_airport;Thisted Airport;57.06880187988281;8.705220222473145;23;EU;DK;DK-81;Thisted;no;EKTS;TED;;;https://en.wikipedia.org/wiki/Thisted_Airport
2558;EKVD;medium_airport;Kolding Vamdrup Airfield;55.436298;9.33092;143;EU;DK;DK-83;Kolding / Vamdrup;no;EKVD;;;;https://da.wikipedia.org/wiki/Kolding_Lufthavn
2559;EKVG;medium_airport;Vágar Airport;62.063256;-7.275782;280;EU;FO;FO-U-A;Vágar;yes;EKVG;FAE;;http://www.floghavn.fo/;https://en.wikipedia.org/wiki/V%C3%A1gar_Airport
2561;EKVJ;medium_airport;Stauning Vestjylland  Airport;55.990101;8.35391;17;EU;DK;DK-82;Skjern;no;EKVJ;STA;;;https://en.wikipedia.org/wiki/Stauning_Vestjylland_Airport
2562;EKYT;medium_airport;Aalborg Airport;57.094763;9.84993;10;EU;DK;DK-81;Aalborg;yes;EKYT;AAL;;http://www.aal.dk;https://en.wikipedia.org/wiki/Aalborg_Airport
2563;ELLX;large_airport;Luxembourg-Findel International Airport;49.6233333;6.2044444;1234;EU;LU;LU-L;Luxembourg;yes;ELLX;LUX;;http://www.lux-airport.lu/en/;https://en.wikipedia.org/wiki/Luxembourg-Findel_International_Airport
2564;ENAL;medium_airport;Ålesund Airport, Vigra;62.5625;6.1197;69;EU;NO;NO-15;Ålesund;yes;ENAL;AES;;http://www.avinor.no/lufthavn/alesund;https://en.wikipedia.org/wiki/%C3%85lesund_Airport%2C_Vigra
2565;ENAN;medium_airport;Andøya Airport, Andenes;69.292503;16.144199;43;EU;NO;NO-18;Andenes;yes;ENAN;ANX;;https://avinor.no/en/airport/andoya-airport/;https://en.wikipedia.org/wiki/And%C3%B8ya_Airport%2C_Andenes
2566;ENAT;medium_airport;Alta Airport;69.976097;23.3717;9;EU;NO;NO-56;Alta;yes;ENAT;ALF;;https://avinor.no/en/airport/alta-airport/;https://en.wikipedia.org/wiki/Alta_Airport
2568;ENBN;medium_airport;Brønnøysund Airport, Brønnøy;65.461098;12.2175;25;EU;NO;NO-18;Brønnøy;yes;ENBN;BNN;;https://avinor.no/en/airport/bronnoysund-airport/;https://en.wikipedia.org/wiki/Br%C3%B8nn%C3%B8ysund_Airport%2C_Br%C3%B8nn%C3%B8y
2569;ENBO;medium_airport;Bodø Airport;67.269203;14.3653;42;EU;NO;NO-18;Bodø;yes;ENBO;BOO;;http://www.avinor.no/en/airport/bodo/frontpage;https://en.wikipedia.org/wiki/Bod%C3%B8_Airport
2570;ENBR;large_airport;Bergen Airport, Flesland;60.2934;5.21814;170;EU;NO;NO-46;Bergen;yes;ENBR;BGO;;http://www.avinor.no/en/airport/bergen;https://en.wikipedia.org/wiki/Bergen_Airport%2C_Flesland
2571;ENBS;medium_airport;Båtsfjord Airport;70.60025;29.692612;490;EU;NO;NO-56;Båtsfjord;yes;ENBS;BJF;;https://avinor.no/en/airport/batsfjord-airport/;https://en.wikipedia.org/wiki/B%C3%A5tsfjord_Airport
29255;ENBV;medium_airport;Berlevåg Airport;70.871517;29.034097;42;EU;NO;NO-56;Berlevåg;yes;ENBV;BVG;;https://avinor.no/en/airport/berlevag-airport/;https://en.wikipedia.org/wiki/Berlev%C3%A5g_Airport
2572;ENCN;medium_airport;Kristiansand Airport, Kjevik;58.204201;8.08537;57;EU;NO;NO-42;Kjevik;yes;ENCN;KRS;;http://www.avinor.no/en/airport/kristiansand;https://en.wikipedia.org/wiki/Kristiansand_Airport%2C_Kjevik
2574;ENDU;medium_airport;Bardufoss Airport;69.055801;18.5404;252;EU;NO;NO-55;Målselv;yes;ENDU;BDU;;https://avinor.no/en/airport/bardufoss-airport/;https://en.wikipedia.org/wiki/Bardufoss_Airport
2575;ENEV;medium_airport;Harstad/Narvik Airport, Evenes;68.491302490234;16.678100585938;84;EU;NO;NO-18;Evenes;yes;ENEV;EVE;;https://avinor.no/en/airport/harstadnarvik-airport/;https://en.wikipedia.org/wiki/Harstad/Narvik_Airport%2C_Evenes
2576;ENFG;medium_airport;Fagernes Airport, Leirin;61.015598;9.28806;2697;EU;NO;NO-34;Fagernes;no;ENFG;VDB;;https://avinor.no/en/airport/fagernes-airport/;https://en.wikipedia.org/wiki/Fagernes_Airport%2C_Leirin
2577;ENFL;medium_airport;Florø Airport;61.583599090576;5.0247201919556;37;EU;NO;NO-46;Florø;yes;ENFL;FRO;;https://avinor.no/en/airport/floro-airport/;https://en.wikipedia.org/wiki/Flor%C3%B8_Airport
2578;ENGM;large_airport;Oslo Airport, Gardermoen;60.193901;11.1004;681;EU;NO;NO-32;Oslo;yes;ENGM;OSL;;https://avinor.no/en/airport/oslo-airport;https://en.wikipedia.org/wiki/Oslo_Airport,_Gardermoen
2579;ENHD;medium_airport;Haugesund Airport, Karmøy;59.345299;5.20836;86;EU;NO;NO-11;Karmøy;yes;ENHD;HAU;;https://flyhau.no/;https://en.wikipedia.org/wiki/Haugesund_Airport%2C_Karm%C3%B8y
28115;ENHF;medium_airport;Hammerfest Airport;70.679703;23.6686;266;EU;NO;NO-56;Hammerfest;yes;ENHF;HFT;;https://avinor.no/en/airport/hammerfest-airport/;https://en.wikipedia.org/wiki/Hammerfest_Airport
29261;ENHV;medium_airport;Honningsvåg Airport, Valan;71.009697;25.983601;44;EU;NO;NO-56;Honningsvåg;yes;ENHV;HVG;;https://avinor.no/en/airport/honningsvag-airport/;https://en.wikipedia.org/wiki/Valan_Airport
2581;ENKB;medium_airport;Kristiansund Airport, Kvernberget;63.111801;7.82452;204;EU;NO;NO-15;Kvernberget;yes;ENKB;KSU;;https://avinor.no/en/airport/kristiansund-airport/;https://en.wikipedia.org/wiki/Kristiansund_Airport%2C_Kvernberget
2583;ENKR;medium_airport;Kirkenes Airport, Høybuktmoen;69.7258;29.8913;283;EU;NO;NO-56;Kirkenes;yes;ENKR;KKN;;https://avinor.no/en/airport/kirkenes-airport/;https://en.wikipedia.org/wiki/Kirkenes_Airport%2C_H%C3%B8ybuktmoen
29264;ENLK;medium_airport;Leknes Airport;68.152496337891;13.609399795532;78;EU;NO;NO-18;Leknes;yes;ENLK;LKN;;https://avinor.no/en/airport/leknes-airport/;https://en.wikipedia.org/wiki/Leknes_Airport
29265;ENMH;medium_airport;Mehamn Airport;71.029701;27.8267;39;EU;NO;NO-56;Mehamn;yes;ENMH;MEH;;https://avinor.no/en/airport/mehamn-airport/;https://en.wikipedia.org/wiki/Mehamn_Airport
2585;ENML;medium_airport;Molde Airport, Årø;62.744701;7.2625;10;EU;NO;NO-15;Årø;yes;ENML;MOL;;https://avinor.no/en/airport/molde-airport/;https://en.wikipedia.org/wiki/Molde_Airport%2C_%C3%85r%C3%B8
2586;ENMS;medium_airport;Mosjøen Airport, Kjærstad;65.783997;13.2149;237;EU;NO;NO-18;Mosjøen;yes;ENMS;MJF;;https://avinor.no/en/airport/mosjoen-airport/;https://en.wikipedia.org/wiki/Mosj%C3%B8en_Airport%2C_Kj%C3%A6rstad
2587;ENNA;medium_airport;Lakselv Airport, Banak;70.068802;24.973499;25;EU;NO;NO-56;Lakselv;yes;ENNA;LKL;;https://avinor.no/en/airport/lakselv-airport/;https://en.wikipedia.org/wiki/Lakselv_Airport%2C_Banak
2588;ENNO;medium_airport;Notodden Airport;59.565071;9.213152;63;EU;NO;NO-40;Notodden;no;ENNO;NTB;;http://www.notodden-flyplass.no/;https://en.wikipedia.org/wiki/Notodden_Airport%2C_Tuven
2589;ENOL;medium_airport;Ørland Airport;63.69889831542969;9.604000091552734;28;EU;NO;NO-50;Ørland;yes;ENOL;OLA;;;https://en.wikipedia.org/wiki/Brekstad_Airport%2C_%C3%98rland
28114;ENOV;medium_airport;Ørsta-Volda Airport, Hovden;62.180000305176;6.0741000175476;243;EU;NO;NO-15;Ørsta;yes;ENOV;HOV;;https://avinor.no/en/airport/orsta-volda-airport/;https://en.wikipedia.org/wiki/%C3%98rsta-Volda_Airport%2C_Hovden
29277;ENRA;medium_airport;Mo i Rana Airport, Røssvoll;66.363899230957;14.301400184631;229;EU;NO;NO-18;Mo i Rana;yes;ENRA;MQN;;https://avinor.no/en/airport/mo-i-rana-airport/;https://en.wikipedia.org/wiki/Mo_i_Rana_Airport%2C_R%C3%B8ssvoll
29278;ENRM;medium_airport;Rørvik Airport, Ryum;64.838302612305;11.14610004425;14;EU;NO;NO-50;Rørvik;yes;ENRM;RVK;;https://avinor.no/en/airport/rorvik-airport/;https://en.wikipedia.org/wiki/R%C3%B8rvik_Airport%2C_Ryum
2591;ENRO;medium_airport;Røros Airport;62.578399658203;11.342300415039;2054;EU;NO;NO-50;Røros;yes;ENRO;RRS;;https://avinor.no/en/airport/roros-airport/;https://en.wikipedia.org/wiki/R%C3%B8ros_Airport
2592;ENRY;medium_airport;Moss Airport, Rygge;59.378817;10.785439;174;EU;NO;NO-31;Oslo;no;ENRY;RYG;;http://www.en.ryg.no/;https://en.wikipedia.org/wiki/Moss_Airport%2C_Rygge
2593;ENSB;medium_airport;Svalbard Airport, Longyear;78.246101379395;15.465600013733;88;EU;NO;NO-21;Longyearbyen;yes;ENSB;LYR;;https://avinor.no/en/airport/svalbard-airport/;https://en.wikipedia.org/wiki/Svalbard_Airport%2C_Longyear
29281;ENSH;medium_airport;Svolvær Airport, Helle;68.243301;14.6692;27;EU;NO;NO-18;Svolvær;yes;ENSH;SVJ;;https://avinor.no/en/airport/svolvar-airport/;https://en.wikipedia.org/wiki/Svolv%C3%A6r_Airport%2C_Helle
29282;ENSK;medium_airport;Stokmarknes Airport, Skagen;68.578827;15.033417;11;EU;NO;NO-18;Hadsel;yes;ENSK;SKN;;https://avinor.no/en/airport/stokmarknes-airport/;https://en.wikipedia.org/wiki/Stokmarknes_Airport%2C_Skagen
2594;ENSN;medium_airport;Skien Airport;59.185001;9.56694;463;EU;NO;NO-40;Geiteryggen;no;ENSN;SKE;;;https://en.wikipedia.org/wiki/Skien_Airport%2C_Geiteryggen
2595;ENSO;medium_airport;Stord Airport, Sørstokken;59.791901;5.34085;160;EU;NO;NO-46;Leirvik;yes;ENSO;SRP;;;https://en.wikipedia.org/wiki/Stord_Airport%2C_S%C3%B8rstokken
2596;ENSR;medium_airport;Sørkjosen Airport;69.786797;20.9594;16;EU;NO;NO-55;Sørkjosen;yes;ENSR;SOJ;;https://avinor.no/en/airport/sorkjosen-airport/;https://en.wikipedia.org/wiki/S%C3%B8rkjosen_Airport
2597;ENSS;medium_airport;Vardø Airport, Svartnes;70.3554;31.044901;42;EU;NO;NO-56;Vardø;yes;ENSS;VAW;;https://avinor.no/en/airport/vardo-airport/;https://en.wikipedia.org/wiki/Vard%C3%B8_Airport%2C_Svartnes
2598;ENST;medium_airport;Sandnessjøen Airport, Stokka;65.956802;12.4689;56;EU;NO;NO-18;Alstahaug;yes;ENST;SSJ;;https://avinor.no/en/airport/sandnessjoen-airport/;https://en.wikipedia.org/wiki/Sandnessj%C3%B8en_Airport%2C_Stokka
2599;ENTC;large_airport;Tromsø Airport, Langnes;69.683296;18.9189;31;EU;NO;NO-55;Tromsø;yes;ENTC;TOS;;http://www.avinor.no/en/airport/tromso;https://en.wikipedia.org/wiki/Troms%C3%B8_Airport
2600;ENTO;medium_airport;Sandefjord Airport, Torp;59.186699;10.2586;286;EU;NO;NO-39;Torp;yes;ENTO;TRF;;https://torp.no/en/welcome-to-torp-sandefjord-airport/;https://en.wikipedia.org/wiki/Sandefjord_Airport%2C_Torp
2601;ENVA;large_airport;Trondheim Airport, Værnes;63.457802;10.924;56;EU;NO;NO-50;Trondheim;yes;ENVA;TRD;;https://avinor.no/en/airport/trondheim-airport/;https://en.wikipedia.org/wiki/Trondheim_Airport%2C_V%C3%A6rnes
29284;ENVD;medium_airport;Vadsø Airport;70.0653;29.8447;127;EU;NO;NO-56;Vadsø;yes;ENVD;VDS;;https://avinor.no/en/airport/vadso-airport/;https://en.wikipedia.org/wiki/Vads%C3%B8_Airport
2602;ENZV;large_airport;Stavanger Airport, Sola;58.876701;5.63778;29;EU;NO;NO-11;Stavanger;yes;ENZV;SVG;;http://www.avinor.no/en/airport/stavanger/;https://en.wikipedia.org/wiki/Stavanger_Airport,_Sola
2604;EPBY;medium_airport;Bydgoszcz Ignacy Jan Paderewski Airport;53.096802;17.977699;235;EU;PL;PL-KP;Białe Błota;yes;EPBY;BZG;;http://www.plb.pl/;https://en.wikipedia.org/wiki/Bydgoszcz_Ignacy_Jan_Paderewski_Airport
2605;EPCE;medium_airport;Cewice Naval Air Base;54.417664;17.773512;495;EU;PL;PL-PM;Siemirowice;no;EPCE;;;;
2607;EPDE;medium_airport;Deblin Military Air Base;51.551399231;21.8936004639;392;EU;PL;PL-LU;Dęblin;no;EPDE;;;;
2608;EPGD;large_airport;Gdańsk Lech Wałęsa Airport;54.377602;18.4662;489;EU;PL;PL-PM;Gdańsk;yes;EPGD;GDN;;http://www.airport.gdansk.pl/;https://en.wikipedia.org/wiki/Gda%C5%84sk_Lech_Wa%C5%82%C4%99sa_Airport
29975;EPIR;medium_airport;Inowroclaw Military Air Base;52.8293991089;18.3306007385;259;EU;PL;PL-KP;;no;EPIR;;;;
2609;EPKK;large_airport;Kraków John Paul II International Airport;50.077702;19.7848;791;EU;PL;PL-MA;Balice;yes;EPKK;KRK;;http://www.krakowairport.pl/en/;https://en.wikipedia.org/wiki/Kraków_John_Paul_II_International_Airport
2612;EPKS;medium_airport;Krzesiny Military Air Base;52.331699;16.9664;265;EU;PL;PL-WP;Poznań;no;EPKS;;;;https://en.wikipedia.org/wiki/31st_Tactical_Air_Base
2613;EPKT;medium_airport;Katowice Wojciech Korfanty International Airport;50.476015;19.080705;995;EU;PL;PL-SL;Ożarowice;yes;EPKT;KTW;;http://katowice.airport.com;https://en.wikipedia.org/wiki/Katowice_International_Airport
309484;EPLB;medium_airport;Lublin Airport;51.240278;22.713611;633;EU;PL;PL-LU;Lublin;yes;EPLB;LUZ;;;https://en.wikipedia.org/wiki/Lublin_Airport
2615;EPLK;medium_airport;Łask Air Base;51.551701;19.1791;633;EU;PL;PL-LD;Łask;no;EPLK;;;;https://pl.wikipedia.org/wiki/Lotnisko_%C5%81ask
2616;EPLL;medium_airport;Łódź Władysław Reymont Airport;51.721901;19.3981;604;EU;PL;PL-LD;Łódź;yes;EPLL;LCJ;;https://www.lodz-airport.pl/en;https://en.wikipedia.org/wiki/%C5%81%C3%B3d%C5%BA_W%C5%82adys%C5%82aw_Reymont_Airport
31015;EPLY;medium_airport;Leźnica Wielka Air Base;52.004945;19.143792;377;EU;PL;PL-LD;Leźnica Wielka;no;EPLY;;;;
2618;EPMB;medium_airport;Malbork Królewo Air Base;54.026598;19.135718;16;EU;PL;PL-PM;Królewo;no;EPMB;;;;https://en.wikipedia.org/wiki/22nd_Air_Base
2619;EPMI;medium_airport;Miroslawiec Military Air Base;53.3951;16.0828;459;EU;PL;PL-ZP;Mirosławiec;no;EPMI;;;http://www.12blot.pl/;https://en.wikipedia.org/wiki/12th_Air_Base
2621;EPMM;medium_airport;Minsk Mazowiecki Military Air Base;52.1954994202;21.6558990479;604;EU;PL;PL-MZ;;no;EPMM;;;;
2622;EPMO;medium_airport;Modlin Airport;52.451099;20.6518;341;EU;PL;PL-MZ;Nowy Dwór Mazowiecki;yes;EPMO;WMI;;http://modlinairport.pl/;https://en.wikipedia.org/wiki/Warsaw_Modlin_Airport
2625;EPPO;medium_airport;Poznań-Ławica Airport;52.421598;16.823359;308;EU;PL;PL-WP;Poznań;yes;EPPO;POZ;;http://www.airport-poznan.com.pl/en/;https://en.wikipedia.org/wiki/Pozna%C5%84-%C5%81awica_Airport
2627;EPPW;medium_airport;Powidz Military Air Base;52.380087;17.853155;371;EU;PL;PL-WP;Powidz;no;EPPW;;;;
2628;EPRA;medium_airport;Warsaw Radom Airport;51.38937;21.214742;610;EU;PL;PL-MZ;Radom;yes;EPRA;RDO;;http://lotnisko-radom.eu/pl/;https://en.wikipedia.org/wiki/Warsaw_Radom_Airport
2629;EPRZ;medium_airport;Rzeszów-Jasionka Airport;50.109791;22.024155;693;EU;PL;PL-PK;Jasionka;yes;EPRZ;RZE;;https://www.rzeszowairport.pl;https://en.wikipedia.org/wiki/Rzesz%C3%B3w-Jasionka_Airport
2630;EPSC;medium_airport;Solidarity Szczecin–Goleniów Airport;53.584702;14.9022;154;EU;PL;PL-ZP;Glewice;yes;EPSC;SZZ;;http://www.airport.com.pl/en/index.php;https://en.wikipedia.org/wiki/Szczecin-Goleni%C3%B3w_%22Solidarno%C5%9B%C4%87%22_Airport
2633;EPSN;medium_airport;Swidwin Military Air Base;53.790599823;15.826299667399999;385;EU;PL;PL-ZP;;no;EPSN;;;;
2635;EPSY;medium_airport;Olsztyn-Mazury Airport;53.481899;20.9377;463;EU;PL;PL-WN;Olsztyn;yes;EPSY;SZY;;http://mazuryairport.pl/;https://en.wikipedia.org/wiki/Olsztyn-Mazury_Airport
31016;EPTM;medium_airport;Tomaszów Mazowiecki Military Air Base;51.5844;20.097799;571;EU;PL;PL-LD;Nowy Glinnik;no;EPTM;;;;
2637;EPWA;large_airport;Warsaw Chopin Airport;52.165699;20.9671;362;EU;PL;PL-MZ;Warsaw;yes;EPWA;WAW;;http://www.lotnisko-chopina.pl/?lang=en;https://en.wikipedia.org/wiki/Warsaw_Frederic_Chopin_Airport
2638;EPWR;medium_airport;Copernicus Wrocław Airport;51.103719;16.882096;404;EU;PL;PL-DS;Wrocław;yes;EPWR;WRO;;http://www.airport.wroclaw.pl/en/index.php;https://en.wikipedia.org/wiki/Copernicus_Airport_Wroc%C5%82aw
2639;EPZG;medium_airport;Zielona Góra-Babimost Airport;52.1385;15.7986;194;EU;PL;PL-LB;Nowe Kramsko;yes;EPZG;IEG;;http://www.lotnisko.zielonagora.pl/;https://en.wikipedia.org/wiki/Zielona_G%C3%B3ra_Airport
2643;ESCF;medium_airport;Malmen Air Base;58.402302;15.5257;308;EU;SE;SE-E;Linköping;no;ESCF;;;;https://en.wikipedia.org/wiki/Malmen_Airbase
2646;ESDF;medium_airport;Ronneby Airport;56.266701;15.265;191;EU;SE;SE-K;Ronneby;yes;ESDF;RNB;;https://www.swedavia.com/ronneby/;https://en.wikipedia.org/wiki/Ronneby_Airport
2647;ESFR;medium_airport;Råda Air Base;58.4981;13.0532;230;EU;SE;SE-Q;Råda;no;ESFR;;;;https://sv.wikipedia.org/wiki/R%C3%A5da_flygbas
2648;ESGG;large_airport;Göteborg Landvetter Airport;57.6628;12.2798;506;EU;SE;SE-Q;Göteborg;yes;ESGG;GOT;;https://www.swedavia.com/landvetter/;https://en.wikipedia.org/wiki/G%C3%B6teborg_Landvetter_Airport
2649;ESGJ;medium_airport;Jönköping Airport;57.757598876953125;14.068699836730957;741;EU;SE;SE-F;Jönköping;yes;ESGJ;JKG;;http://www.lfv.se/templates/LFV_AirportStartPage____1672.aspx;https://en.wikipedia.org/wiki/J%C3%B6nk%C3%B6ping_Airport
2652;ESGP;medium_airport;Säve Airport;57.7747;11.8704;59;EU;SE;SE-Q;Göteborg;no;ESGP;GSE;;https://www.saveflygplats.com/;https://en.wikipedia.org/wiki/S%C3%A4ve_Airport
2653;ESGR;medium_airport;Skövde Airport;58.456402;13.9727;324;EU;SE;SE-Q;Skövde;no;ESGR;KVB;;;https://en.wikipedia.org/wiki/Sk%C3%B6vde_Airport
2654;ESGT;medium_airport;Trollhättan-Vänersborg Airport;58.31809997558594;12.345000267028809;137;EU;SE;SE-Q;Trollhättan;yes;ESGT;THN;;;https://en.wikipedia.org/wiki/Trollh%C3%A4ttan-V%C3%A4nersborg_Airport
2656;ESIB;medium_airport;Såtenäs Air Base;58.426399;12.7144;181;EU;SE;SE-Q;Såtenäs;no;ESIB;;;;https://sv.wikipedia.org/wiki/Lidk%C3%B6ping-S%C3%A5ten%C3%A4s_flygplats
2658;ESKK;medium_airport;Karlskoga Airport;59.345901;14.4959;407;EU;SE;SE-T;;no;ESKK;KSK;;https://karlskoga-airport.se/;https://en.wikipedia.org/wiki/Karlskoga_Airport
2659;ESKM;medium_airport;Mora Airport;60.957901;14.5114;634;EU;SE;SE-W;Mora;yes;ESKM;MXX;;;https://en.wikipedia.org/wiki/Mora-Siljan_Airport
2660;ESKN;medium_airport;Stockholm Skavsta Airport;58.788601;16.912201;140;EU;SE;SE-D;Nyköping;yes;ESKN;NYO;;;https://en.wikipedia.org/wiki/Stockholm-Skavsta_Airport
316498;ESKS;medium_airport;Scandinavian Mountains Airport;61.158393;12.842503;1608;EU;SE;SE-W;Malung-Sälen;yes;ESKS;SCR;;https://scandinavianmountains.se/en/home/;https://en.wikipedia.org/wiki/Scandinavian_Mountains_Airport
2664;ESMK;medium_airport;Kristianstad Airport;55.9217;14.0855;76;EU;SE;SE-M;Kristianstad;yes;ESMK;KID;;https://kidairport.com;https://en.wikipedia.org/wiki/Kristianstad_Airport
2668;ESMQ;medium_airport;Kalmar Airport;56.685501;16.2876;17;EU;SE;SE-H;Kalmar;yes;ESMQ;KLR;;;https://en.wikipedia.org/wiki/Kalmar_Airport
2669;ESMS;medium_airport;Malmö Sturup Airport;55.535564;13.376327;236;EU;SE;SE-M;Malmö;yes;ESMS;MMX;;http://www.swedavia.com/malmo/;https://en.wikipedia.org/wiki/Malm%C3%B6_Airport
2670;ESMT;medium_airport;Halmstad Airport;56.69110107421875;12.820199966430664;101;EU;SE;SE-N;Halmstad;yes;ESMT;HAD;;;https://en.wikipedia.org/wiki/Halmstad_Airport
2672;ESMX;medium_airport;Växjö Kronoberg Airport;56.929100036621094;14.727999687194824;610;EU;SE;SE-G;Växjö;yes;ESMX;VXO;;;https://en.wikipedia.org/wiki/V%C3%A4xj%C3%B6_Airport
2676;ESNG;medium_airport;Gällivare Airport;67.13240051269531;20.814599990844727;1027;EU;SE;SE-BD;Gällivare;yes;ESNG;GEV;;;https://en.wikipedia.org/wiki/G%C3%A4llivare_Airport
2679;ESNK;medium_airport;Kramfors-Sollefteå Höga Kusten Airport;63.048599;17.7689;34;EU;SE;SE-Y;Nyland;yes;ESNK;KRF;;;https://en.wikipedia.org/wiki/Kramfors_Airport
2680;ESNL;medium_airport;Lycksele Airport;64.548302;18.7162;705;EU;SE;SE-AC;Lycksele;yes;ESNL;LYC;;;https://en.wikipedia.org/wiki/Lycksele_Airport
2682;ESNN;medium_airport;Sundsvall-Härnösand Airport;62.528099060058594;17.443899154663086;16;EU;SE;SE-Y;Sundsvall/ Härnösand;yes;ESNN;SDL;;;https://en.wikipedia.org/wiki/Sundsvall-H%C3%A4rn%C3%B6sand_Airport
2683;ESNO;medium_airport;Örnsköldsvik Airport;63.40829849243164;18.989999771118164;354;EU;SE;SE-Y;Örnsköldsvik;yes;ESNO;OER;;;https://en.wikipedia.org/wiki/%C3%96rnsk%C3%B6ldsvik_Airport
2685;ESNQ;medium_airport;Kiruna Airport;67.821998596191;20.336799621582;1508;EU;SE;SE-BD;Kiruna;yes;ESNQ;KRN;;https://www.swedavia.com/kiruna/;https://en.wikipedia.org/wiki/Kiruna_Airport
2687;ESNS;medium_airport;Skellefteå Airport;64.62480163574219;21.076900482177734;157;EU;SE;SE-AC;Skellefteå;yes;ESNS;SFT;;;https://en.wikipedia.org/wiki/Skellefte%C3%A5_Airport
2689;ESNU;medium_airport;Umeå Airport;63.791801452637;20.282800674438;24;EU;SE;SE-AC;Umeå;yes;ESNU;UME;;https://www.swedavia.com/umea/;https://en.wikipedia.org/wiki/Ume%C3%A5_Airport
2690;ESNV;medium_airport;Vilhelmina South Lapland Airport;64.579102;16.833599;1140;EU;SE;SE-AC;Vilhelmina;yes;ESNV;VHM;;;https://en.wikipedia.org/wiki/Vilhelmina_Airport
2691;ESNX;medium_airport;Arvidsjaur Airport;65.59030151367188;19.28190040588379;1245;EU;SE;SE-BD;Arvidsjaur;yes;ESNX;AJR;;;https://en.wikipedia.org/wiki/Arvidsjaur_Airport
2692;ESNY;medium_airport;Söderhamn Airport;61.261501;17.0991;88;EU;SE;SE-X;Söderhamn;no;ESNY;SOO;;http://www.flygstaden.se/flygf-ltet;https://en.wikipedia.org/wiki/S%C3%B6derhamn_Airport
29358;ESNZ;medium_airport;Åre Östersund Airport;63.194135;14.500322;1233;EU;SE;SE-Z;Östersund;yes;ESNZ;OSD;;https://www.swedavia.com/ostersund/;https://en.wikipedia.org/wiki/%C3%85re_%C3%96stersund_Airport
2693;ESOE;medium_airport;Örebro Airport;59.22370147705078;15.038000106811523;188;EU;SE;SE-T;Örebro;yes;ESOE;ORB;;;https://en.wikipedia.org/wiki/%C3%96rebro_Airport
2695;ESOK;medium_airport;Karlstad Airport;59.444698;13.3374;352;EU;SE;SE-S;Karlstad;yes;ESOK;KSD;;https://www.ksdarprt.se/;https://en.wikipedia.org/wiki/Karlstad_Airport
2696;ESOW;medium_airport;Stockholm Västerås Airport;59.58940124511719;16.63360023498535;21;EU;SE;SE-U;Stockholm / Västerås;yes;ESOW;VST;;;https://en.wikipedia.org/wiki/Stockholm-V%C3%A4ster%C3%A5s_Airport
2697;ESPA;medium_airport;Luleå Airport;65.5438;22.122;65;EU;SE;SE-BD;Luleå;yes;ESPA;LLA;;https://www.swedavia.com/lulea/;https://en.wikipedia.org/wiki/Lule%C3%A5_Airport
2701;ESSA;large_airport;Stockholm-Arlanda Airport;59.64849;17.928829;137;EU;SE;SE-AB;Stockholm;yes;ESSA;ARN;;http://www.swedavia.se/arlanda/;https://en.wikipedia.org/wiki/Stockholm-Arlanda_Airport
2702;ESSB;medium_airport;Stockholm-Bromma Airport;59.354400634765625;17.941699981689453;47;EU;SE;SE-AB;Stockholm;yes;ESSB;BMA;;;https://en.wikipedia.org/wiki/Stockholm-Bromma_Airport
2703;ESSD;medium_airport;Dala Airport;60.422001;15.5152;503;EU;SE;SE-W;Borlange;yes;ESSD;BLE;;https://www.dalaflyget.se/;https://en.wikipedia.org/wiki/Borl%C3%A4nge_Airport
2705;ESSK;medium_airport;Gävle Sandviken Airport;60.5933;16.951401;224;EU;SE;SE-X;Gävle / Sandviken;no;ESSK;GVX;;;https://en.wikipedia.org/wiki/G%C3%A4vle-Sandviken_Airport
2706;ESSL;medium_airport;Linköping City Airport;58.4062004089;15.680500030500001;172;EU;SE;SE-E;Linköping;yes;ESSL;LPI;;http://www.linkopingsflygplats.se/;https://en.wikipedia.org/wiki/Link%C3%B6ping_SAAB_Airport
2707;ESSP;medium_airport;Norrköping Airport;58.586299896240234;16.250600814819336;32;EU;SE;SE-E;Norrköping;yes;ESSP;NRK;;;https://en.wikipedia.org/wiki/Norrk%C3%B6ping_Airport
2708;ESST;medium_airport;Torsby Airport;60.1576;12.9913;393;EU;SE;SE-S;Torsby;yes;ESST;TYF;;http://www.torsbyflygplats.se;https://en.wikipedia.org/wiki/Torsby_Airport
2709;ESSU;medium_airport;Eskilstuna Airport;59.351101;16.708401;139;EU;SE;SE-D;Eskilstuna;no;ESSU;EKT;;https://www.eskilstunaflygplats.se/;https://en.wikipedia.org/wiki/Eskilstuna_Airport
2710;ESSV;medium_airport;Visby Airport;57.662799835205;18.346200942993;164;EU;SE;SE-I;Visby;yes;ESSV;VBY;;https://www.swedavia.com/visby/;https://en.wikipedia.org/wiki/Visby_Airport
2711;ESTA;medium_airport;Ängelholm-Helsingborg Airport;56.29610061645508;12.847100257873535;68;EU;SE;SE-M;Ängelholm;yes;ESTA;AGH;;http://www.lfv.se/templates/LFV_AirportStartPage____4777.aspx;https://en.wikipedia.org/wiki/%C3%84ngelholm-Helsingborg_Airport
2712;ESTL;medium_airport;Ljungbyhed Airfield;56.082802;13.2125;140;EU;SE;SE-M;Ljungbyhed;no;ESTL;;;;https://sv.wikipedia.org/wiki/Ljungbyheds_flygplats
2713;ESUD;medium_airport;Storuman Airport;64.960899;17.6966;915;EU;SE;SE-AC;Storuman;no;ESUD;SQO;;;https://en.wikipedia.org/wiki/Storuman_Airport
2717;ETAD;medium_airport;Spangdahlem Air Base;49.976507;6.698413;1197;EU;DE;DE-RP;Trier;no;ETAD;SPM;;http://www.spangdahlem.af.mil/;https://en.wikipedia.org/wiki/Spangdahlem_Air_Base
2718;ETAR;medium_airport;Ramstein Air Base;49.436901;7.60028;776;EU;DE;DE-RP;Ramstein-Miesenbach;no;ETAR;RMS;;http://www.ramstein.af.mil/;https://en.wikipedia.org/wiki/Ramstein_Air_Base
2721;ETHB;medium_airport;Bückeburg Air Base;52.2785;9.08217;230;EU;DE;DE-NI;Bückeburg;no;ETHB;;;;https://en.wikipedia.org/wiki/B%C3%BCckeburg_Air_Base
2722;ETHC;medium_airport;Celle Army Airfield;52.591202;10.0221;129;EU;DE;DE-NI;;no;ETHC;;;;https://en.wikipedia.org/wiki/Celle_Air_Base
2724;ETHF;medium_airport;Fritzlar Army Airfield;51.1146;9.286;565;EU;DE;DE-HE;Fritzlar;no;ETHF;FRZ;;;https://en.wikipedia.org/wiki/Fritzlar_Air_Base
2725;ETHL;medium_airport;Laupheim Air Base;48.220299;9.91002;1766;EU;DE;DE-BW;Laupheim;no;ETHL;;;;https://en.wikipedia.org/wiki/Laupheim_Air_Base
2727;ETHN;medium_airport;Niederstetten Army Air Base;49.39162;9.956747;1536;EU;DE;DE-BW;Niederstetten;no;ETHN;;;;https://en.wikipedia.org/wiki/Niederstetten_Air_Base
2729;ETHS;medium_airport;Faßberg Air Base;52.919399;10.185827;245;EU;DE;DE-NI;Faßberg;no;ETHS;;;;https://en.wikipedia.org/wiki/Fa%C3%9Fberg_Air_Base
2730;ETIC;medium_airport;Grafenwöhr Army Air Field;49.6987;11.9402;1363;EU;DE;DE-BY;Grafenwöhr;no;ETIC;;;;https://en.wikipedia.org/wiki/Grafenw%C3%B6hr_Army_Airfield
2732;ETIH;medium_airport;Hohenfels Army Airfield;49.216541;11.836064;1455;EU;DE;DE-BY;Hohenfels;no;ETIH;;;;https://en.wikipedia.org/wiki/Hohenfels_Army_Airfield
2734;ETMN;medium_airport;Sea-Airport Cuxhaven/Nordholz / Nordholz Naval Airbase;53.767689;8.659201;74;EU;DE;DE-NI;Wurster Nordseeküste;yes;ETMN;FCN;;;https://en.wikipedia.org/wiki/Nordholz_Naval_Airbase
2735;ETND;medium_airport;Diepholz Air Base;52.585556;8.342222;128;EU;DE;DE-NI;Diepholz;no;ETND;;;;https://en.wikipedia.org/wiki/Diepholz_Air_Base
2736;ETNG;medium_airport;Geilenkirchen Air Base;50.9608;6.04242;296;EU;DE;DE-NW;Geilenkirchen;no;ETNG;GKE;;;https://en.wikipedia.org/wiki/NATO_Air_Base_Geilenkirchen
2737;ETNH;medium_airport;Hohn Air Base;54.312199;9.53817;39;EU;DE;DE-SH;Hohn;no;ETNH;;;;https://de.wikipedia.org/wiki/Fliegerhorst_Hohn
2739;ETNL;medium_airport;Rostock-Laage Airport;53.918201;12.2783;138;EU;DE;DE-MV;Laage;yes;ETNL;RLG;;;https://en.wikipedia.org/wiki/Rostock-Laage_Airport
2740;ETNN;medium_airport;Nörvenich Air Base;50.8312;6.65817;386;EU;DE;DE-NW;Nörvenich;no;ETNN;;;;https://en.wikipedia.org/wiki/N%C3%B6rvenich_Air_Base
2741;ETNS;medium_airport;Schleswig Air Base;54.459301;9.51633;70;EU;DE;DE-SH;Jagel;no;ETNS;WBG;;;https://en.wikipedia.org/wiki/Schleswig_Air_Base
2742;ETNT;medium_airport;Wittmundhafen Air Base;53.547798;7.66733;26;EU;DE;DE-NI;Wittmund;no;ETNT;;;;https://en.wikipedia.org/wiki/Wittmundhafen_Air_Base
2744;ETNW;medium_airport;Wunstorf Air Base;52.457298;9.42717;187;EU;DE;DE-NI;;no;ETNW;;;;https://en.wikipedia.org/wiki/Wunstorf_Air_Base
2747;ETOU;medium_airport;Wiesbaden Army Airfield;50.049800872802734;8.325400352478027;461;EU;DE;DE-HE;Wiesbaden;no;ETOU;WIE;;;https://en.wikipedia.org/wiki/Wiesbaden_Army_Airfield
2749;ETSB;medium_airport;Büchel Air Base;50.173801;7.06333;1568;EU;DE;DE-RP;Alflen;no;ETSB;;;;https://en.wikipedia.org/wiki/B%C3%BCchel_Air_Base
2752;ETSH;medium_airport;Holzdorf Air Base;51.767799;13.1677;265;EU;DE;DE-BR;Holzdorf;no;ETSH;;;;https://en.wikipedia.org/wiki/Holzdorf_Air_Base
2753;ETSI;medium_airport;Ingolstadt Manching Airport;48.7156982421875;11.534000396728516;1202;EU;DE;DE-BY;Manching;no;ETSI;IGS;;;https://en.wikipedia.org/wiki/Ingolstadt_Manching_Airport
2754;ETSL;medium_airport;Lechfeld Air Base;48.185504;10.8612;1822;EU;DE;DE-BY;Graben;no;ETSL;;;;https://en.wikipedia.org/wiki/Lechfeld_Air_Base
2755;ETSN;medium_airport;Neuburg Air Base;48.710999;11.2115;1249;EU;DE;DE-BY;Neuburg an der Donau;no;ETSN;;;;https://en.wikipedia.org/wiki/Neuburg_Air_Base
44006;EVDA;medium_airport;Daugavpils International Airport;55.944721;26.665001;398;EU;LV;LV-111;Daugavpils;no;EVDA;DGP;;;https://en.wikipedia.org/wiki/Daugavpils_International_Airport
31029;EVKA;medium_airport;Jēkabpils Air Base;56.534698;25.8925;289;EU;LV;LV-042;Jēkabpils;no;EVKA;;;;https://en.wikipedia.org/wiki/J%C4%93kabpils_(air_base)
2757;EVLA;medium_airport;Liepāja International Airport;56.517502;21.096901;16;EU;LV;LV-112;Liepāja;no;EVLA;LPX;;http://www.liepaja-airport.lv/;https://en.wikipedia.org/wiki/Liep%C4%81ja_International_Airport
2758;EVRA;large_airport;Riga International Airport;56.923599;23.9711;36;EU;LV;LV-062;Riga;yes;EVRA;RIX;;http://www.riga-airport.com/;https://en.wikipedia.org/wiki/Riga_International_Airport
31031;EVTA;medium_airport;Jūrmala Airport;56.9422;23.2239;220;EU;LV;LV-099;Tukums;no;EVJA;;;;https://en.wikipedia.org/wiki/J%C5%ABrmala_Airport
2760;EYKA;medium_airport;Kaunas International Airport;54.96390151977539;24.084800720214844;256;EU;LT;LT-KU;Kaunas;yes;EYKA;KUN;;http://www.kaunasair.lt/index.php?lang=2&m=2&p=210;https://en.wikipedia.org/wiki/Kaunas_Airport
30020;EYKD;medium_airport;Kėdainiai Air Base;55.31169891357422;23.95639991760254;171;EU;LT;LT-KU;Kėdainiai;no;EYKD;;;;https://en.wikipedia.org/wiki/K%C4%97dainiai_(air_base)
2762;EYPA;medium_airport;Palanga International Airport;55.973201751708984;21.093900680541992;33;EU;LT;LT-KL;Palanga;yes;EYPA;PLQ;;http://www.palanga-airport.lt/;https://en.wikipedia.org/wiki/Palanga_International_Airport
2763;EYPP;medium_airport;Panevėžys Air Base;55.729400634765625;24.460800170898438;197;EU;LT;LT-PN;Panevėžys;no;EYPP;PNV;;;https://en.wikipedia.org/wiki/Panev%C4%97%C5%BEys_Air_Base
2764;EYSA;medium_airport;Šiauliai International Airport;55.89390182495117;23.395000457763672;443;EU;LT;LT-SA;Šiauliai;no;EYSA;SQQ;;http://www.airport.siauliai.lt/;https://en.wikipedia.org/wiki/%C5%A0iauliai_International_Airport
2765;EYSB;medium_airport;Barysiai Airfield;56.070599;23.5581;270;EU;LT;LT-SA;Šiauliai;no;EYSB;;;;https://en.wikipedia.org/wiki/Barysiai_Airport
2766;EYVI;large_airport;Vilnius International Airport;54.634102;25.285801;648;EU;LT;LT-VL;Vilnius;yes;EYVI;VNO;;http://www.vilnius-airport.lt/en/;https://en.wikipedia.org/wiki/Vilnius_International_Airport
2767;FAAB;medium_airport;Alexander Bay Airport;-28.575001;16.5333;98;AF;ZA;ZA-NC;Alexander Bay;no;FAAB;ALJ;;;https://en.wikipedia.org/wiki/Alexander_Bay_Airport
2768;FAAG;medium_airport;Aggeneys Airport;-29.281799;18.8139;2648;AF;ZA;ZA-NC;Aggeneys;no;FAAG;AGZ;;;https://en.wikipedia.org/wiki/Aggeneys_Airport
2771;FABE;medium_airport;Bisho Airport;-32.897099;27.2791;1950;AF;ZA;ZA-EC;Bisho;no;FABE;BIY;;;https://en.wikipedia.org/wiki/Bhisho_Airport
2772;FABL;medium_airport;Bram Fischer International Airport;-29.092699;26.302401;4457;AF;ZA;ZA-FS;Bloemfontain;yes;FABL;BFN;;;https://en.wikipedia.org/wiki/Bloemfontein_Airport
46533;FABR;medium_airport;Barberton Airport;-25.717147;30.974974;2250;AF;ZA;ZA-MP;Umjindi (Barberton);no;FABR;;ABR;https://web.archive.org/web/20230820195632/http://barbertonairport.co.za/;https://en.wikipedia.org/wiki/Barberton_Airport
2775;FACT;large_airport;Cape Town International Airport;-33.9648017883;18.6016998291;151;AF;ZA;ZA-WC;Cape Town;yes;FACT;CPT;;http://www.airports.co.za/home.asp?pid=229;https://en.wikipedia.org/wiki/Cape_Town_International_Airport
2779;FAEL;medium_airport;Ben Schoeman Airport;-33.035599;27.825899;435;AF;ZA;ZA-EC;East London;yes;FAEL;ELS;;http://www.airports.co.za/home.asp?pid=415;https://en.wikipedia.org/wiki/East_London_Airport
2780;FAEO;medium_airport;Ermelo Airport;-26.4955997467041;29.979799270629883;5700;AF;ZA;ZA-MP;Ermelo;no;FAEO;;;;
2781;FAFB;medium_airport;Ficksburg Sentraoes Airport;-28.82309913635254;27.908899307250977;5315;AF;ZA;ZA-FS;Ficksburg;no;FAFB;FCB;;;
2782;FAGC;medium_airport;Grand Central Airport;-25.986299514799995;28.1401004791;5325;AF;ZA;ZA-GT;Midrand;no;FAGC;GCJ;;;https://en.wikipedia.org/wiki/Grand_Central_Airport
2783;FAGG;medium_airport;George Airport;-34.0056;22.378902;648;AF;ZA;ZA-WC;George;yes;FAGG;GRJ;;;https://en.wikipedia.org/wiki/George_Airport
2784;FAGM;medium_airport;Rand Airport;-26.2425;28.151199;5483;AF;ZA;ZA-GT;Johannesburg;no;FAGM;QRA;;;https://en.wikipedia.org/wiki/Rand_Airport
2789;FAHR;medium_airport;Harrismith Airport;-28.2351;29.106199;5585;AF;ZA;ZA-FS;Harrismith;no;FAHR;HRS;;;https://en.wikipedia.org/wiki/Harrismith_Airport
2793;FAKD;medium_airport;P C Pelser Airport;-26.871099;26.718;4444;AF;ZA;ZA-NW;Klerksdorp;no;FAKD;KXE;;;https://en.wikipedia.org/wiki/Klerksdorp_Airport
2794;FAKM;medium_airport;Kimberley Airport;-28.802799224900003;24.7651996613;3950;AF;ZA;ZA-NC;Kimberley;yes;FAKM;KIM;;;https://en.wikipedia.org/wiki/Kimberley_Airport
2795;FAKN;medium_airport;Kruger Mpumalanga International Airport;-25.3831996918;31.1056003571;2829;AF;ZA;ZA-MP;Mpumalanga;yes;FAKN;MQP;;;https://en.wikipedia.org/wiki/Kruger_Mpumalanga_International_Airport
2798;FAKU;medium_airport;Johan Pienaar Airport;-27.45669937133789;23.411399841308594;4382;AF;ZA;ZA-NC;Kuruman;no;FAKU;KMH;;;https://en.wikipedia.org/wiki/Johan_Pienaar_Airport
2799;FAKZ;medium_airport;Kleinsee Airport;-29.6884002686;17.093999862700002;270;AF;ZA;ZA-NC;Kleinsee;no;FAKZ;KLZ;;;https://en.wikipedia.org/wiki/Kleinzee_Airport
2800;FALA;medium_airport;Lanseria International Airport;-25.938499;27.9261;4517;AF;ZA;ZA-GT;Johannesburg;yes;FALA;HLA;;;https://en.wikipedia.org/wiki/Lanseria_Airport
2801;FALC;medium_airport;Lime Acres Finsch Mine Airport;-28.36009979248047;23.43910026550293;4900;AF;ZA;ZA-NC;Lime Acres;no;FALC;LMR;;;
300795;FALE;large_airport;King Shaka International Airport;-29.6144444444;31.1197222222;295;AF;ZA;ZA-NL;Durban;yes;FALE;DUR;;;https://en.wikipedia.org/wiki/King_Shaka_International_Airport
2805;FALW;medium_airport;Langebaanweg Airport;-32.968898773199996;18.1602993011;108;AF;ZA;ZA-WC;Langebaanweg;no;FALW;SDB;;;https://en.wikipedia.org/wiki/AFB_Langebaanweg
2806;FALY;medium_airport;Ladysmith Airport;-28.5816993713;29.749700546299998;3548;AF;ZA;ZA-NL;Ladysmith;no;FALY;LAY;;;https://en.wikipedia.org/wiki/Ladysmith_Airport
2808;FAMD;medium_airport;Malamala Airport;-24.816866;31.544085;1124;AF;ZA;ZA-MP;Malamala;yes;FAMD;AAM;;;https://en.wikipedia.org/wiki/Mala_Mala_Airport
2809;FAMG;medium_airport;Margate Airport;-30.8574008942;30.343000412;495;AF;ZA;ZA-NL;Margate;yes;FAMG;MGH;;;https://en.wikipedia.org/wiki/Margate_Airport
2812;FAMM;medium_airport;Mmabatho International Airport;-25.798400878900004;25.548000335699996;4181;AF;ZA;ZA-NW;Mafeking;yes;FAMM;MBD;;;https://en.wikipedia.org/wiki/Mmabatho_International_Airport
2814;FAMS;medium_airport;Morningside Farm Airport;-25.7045001984;26.9090003967;4251;AF;ZA;ZA-NW;Silveroaks;no;FAMS;;;;
2815;FAMU;medium_airport;Mkuze Airport;-27.626100540161133;32.0443000793457;400;AF;ZA;ZA-NL;Mkuze;no;FAMU;MZQ;;;
2816;FANC;medium_airport;Newcastle Airport;-27.7705993652;29.976900100699996;4074;AF;ZA;ZA-NL;Newcastle;no;FANC;NCS;;;https://en.wikipedia.org/wiki/Newcastle_Airport_(South_Africa)
2819;FAOH;medium_airport;Oudtshoorn Airport;-33.6069984436;22.188999176;1063;AF;ZA;ZA-WC;Oudtshoorn;no;FAOH;OUH;FAOH;;
31055;FAOR;large_airport;O.R. Tambo International Airport;-26.1392;28.246;5558;AF;ZA;ZA-GT;Johannesburg;yes;FAOR;JNB;;https://ortambo-airport.com/index.html;https://en.wikipedia.org/wiki/O._R._Tambo_International_Airport
2820;FAPE;medium_airport;Chief Dawid Stuurman International Airport;-33.984901;25.6173;226;AF;ZA;ZA-EC;Gqeberha (Port Elizabeth);yes;FAPE;PLZ;;http://www.acsa.co.za/home.asp?pid=236;https://en.wikipedia.org/wiki/Chief_Dawid_Stuurman_International_Airport
2821;FAPG;medium_airport;Plettenberg Bay Airport;-34.08816;23.328723;465;AF;ZA;ZA-WC;Plettenberg Bay;yes;FAPG;PBZ;;;https://en.wikipedia.org/wiki/Plettenberg_Bay_Aerodrome
2822;FAPH;medium_airport;Hendrik Van Eck Airport;-23.937200546299998;31.1553993225;1432;AF;ZA;ZA-NP;Phalaborwa;yes;FAPH;PHW;;;https://en.wikipedia.org/wiki/Hendrik_Van_Eck_Airport
2823;FAPI;medium_airport;Pietersburg Municipal Airport;-23.9260997772;29.4843997955;4354;AF;ZA;ZA-NP;Polokwane;yes;FAPI;;;;
2824;FAPJ;medium_airport;Port St Johns Airport;-31.60612;29.52175;1227;AF;ZA;ZA-EC;Port St Johns;no;FAPJ;JOH;;;
2825;FAPM;medium_airport;Pietermaritzburg Airport;-29.649000167799997;30.3987007141;2423;AF;ZA;ZA-NL;Pietermaritzburg;yes;FAPM;PZB;;;https://en.wikipedia.org/wiki/Pietermaritzburg_Airport
2827;FAPP;medium_airport;Polokwane International Airport;-23.845269;29.458615;4076;AF;ZA;ZA-NP;Polokwane;yes;FAPP;PTG;;;https://en.wikipedia.org/wiki/Polokwane_International_Airport
2828;FAPS;medium_airport;Potchefstroom Airport;-26.670999527;27.0818996429;4520;AF;ZA;ZA-NW;Potchefstroom;no;FAPS;PCF;;;
2830;FAQT;medium_airport;Queenstown Airport;-31.92020034790039;26.882200241088867;3637;AF;ZA;ZA-EC;Queenstown;no;FAQT;UTW;;;
2831;FARB;medium_airport;Richards Bay Airport;-28.740999221800003;32.0920982361;109;AF;ZA;ZA-NL;Richards Bay;yes;FARB;RCB;;;https://en.wikipedia.org/wiki/Richards_Bay_Airport
2832;FARG;medium_airport;Rustenburg Airport;-25.6443004608;27.271099090599996;3700;AF;ZA;ZA-NW;Rustenburg;no;FARG;;;;https://en.wikipedia.org/wiki/Rustenburg_Airfield
2833;FARS;medium_airport;Robertson Airport;-33.812199;19.9028;640;AF;ZA;ZA-WC;Robertson;no;FARS;ROD;;;https://en.wikipedia.org/wiki/Robertson_Airfield
2834;FASB;medium_airport;Springbok Airport;-29.689300537109375;17.939599990844727;2690;AF;ZA;ZA-NC;Springbok;no;FASB;SBU;;;
2835;FASC;medium_airport;Secunda Airport;-26.52409935;29.170099258399997;5250;AF;ZA;ZA-MP;Secunda;no;FASC;ZEC;;;
2836;FASD;medium_airport;Saldanha/Vredenburg Airport;-32.9641;17.969299;50;AF;ZA;ZA-WC;Saldanha-Vredenburg;no;FASD;;;;
2838;FASK;medium_airport;Swartkop Air Force Base;-25.8097;28.1646;4780;AF;ZA;ZA-GT;Pretoria;no;FASK;;;;https://en.wikipedia.org/wiki/AFB_Swartkop
2839;FASS;medium_airport;Sishen Airport;-27.6486;22.9993;3848;AF;ZA;ZA-NC;Sishen;yes;FASS;SIS;;;
2841;FASZ;medium_airport;Skukuza Airport;-24.960899353;31.5886993408;1020;AF;ZA;ZA-MP;Skukuza;no;FASZ;SZK;;;https://en.wikipedia.org/wiki/Skukuza_Airport
2845;FATZ;medium_airport;Tzaneen Airport;-23.8244;30.3293;1914;AF;ZA;ZA-NP;Tzaneen;no;FATZ;LTA;;;https://af.wikipedia.org/wiki/Tzaneen-lughawe
2846;FAUL;medium_airport;Prince Mangosuthu Buthelezi Airport;-28.3206005096;31.4165000916;1720;AF;ZA;ZA-NL;Ulundi;no;FAUL;ULD;;;https://en.wikipedia.org/wiki/Ulundi_Airport
2847;FAUP;medium_airport;Pierre Van Ryneveld Airport;-28.39909935;21.260200500499998;2782;AF;ZA;ZA-NC;Upington;yes;FAUP;UTN;;;https://en.wikipedia.org/wiki/Upington_Airport
2848;FAUT;medium_airport;K. D. Matanzima Airport;-31.546363184900002;28.6733551025;2400;AF;ZA;ZA-EC;Mthatha;yes;FAUT;UTT;;;https://en.wikipedia.org/wiki/K.D._Matanzima_Airport
2849;FAVB;medium_airport;Vryburg Airport;-26.9824008942;24.7287998199;3920;AF;ZA;ZA-NW;Vyrburg;no;FAVB;VRU;;;https://en.wikipedia.org/wiki/Vryburg_Airport
2850;FAVG;medium_airport;Virginia Airport;-29.770599;31.058399;20;AF;ZA;ZA-NL;Durban;no;FAVG;VIR;;;https://en.wikipedia.org/wiki/Virginia_Airport
2852;FAVR;medium_airport;Vredendal Airport;-31.641000747680664;18.5447998046875;330;AF;ZA;ZA-WC;Vredendal;no;FAVR;VRE;;;
2853;FAVV;medium_airport;Vereeniging Airport;-26.566400528;27.9608001709;4846;AF;ZA;ZA-GT;Vereeniging;no;FAVV;;;;
2854;FAWB;medium_airport;Wonderboom Airport;-25.6539;28.224199;4095;AF;ZA;ZA-GT;Pretoria;no;FAWB;PRY;;http://www.wonderboomairport.co.za/;https://en.wikipedia.org/wiki/Wonderboom_Airport
2856;FAWK;medium_airport;Waterkloof Air Force Base;-25.829999923699997;28.222499847399998;4940;AF;ZA;ZA-GT;Pretoria;no;FAWK;WKF;;;https://en.wikipedia.org/wiki/AFB_Waterkloof
2858;FAYP;medium_airport;Ysterplaat Air Force Base;-33.90019989013672;18.498300552368164;52;AF;ZA;ZA-WC;Cape Town;no;FAYP;;;http://www.af.mil.za/bases/afb_ysterplaat/;https://en.wikipedia.org/wiki/AFB_Ysterplaat
2860;FBFT;medium_airport;P G Matante Intl;-21.15914;27.468545;3283;AF;BW;BW-FR;Francistown;yes;FBPM;FRW;;https://www.caab.co.bw/p-g-matante-international-airport/;https://en.wikipedia.org/wiki/Francistown_Airport
2861;FBJW;medium_airport;Jwaneng Airport;-24.602301;24.691;3900;AF;BW;BW-JW;Jwaneng;yes;FBJW;JWA;;;https://en.wikipedia.org/wiki/Jwaneng_Airport
2862;FBKE;medium_airport;Kasane Airport;-17.832899;25.162399;3289;AF;BW;BW-CH;Kasane;yes;FBKE;BBK;;;https://en.wikipedia.org/wiki/Kasane_Airport
2863;FBMN;medium_airport;Maun Airport;-19.97260093688965;23.431100845336914;3093;AF;BW;BW-NW;Maun;yes;FBMN;MUB;;;https://en.wikipedia.org/wiki/Maun_Airport
2864;FBSK;large_airport;Sir Seretse Khama International Airport;-24.555201;25.9182;3299;AF;BW;BW-GA;Gaborone;yes;FBSK;GBE;;;https://en.wikipedia.org/wiki/Sir_Seretse_Khama_International_Airport
2865;FBSN;medium_airport;Sua Pan Airport;-20.5534;26.115801;2985;AF;BW;BW-ST;Sowa;no;FBSN;SXN;;;https://en.wikipedia.org/wiki/Sua_Pan_Airport
2866;FBSP;medium_airport;Selebi Phikwe Airport;-22.0583;27.8288;2925;AF;BW;BW-SP;Selebi Phikwe;yes;FBSP;PKW;;;https://en.wikipedia.org/wiki/Selebi-Phikwe_Airport
2868;FCBB;medium_airport;Maya-Maya Airport;-4.251699924468994;15.253000259399414;1048;AF;CG;CG-12;Brazzaville;yes;FCBB;BZV;;;https://en.wikipedia.org/wiki/Maya-Maya_Airport
323021;FCOD;medium_airport;Oyo Ollombo Airport;-1.226666;15.91;1073;AF;CG;CG-14;Oyo;no;FCOD;OLL;;;https://en.wikipedia.org/wiki/Oyo_Ollombo_Airport
2869;FCOO;medium_airport;Owando Airport;-0.53135;15.9501;1214;AF;CG;CG-8;Owando;no;FCOO;FTX;;;https://en.wikipedia.org/wiki/Owando_Airport
2870;FCOU;medium_airport;Ouesso Airport;1.61599;16.037901;1158;AF;CG;CG-13;;no;FCOU;OUE;;;https://en.wikipedia.org/wiki/Ou%C3%A9sso_Airport
30920;FCPL;medium_airport;Ngot Nzoungou Airport;-4.20635;12.6599;1079;AF;CG;CG-9;Dolisie;yes;FCPD;DIS;;;https://en.wikipedia.org/wiki/Dolisie_Airport
2871;FCPP;medium_airport;Antonio Agostinho-Neto International Airport;-4.81603;11.8866;55;AF;CG;CG-5;Pointe Noire;yes;FCPP;PNR;;;https://en.wikipedia.org/wiki/Agostinho-Neto_International_Airport
2872;FDMS;medium_airport;Matsapha Airport;-26.528999;31.307501;2075;AF;SZ;SZ-MA;Manzini;no;FDMS;MTS;;http://www.eswacaa.co.sz/airports/matsapha/index.php;https://en.wikipedia.org/wiki/Matsapha_Airport
308033;FDSK;large_airport;King Mswati III International Airport;-26.358611;31.716944;1092;AF;SZ;SZ-LU;Mpaka;yes;FDSK;SHO;;http://www.eswacaa.co.sz/airports/kingmswatiIII/;https://en.wikipedia.org/wiki/King_Mswati_III_International_Airport
2873;FEFF;medium_airport;Bangui M'Poko International Airport;4.39847993850708;18.518800735473633;1208;AF;CF;CF-MP;Bangui;yes;FEFF;BGF;;;https://en.wikipedia.org/wiki/Bangui_M'Poko_International_Airport
2874;FEFT;medium_airport;Berbérati Airport;4.2215800285339355;15.786399841308594;1929;AF;CF;CF-HS;Berbérati;no;FEFT;BBT;;;https://en.wikipedia.org/wiki/Berb%C3%A9rati_Airport
2875;FGBT;medium_airport;Bata Airport;1.90547;9.80568;13;AF;GQ;GQ-LI;Bata;yes;FGBT;BSG;;;https://en.wikipedia.org/wiki/Bata_Airport
2876;FGSL;medium_airport;Malabo Airport;3.755270004272461;8.708720207214355;76;AF;GQ;GQ-BN;Malabo;yes;FGSL;SSG;;;https://en.wikipedia.org/wiki/Malabo_International_Airport
2877;FHAW;medium_airport;RAF Ascension Island;-7.9696;-14.3937;278;AF;SH;SH-AC;Cat Hill;yes;FHAW;ASI;;http://www.raf.mod.uk/organisation/stations.cfm?selectStation=9DEB5257-FDEF-6850-8B1CFF5050616CC1#cgi.script_name#;https://en.wikipedia.org/wiki/RAF_Ascension_Island
2878;FIMP;large_airport;Sir Seewoosagur Ramgoolam International Airport;-20.430201;57.683601;186;AF;MU;MU-GP;Plaine Magnien;yes;FIMP;MRU;;http://aml.mru.aero/;https://en.wikipedia.org/wiki/Sir_Seewoosagur_Ramgoolam_International_Airport
2879;FIMR;medium_airport;Sir Charles Gaetan Duval Airport;-19.7577;63.361;95;AF;MU;MU-VP;Port Mathurin;yes;FIMR;RRG;;;https://en.wikipedia.org/wiki/Rodrigues_Island_Airport
2880;FJDG;medium_airport;Diego Garcia Naval Support Facility;-7.31327;72.411102;9;AS;IO;IO-U-A;Diego Garcia;no;FJDG;NKW;;;https://en.wikipedia.org/wiki/Diego_Garcia
2881;FKKC;medium_airport;Tiko Airport;4.08919000626;9.360529899600001;151;AF;CM;CM-SW;Tiko;no;FKKC;TKC;;;https://en.wikipedia.org/wiki/Tiko_Airport
2882;FKKD;medium_airport;Douala International Airport;4.0060801506;9.719479560849999;33;AF;CM;CM-LT;Douala;yes;FKKD;DLA;;;https://en.wikipedia.org/wiki/Douala_International_Airport
2883;FKKL;medium_airport;Salak Airport;10.451399803161621;14.257399559020996;1390;AF;CM;CM-EN;Maroua;yes;FKKL;MVR;;;https://en.wikipedia.org/wiki/Salak_Airport
2884;FKKM;medium_airport;Foumban Nkounja Airport;5.63692;10.7508;3963;AF;CM;CM-OU;Foumban;no;FKKM;FOM;;;https://en.wikipedia.org/wiki/Foumban_Nkounja_Airport
2885;FKKN;medium_airport;N'Gaoundéré Airport;7.3570098876953125;13.559200286865234;3655;AF;CM;CM-AD;N'Gaoundéré;yes;FKKN;NGE;;;https://en.wikipedia.org/wiki/N'Gaound%C3%A9r%C3%A9_Airport
2886;FKKR;medium_airport;Garoua International Airport;9.33588981628418;13.370100021362305;794;AF;CM;CM-NO;Garoua;yes;FKKR;GOU;;;https://en.wikipedia.org/wiki/Garoua_International_Airport
2887;FKKU;medium_airport;Bafoussam Airport;5.536920070650001;10.354599952700001;4347;AF;CM;CM-OU;Bafoussam;no;FKKU;BFX;;;https://en.wikipedia.org/wiki/Bafoussam_Airport
2888;FKKV;medium_airport;Bamenda Airport;6.03924;10.1226;4065;AF;CM;CM-NW;Bamenda;no;FKKV;BPC;;;https://en.wikipedia.org/wiki/Bamenda_Airport
2889;FKKY;medium_airport;Yaoundé Airport;3.83604;11.5235;2464;AF;CM;CM-CE;Yaoundé;no;FKKY;YAO;;;https://en.wikipedia.org/wiki/Yaound%C3%A9_Airport
2890;FKYS;medium_airport;Yaoundé Nsimalen International Airport;3.722559928894043;11.553299903869629;2278;AF;CM;CM-CE;Yaoundé;yes;FKYS;NSI;;;https://en.wikipedia.org/wiki/Yaound%C3%A9_Nsimalen_International_Airport
2891;FLKE;medium_airport;Kasompe Airport;-12.572799682617;27.893899917603;4636;AF;ZM;ZM-08;Chingola;no;FLKE;CGJ;;;https://en.wikipedia.org/wiki/Kasompe_Airport
2892;FLLC;medium_airport;Lusaka City Airport;-15.4138;28.3307;4200;AF;ZM;ZM-09;Lusaka;no;FLLC;;;;https://en.wikipedia.org/wiki/Lusaka_City_Airport
2893;FLLI;medium_airport;Harry Mwanga Nkumbula International Airport;-17.8218;25.822701;3302;AF;ZM;ZM-07;Livingstone;yes;FLHN;LVI;;;https://en.wikipedia.org/wiki/Harry_Mwanga_Nkumbula_International_Airport
2894;FLLS;large_airport;Kenneth Kaunda International Airport;-15.330833;28.452722;3779;AF;ZM;ZM-09;Lusaka;yes;FLKK;LUN;;http://www.nacl.co.zm/?page_id=336;https://en.wikipedia.org/wiki/Kenneth_Kaunda_International_Airport
2895;FLMF;medium_airport;Mfuwe Airport;-13.258899688720703;31.936599731445312;1853;AF;ZM;ZM-03;Mfuwe;yes;FLMF;MFU;;;https://en.wikipedia.org/wiki/Mfuwe_Airport
2896;FLMG;medium_airport;Mongu Airport;-15.2545;23.1623;3488;AF;ZM;ZM-01;Mongu;no;FLMG;MNR;;;https://en.wikipedia.org/wiki/Mongu_Airport
2897;FLND;medium_airport;Peter Zuze Air Force Base;-12.997222;28.663889;4170;AF;ZM;ZM-08;Ndola;yes;FLND;;;;https://en.wikipedia.org/wiki/Peter_Zuze_Air_Force_Base
525659;FLSK;medium_airport;Simon Mwansa Kapwepwe International Airport;-12.961667;28.516667;4308;AF;ZM;ZM-08;Ndola;yes;FLSK;NLA;;https://www.zacl.co.zm/airport-section/airports/smkia;https://en.wikipedia.org/wiki/Simon_Mwansa_Kapwepwe_International_Airport
2898;FLSO;medium_airport;Southdowns Airport;-12.9005;28.1499;4145;AF;ZM;ZM-08;Kitwe;no;FLSO;KIW;;;https://en.wikipedia.org/wiki/Southdowns_Airport
2901;FMCH;medium_airport;Prince Said Ibrahim International Airport;-11.5337;43.2719;93;AF;KM;KM-G;Moroni;yes;FMCH;HAH;;;https://en.wikipedia.org/wiki/Prince_Said_Ibrahim_International_Airport
2902;FMCI;medium_airport;Mohéli Bandar Es Eslam Airport;-12.2981;43.766399;46;AF;KM;KM-M;Fomboni;yes;FMCI;NWA;;;https://en.wikipedia.org/wiki/Moh%C3%A9li_Bandar_Es_Eslam_Airport
2903;FMCV;medium_airport;Ouani Airport;-12.131047;44.430044;62;AF;KM;KM-A;Ouani;yes;FMCV;AJN;;;https://en.wikipedia.org/wiki/Ouani_Airport
2904;FMCZ;medium_airport;Dzaoudzi Pamandzi International Airport;-12.809319;45.281815;23;AF;YT;YT-U-A;Dzaoudzi;yes;FMCZ;DZA;;;https://en.wikipedia.org/wiki/Dzaoudzi_Pamandzi_International_Airport
2905;FMEE;large_airport;Roland Garros Airport;-20.890087;55.518894;66;AF;RE;RE-SD;Sainte-Marie;yes;FMEE;RUN;;http://www.reunion.aeroport.fr/index.htm;https://en.wikipedia.org/wiki/Roland_Garros_Airport
2906;FMEP;medium_airport;Pierrefonds Airport;-21.319362;55.422506;59;AF;RE;RE-SR;Saint-Pierre;yes;FMEP;ZSE;;http://www.grandsudreunion.org/FR2004/aeroport.php;https://en.wikipedia.org/wiki/Pierrefonds_Airport
2908;FMMI;large_airport;Ivato Airport;-18.7969;47.478802;4198;AF;MG;MG-T;Antananarivo;yes;FMMI;TNR;;https://ravinala-airports.aero/en/;https://en.wikipedia.org/wiki/Ivato_Airport
2909;FMMN;medium_airport;Miandrivazo Airport;-19.562799;45.450802;203;AF;MG;MG-U;Miandrivazo;yes;FMMN;ZVA;;;https://en.wikipedia.org/wiki/Miandrivazo_Airport
2910;FMMS;medium_airport;Sainte Marie Airport;-17.093901;49.8158;7;AF;MG;MG-A;Vohilava;yes;FMMS;SMS;;;https://en.wikipedia.org/wiki/Saints_Marie_Airport
2911;FMMT;medium_airport;Toamasina Ambalamanasy Airport;-18.109501;49.392502;22;AF;MG;MG-A;Toamasina;yes;FMMT;TMM;;;https://en.wikipedia.org/wiki/Toamasina_Airport
2912;FMMV;medium_airport;Morondava Airport;-20.2847;44.3176;30;AF;MG;MG-U;Morondava;yes;FMMV;MOQ;;;https://en.wikipedia.org/wiki/Morondava_Airport
2913;FMNA;medium_airport;Arrachart Airport;-12.3494;49.291698;374;AF;MG;MG-D;Antisiranana;yes;FMNA;DIE;;;https://en.wikipedia.org/wiki/Arrachart_Airport
2914;FMNC;medium_airport;Mananara Nord Airport;-16.16390037536621;49.773799896240234;9;AF;MG;MG-A;Mananara Nord;yes;FMNC;WMR;;;https://en.wikipedia.org/wiki/Mananara_Nord_Airport
2915;FMND;medium_airport;Andapa Airport;-14.651700019836426;49.620601654052734;1552;AF;MG;MG-D;;no;FMND;ZWA;;;
2917;FMNH;medium_airport;Antsirabe Airport;-14.9994;50.320202;20;AF;MG;MG-D;Antsirabe;yes;FMNH;ANM;;;https://en.wikipedia.org/wiki/Antsirabato_Airport
2918;FMNL;medium_airport;Analalava Airport;-14.629514;47.763555;345;AF;MG;MG-M;Analalava;yes;FMNL;HVA;;;https://en.wikipedia.org/wiki/Analalava_Airport
2919;FMNM;medium_airport;Amborovy Airport;-15.666842;46.351233;87;AF;MG;MG-M;Mahajanga;yes;FMNM;MJN;;;https://en.wikipedia.org/wiki/Amborovy_Airport
2920;FMNN;medium_airport;Fascene Airport;-13.3121;48.3148;36;AF;MG;MG-D;Nosy Be;yes;FMNN;NOS;;;https://en.wikipedia.org/wiki/Fascene_Airport
2921;FMNQ;medium_airport;Besalampy Airport;-16.74453;44.482484;125;AF;MG;MG-M;Besalampy;yes;FMNQ;BPY;;;https://en.wikipedia.org/wiki/Besalampy_Airport
2922;FMNR;medium_airport;Maroantsetra Airport;-15.437742;49.689081;9;AF;MG;MG-A;Maroantsetra;yes;FMNR;WMN;;;https://en.wikipedia.org/wiki/Maroantsetra_Airport
2923;FMNS;medium_airport;Sambava Airport;-14.2786;50.174702;20;AF;MG;MG-D;Sambava;yes;FMNS;SVB;;;https://en.wikipedia.org/wiki/Sambava_Airport
2924;FMNV;medium_airport;Vohemar Airport;-13.3758;50.0028;19;AF;MG;MG-D;Vohemar;yes;FMNV;VOH;;;https://en.wikipedia.org/wiki/Vohemar_Airport
2925;FMNW;medium_airport;Ambalabe Airport;-14.898799896240234;47.993900299072266;92;AF;MG;MG-M;Antsohihy;yes;FMNW;WAI;;;https://en.wikipedia.org/wiki/Ambalabe_Airport
2927;FMSD;medium_airport;Tôlanaro Airport;-25.038099;46.9561;29;AF;MG;MG-U;Tôlanaro;yes;FMSD;FTU;;;https://en.wikipedia.org/wiki/T%C3%B4lanaro_Airport
2928;FMSF;medium_airport;Fianarantsoa Airport;-21.441601;47.111698;3658;AF;MG;MG-F;Fianarantsoa;yes;FMSF;WFI;;;https://en.wikipedia.org/wiki/Fianarantsoa_Airport
2930;FMSK;medium_airport;Manakara Airport;-22.119699;48.021702;33;AF;MG;MG-F;Manakara;yes;FMSK;WVK;;;https://en.wikipedia.org/wiki/Manakara_Airport
2931;FMSM;medium_airport;Mananjary Airport;-21.201799;48.358299;20;AF;MG;MG-F;Mananjary;yes;FMSM;MNJ;;;https://en.wikipedia.org/wiki/Mananjary_Airport
2932;FMSR;medium_airport;Morombe Airport;-21.753837;43.374753;16;AF;MG;MG-U;Morombe;yes;FMSR;MXM;;;https://en.wikipedia.org/wiki/Morombe_Airport
2933;FMST;medium_airport;Toliara Airport;-23.3834;43.7285;29;AF;MG;MG-U;Toliara;yes;FMST;TLE;;;https://en.wikipedia.org/wiki/Toliara_Airport
2934;FNBC;medium_airport;Mbanza Congo Airport;-6.269899845123291;14.246999740600586;1860;AF;AO;AO-ZAI;Mbanza Congo;yes;FNBC;SSY;;;https://en.wikipedia.org/wiki/Mbanza_Congo_Airport
2935;FNBG;medium_airport;Benguela 17th of September Airport;-12.609;13.4037;118;AF;AO;AO-BGU;Benguela;no;FNBG;BUG;;;https://en.wikipedia.org/wiki/Benguela_Airport
2936;FNCA;medium_airport;Cabinda Airport;-5.59699010848999;12.188400268554688;66;AF;AO;AO-CAB;Cabinda;yes;FNCA;CAB;;;https://en.wikipedia.org/wiki/Cabinda_Airport
30813;FNCT;medium_airport;Catumbela Airport;-12.4792;13.4869;23;AF;AO;AO-BGU;Catumbela;yes;FNCT;CBT;;;https://en.wikipedia.org/wiki/Catumbela_Airport
2937;FNDU;medium_airport;Dundo Airport;-7.400889873504639;20.818500518798828;2451;AF;AO;AO-LNO;Chitato;yes;FNDU;DUE;;;https://en.wikipedia.org/wiki/Dundo_Airport
2938;FNGI;medium_airport;Ngjiva Pereira Airport;-17.0435009003;15.683799743700002;3566;AF;AO;AO-CNN;Ngiva;yes;FNGI;VPE;;;https://en.wikipedia.org/wiki/Ondjiva_Pereira_Airport
2939;FNHU;medium_airport;Nova Lisboa Airport;-12.808899879455566;15.760499954223633;5587;AF;AO;AO-HUA;Huambo;yes;FNHU;NOV;;;https://en.wikipedia.org/wiki/Nova_Lisboa_Airport
2940;FNKU;medium_airport;Kuito Airport;-12.404600143433;16.947399139404;5618;AF;AO;AO-BIE;Kuito;no;FNKU;SVP;;;https://en.wikipedia.org/wiki/Kuito_Airport
2942;FNLU;large_airport;Quatro de Fevereiro International Airport;-8.85837;13.2312;243;AF;AO;AO-LUA;Luanda;yes;FNLU;LAD;;;https://en.wikipedia.org/wiki/Quatro_de_Fevereiro_Airport
2944;FNMA;medium_airport;Malanje Airport;-9.525090217590332;16.312400817871094;3868;AF;AO;AO-MAL;Malanje;yes;FNMA;MEG;;;https://en.wikipedia.org/wiki/Malanje_Airport
2945;FNME;medium_airport;Menongue Airport;-14.657600402832031;17.71980094909668;4469;AF;AO;AO-CCU;Menongue;yes;FNME;SPP;;;https://en.wikipedia.org/wiki/Menongue_Airport
2946;FNMO;medium_airport;Welwitschia Mirabilis International Airport;-15.2612;12.1468;210;AF;AO;AO-NAM;Moçâmedes;yes;FNMO;MSZ;;;https://en.wikipedia.org/wiki/Welwitschia_Mirabilis_Airport
2947;FNNG;medium_airport;Negage Airport;-7.754509925842285;15.287699699401855;4105;AF;AO;AO-UIG;Negage;yes;FNNG;GXG;;;https://en.wikipedia.org/wiki/Negage_Airport
2948;FNPA;medium_airport;Porto Amboim Airport;-10.722;13.7655;16;AF;AO;AO-CUS;Port Amboim;no;FNPA;PBN;;;https://en.wikipedia.org/wiki/Porto_Amboim_Airport
2949;FNSA;medium_airport;Saurimo Airport;-9.68907;20.4319;3584;AF;AO;AO-LSU;Saurimo;no;FNSA;VHC;;;https://en.wikipedia.org/wiki/Saurimo_Airport
2950;FNSO;medium_airport;Soyo Airport;-6.141089916229248;12.371800422668457;15;AF;AO;AO-ZAI;Soyo;yes;FNSO;SZA;;;https://en.wikipedia.org/wiki/Soyo_Airport
2951;FNSU;medium_airport;Sumbe Airport;-11.1679;13.8475;36;AF;AO;AO-CUS;Sumbe;no;FNSU;NDD;;;https://en.wikipedia.org/wiki/Sumbe_Airport
2952;FNUB;medium_airport;Lubango Airport;-14.924699783325195;13.574999809265137;5778;AF;AO;AO-HUI;Lubango;yes;FNUB;SDD;;;https://en.wikipedia.org/wiki/Lubango_Airport
2953;FNUE;medium_airport;Luena Airport;-11.7681;19.897699;4360;AF;AO;AO-MOX;Luena;no;FNUE;LUO;;;https://en.wikipedia.org/wiki/Luena_Airport
2954;FNUG;medium_airport;Uige Airport;-7.60307;15.0278;2720;AF;AO;AO-UIG;Uige;no;FNUG;UGO;;;https://en.wikipedia.org/wiki/U%C3%ADge_Airport
2955;FNXA;medium_airport;Xangongo Airport;-16.755399703979492;14.965299606323242;3635;AF;AO;AO-CNN;Xangongo;no;FNXA;XGN;;;https://en.wikipedia.org/wiki/Xangongo_Airport
2957;FOGK;medium_airport;Koulamoutou Mabimbi Airport;-1.1846100091934;12.441300392151;1070;AF;GA;GA-7;Koulamoutou;yes;FOGK;KOU;;;https://en.wikipedia.org/wiki/Koula_Moutou_Airport
2958;FOGM;medium_airport;Mouilla Ville Airport;-1.845139980316162;11.056699752807617;295;AF;GA;GA-4;Mouila;yes;FOGM;MJL;;;https://en.wikipedia.org/wiki/Mouila_Airport
2959;FOGO;medium_airport;Oyem Airport;1.5431100130081177;11.581399917602539;2158;AF;GA;GA-9;Oyem;yes;FOGO;OYE;;;https://en.wikipedia.org/wiki/Oyem_Airport
2960;FOGQ;medium_airport;Okondja Airport;-0.665214;13.6731;1325;AF;GA;GA-2;Okondja;no;FOGQ;OKN;;;https://en.wikipedia.org/wiki/Okondja_Airport
2961;FOGR;medium_airport;Lambarene Airport;-0.704389;10.2457;82;AF;GA;GA-3;Lambarene;no;FOGR;LBQ;;;https://en.wikipedia.org/wiki/Lambar%C3%A9n%C3%A9_Airport
2962;FOOB;medium_airport;Bitam Airport;2.07564;11.4932;1969;AF;GA;GA-9;Bitam;no;FOOB;BMM;;;https://en.wikipedia.org/wiki/Bitam_Airport
2963;FOOG;medium_airport;Port Gentil Airport;-0.7117390036582947;8.754380226135254;13;AF;GA;GA-8;Port Gentil;yes;FOOG;POG;;;https://en.wikipedia.org/wiki/Port-Gentil_International_Airport
2964;FOOH;medium_airport;Omboue Hospital Airport;-1.57473;9.26269;33;AF;GA;GA-8;Omboue;no;FOOH;OMB;;;https://en.wikipedia.org/wiki/Ombou%C3%A9_Hospital_Airport
2965;FOOK;medium_airport;Makokou Airport;0.5792109966278076;12.890899658203125;1726;AF;GA;GA-6;Makokou;yes;FOOK;MKU;;;https://en.wikipedia.org/wiki/Makokou_Airport
2966;FOOL;medium_airport;Libreville Leon M'ba International Airport;0.458600014448;9.412280082699999;39;AF;GA;GA-1;Libreville;yes;FOOL;LBV;;http://www.adlgabon.com;https://en.wikipedia.org/wiki/Libreville_International_Airport
2967;FOON;medium_airport;M'Vengue El Hadj Omar Bongo Ondimba International Airport;-1.6561599969863892;13.437999725341797;1450;AF;GA;GA-2;Franceville;yes;FOON;MVB;;;https://en.wikipedia.org/wiki/M'Vengue_El_Hadj_Omar_Bongo_Ondimba_International_Airport
2968;FPPR;medium_airport;Principe Airport;1.66294;7.41174;591;AF;ST;ST-P;São Tomé & Príncipe;yes;FPPR;PCP;;;https://en.wikipedia.org/wiki/Pr%C3%ADncipe_Airport
2969;FPST;large_airport;São Tomé International Airport;0.378175;6.71215;33;AF;ST;ST-01;São Tomé;yes;FPST;TMS;;;https://en.wikipedia.org/wiki/S%C3%A3o_Tom%C3%A9_International_Airport
2970;FQBR;medium_airport;Beira Airport;-19.79640007019043;34.90760040283203;33;AF;MZ;MZ-S;Beira;yes;FQBR;BEW;;;https://en.wikipedia.org/wiki/Beira_Airport
2971;FQCH;medium_airport;Chimoio Airport;-19.15130043029785;33.42900085449219;2287;AF;MZ;MZ-B;Chimoio;yes;FQCH;VPY;;;https://en.wikipedia.org/wiki/Chimoio_Airport
2972;FQIN;medium_airport;Inhambane Airport;-23.8764;35.408501;30;AF;MZ;MZ-I;Inhambane;yes;FQIN;INH;;;https://en.wikipedia.org/wiki/Inhambane_Airport
2973;FQLC;medium_airport;Lichinga Airport;-13.274;35.2663;4505;AF;MZ;MZ-A;Lichinga;yes;FQLC;VXC;;;https://en.wikipedia.org/wiki/Lichinga_Airport
2975;FQMA;large_airport;Maputo Airport;-25.920799;32.572601;145;AF;MZ;MZ-MPM;Maputo;yes;FQMA;MPM;;;https://en.wikipedia.org/wiki/Maputo_International_Airport
2976;FQMD;medium_airport;Mueda Airport;-11.6729;39.563099;2789;AF;MZ;MZ-P;Mueda;no;FQMD;MUD;;;https://en.wikipedia.org/wiki/Mueda_Airport
2977;FQMP;medium_airport;Mocímboa da Praia Airport;-11.3618;40.3549;89;AF;MZ;MZ-P;Mocímboa da Praia;no;FQMP;MZB;;;https://en.wikipedia.org/wiki/Moc%C3%ADmboa_da_Praia_Airport
2980;FQNP;medium_airport;Nampula Airport;-15.105600357055664;39.28179931640625;1444;AF;MZ;MZ-N;Nampula;yes;FQNP;APL;;;https://en.wikipedia.org/wiki/Nampula_Airport
2981;FQPB;medium_airport;Pemba Airport;-12.991762161254883;40.52401351928711;331;AF;MZ;MZ-P;Pemba / Porto Amelia;yes;FQPB;POL;;;https://en.wikipedia.org/wiki/Pemba_Airport
2982;FQQL;medium_airport;Quelimane Airport;-17.855499267578125;36.86909866333008;36;AF;MZ;MZ-Q;Quelimane;yes;FQQL;UEL;;;https://en.wikipedia.org/wiki/Quelimane_Airport
2984;FQTT;medium_airport;Chingozi Airport;-16.104799270629883;33.640201568603516;525;AF;MZ;MZ-T;Tete;yes;FQTT;TET;;;https://en.wikipedia.org/wiki/Chingozi_Airport
2986;FQVL;medium_airport;Vilankulo Airport;-22.018400192260742;35.31330108642578;46;AF;MZ;MZ-I;Vilanculo;yes;FQVL;VNX;;;https://en.wikipedia.org/wiki/Vilankulo_Airport
2993;FSIA;large_airport;Seychelles International Airport;-4.67434;55.521801;10;AF;SC;SC-20;Mahe Island;yes;FSIA;SEZ;;https://seychellesairports.sc/;https://en.wikipedia.org/wiki/Seychelles_International_Airport
2994;FSPP;medium_airport;Praslin Island Airport;-4.319256;55.691561;10;AF;SC;SC-14;Praslin Island;yes;FSPP;PRI;;;https://en.wikipedia.org/wiki/Praslin_Island_Airport
507351;FTFY;medium_airport;Ouadi Doum Air Base;18.52793;20.188644;1308;AF;TD;TD-EO;Wadi Doum;no;FTFY;;;;
2996;FTTC;medium_airport;Abeche Airport;13.847;20.844299;1788;AF;TD;TD-OD;Abeche;yes;FTTC;AEH;;;https://en.wikipedia.org/wiki/Ab%C3%A9ch%C3%A9_Airport
2997;FTTD;medium_airport;Moundou Airport;8.62441;16.0714;1407;AF;TD;TD-LO;Moundou;yes;FTTD;MQQ;;;https://en.wikipedia.org/wiki/Moundou_Airport
2998;FTTJ;large_airport;N'Djamena International Airport;12.1337;15.034;968;AF;TD;TD-ND;N'Djamena;yes;FTTJ;NDJ;;;https://en.wikipedia.org/wiki/N'Djamena_International_Airport
2999;FTTY;medium_airport;Faya-Largeau Airport;17.917101;19.111099;771;AF;TD;TD-BO;Faya-Largeau;no;FTTY;FYT;;;https://en.wikipedia.org/wiki/Faya-Largeau_Airport
3000;FVBU;medium_airport;Joshua Mqabuko Nkomo International Airport;-20.017401;28.617901;4359;AF;ZW;ZW-BU;Bulawayo;yes;FVJN;BUQ;;;https://en.wikipedia.org/wiki/Joshua_Mqabuko_Nkomo_International_Airport
3003;FVCZ;medium_airport;Buffalo Range Airport;-21.008101;31.5786;1421;AF;ZW;ZW-MV;Chiredzi;no;FVCZ;BFO;;https://www.caaz.co.zw/buffalo-range-airport;https://en.wikipedia.org/wiki/Buffalo_Range_Airport
3004;FVFA;medium_airport;Victoria Falls International Airport;-18.09589958190918;25.839000701904297;3490;AF;ZW;ZW-MN;Victoria Falls;yes;FVFA;VFA;;;https://en.wikipedia.org/wiki/Victoria_Falls_Airport
3005;FVHA;large_airport;Robert Gabriel Mugabe International Airport;-17.931801;31.0928;4887;AF;ZW;ZW-HA;Harare;yes;FVRG;HRE;;;https://en.wikipedia.org/wiki/Harare_International_Airport
3006;FVKB;medium_airport;Kariba International Airport;-16.5198;28.885;1706;AF;ZW;ZW-MW;Kariba;no;FVKB;KAB;;https://www.caaz.co.zw/kariba-airport;https://en.wikipedia.org/wiki/Kariba_Airport
3008;FVMT;medium_airport;Mutoko Airport;-17.4319;32.184502;3950;AF;ZW;ZW-ME;Mutoko;no;FVMT;;;;https://en.wikipedia.org/wiki/Mutoko_Airport
3010;FVMV;medium_airport;Masvingo International Airport;-20.0553;30.8591;3595;AF;ZW;ZW-MV;Masvingo;no;FVMV;MVZ;;;https://en.wikipedia.org/wiki/Masvingo_Airport
3013;FVTL;medium_airport;Gweru - Thornhill Air Base;-19.436718;29.861945;4680;AF;ZW;ZW-MI;Gweru;no;FVTL;GWE;;;https://en.wikipedia.org/wiki/Gweru-Thornhill_Air_Base
3014;FVWN;medium_airport;Hwange National Park Airport;-18.629899978637695;27.020999908447266;3543;AF;ZW;ZW-MN;Hwange;no;FVWN;HWN;;;https://en.wikipedia.org/wiki/Hwange_National_Park_Airport
3015;FWCL;medium_airport;Chileka International Airport;-15.679100036621094;34.9739990234375;2555;AF;MW;MW-BL;Blantyre;yes;FWCL;BLZ;;;https://en.wikipedia.org/wiki/Chileka_International_Airport
30602;FWDW;medium_airport;Dwangwa Airport;-12.517527;34.131877;1605;AF;MW;MW-NK;Dwangwa;no;FWDW;DWA;;;https://en.wikipedia.org/wiki/Dwanga_Airport
3016;FWKA;medium_airport;Karonga Airport;-9.953571;33.893264;1765;AF;MW;MW-KR;Karonga;no;FWKA;KGJ;;;https://en.wikipedia.org/wiki/Karonga_Airport
3018;FWKI;medium_airport;Lilongwe International Airport;-13.7894001007;33.78099823;4035;AF;MW;MW-LI;Lilongwe;yes;FWKI;LLW;;;https://en.wikipedia.org/wiki/Lilongwe_International_Airport
30603;FWMG;medium_airport;Mangochi Airport;-14.483;35.266998;1580;AF;MW;MW-MG;Mangochi;no;FWMG;MAI;;;https://en.wikipedia.org/wiki/Mangochi_Airport
3020;FWUU;medium_airport;Mzuzu Airport;-11.4447;34.011799;4115;AF;MW;MW-MZ;Mzuzu;no;FWUU;ZZU;;;https://en.wikipedia.org/wiki/Mzuzu_Airport
3022;FXMM;medium_airport;Moshoeshoe I International Airport;-29.462299346923828;27.552499771118164;5348;AF;LS;LS-A;Maseru;yes;FXMM;MSU;;;https://en.wikipedia.org/wiki/Moshoeshoe_I_International_Airport
3024;FYAR;medium_airport;Arandis Airport;-22.461875;14.979322;1905;AF;NA;NA-ER;Arandis;no;FYAR;ADI;;;https://en.wikipedia.org/wiki/Arandis_Airport
3026;FYGF;medium_airport;Grootfontein Airport;-19.6022;18.1227;4636;AF;NA;NA-OD;Grootfontein;no;FYGF;GFY;;;https://en.wikipedia.org/wiki/Grootfontein_Air_Force_Base
3027;FYKM;medium_airport;Katima Mulilo Airport;-17.634258;24.176688;3144;AF;NA;NA-CA;Mpacha;yes;FYKM;MPA;;;https://en.wikipedia.org/wiki/Katima_Mulilo_Airport
3028;FYKT;medium_airport;Keetmanshoop Airport;-26.539801;18.111401;3506;AF;NA;NA-KA;Keetmanshoop;no;FYKT;KMP;;;https://en.wikipedia.org/wiki/Keetmanshoop_Airport
3029;FYLZ;medium_airport;Luderitz Airport;-26.687400817871094;15.242899894714355;457;AF;NA;NA-KA;Luderitz;yes;FYLZ;LUD;;;https://en.wikipedia.org/wiki/L%C3%BCderitz_Airport
3030;FYML;medium_airport;Mariental Airport;-24.6054;17.9254;3650;AF;NA;NA-HA;Mariental;no;FYML;;;;https://en.wikipedia.org/wiki/Mariental_Airport
3031;FYOA;medium_airport;Ondangwa Airport;-17.878201;15.9526;3599;AF;NA;NA-ON;Ondangwa;yes;FYOA;OND;;;https://en.wikipedia.org/wiki/Ondangwa_Airport
3032;FYOG;medium_airport;Oranjemund Airport;-28.5847;16.446699;14;AF;NA;NA-KA;Oranjemund;yes;FYOG;OMD;;;https://en.wikipedia.org/wiki/Oranjemund_Airport
3035;FYRU;medium_airport;Rundu Airport;-17.956499099731;19.719400405884;3627;AF;NA;NA-KE;Rundu;yes;FYRU;NDU;;;http://ourairports.com/airports/FYRU/#lat=-17.956499099731445,lon=19.71940040588379,zoom=13,type=Satellite,airport=FYRU
3036;FYTM;medium_airport;Tsumeb Airport;-19.26189994812;17.732500076294;4353;AF;NA;NA-OT;Tsumeb;no;FYTM;TSB;;;https://en.wikipedia.org/wiki/Tsumeb_Airport
3037;FYWB;medium_airport;Walvis Bay Airport;-22.9799;14.6453;299;AF;NA;NA-ER;Walvis Bay;yes;FYWB;WVB;;;https://en.wikipedia.org/wiki/Walvis_Bay_Airport
3038;FYWE;medium_airport;Eros Airport;-22.612199783325195;17.080400466918945;5575;AF;NA;NA-KH;Windhoek;yes;FYWE;ERS;;;https://en.wikipedia.org/wiki/Eros_Airport
3039;FYWH;large_airport;Hosea Kutako International Airport;-22.4799;17.4709;5640;AF;NA;NA-KH;Windhoek;yes;FYWH;WDH;;http://airports.com.na/;https://en.wikipedia.org/wiki/Windhoek_Hosea_Kutako_International_Airport
3040;FZAA;large_airport;Ndjili International Airport;-4.38575;15.4446;1027;AF;CD;CD-KN;Kinshasa;yes;FZAA;FIH;;;https://en.wikipedia.org/wiki/N%27djili_Airport
3041;FZAB;medium_airport;Ndolo Airport;-4.32666015625;15.327500343323;915;AF;CD;CD-KN;N'dolo;no;FZAB;NLO;;;https://en.wikipedia.org/wiki/N%27Dolo_Airport
3044;FZBO;medium_airport;Bandundu Airport;-3.31132;17.381701;1063;AF;CD;CD-KL;Bandundu;yes;FZBO;FDU;;;https://en.wikipedia.org/wiki/Bandundu_Airport
3045;FZCA;medium_airport;Kikwit Airport;-5.03577;18.785601;1572;AF;CD;CD-KL;Kikwit;yes;FZCA;KKW;;;https://en.wikipedia.org/wiki/Kikwit_Airport
3046;FZEA;medium_airport;Mbandaka Airport;0.0226000007242;18.2887001038;1040;AF;CD;CD-EQ;Mbandaka;yes;FZEA;MDK;;;https://en.wikipedia.org/wiki/Mbandaka_Airport
3047;FZFD;medium_airport;Gbadolite Airport;4.252745;20.975271;1509;AF;CD;CD-NU;Gbadolite;yes;FZFD;BDT;;;https://en.wikipedia.org/wiki/Gbadolite_Airport
3048;FZFK;medium_airport;Gemena Airport;3.23537;19.771299;1378;AF;CD;CD-SU;Gemena;yes;FZFK;GMA;;;https://en.wikipedia.org/wiki/Gemena_Airport
3050;FZGA;medium_airport;Lisala Airport;2.17066;21.496901;1509;AF;CD;CD-MO;Lisala;no;FZGA;LIQ;;;https://en.wikipedia.org/wiki/Lisala_Airport
3052;FZIC;medium_airport;Bangoka International Airport;0.481638997793;25.3379993439;1417;AF;CD;CD-TO;Kisangani;yes;FZIC;FKI;;;https://en.wikipedia.org/wiki/Bangoka_International_Airport
3053;FZJH;medium_airport;Matari Airport;2.82761;27.588301;2438;AF;CD;CD-HU;Isiro;yes;FZJH;IRP;;;https://en.wikipedia.org/wiki/Matari_Airport
3054;FZKA;medium_airport;Bunia Airport;1.565743;30.220685;4045;AF;CD;CD-IT;Bunia;yes;FZKA;BUX;;;https://en.wikipedia.org/wiki/Bunia_Airport
3055;FZKJ;medium_airport;Buta Zega Airport;2.818058;24.793997;1378;AF;CD;CD-BU;Buta;no;FZKJ;BZU;;;https://en.wikipedia.org/wiki/Buta_Zega_Airport
3056;FZMA;medium_airport;Bukavu Kavumu Airport;-2.30898;28.8088;5643;AF;CD;CD-SK;Kamakombe;no;FZMA;BKY;;;https://en.wikipedia.org/wiki/Kavumu_Airport
3057;FZNA;medium_airport;Goma International Airport;-1.66617;29.237929;5089;AF;CD;CD-NK;Goma;yes;FZNA;GOM;;;https://en.wikipedia.org/wiki/Goma_International_Airport
3058;FZOA;medium_airport;Kindu Airport;-2.91917991638;25.915399551399997;1630;AF;CD;CD-MA;Kindu;yes;FZOA;KND;;;https://en.wikipedia.org/wiki/Kindu_Airport
3059;FZQA;medium_airport;Lubumbashi International Airport;-11.5913000107;27.5308990479;4295;AF;CD;CD-HK;Lubumbashi;yes;FZQA;FBM;;;https://en.wikipedia.org/wiki/Lubumbashi_International_Airport
3060;FZQM;medium_airport;Kolwezi Airport;-10.7659;25.505699;5007;AF;CD;CD-LU;Kolwezi;yes;FZQM;KWZ;;;https://en.wikipedia.org/wiki/Kolwezi_Airport
3061;FZRF;medium_airport;Kalemie Airport;-5.87556;29.25;2569;AF;CD;CD-TA;Kalemie;yes;FZRF;FMI;;;https://en.wikipedia.org/wiki/Kalemie_Airport
3062;FZSA;medium_airport;Kamina Air Base;-8.64202;25.252899;3543;AF;CD;CD-HL;Lumwe;no;FZSA;;;;https://en.wikipedia.org/wiki/Kamina_Air_Base
3063;FZUA;medium_airport;Kananga Airport;-5.90005;22.4692;2139;AF;CD;CD-KC;Kananga;yes;FZUA;KGA;;;https://en.wikipedia.org/wiki/Kananga_Airport
3064;FZWA;medium_airport;Mbuji Mayi Airport;-6.121240139010001;23.569000244099996;2221;AF;CD;CD-KE;Mbuji Mayi;yes;FZWA;MJM;;;https://en.wikipedia.org/wiki/Mbuji_Mayi_Airport
3066;GABS;large_airport;Modibo Keita International Airport;12.5335;-7.94994;1247;AF;ML;ML-2;Bamako;yes;GABS;BKO;;;https://en.wikipedia.org/wiki/Bamako%E2%80%93S%C3%A9nou_International_Airport
3067;GAGO;medium_airport;Gao Airport;16.2484;-0.005456;870;AF;ML;ML-7;;yes;GAGO;GAQ;;;https://en.wikipedia.org/wiki/Gao_International_Airport
3068;GAKY;medium_airport;Kayes Dag Dag Airport;14.4812;-11.4044;164;AF;ML;ML-1;;yes;GAKD;KYS;;;https://en.wikipedia.org/wiki/Kayes_Airport
3069;GAMB;medium_airport;Mopti Ambodédjo International Airport;14.5128;-4.07956;906;AF;ML;ML-5;Sévaré;yes;GAMB;MZI;;;https://en.wikipedia.org/wiki/Mopti_Airport
3071;GATB;medium_airport;Timbuktu Airport;16.730499;-3.00758;863;AF;ML;ML-7;Timbuktu;yes;GATB;TOM;;;https://en.wikipedia.org/wiki/Timbuktu_Airport
3076;GBYD;large_airport;Banjul International Airport;13.338;-16.652201;95;AF;GM;GM-W;Banjul;yes;GBYD;BJL;;;https://en.wikipedia.org/wiki/Banjul_International_Airport
3077;GCFV;large_airport;Fuerteventura Airport;28.4527;-13.8638;85;AF;ES;ES-CN;El Matorral;yes;GCFV;FUE;;https://www.aena.es/en/fuerteventura.html;https://en.wikipedia.org/wiki/Fuerteventura_Airport
3079;GCHI;medium_airport;El Hierro Airport;27.8148;-17.8871;103;AF;ES;ES-CN;El Hierro Island;yes;GCHI;VDE;;https://www.aena.es/en/el-hierro.html;https://en.wikipedia.org/wiki/El_Hierro_Airport
3080;GCLA;medium_airport;La Palma Airport;28.626499;-17.7556;107;AF;ES;ES-CN;Sta Cruz de la Palma, La Palma Island;yes;GCLA;SPC;;https://www.aena.es/en/la-palma.html;https://en.wikipedia.org/wiki/La_Palma_Airport
3081;GCLP;large_airport;Gran Canaria Airport;27.9319;-15.3866;78;AF;ES;ES-CN;Gran Canaria Island;yes;GCLP;LPA;;https://www.aena.es/en/gran-canaria.html;https://en.wikipedia.org/wiki/Gran_Canaria_Airport
3082;GCRR;large_airport;César Manrique-Lanzarote Airport;28.945499;-13.6052;46;AF;ES;ES-CN;San Bartolomé;yes;GCRR;ACE;;https://www.lanzaroteairport.info/barrier-free-disability-assistance-service/;https://en.wikipedia.org/wiki/Lanzarote_Airport
3083;GCTS;large_airport;Tenerife Sur Airport;28.0445;-16.5725;209;AF;ES;ES-CN;Tenerife;yes;GCTS;TFS;;https://www.aena.es/en/tenerife-sur.html;https://en.wikipedia.org/wiki/Tenerife%E2%80%93South_Airport
3084;GCXO;medium_airport;Tenerife Norte-Ciudad de La Laguna Airport;28.4827;-16.341499;2076;AF;ES;ES-CN;Tenerife;yes;GCXO;TFN;;https://www.aena.es/en/tenerife-norte-ciudad-de-la-laguna.html;https://en.wikipedia.org/wiki/Los_Rodeos_Airport
3093;GEML;medium_airport;Melilla Airport;35.2798;-2.95626;156;AF;ES;ES-ML;Melilla;yes;GEML;MLN;;https://www.aena.es/en/melilla.html;https://en.wikipedia.org/wiki/Melilla_Airport
31728;GFBO;medium_airport;Bo Airport;7.9444;-11.761;328;AF;SL;SL-S;Bo;yes;GFBO;KBS;;;https://en.wikipedia.org/wiki/Bo_Airport
31741;GFKE;medium_airport;Kenema Airport;7.896364;-11.174126;485;AF;SL;SL-E;Kenema;yes;GFKE;KEN;;;https://en.wikipedia.org/wiki/Kenema_Airport
3095;GFLL;large_airport;Lungi International Airport;8.61644;-13.1955;84;AF;SL;SL-N;Freetown (Lungi-Town);yes;GFLL;FNA;;http://www.freetownairport.com/;https://en.wikipedia.org/wiki/Lungi_International_Airport
32689;GFYE;medium_airport;Yengema Airport;8.610469818115234;-11.04539966583252;1300;AF;SL;SL-E;Yengema;yes;GFYE;WYE;;;https://en.wikipedia.org/wiki/Yengema_Airport
3097;GGOV;medium_airport;Osvaldo Vieira International Airport;11.894800186157227;-15.65369987487793;129;AF;GW;GW-BS;Bissau;yes;GGOV;OXB;;;https://en.wikipedia.org/wiki/Osvaldo_Vieira_International_Airport
3098;GLMR;medium_airport;Spriggs Payne Airport;6.28906;-10.7587;25;AF;LR;LR-MO;Monrovia;yes;GLMR;MLW;;;https://en.wikipedia.org/wiki/Spriggs_Payne_Airport
3099;GLRB;large_airport;Roberts International Airport;6.23379;-10.3623;31;AF;LR;LR-MG;Monrovia;yes;GLRB;ROB;;;https://en.wikipedia.org/wiki/Roberts_International_Airport
3101;GMAD;medium_airport;Al Massira Airport;30.322478;-9.412003;250;AF;MA;MA-AGD;Agadir (Temsia);yes;GMAD;AGA;;http://www.agadir-airport.com/en/index.php;https://en.wikipedia.org/wiki/Al_Massira_Airport
3102;GMAT;medium_airport;Tan Tan Airport;28.448200225830078;-11.161299705505371;653;AF;MA;MA-TNT;Tan Tan;yes;GMAT;TTA;;;https://en.wikipedia.org/wiki/Tan_Tan_Airport
300605;GMFB;medium_airport;Bouarfa Airport;32.514306;-1.983056;3630;AF;MA;MA-FIG;Bouarfa;no;GMFB;UAR;;;https://en.wikipedia.org/wiki/Bouarfa_Airport
3103;GMFF;medium_airport;Fes Saïss International Airport;33.927299;-4.97796;1900;AF;MA;MA-FES;Saïss;yes;GMFF;FEZ;;;https://en.wikipedia.org/wiki/Sa%C3%AFss_Airport
3105;GMFK;medium_airport;Moulay Ali Cherif Airport;31.9475002289;-4.39833021164;3428;AF;MA;MA-ERR;Errachidia;yes;GMFK;ERH;;;https://en.wikipedia.org/wiki/Moulay_Ali_Cherif_Airport
3106;GMFM;medium_airport;Bassatine Airport;33.879101;-5.51512;1890;AF;MA;MA-MEK;Meknes;no;GMFM;MEK;;;https://en.wikipedia.org/wiki/Bassatine_Air_Base
3107;GMFO;medium_airport;Oujda Angads Airport;34.789558;-1.926041;1535;AF;MA;MA-OUJ;Ahl Angad;yes;GMFO;OUD;;;https://en.wikipedia.org/wiki/Angads_Airport
3108;GMMA;medium_airport;Smara Airport;26.731987;-11.683655;350;AF;EH;EH-U-A;Smara;yes;GMMA;SMW;;;https://en.wikipedia.org/wiki/Smara_Airport
3109;GMME;medium_airport;Rabat-Salé Airport;34.051498;-6.75152;276;AF;MA;MA-RBA;Rabat;yes;GMME;RBA;;https://www.onda.ma/en/Our-Airports/Rabat-Sale-Airport;https://en.wikipedia.org/wiki/Sale_Airport
3110;GMMH;medium_airport;Dakhla Airport;23.7183;-15.932;36;AF;EH;EH-U-A;Dakhla;yes;GMMH;VIL;;;https://en.wikipedia.org/wiki/Dakhla_Airport
3111;GMMI;medium_airport;Essaouira-Mogador Airport;31.397499;-9.68167;384;AF;MA;MA-ESI;Essaouira;yes;GMMI;ESU;;;https://en.wikipedia.org/wiki/Essaouira-Mogador_Airport
3112;GMML;medium_airport;Hassan I Airport;27.142467;-13.224947;207;AF;EH;EH-U-A;El Aaiún;yes;GMML;EUN;;;https://en.wikipedia.org/wiki/Hassan_Airport
3113;GMMN;large_airport;Mohammed V International Airport;33.3675;-7.58997;656;AF;MA;MA-CAS;Casablanca;yes;GMMN;CMN;;http://www.onda.ma/ONDA/Fr/Espaces/EspacePassagers/LeReseauAeroportuaireONDA/Lesaeroports/Fiches+d%E2%80%99identit%C3%A9+par+a%C;https://en.wikipedia.org/wiki/Mohammed_V_International_Airport
3114;GMMW;medium_airport;Nador Al Aaroui International Airport;34.9888;-3.02821;574;AF;MA;MA-NAD;Al Aaroui;yes;GMMW;NDR;;;https://en.wikipedia.org/wiki/Nador_International_Airport
3115;GMMX;medium_airport;Menara Airport;31.606899261499997;-8.03629970551;1545;AF;MA;MA-MAR;Marrakech;yes;GMMX;RAK;;;https://en.wikipedia.org/wiki/Menara_International_Airport
3116;GMMY;medium_airport;Kenitra Air Base;34.298901;-6.59588;16;AF;MA;MA-KEN;Kenitra;no;GMMP;NNA;;;https://en.wikipedia.org/wiki/Kenitra_Air_Base
3117;GMMZ;medium_airport;Ouarzazate Airport;30.9391002655;-6.909430027010001;3782;AF;MA;MA-OUA;Ouarzazate;yes;GMMZ;OZZ;;;https://en.wikipedia.org/wiki/Ouarzazate_Airport
3119;GMTA;medium_airport;Cherif Al Idrissi Airport;35.177101135253906;-3.83951997756958;95;AF;MA;MA-HOC;Al Hoceima;yes;GMTA;AHU;;;https://en.wikipedia.org/wiki/Cherif_Al_Idrissi_Airport
3120;GMTN;medium_airport;Sania Ramel Airport;35.594299;-5.32002;10;AF;MA;MA-TET;Tétouan;yes;GMTN;TTU;;;https://en.wikipedia.org/wiki/Sania_Ramel_Airport
3121;GMTT;medium_airport;Tangier Ibn Battuta Airport;35.731741;-5.921459;62;AF;MA;MA-TNG;Tangier;yes;GMTT;TNG;;;https://en.wikipedia.org/wiki/Tangier_Ibn_Battouta_Airport
325736;GOBD;large_airport;Blaise Diagne International Airport;14.67;-17.073333;290;AF;SN;SN-DK;Dakar;yes;GOBD;DSS;;http://www.dakaraeroport.com/;https://en.wikipedia.org/wiki/Blaise_Diagne_International_Airport
3122;GOGG;medium_airport;Ziguinchor Airport;12.5556;-16.281799;75;AF;SN;SN-ZG;Ziguinchor;yes;GOGG;ZIG;;;https://en.wikipedia.org/wiki/Ziguinchor_Airport
3123;GOGS;medium_airport;Cap Skirring Airport;12.39533;-16.748;52;AF;SN;SN-ZG;Cap Skirring;yes;GOGS;CSK;;;https://en.wikipedia.org/wiki/Cap_Skirring_Airport
3124;GOOK;medium_airport;Kaolack Airport;14.146900177001953;-16.051300048828125;26;AF;SN;SN-FK;Kaolack;no;GOOK;KLC;;;https://en.wikipedia.org/wiki/Kaolack_Airport
3125;GOOY;medium_airport;Léopold Sédar Senghor International Airport;14.7397;-17.4902;85;AF;SN;SN-DK;Dakar;no;GOOY;DKR;;http://www.aeroportdakar.com/;https://en.wikipedia.org/wiki/Dakar-Yoff-L%C3%A9opold_S%C3%A9dar_Senghor_International_Airport
31879;GOSM;medium_airport;Ouro Sogui Airport;15.5936;-13.3228;85;AF;SN;SN-MT;Ouro Sogui;yes;GOSM;MAX;;;https://en.wikipedia.org/wiki/Ouro_Sogui_Airport
3126;GOSS;medium_airport;Saint Louis Airport;16.049814;-16.461039;9;AF;SN;SN-SL;Saint Louis;yes;GOSS;XLS;;;https://en.wikipedia.org/wiki/Saint_Louis_Airport
3127;GOTB;medium_airport;Bakel Airport;14.847299575805664;-12.468299865722656;98;AF;SN;SN-TC;Bakel;no;GOTB;BXE;;;https://en.wikipedia.org/wiki/Bakel_Airport
3128;GOTK;medium_airport;Kédougou Airport;12.57229995727539;-12.22029972076416;584;AF;SN;SN-TC;Kédougou;no;GOTK;KGG;;;https://en.wikipedia.org/wiki/K%C3%A9dougou_Airport
3129;GOTT;medium_airport;Tambacounda Airport;13.736800193786621;-13.65310001373291;161;AF;SN;SN-TC;Tambacounda;yes;GOTT;TUD;;;https://en.wikipedia.org/wiki/Tambacounda_Airport
323315;GQNO;large_airport;Nouakchott–Oumtounsy International Airport;18.31;-15.969722;9;AF;MR;MR-NKC;Nouakchott;yes;GQNO;NKC;;;https://en.wikipedia.org/wiki/Nouakchott%E2%80%93Oumtounsy_International_Airport
3137;GQPA;medium_airport;Atar International Airport;20.506799697875977;-13.04319953918457;734;AF;MR;MR-07;Atar;no;GQPA;ATR;;;https://en.wikipedia.org/wiki/Atar_International_Airport
3138;GQPP;medium_airport;Nouadhibou International Airport;20.9330997467041;-17.030000686645508;24;AF;MR;MR-08;Nouadhibou;yes;GQPP;NDB;;;https://en.wikipedia.org/wiki/Nouadhibou_International_Airport
3146;GUCY;medium_airport;Conakry International Airport;9.57689;-13.612;72;AF;GN;GN-C;Conakry;yes;GUCY;CKY;;http://www.aeroport-conakry.com/aeroport_international_de_conakry.php;https://en.wikipedia.org/wiki/Conakry_International_Airport
3150;GVAC;large_airport;Amílcar Cabral International Airport;16.7414;-22.9494;177;AF;CV;CV-B;Espargos;yes;GVAC;SID;;;https://en.wikipedia.org/wiki/Am%C3%ADlcar_Cabral_International_Airport
3151;GVBA;medium_airport;Rabil Airport;16.136499404907227;-22.888900756835938;69;AF;CV;CV-B;Rabil;yes;GVBA;BVC;;;https://en.wikipedia.org/wiki/Rabil_Airport
3152;GVMA;medium_airport;Maio Airport;15.155900001525879;-23.213699340820312;36;AF;CV;CV-S;Vila do Maio;yes;GVMA;MMO;;;https://en.wikipedia.org/wiki/Maio_Airport
3153;GVNP;large_airport;Nelson Mandela International Airport;14.941126;-23.484728;230;AF;CV;CV-S;Praia;yes;GVNP;RAI;;https://www.vinci-airports.cv/aeroporto_asa/aeroporto-internacional-nelson-mandela/;https://en.wikipedia.org/wiki/Francisco_Mendes_International_Airport
3154;GVSN;medium_airport;Preguiça Airport;16.588852;-24.284132;669;AF;CV;CV-B;Preguiça;yes;GVSN;SNE;;;https://en.wikipedia.org/wiki/Pregui%C3%A7a_Airport
3155;GVSV;medium_airport;São Pedro Airport;16.8332;-25.0553;66;AF;CV;CV-B;São Pedro;yes;GVSV;VXE;;;https://en.wikipedia.org/wiki/S%C3%A3o_Pedro_Airport
3157;HAAB;large_airport;Addis Ababa Bole International Airport;8.97789;38.799301;7630;AF;ET;ET-AA;Addis Ababa;yes;HAAB;ADD;;http://www.ethiopianairports.com;https://en.wikipedia.org/wiki/Bole_International_Airport
3159;HAAM;medium_airport;Arba Minch Airport;6.03939;37.5905;3901;AF;ET;ET-SN;Arba Minch;yes;HAAM;AMH;;;https://en.wikipedia.org/wiki/Arba_Minch_Airport
3160;HAAX;medium_airport;Axum Airport;14.1468;38.7728;6959;AF;ET;ET-TI;Axum;yes;HAAX;AXU;;;https://en.wikipedia.org/wiki/Axum_Airport
3161;HABD;medium_airport;Bahir Dar Airport;11.6081;37.321602;5978;AF;ET;ET-AM;Bahir Dar;yes;HABD;BJR;;;https://en.wikipedia.org/wiki/Bahir_Dar_Airport
3162;HADR;medium_airport;Aba Tenna Dejazmach Yilma International Airport;9.624699592590332;41.85419845581055;3827;AF;ET;ET-DD;Dire Dawa;yes;HADR;DIR;;;https://en.wikipedia.org/wiki/Aba_Tenna_Dejazmach_Yilma_International_Airport
3163;HAGM;medium_airport;Gambela Airport;8.12876;34.563099;1614;AF;ET;ET-GA;Gambela;yes;HAGM;GMB;;;https://en.wikipedia.org/wiki/Gambela_Airport
3164;HAGN;medium_airport;Gondar Airport;12.5199;37.433998;6449;AF;ET;ET-AM;Azezo;yes;HAGN;GDQ;;;https://en.wikipedia.org/wiki/Gondar_Airport
3165;HAGO;medium_airport;Gode Airport;5.93513011932;43.5786018372;834;AF;ET;ET-SO;Gode;yes;HAGO;GDE;;;https://en.wikipedia.org/wiki/Gode_Airport
300239;HAHM;medium_airport;Harar Meda Airport;8.7163;39.0059;6201;AF;ET;ET-OR;Debre Zeyit;no;HAHM;QHR;;;https://en.wikipedia.org/wiki/Harar_Meda_Airport
313314;HAJJ;medium_airport;Wilwal International Airport;9.3325;42.9121;5954;AF;ET;ET-SO;Jijiga;yes;HAJJ;JIJ;;;https://en.wikipedia.org/wiki/Jijiga_Airport
3166;HAJM;medium_airport;Jimma Airport;7.66609001159668;36.81660079956055;5500;AF;ET;ET-OR;Jimma;yes;HAJM;JIM;;;https://en.wikipedia.org/wiki/Aba_Segud_Airport
30612;HAKD;medium_airport;Kebri Dahar Airport;6.732577;44.241339;1800;AF;ET;ET-SO;Kebri Dahar;yes;HAKD;ABK;;;https://en.wikipedia.org/wiki/Kabri_Dar_Airport
30664;HALA;medium_airport;Hawassa International Airport;7.099869;38.396187;5450;AF;ET;ET-XSD;Hawassa;yes;HALA;AWA;;;https://en.wikipedia.org/wiki/Awasa_Airport
3168;HAMK;medium_airport;Alula Aba Nega Airport;13.4674;39.533501;7396;AF;ET;ET-TI;Mekelle;yes;HAMK;MQX;;;https://en.wikipedia.org/wiki/Alula_Aba_Airport
3169;HASO;medium_airport;Asosa Airport;10.018500328063965;34.586299896240234;5100;AF;ET;ET-BE;Asosa;yes;HASO;ASO;;;https://en.wikipedia.org/wiki/Asosa_Airport
3170;HBBA;medium_airport;Bujumbura Melchior Ndadaye International Airport;-3.32402;29.318501;2582;AF;BI;BI-BM;Bujumbura;yes;HBBA;BJM;;;https://en.wikipedia.org/wiki/Bujumbura_International_Airport
3171;HCMH;medium_airport;Egal International Airport;9.513207;44.082389;4471;AF;SO;SO-WO;Hargeisa;yes;HCMH;HGA;;;https://en.wikipedia.org/wiki/Hargeisa_International_Airport
3172;HCMI;medium_airport;Berbera Airport;10.385035;44.936723;30;AF;SO;SO-WO;Berbera;yes;HCMI;BBO;;;https://en.wikipedia.org/wiki/Berbera_Airport
3173;HCMK;medium_airport;Kismayo Airport;-0.377353;42.459202;49;AF;SO;SO-JH;Kismayo;no;HCMK;KMU;;;https://en.wikipedia.org/wiki/Kismayo_Airport
31899;HCMM;medium_airport;Aden Adde International Airport;2.0144400596618652;45.3046989440918;29;AF;SO;SO-BN;Mogadishu;yes;HCMM;MGQ;;;https://en.wikipedia.org/wiki/Aden_Adde_International_Airport
3174;HDAM;large_airport;Djibouti-Ambouli Airport;11.5473;43.1595;49;AF;DJ;DJ-DJ;Djibouti City;yes;HDAM;JIB;;;https://en.wikipedia.org/wiki/Djibouti-Ambouli_International_Airport
3175;HEAL;medium_airport;El Alamein International Airport;30.924324;28.46161;154;AF;EG;EG-MT;El Alamein;yes;HEAL;DBB;;;https://en.wikipedia.org/wiki/El_Alamein_International_Airport
3176;HEAR;medium_airport;El Arish International Airport;31.078565;33.836791;118;AS;EG;EG-SIN;El Arish;yes;HEAR;AAC;;;https://en.wikipedia.org/wiki/El_Arish_International_Airport
3177;HEAT;medium_airport;Asyut International Airport;27.050818;31.016309;748;AF;EG;EG-AST;Asyut;yes;HEAT;ATZ;;;https://en.wikipedia.org/wiki/Assiut_Airport
3179;HEAZ;medium_airport;Almaza Air Force Base;30.091702;31.359739;246;AF;EG;EG-C;El Nozha;no;HEAZ;;;;https://en.wikipedia.org/wiki/Almaza_Air_Base
3180;HEBA;medium_airport;Borj El Arab International Airport;30.93249;29.696437;171;AF;EG;EG-ALX;Alexandria;yes;HEBA;HBE;;;https://en.wikipedia.org/wiki/Borg_El_Arab_Airport
3181;HEBL;medium_airport;Abu Simbel Airport;22.367657;31.609962;614;AF;EG;EG-ASN;Abu Simbel;yes;HEBL;ABS;;;https://en.wikipedia.org/wiki/Abu_Simbel_Airport
3182;HEBS;medium_airport;Bani Sweif Air Base;29.20224;31.013471;102;AF;EG;EG-BNS;Bani Sweif;no;HEBS;;;;
3183;HECA;large_airport;Cairo International Airport;30.111534;31.396694;322;AF;EG;EG-C;Cairo;yes;HECA;CAI;;;https://en.wikipedia.org/wiki/Cairo_International_Airport
2356;HECP;medium_airport;Capital International Airport;30.074293;31.84296;761;AF;EG;EG-C;New Cairo;no;HECP;CCE;;http://www.avit.com.eg/index.php/projects/item/138-katameya-airport;https://en.wikipedia.org/wiki/Capital_International_Airport_(Egypt)
3184;HECW;medium_airport;Cairo West Air Base;30.107943;30.915222;535;AF;EG;EG-GZ;Cairo;no;HECW;;;;https://en.wikipedia.org/wiki/Cairo_West_Air_Base
3186;HEGN;large_airport;Hurghada International Airport;27.176776;33.796692;32;AF;EG;EG-BA;Hurghada;yes;HEGN;HRG;;;https://en.wikipedia.org/wiki/Hurghada_International_Airport
3188;HEGR;medium_airport;El Jora Airport;31.078138;34.153131;331;AS;EG;EG-SIN;El Jora;no;HEGR;EGH;;;https://en.wikipedia.org/wiki/El_Gora_Airport
3189;HEGS;medium_airport;Jiyanklis Air Base;30.819799;30.1912;49;AF;EG;EG-BH;Abu El Matamir;no;HEGS;;;;
2383;HEIS;medium_airport;Ismailia Air Base;30.597951;32.235689;43;AF;EG;EG-IS;Ismailia;no;HEIS;;;;https://en.wikipedia.org/wiki/Ismailia_Air_Base
3191;HELX;medium_airport;Luxor International Airport;25.674629;32.700012;276;AF;EG;EG-LX;Luxor;yes;HELX;LXR;;;https://en.wikipedia.org/wiki/Luxor_International_Airport
3192;HEMA;medium_airport;Marsa Alam International Airport;25.555548;34.59245;213;AF;EG;EG-BA;Marsa Alam;yes;HEMA;RMF;;http://www.marsa-alam-airport.com;https://en.wikipedia.org/wiki/Marsa_Alam_International_Airport
3193;HEMM;medium_airport;Marsa Matruh International Airport;31.325464;27.221716;75;AF;EG;EG-MT;Marsa Matruh;yes;HEMM;MUH;;;https://en.wikipedia.org/wiki/Mersa_Matruh_Airport
3196;HEPS;medium_airport;Port Said International Airport;31.279285;32.240582;10;AF;EG;EG-PTS;Port Said;no;HEPS;PSD;;http://en.wikipedia.org/wiki/Port_Said_Airport;https://en.wikipedia.org/wiki/Port_Said_Airport
3197;HESC;medium_airport;Saint Catherine International Airport;28.684601;34.062681;4402;AS;EG;EG-JS;Saint Catherine;no;HESC;SKV;;;https://en.wikipedia.org/wiki/St._Catherine_International_Airport
300893;HESG;medium_airport;Suhaj Mubarak International Airport;26.339115;31.737624;322;AF;EG;EG-SHG;Suhaj;yes;HESG;HMB;;;https://en.wikipedia.org/wiki/Sohag_International_Airport
3198;HESH;large_airport;Sharm El Sheikh International Airport;27.977272;34.394717;191;AS;EG;EG-JS;Sharm El Sheikh;yes;HESH;SSH;;;https://en.wikipedia.org/wiki/Sharm_el-Sheikh_International_Airport
3199;HESN;medium_airport;Aswan International Airport;23.968137;32.824445;650;AF;EG;EG-ASN;Aswan;yes;HESN;ASW;;;https://en.wikipedia.org/wiki/Aswan_International_Airport
335334;HESX;medium_airport;Sphinx International Airport;30.108078;30.889252;482;AF;EG;EG-GZ;Al Jiza;yes;HESX;SPX;;;https://en.wikipedia.org/wiki/Sphinx_International_Airport
3200;HETB;medium_airport;Taba International Airport;29.594496;34.775752;2425;AS;EG;EG-JS;Taba;yes;HETB;TCP;;;https://en.wikipedia.org/wiki/Taba_International_Airport
3202;HHAS;medium_airport;Asmara International Airport;15.291899681091309;38.910701751708984;7661;AF;ER;ER-SK;Asmara;yes;HHAS;ASM;;;https://en.wikipedia.org/wiki/Asmara_International_Airport
3203;HHMS;medium_airport;Massawa International Airport;15.670000076293945;39.37009811401367;194;AF;ER;ER-SK;Massawa;yes;HHMS;MSW;;;https://en.wikipedia.org/wiki/Massawa_International_Airport
3204;HHSB;medium_airport;Assab International Airport;13.071800231933594;42.64500045776367;46;AF;ER;ER-DK;Asab;yes;HHSB;ASA;;;https://en.wikipedia.org/wiki/Asseb_International_Airport
3247;HJJJ;large_airport;Juba International Airport;4.87201;31.601101;1513;AF;SS;SS-17;Juba;yes;HJJJ;JUB;;;https://en.wikipedia.org/wiki/Juba_Airport
28481;HKAM;medium_airport;Amboseli Airport;-2.645050048828125;37.25310134887695;3755;AF;KE;KE-700;Amboseli National Park;yes;HKAM;ASV;;;https://en.wikipedia.org/wiki/Amboseli_Airport
3205;HKEL;medium_airport;Eldoret International Airport;0.4044579863548279;35.23889923095703;6941;AF;KE;KE-700;Eldoret;yes;HKEL;EDL;;http://www.kenyaairports.co.ke/kaa/airports/eldoret/;https://en.wikipedia.org/wiki/Eldoret_International_Airport
3206;HKJK;large_airport;Jomo Kenyatta International Airport;-1.31923997402;36.9277992249;5330;AF;KE;KE-110;Nairobi;yes;HKJK;NBO;;http://www.kenyaairports.com/jkia/IndexJkia.php;https://en.wikipedia.org/wiki/Jomo_Kenyatta_International_Airport
3208;HKKI;medium_airport;Kisumu Airport;-0.0861390009522438;34.72890090942383;3734;AF;KE;KE-600;Kisumu;yes;HKKI;KIS;;http://www.kenyaairports.co.ke/kaa/airports/kisumu/;https://en.wikipedia.org/wiki/Kisumu_Airport
3209;HKKT;medium_airport;Kitale Airport;0.971989;34.958599;6070;AF;KE;KE-700;Kitale;no;HKKT;KTL;;;https://en.wikipedia.org/wiki/Kitale_Airport
3210;HKLK;medium_airport;Lokichoggio Airport;4.20412015914917;34.348201751708984;2074;AF;KE;KE-700;Lokichoggio;yes;HKLK;LKG;;http://www.kenyaairports.co.ke/kaa/airports/loki/;https://en.wikipedia.org/wiki/Lokichogio_Airport
3211;HKLO;medium_airport;Lodwar Airport;3.12197;35.6087;1715;AF;KE;KE-700;Lodwar;no;HKLO;LOK;;;https://en.wikipedia.org/wiki/Lodwar_Airport
3212;HKLU;medium_airport;Manda Airport;-2.252431;40.912892;20;AF;KE;KE-300;Lamu;yes;HKLU;LAU;;http://www.kenyaairports.co.ke/kaa/airports/airstrips/manda_intro.html;https://en.wikipedia.org/wiki/Manda_Airport
31988;HKML;medium_airport;Malindi Airport;-3.2293100357055664;40.10169982910156;80;AF;KE;KE-300;Malindi;yes;HKML;MYD;;http://www.kenyaairports.co.ke/kaa/airports/malindi/;https://en.wikipedia.org/wiki/Malindi_Airport
3213;HKMO;large_airport;Moi International Airport;-4.03483;39.5942;200;AF;KE;KE-300;Mombasa;yes;HKMO;MBA;;http://www.kenyaairports.co.ke/kaa/airports/moi/;https://en.wikipedia.org/wiki/Moi_International_Airport
31594;HKMS;medium_airport;Mara Serena Lodge Airstrip;-1.406111;35.008057;5200;AF;KE;KE-700;Masai Mara;yes;HKMS;MRE;;;https://en.wikipedia.org/wiki/Mara_Serena_Airport
3215;HKNW;medium_airport;Nairobi Wilson Airport;-1.321720004081726;36.81480026245117;5536;AF;KE;KE-110;Nairobi;yes;HKNW;WIL;;http://www.kenyaairports.co.ke/kaa/airports/wilson/;https://en.wikipedia.org/wiki/Wilson_Airport
32066;HKNY;medium_airport;Nanyuki Airport;-0.062399;37.041008;6250;AF;KE;KE-200;Nanyuki;yes;HKNL;NYK;;;https://en.wikipedia.org/wiki/Nanyuki_Airport
3216;HKRE;medium_airport;Moi Air Base;-1.2772699594499999;36.8623008728;5336;AF;KE;KE-110;Nairobi;no;HKRE;;;;https://en.wikipedia.org/wiki/Moi_Air_Base
3217;HKWJ;medium_airport;Wajir Airport;1.73324;40.091599;770;AF;KE;KE-500;Wajir;yes;HKWJ;WJR;;;https://en.wikipedia.org/wiki/Wajir_Airport
3219;HLGD;medium_airport;Sirt International Airport / Ghardabiya Airbase;31.063499;16.594999;267;AF;LY;LY-SR;Sirt;yes;HLGD;SRX;;;https://en.wikipedia.org/wiki/Ghardabiya_Airbase
3221;HLGT;medium_airport;Ghat Airport;25.1455993652;10.142600059500001;2296;AF;LY;LY-GT;Ghat;yes;HLGT;GHT;;;https://en.wikipedia.org/wiki/Ghat_Airport
3222;HLKF;medium_airport;Kufra Airport;24.178699493408203;23.31399917602539;1367;AF;LY;LY-KF;Kufra;yes;HLKF;AKF;;;https://en.wikipedia.org/wiki/Kufra_Airport
3223;HLLB;medium_airport;Benina International Airport;32.096802;20.269501;433;AF;LY;LY-BA;Benina;yes;HLLB;BEN;;;https://en.wikipedia.org/wiki/Benina_International_Airport
3224;HLLM;large_airport;Mitiga International Airport;32.89177;13.287878;36;AF;LY;LY-TB;Tripoli;yes;HLLM;MJI;;;https://en.wikipedia.org/wiki/Mitiga_International_Airport
3225;HLLQ;medium_airport;Al Abraq International Airport;32.7887;21.9643;2157;AF;LY;LY-JA;Al Albraq;yes;HLLQ;LAQ;;;https://en.wikipedia.org/wiki/Al_Abraq_International_Airport
3226;HLLS;medium_airport;Sabha Airport;26.992452;14.466162;1427;AF;LY;LY-SB;Sabha;yes;HLLS;SEB;;;https://en.wikipedia.org/wiki/Sabha_Airport
3228;HLMB;medium_airport;Marsa al Brega Airport;30.378099;19.576401;50;AF;LY;LY-WA;Marsa al Brega;no;HLMB;LMQ;;;https://en.wikipedia.org/wiki/Marsa_Brega_Airport
3232;HLTD;medium_airport;Ghadames East Airport;30.15169906616211;9.715310096740723;1122;AF;LY;LY-NL;Ghadames;yes;HLTD;LTD;;;https://en.wikipedia.org/wiki/Ghadames_Airport
3236;HRYG;medium_airport;Gisenyi Airport;-1.6771999597549438;29.258899688720703;5082;AF;RW;RW-04;Gisenyi;no;HRYG;GYI;;;https://en.wikipedia.org/wiki/Grayson_County_Airport
3237;HRYR;large_airport;Kigali International Airport;-1.96863;30.1395;4859;AF;RW;RW-01;Kigali;yes;HRYR;KGL;;;https://en.wikipedia.org/wiki/Kigali_International_Airport
3238;HRZA;medium_airport;Kamembe Airport;-2.462239980697632;28.907899856567383;5192;AF;RW;RW-04;Kamembe;yes;HRZA;KME;;;https://en.wikipedia.org/wiki/Kamembe_Airport
3239;HSDN;medium_airport;Dongola Airport;19.153900146499996;30.430099487299998;772;AF;SD;SD-01;Dongola;yes;HSDN;DOG;;;https://en.wikipedia.org/wiki/Dongola_Airport
300862;HSFA;medium_airport;Paloich Airport;10.529167;32.500556;1290;AF;SS;SS-23;Higleig;no;HJPH;;;;https://en.wikipedia.org/wiki/Paloich_Airport
3241;HSFS;medium_airport;El Fasher Airport;13.614899635314941;25.324600219726562;2393;AF;SD;SD-02;El Fasher;yes;HSFS;ELF;;;https://en.wikipedia.org/wiki/El_Fasher_Airport
3242;HSKA;medium_airport;Kassala Airport;15.387499809265137;36.328800201416016;1671;AF;SD;SD-05;Kassala;yes;HSKA;KSL;;;https://en.wikipedia.org/wiki/Kassala_Airport
300673;HSMN;medium_airport;Merowe Airport;18.443333;31.843333;897;AF;SD;SD-01;Merowe;no;HSMN;MWE;;;https://en.wikipedia.org/wiki/Merowe_Airport
3244;HSNN;medium_airport;Nyala Airport;12.0535;24.9562;2106;AF;SD;SD-11;Nyala;yes;HSNN;UYL;;;https://en.wikipedia.org/wiki/Nyala_Airport
3245;HSOB;medium_airport;El-Obeid Airport;13.1532;30.2327;1927;AF;SD;SD-09;El-Obeid;yes;HSOB;EBD;;;https://en.wikipedia.org/wiki/El_Obeid_Airport
3246;HSPN;medium_airport;Port Sudan New International Airport;19.4335994720459;37.234100341796875;135;AF;SD;SD-26;Port Sudan;yes;HSPN;PZU;;;https://en.wikipedia.org/wiki/Port_Sudan_New_International_Airport
347295;HSSG;medium_airport;Sabera Geneina Airport;13.4774;22.53722;2633;AF;SD;SD-12;Geneina;no;HSSG;;;;
3249;HSSK;large_airport;Khartoum International Airport;15.5895;32.5532;1265;AF;SD;SD-03;Khartoum;yes;HSSK;KRT;;;https://en.wikipedia.org/wiki/Khartoum_International_Airport
3248;HSSM;medium_airport;Malakal Airport;9.55897;31.652201;1291;AF;SS;SS-23;Malakal;yes;HJMK;MAK;;;https://en.wikipedia.org/wiki/Malakal_Airport
30553;HSWW;medium_airport;Wau Airport;7.72583;27.975;1529;AF;SS;SS-14;Wau;yes;HJWW;WUU;;;https://en.wikipedia.org/wiki/Wau_Airport
3250;HTAR;medium_airport;Arusha Airport;-3.3677899837493896;36.63330078125;4550;AF;TZ;TZ-01;Arusha;yes;HTAR;ARK;;;https://en.wikipedia.org/wiki/Arusha_Airport
3251;HTDA;large_airport;Julius Nyerere International Airport;-6.87811;39.202599;182;AF;TZ;TZ-02;Dar es Salaam;yes;HTDA;DAR;;http://www.tanzaniairports.com/;https://en.wikipedia.org/wiki/Julius_Nyerere_International_Airport
3252;HTDO;medium_airport;Dodoma Airport;-6.17044;35.752602;3673;AF;TZ;TZ-03;Dodoma;yes;HTDO;DOD;;;https://en.wikipedia.org/wiki/Dodoma_Airport
318875;HTGW;medium_airport;Songwe Airport;-8.919942;33.273981;4412;AF;TZ;TZ-14;Mbeya;yes;HTGW;MBI;;;https://en.wikipedia.org/wiki/Songwe_Airport
3253;HTIR;medium_airport;Iringa Airport;-7.66863;35.752102;4678;AF;TZ;TZ-04;Nduli;no;HTIR;IRI;;;https://en.wikipedia.org/wiki/Iringa_Airport
3254;HTKJ;medium_airport;Kilimanjaro International Airport;-3.42941;37.074501;2932;AF;TZ;TZ-01;Arusha;yes;HTKJ;JRO;;http://www.kilimanjaroairport.co.tz/;https://en.wikipedia.org/wiki/Kilimanjaro_International_Airport
3255;HTLM;medium_airport;Lake Manyara Airport;-3.37631;35.818298;4150;AF;TZ;TZ-26;Lake Manyara National Park;no;HTLM;LKY;;;https://en.wikipedia.org/wiki/Lake_Manyara_Airport
3256;HTMT;medium_airport;Mtwara Airport;-10.336204;40.181997;371;AF;TZ;TZ-17;Mtwara;yes;HTMT;MYW;;;https://en.wikipedia.org/wiki/Mtwara_Airport
3257;HTMW;medium_airport;Mwanza Airport;-2.4444899559020996;32.932701110839844;3763;AF;TZ;TZ-18;Mwanza;yes;HTMW;MWZ;;;https://en.wikipedia.org/wiki/Mwanza_Airport
3258;HTPE;medium_airport;Pemba Airport;-5.25726;39.811401;80;AF;TZ;TZ-25;Chake Chake;no;HTPE;PMA;;;https://en.wikipedia.org/wiki/Pemba_Airport_(Tanzania)
3259;HTTG;medium_airport;Tanga Airport;-5.09236;39.071201;129;AF;TZ;TZ-25;Tanga;yes;HTTG;TGT;;;https://en.wikipedia.org/wiki/Tanga_Airport
3260;HTZA;large_airport;Abeid Amani Karume International Airport;-6.22202;39.224899;54;AF;TZ;TZ-07;Zanzibar;yes;HTZA;ZNZ;;;https://en.wikipedia.org/wiki/Zanzibar_International_Airport
32234;HUAR;medium_airport;Arua Airport;3.049152;30.911714;3951;AF;UG;UG-N;Arua;yes;HUAR;RUA;;;https://en.wikipedia.org/wiki/Arua_Airport
3263;HUEN;large_airport;Entebbe International Airport;0.042386;32.443501;3782;AF;UG;UG-C;Kampala;yes;HUEN;EBB;;https://entebbe-airport.com/;https://en.wikipedia.org/wiki/Entebbe_International_Airport
3264;HUGU;medium_airport;Gulu Airport;2.8055601119995117;32.27180099487305;3510;AF;UG;UG-N;Gulu;yes;HUGU;ULU;;;https://en.wikipedia.org/wiki/Gulu_Airport
3265;HUSO;medium_airport;Soroti Airport;1.7276899814605713;33.622798919677734;3697;AF;UG;UG-E;Soroti;yes;HUSO;SRT;;;https://en.wikipedia.org/wiki/Soroti_Airport
3356;KABE;medium_airport;Lehigh Valley International Airport;40.651773;-75.442797;393;NA;US;US-PA;Allentown;yes;KABE;ABE;ABE;;https://en.wikipedia.org/wiki/Lehigh_Valley_International_Airport
3357;KABI;medium_airport;Abilene Regional Airport;32.4113006592;-99.68190002440001;1791;NA;US;US-TX;Abilene;yes;KABI;ABI;ABI;;https://en.wikipedia.org/wiki/Abilene_Regional_Airport
16091;KABQ;large_airport;Albuquerque International Sunport;35.039976;-106.608925;5355;NA;US;US-NM;Albuquerque;yes;KABQ;ABQ;ABQ;http://www.abqsunport.com/;https://en.wikipedia.org/wiki/Albuquerque_International_Sunport
3358;KABR;medium_airport;Aberdeen Regional Airport;45.449100494384766;-98.42179870605469;1302;NA;US;US-SD;Aberdeen;yes;KABR;ABR;ABR;;https://en.wikipedia.org/wiki/Aberdeen_Regional_Airport
3359;KABY;medium_airport;Southwest Georgia Regional Airport;31.532946;-84.196215;197;NA;US;US-GA;Albany;yes;KABY;ABY;ABY;;https://en.wikipedia.org/wiki/Southwest_Georgia_Regional_Airport
3360;KACK;medium_airport;Nantucket Memorial Airport;41.25310135;-70.06020355;47;NA;US;US-MA;Nantucket;yes;KACK;ACK;ACK;;https://en.wikipedia.org/wiki/Nantucket_Memorial_Airport
3361;KACT;medium_airport;Waco Regional Airport;31.611299514770508;-97.23049926757812;516;NA;US;US-TX;Waco;yes;KACT;ACT;ACT;;https://en.wikipedia.org/wiki/Waco_Regional_Airport
3362;KACV;medium_airport;California Redwood Coast-Humboldt County Airport;40.978101;-124.109;221;NA;US;US-CA;Arcata/Eureka;yes;KACV;ACV;ACV;;https://en.wikipedia.org/wiki/Arcata-Eureka_Airport
3363;KACY;medium_airport;Atlantic City International Airport;39.45759963989258;-74.57720184326172;75;NA;US;US-NJ;Atlantic City;yes;KACY;ACY;ACY;;https://en.wikipedia.org/wiki/Atlantic_City_International_Airport
19235;KADH;medium_airport;Ada Regional Airport;34.805214;-96.671988;1016;NA;US;US-OK;Ada;no;KADH;ADT;ADH;;https://en.wikipedia.org/wiki/Ada_Municipal_Airport
3364;KADW;large_airport;Joint Base Andrews;38.810799;-76.866997;280;NA;US;US-MD;Camp Springs;no;KADW;ADW;ADW;http://www.jba.af.mil/;https://en.wikipedia.org/wiki/Joint_Base_Andrews
3365;KAEX;medium_airport;Alexandria International Airport;31.3274;-92.549797;89;NA;US;US-LA;Alexandria;yes;KAEX;AEX;AEX;;https://en.wikipedia.org/wiki/Alexandria_International_Airport_(Louisiana)
3366;KAFW;medium_airport;Perot Field/Fort Worth Alliance Airport;32.99044;-97.31947;722;NA;US;US-TX;Fort Worth;no;KAFW;AFW;AFW;http://www.allianceairport.com/;https://en.wikipedia.org/wiki/Fort_Worth_Alliance_Airport
3367;KAGC;medium_airport;Allegheny County Airport;40.354401;-79.930199;1252;NA;US;US-PA;Pittsburgh;no;KAGC;AGC;AGC;;https://en.wikipedia.org/wiki/Allegheny_County_Airport
3368;KAGS;medium_airport;Augusta Regional At Bush Field;33.3699;-81.9645;144;NA;US;US-GA;Augusta;yes;KAGS;AGS;AGS;;https://en.wikipedia.org/wiki/Augusta_Regional_Airport
3369;KAHN;medium_airport;Athens Ben Epps Airport;33.948842;-83.325634;808;NA;US;US-GA;Athens;no;KAHN;AHN;AHN;;https://en.wikipedia.org/wiki/Athens-Ben_Epps_Airport
19257;KAIA;medium_airport;Alliance Municipal Airport;42.052543;-102.803965;3931;NA;US;US-NE;Alliance;yes;KAIA;AIA;AIA;;https://en.wikipedia.org/wiki/Alliance_Municipal_Airport
3370;KAKR;medium_airport;Akron Fulton International Airport;41.037355;-81.46784;1067;NA;US;US-OH;Akron;no;KAKR;AKC;AKR;https://www.akronohio.gov/departments/service/engineering_bureau/akron_fulton_airport.php;https://en.wikipedia.org/wiki/Akron_Executive_Airport
3371;KALB;medium_airport;Albany International Airport;42.74829864501953;-73.80169677734375;285;NA;US;US-NY;Albany;yes;KALB;ALB;ALB;http://www.albanyairport.com/;https://en.wikipedia.org/wiki/Albany_International_Airport
3372;KALI;medium_airport;Alice International Airport;27.7409;-98.026901;178;NA;US;US-TX;Alice;no;KALI;ALI;ALI;;https://en.wikipedia.org/wiki/Alice_International_Airport
3373;KALM;medium_airport;Alamogordo White Sands Regional Airport;32.837818;-105.993149;4200;NA;US;US-NM;Alamogordo;no;KALM;ALM;ALM;;https://en.wikipedia.org/wiki/Alamogordo-White_Sands_Regional_Airport
3374;KALN;medium_airport;St Louis Regional Airport;38.89030075069999;-90.0459976196;544;NA;US;US-IL;Alton/St Louis;no;KALN;ALN;ALN;;https://en.wikipedia.org/wiki/St._Louis_Regional_Airport
3375;KALO;medium_airport;Waterloo Regional Airport;42.557098388671875;-92.40029907226562;873;NA;US;US-IA;Waterloo;yes;KALO;ALO;ALO;;https://en.wikipedia.org/wiki/Waterloo_Regional_Airport
19275;KALS;medium_airport;San Luis Valley Regional Airport/Bergman Field;37.434898;-105.866997;7539;NA;US;US-CO;Alamosa;yes;KALS;ALS;ALS;https://www.sanluisvalleyairport.org/;https://en.wikipedia.org/wiki/San_Luis_Valley_Regional_Airport
3376;KALW;medium_airport;Walla Walla Regional Airport;46.09489822;-118.288002;1194;NA;US;US-WA;Walla Walla;yes;KALW;ALW;ALW;;https://en.wikipedia.org/wiki/Walla_Walla_Regional_Airport
3377;KAMA;medium_airport;Rick Husband Amarillo International Airport;35.219398;-101.706001;3607;NA;US;US-TX;Amarillo;yes;KAMA;AMA;AMA;http://airport.amarillo.gov/;https://en.wikipedia.org/wiki/Rick_Husband_Amarillo_International_Airport
3378;KANB;medium_airport;Anniston Regional Airport;33.5882;-85.8581;612;NA;US;US-AL;Anniston;no;KANB;ANB;ANB;;https://en.wikipedia.org/wiki/Anniston_Metropolitan_Airport
3379;KAND;medium_airport;Anderson Regional Airport;34.4945983887;-82.70939636230001;782;NA;US;US-SC;Anderson;no;KAND;AND;AND;;https://en.wikipedia.org/wiki/Anderson_Regional_Airport
3380;KAOO;medium_airport;Altoona Blair County Airport;40.296398;-78.32;1503;NA;US;US-PA;Altoona;yes;KAOO;AOO;AOO;;https://en.wikipedia.org/wiki/Altoona-Blair_County_Airport
19291;KAPA;medium_airport;Centennial Airport;39.57009888;-104.848999;5885;NA;US;US-CO;Denver;no;KAPA;APA;APA;;https://en.wikipedia.org/wiki/Centennial_Airport
19293;KAPF;medium_airport;Naples Municipal Airport;26.1525993347;-81.7752990723;8;NA;US;US-FL;Naples;no;KAPF;APF;APF;;https://en.wikipedia.org/wiki/Naples_Municipal_Airport
3381;KAPG;medium_airport;Phillips Army Air Field;39.466202;-76.1688;57;NA;US;US-MD;Aberdeen;no;KAPG;APG;APG;;https://en.wikipedia.org/wiki/Phillips_Army_Airfield
3382;KAPN;medium_airport;Alpena County Regional Airport;45.0780983;-83.56030273;690;NA;US;US-MI;Alpena;yes;KAPN;APN;APN;;https://en.wikipedia.org/wiki/Alpena_County_Regional_Airport
19301;KARA;medium_airport;Acadiana Regional Airport;30.0378;-91.883904;24;NA;US;US-LA;New Iberia;no;KARA;ARA;ARA;http://www.flyiberiaparish.com/;https://en.wikipedia.org/wiki/Acadiana_Regional_Airport
3383;KART;medium_airport;Watertown International Airport;43.991901;-76.021698;325;NA;US;US-NY;Watertown;yes;KART;ART;ART;;https://en.wikipedia.org/wiki/Watertown_International_Airport
19308;KASE;medium_airport;Aspen-Pitkin County Airport (Sardy Field);39.223202;-106.869003;7820;NA;US;US-CO;Aspen;yes;KASE;ASE;ASE;http://aspenairport.com/;https://en.wikipedia.org/wiki/Aspen%E2%80%93Pitkin_County_Airport
19314;KAST;medium_airport;Astoria Regional Airport;46.158000946;-123.878997803;15;NA;US;US-OR;Astoria;no;KAST;AST;AST;;https://en.wikipedia.org/wiki/Astoria_Regional_Airport
3384;KATL;large_airport;Hartsfield Jackson Atlanta International Airport;33.6367;-84.428101;1026;NA;US;US-GA;Atlanta;yes;KATL;ATL;ATL;http://www.atlanta-airport.com/;https://en.wikipedia.org/wiki/Hartsfield–Jackson_Atlanta_International_Airport
19320;KATW;medium_airport;Appleton International Airport;44.258099;-88.519096;918;NA;US;US-WI;Appleton;yes;KATW;ATW;ATW;http://atwairport.com/;https://en.wikipedia.org/wiki/Outagamie_County_Regional_Airport
3385;KATY;medium_airport;Watertown Regional Airport;44.91400146;-97.15470123;1749;NA;US;US-SD;Watertown;yes;KATY;ATY;ATY;;https://en.wikipedia.org/wiki/Watertown_Regional_Airport
19321;KAUG;medium_airport;Augusta State Airport;44.320598602299995;-69.7973022461;352;NA;US;US-ME;Augusta;yes;KAUG;AUG;AUG;;https://en.wikipedia.org/wiki/Augusta_State_Airport
3386;KAUS;large_airport;Austin Bergstrom International Airport;30.197535;-97.662015;542;NA;US;US-TX;Austin;yes;KAUS;AUS;AUS;http://www.ci.austin.tx.us/austinairport/;https://en.wikipedia.org/wiki/Austin-Bergstrom_International_Airport
19326;KAUW;medium_airport;Wausau Downtown Airport;44.9262008667;-89.6266021729;1201;NA;US;US-WI;Wausau;no;KAUW;AUW;AUW;http://www.ci.wausau.wi.us/Departments/Airport/GeneralInformation.aspx;https://en.wikipedia.org/wiki/Wausau_Downtown_Airport
3387;KAVL;medium_airport;Asheville Regional Airport;35.436199;-82.541801;2165;NA;US;US-NC;Asheville;yes;KAVL;AVL;AVL;;https://en.wikipedia.org/wiki/Asheville_Regional_Airport
3388;KAVP;medium_airport;Wilkes Barre Scranton International Airport;41.338500976599995;-75.72339630130001;962;NA;US;US-PA;Wilkes-Barre/Scranton;yes;KAVP;AVP;AVP;http://www.flyavp.com/;https://en.wikipedia.org/wiki/Wilkes-Barre/Scranton_International_Airport
19334;KAWO;medium_airport;Arlington Municipal Airport;48.161448;-122.158442;142;NA;US;US-WA;Arlington;yes;KAWO;;AWO;;https://en.wikipedia.org/wiki/Arlington_Municipal_Airport_(Washington)
3389;KAXN;medium_airport;Chandler Field;45.866299;-95.394699;1425;NA;US;US-MN;Alexandria;no;KAXN;AXN;AXN;;https://en.wikipedia.org/wiki/Alexandria_Municipal_Airport
3390;KAZO;medium_airport;Kalamazoo Battle Creek International Airport;42.234901428222656;-85.5521011352539;874;NA;US;US-MI;Kalamazoo;yes;KAZO;AZO;AZO;;https://en.wikipedia.org/wiki/Kalamazoo-Battle_Creek_International_Airport
3391;KBAB;medium_airport;Beale Air Force Base;39.136101;-121.436996;113;NA;US;US-CA;Beale Air Force Base;no;KBAB;BAB;BAB;;https://en.wikipedia.org/wiki/Beale_Air_Force_Base
3392;KBAD;medium_airport;Barksdale Air Force Base;32.501801;-93.662697;166;NA;US;US-LA;Bossier City;no;KBAD;BAD;BAD;;https://en.wikipedia.org/wiki/Barksdale_Air_Force_Base
3393;KBAF;medium_airport;Westfield-Barnes Regional Airport;42.157799;-72.715599;271;NA;US;US-MA;Westfield;no;KBAF;BAF;BAF;;https://en.wikipedia.org/wiki/Westfield-Barnes_Regional_Airport
3394;KBAK;medium_airport;Columbus Municipal Airport;39.262386;-85.895576;656;NA;US;US-IN;Columbus;no;KBAK;CLU;BAK;;https://en.wikipedia.org/wiki/Columbus_Municipal_Airport_(Indiana)
19351;KBAZ;medium_airport;New Braunfels Municipal Airport;29.7045;-98.042198;651;NA;US;US-TX;New Braunfels;no;KBAZ;;BAZ;https://www.nbtexas.org/2393/Airport---KBAZ;https://en.wikipedia.org/wiki/New_Braunfels_Regional_Airport
19353;KBBD;medium_airport;Curtis Field;31.178931;-99.324732;1827;NA;US;US-TX;Brady;no;KBBD;BBD;BBD;;https://en.wikipedia.org/wiki/Curtis_Field
45961;KBBG;medium_airport;Branson Airport;36.532082;-93.200544;1302;NA;US;US-MO;Branson;yes;KBBG;BKG;BBG;http://flybranson.com/;https://en.wikipedia.org/wiki/Branson_Airport
19357;KBCE;medium_airport;Bryce Canyon Airport;37.706401825;-112.144996643;7590;NA;US;US-UT;Bryce Canyon;no;KBCE;BCE;BCE;http://www.brycecanyonairport.com/;https://en.wikipedia.org/wiki/Bryce_Canyon_Airport
19359;KBCT;medium_airport;Boca Raton Airport;26.3785;-80.107697;13;NA;US;US-FL;Boca Raton;no;KBCT;BCT;BCT;;https://en.wikipedia.org/wiki/Boca_Raton_Airport
3395;KBDE;medium_airport;Baudette International Airport;48.7284011841;-94.612197876;1086;NA;US;US-MN;Baudette;no;KBDE;BDE;BDE;;https://en.wikipedia.org/wiki/Baudette_International_Airport
3396;KBDL;large_airport;Bradley International Airport;41.93851;-72.688066;173;NA;US;US-CT;Hartford;yes;KBDL;BDL;BDL;http://www.bradleyairport.com/;https://en.wikipedia.org/wiki/Bradley_International_Airport
3397;KBDR;medium_airport;Igor I Sikorsky Memorial Airport;41.163502;-73.126198;9;NA;US;US-CT;Bridgeport;no;KBDR;BDR;BDR;;https://en.wikipedia.org/wiki/Sikorsky_Memorial_Airport
3398;KBED;medium_airport;Laurence G Hanscom Field;42.470001;-71.289001;133;NA;US;US-MA;Bedford;yes;KBED;BED;BED;http://www.massport.com/hansc/;https://en.wikipedia.org/wiki/Hanscom_Field
3399;KBFD;medium_airport;Bradford Regional Airport;41.8031005859375;-78.64009857177734;2143;NA;US;US-PA;Bradford;yes;KBFD;BFD;BFD;;https://en.wikipedia.org/wiki/Bradford_Regional_Airport
3400;KBFF;medium_airport;Western Neb. Rgnl/William B. Heilig Airport;41.87400055;-103.5960007;3967;NA;US;US-NE;Scottsbluff;yes;KBFF;BFF;BFF;;https://en.wikipedia.org/wiki/Western_Nebraska_Regional_Airport
3401;KBFI;medium_airport;Boeing Field King County International Airport;47.529999;-122.302002;21;NA;US;US-WA;Seattle;yes;KBFI;BFI;BFI;;https://en.wikipedia.org/wiki/Boeing_Field
3402;KBFL;medium_airport;Meadows Field;35.433601;-119.056999;510;NA;US;US-CA;Bakersfield;yes;KBFL;BFL;BFL;;https://en.wikipedia.org/wiki/Meadows_Field_Airport
3403;KBFM;medium_airport;Mobile Downtown Airport;30.626800537100003;-88.06809997559999;26;NA;US;US-AL;Mobile;no;KBFM;BFM;BFM;;https://en.wikipedia.org/wiki/Mobile_Downtown_Airport
3404;KBGM;medium_airport;Greater Binghamton/Edwin A Link field;42.20869827;-75.97979736;1636;NA;US;US-NY;Binghamton;yes;KBGM;BGM;BGM;http://binghamtonairport.com/;https://en.wikipedia.org/wiki/Greater_Binghamton_Airport
3405;KBGR;medium_airport;Bangor International Airport;44.8074;-68.828102;192;NA;US;US-ME;Bangor;yes;KBGR;BGR;BGR;;https://en.wikipedia.org/wiki/Bangor_International_Airport
19373;KBHB;medium_airport;Hancock County-Bar Harbor Airport;44.45000076;-68.3615036;83;NA;US;US-ME;Bar Harbor;yes;KBHB;BHB;BHB;;https://en.wikipedia.org/wiki/Hancock_County-Bar_Harbor_Airport
3406;KBHM;medium_airport;Birmingham-Shuttlesworth International Airport;33.562901;-86.753502;650;NA;US;US-AL;Birmingham;yes;KBHM;BHM;BHM;http://www.flybirmingham.com/;https://en.wikipedia.org/wiki/Birmingham_International_Airport_(US)
3407;KBIF;medium_airport;Biggs Army Air Field (Fort Bliss);31.84950066;-106.3799973;3946;NA;US;US-TX;Fort Bliss/El Paso;no;KBIF;BIF;BIF;https://www.bliss.army.mil/biggs/;https://en.wikipedia.org/wiki/Biggs_Army_Airfield
19377;KBIH;medium_airport;Eastern Sierra Regional Airport;37.3731;-118.363998;4124;NA;US;US-CA;Bishop;yes;KBIH;BIH;BIH;http://www.inyocounty.us/Airport/index.html;https://en.wikipedia.org/wiki/Eastern_Sierra_Regional_Airport
3408;KBIL;medium_airport;Billings Logan International Airport;45.807701;-108.542999;3652;NA;US;US-MT;Billings;yes;KBIL;BIL;BIL;;https://en.wikipedia.org/wiki/Billings_Logan_International_Airport
3409;KBIS;medium_airport;Bismarck Municipal Airport;46.772701263427734;-100.74600219726562;1661;NA;US;US-ND;Bismarck;yes;KBIS;BIS;BIS;http://bismarckairport.com/;https://en.wikipedia.org/wiki/Bismarck_Municipal_Airport
3410;KBIX;medium_airport;Keesler Air Force Base;30.4104003906;-88.92440032959999;33;NA;US;US-MS;Biloxi;no;KBIX;BIX;BIX;;https://en.wikipedia.org/wiki/Keesler_Air_Force_Base
3411;KBJC;medium_airport;Rocky Mountain Metropolitan Airport;39.908798;-105.116997;5673;NA;US;US-CO;Denver;yes;KBJC;BJC;BJC;;https://en.wikipedia.org/wiki/Rocky_Mountain_Metropolitan_Airport
19380;KBJI;medium_airport;Bemidji Regional Airport;47.50939941;-94.93370056;1391;NA;US;US-MN;Bemidji;no;KBJI;BJI;BJI;http://www.bemidjiairport.org/;https://en.wikipedia.org/wiki/Bemidji_Regional_Airport
3412;KBKE;medium_airport;Baker City Municipal Airport;44.837299346900004;-117.808998108;3373;NA;US;US-OR;Baker City;no;KBKE;BKE;BKE;http://www.bakeraircraft.com/;https://en.wikipedia.org/wiki/Baker_City_Municipal_Airport
3413;KBKF;medium_airport;Buckley Space Force Base;39.701698;-104.751999;5662;NA;US;US-CO;Aurora;no;KBKF;BFK;BKF;https://www.buckley.spaceforce.mil/;https://en.wikipedia.org/wiki/Buckley_Space_Force_Base
3414;KBKL;medium_airport;Burke Lakefront Airport;41.51750183105469;-81.68329620361328;583;NA;US;US-OH;Cleveland;no;KBKL;BKL;BKL;http://www.clevelandairport.com/site/470/default.aspx;https://en.wikipedia.org/wiki/Cleveland_Burke_Lakefront_Airport
3415;KBKW;medium_airport;Raleigh County Memorial Airport;37.7873;-81.124199;2504;NA;US;US-WV;Beaver;yes;KBKW;BKW;BKW;;https://en.wikipedia.org/wiki/Beckley_Raleigh_County_Memorial_Airport
19387;KBLF;medium_airport;Mercer County Airport;37.295799;-81.207703;2857;NA;US;US-WV;Bluefield;no;KBLF;BLF;BLF;;https://en.wikipedia.org/wiki/Mercer_County_Airport_(West_Virginia)
19388;KBLH;medium_airport;Blythe Airport;33.6192016602;-114.717002869;399;NA;US;US-CA;Blythe;no;KBLH;BLH;BLH;;https://en.wikipedia.org/wiki/Blythe_Airport
3416;KBLI;medium_airport;Bellingham International Airport;48.79280090332031;-122.53800201416016;170;NA;US;US-WA;Bellingham;yes;KBLI;BLI;BLI;;https://en.wikipedia.org/wiki/Bellingham_International_Airport
3417;KBLV;medium_airport;Scott AFB/Midamerica Airport;38.5452;-89.835197;459;NA;US;US-IL;Belleville;yes;KBLV;BLV;BLV;;https://en.wikipedia.org/wiki/Scott_Air_Force_Base
3418;KBMG;medium_airport;Monroe County Airport;39.145999908447266;-86.61669921875;846;NA;US;US-IN;Bloomington;no;KBMG;BMG;BMG;;https://en.wikipedia.org/wiki/Monroe_County_Airport_(Indiana)
3419;KBMI;medium_airport;Central Illinois Regional Airport at Bloomington-Normal;40.4771;-88.915901;871;NA;US;US-IL;Bloomington/Normal;yes;KBMI;BMI;BMI;;https://en.wikipedia.org/wiki/Central_Illinois_Regional_Airport
3420;KBNA;large_airport;Nashville International Airport;36.1245;-86.6782;599;NA;US;US-TN;Nashville;yes;KBNA;BNA;BNA;https://flynashville.com/;https://en.wikipedia.org/wiki/Nashville_International_Airport
19397;KBNO;medium_airport;Burns Municipal Airport;43.590463;-118.955154;4148;NA;US;US-OR;Burns;no;KBNO;BNO;BNO;http://www.ci.burns.or.us/airport.html;https://en.wikipedia.org/wiki/Burns_Municipal_Airport
3421;KBOI;medium_airport;Boise Air Terminal/Gowen Field;43.5644;-116.223;2871;NA;US;US-ID;Boise;yes;KBOI;BOI;BOI;http://www.cityofboise.org/departments/airport/;https://en.wikipedia.org/wiki/Boise_Airport
3422;KBOS;large_airport;Logan International Airport;42.36197;-71.0079;20;NA;US;US-MA;Boston;yes;KBOS;BOS;BOS;http://www.massport.com/logan/;https://en.wikipedia.org/wiki/Logan_International_Airport
19401;KBPI;medium_airport;Miley Memorial Field;42.58509827;-110.1110001;6990;NA;US;US-WY;Big Piney;no;KBPI;BPI;BPI;;https://en.wikipedia.org/wiki/Miley_Memorial_Field
19402;KBPK;medium_airport;Ozark Regional Airport;36.3689002991;-92.47049713130001;928;NA;US;US-AR;Mountain Home;no;KBPK;WMH;BPK;http://www.flytheozarks.com/;https://en.wikipedia.org/wiki/Ozark_Regional_Airport
3423;KBPT;medium_airport;Jack Brooks Regional Airport;29.9508;-94.020699;15;NA;US;US-TX;Beaumont/Port Arthur;yes;KBPT;BPT;BPT;https://flysetx.com/;https://en.wikipedia.org/wiki/Jack_Brooks_Regional_Airport
3424;KBQK;medium_airport;Brunswick Golden Isles Airport;31.258801;-81.466499;26;NA;US;US-GA;Brunswick;yes;KBQK;BQK;BQK;;https://en.wikipedia.org/wiki/Brunswick_Golden_Isles_Airport
19406;KBRD;medium_airport;Brainerd Lakes Regional Airport;46.402861;-94.129727;1232;NA;US;US-MN;Brainerd;yes;KBRD;BRD;BRD;http://brainerdairport.com/;https://en.wikipedia.org/wiki/Brainerd_Lakes_Regional_Airport
3425;KBRL;medium_airport;Southeast Iowa Regional Airport;40.783199310302734;-91.12550354003906;698;NA;US;US-IA;Burlington;yes;KBRL;BRL;BRL;;https://en.wikipedia.org/wiki/Southeast_Iowa_Regional_Airport
3426;KBRO;medium_airport;Brownsville South Padre Island International Airport;25.90679931640625;-97.4259033203125;22;NA;US;US-TX;Brownsville;yes;KBRO;BRO;BRO;;https://en.wikipedia.org/wiki/Brownsville/South_Padre_Island_International_Airport
3427;KBTL;medium_airport;Battle Creek Executive Airport at Kellogg Field;42.307301;-85.251503;952;NA;US;US-MI;Battle Creek;no;KBTL;BTL;BTL;http://www.battlecreekmi.gov/City_Government/Departments/W_K__Kellogg_Airport.htm;https://en.wikipedia.org/wiki/W.K._Kellogg_Regional_Airport
3428;KBTM;medium_airport;Bert Mooney Airport;45.95479965209961;-112.49700164794922;5550;NA;US;US-MT;Butte;yes;KBTM;BTM;BTM;;https://en.wikipedia.org/wiki/Bert_Mooney_Airport
3429;KBTR;medium_airport;Baton Rouge Metropolitan Airport;30.533199;-91.149597;70;NA;US;US-LA;Baton Rouge;yes;KBTR;BTR;BTR;;https://en.wikipedia.org/wiki/Baton_Rouge_Metropolitan_Airport
3430;KBTV;medium_airport;Burlington International Airport;44.471901;-73.153297;335;NA;US;US-VT;South Burlington;yes;KBTV;BTV;BTV;http://www.vermontairports.com/btv.html;https://en.wikipedia.org/wiki/Burlington_International_Airport
3431;KBUF;large_airport;Buffalo Niagara International Airport;42.940498;-78.732201;728;NA;US;US-NY;Buffalo;yes;KBUF;BUF;BUF;https://www.buffaloairport.com/;https://en.wikipedia.org/wiki/Buffalo_Niagara_International_Airport
3432;KBUR;medium_airport;Hollywood Burbank Airport;34.197703;-118.356378;778;NA;US;US-CA;Burbank;yes;KBUR;BUR;BUR;https://www.hollywoodburbankairport.com/;https://en.wikipedia.org/wiki/Hollywood_Burbank_Airport
19417;KBVI;medium_airport;Beaver County Airport;40.772499;-80.391403;1253;NA;US;US-PA;Beaver Falls;no;KBVI;BFP;BVI;;https://en.wikipedia.org/wiki/Beaver_County_Airport
3433;KBVY;medium_airport;Beverly Regional Airport;42.584202;-70.916496;107;NA;US;US-MA;Beverly / Danvers;no;KBVY;BVY;BVY;http://www.beverlyairport.com/;https://en.wikipedia.org/wiki/Beverly_Municipal_Airport
3434;KBWG;medium_airport;Bowling Green Warren County Regional Airport;36.964500427199994;-86.41970062259999;547;NA;US;US-KY;Bowling Green;no;KBWG;BWG;BWG;;https://en.wikipedia.org/wiki/Bowling_Green-Warren_County_Regional_Airport
3435;KBWI;large_airport;Baltimore/Washington International Thurgood Marshall Airport;39.1754;-76.668297;146;NA;US;US-MD;Baltimore;yes;KBWI;BWI;BWI;https://www.bwiairport.com/;https://en.wikipedia.org/wiki/Baltimore%E2%80%93Washington_International_Airport
3436;KBYH;medium_airport;Arkansas International Airport;35.9642982483;-89.94400024410001;254;NA;US;US-AR;Blytheville;no;KBYH;BYH;BYH;;https://en.wikipedia.org/wiki/Arkansas_International_Airport
19429;KBYI;medium_airport;Burley Municipal Airport;42.542598724399994;-113.772003174;4150;NA;US;US-ID;Burley;no;KBYI;BYI;BYI;http://burleyidaho.org/city-of-burley/airport/;https://en.wikipedia.org/wiki/Burley_Municipal_Airport
19430;KBYS;medium_airport;Bicycle Lake Army Air Field;35.2804985046;-116.629997253;2350;NA;US;US-CA;Fort Irwin/Barstow;no;KBYS;BYS;BYS;;https://en.wikipedia.org/wiki/Bicycle_Lake_Army_Airfield
3437;KBZN;medium_airport;Bozeman Yellowstone International Airport;45.7775;-111.153;4473;NA;US;US-MT;Bozeman;yes;KBZN;BZN;BZN;;https://en.wikipedia.org/wiki/Gallatin_Field_Airport
3438;KCAE;medium_airport;Columbia Metropolitan Airport;33.938801;-81.119499;236;NA;US;US-SC;Columbia;yes;KCAE;CAE;CAE;;https://en.wikipedia.org/wiki/Columbia_Metropolitan_Airport
3439;KCAK;medium_airport;Akron Canton Regional Airport;40.916099548339844;-81.44219970703125;1228;NA;US;US-OH;Akron;yes;KCAK;CAK;CAK;;https://en.wikipedia.org/wiki/Akron-Canton_Regional_Airport
3440;KCAR;medium_airport;Caribou Municipal Airport;46.871498;-68.017899;626;NA;US;US-ME;Caribou;no;KCAR;CAR;CAR;;https://en.wikipedia.org/wiki/Caribou_Municipal_Airport
3441;KCBM;medium_airport;Columbus Air Force Base;33.643799;-88.443802;219;NA;US;US-MS;Columbus;no;KCBM;CBM;CBM;;https://en.wikipedia.org/wiki/Columbus_Air_Force_Base
19469;KCCR;medium_airport;Buchanan Field;37.9897;-122.056999;26;NA;US;US-CA;Concord;yes;KCCR;CCR;CCR;;https://en.wikipedia.org/wiki/Buchanan_Field_Airport
19470;KCCY;medium_airport;Northeast Iowa Regional Airport;43.0726013184;-92.6108016968;1125;NA;US;US-IA;Charles City;no;KCCY;CCY;CCY;;https://en.wikipedia.org/wiki/Northeast_Iowa_Regional_Airport
3442;KCDC;medium_airport;Cedar City Regional Airport;37.70100021362305;-113.0989990234375;5622;NA;US;US-UT;Cedar City;yes;KCDC;CDC;CDC;;https://en.wikipedia.org/wiki/Cedar_City_Regional_Airport
19474;KCDR;medium_airport;Chadron Municipal Airport;42.837601;-103.095001;3297;NA;US;US-NE;Chadron;yes;KCDR;CDR;CDR;;https://en.wikipedia.org/wiki/Chadron_Municipal_Airport
19475;KCDS;medium_airport;Childress Municipal Airport;34.4337997437;-100.288002014;1954;NA;US;US-TX;Childress;no;KCDS;CDS;CDS;;https://en.wikipedia.org/wiki/Childress_Municipal_Airport
3443;KCEC;medium_airport;Jack Mc Namara Field Airport;41.778929;-124.236403;61;NA;US;US-CA;Crescent City;yes;KCEC;CEC;CEC;;https://en.wikipedia.org/wiki/Del_Norte_County_Airport
3444;KCEF;medium_airport;Westover Metropolitan Airport / Westover Air Reserve Base;42.194;-72.534798;241;NA;US;US-MA;Chicopee;no;KCEF;CEF;CEF;;https://en.wikipedia.org/wiki/Westover_Air_Reserve_Base/Metropolitan_Airport
3445;KCEW;medium_airport;Bob Sikes Airport;30.778799057;-86.522102356;213;NA;US;US-FL;Crestview;no;KCEW;CEW;CEW;http://www.flycew.com/;https://en.wikipedia.org/wiki/Bob_Sikes_Airport
19482;KCEZ;medium_airport;Cortez Municipal Airport;37.303001;-108.627998;5918;NA;US;US-CO;Cortez;yes;KCEZ;CEZ;CEZ;http://www.cityofcortez.com/index.aspx?NID=113;https://en.wikipedia.org/wiki/Cortez_Municipal_Airport
3446;KCGF;medium_airport;Cuyahoga County Airport;41.5651016235;-81.4863967896;879;NA;US;US-OH;Cleveland;no;KCGF;CGF;CGF;http://publicworks.cuyahogacounty.us/en-US/County-Airport.aspx;https://en.wikipedia.org/wiki/Cuyahoga_County_Airport
3447;KCGI;medium_airport;Cape Girardeau Regional Airport;37.2253;-89.570801;342;NA;US;US-MO;Cape Girardeau;yes;KCGI;CGI;CGI;;https://en.wikipedia.org/wiki/Cape_Girardeau_Regional_Airport
3448;KCHA;medium_airport;Chattanooga Metropolitan Airport (Lovell Field);35.035301;-85.203796;683;NA;US;US-TN;Chattanooga;yes;KCHA;CHA;CHA;;https://en.wikipedia.org/wiki/Chattanooga_Metropolitan_Airport
3449;KCHO;medium_airport;Charlottesville Albemarle Airport;38.13859939575195;-78.4529037475586;639;NA;US;US-VA;Charlottesville;yes;KCHO;CHO;CHO;;https://en.wikipedia.org/wiki/Charlottesville-Albemarle_Airport
3450;KCHS;medium_airport;Charleston International Airport;32.898602;-80.040497;46;NA;US;US-SC;Charleston;yes;KCHS;CHS;CHS;https://www.iflychs.com/;https://en.wikipedia.org/wiki/Charleston_International_Airport
3451;KCID;medium_airport;The Eastern Iowa Airport;41.884701;-91.7108;869;NA;US;US-IA;Cedar Rapids;yes;KCID;CID;CID;;https://en.wikipedia.org/wiki/The_Eastern_Iowa_Airport
3452;KCIU;medium_airport;Chippewa County International Airport;46.247707;-84.471379;800;NA;US;US-MI;Kincheloe;yes;KCIU;CIU;CIU;;https://en.wikipedia.org/wiki/Chippewa_County_International_Airport
3453;KCKB;medium_airport;North Central West Virginia Airport;39.2966;-80.228104;1217;NA;US;US-WV;Bridgeport;yes;KCKB;CKB;CKB;;https://en.wikipedia.org/wiki/Harrison/Marion_Regional_Airport
3454;KCLE;large_airport;Cleveland Hopkins International Airport;41.411701;-81.8498;791;NA;US;US-OH;Cleveland;yes;KCLE;CLE;CLE;http://www.clevelandairport.com/;https://en.wikipedia.org/wiki/Cleveland_Hopkins_International_Airport
3455;KCLL;medium_airport;Easterwood Field;30.58860016;-96.36380005;320;NA;US;US-TX;College Station;yes;KCLL;CLL;CLL;;https://en.wikipedia.org/wiki/Easterwood_Airport
3456;KCLM;medium_airport;William R Fairchild International Airport;48.120201;-123.5;291;NA;US;US-WA;Port Angeles;no;KCLM;CLM;CLM;;https://en.wikipedia.org/wiki/William_R._Fairchild_International_Airport
3457;KCLT;large_airport;Charlotte Douglas International Airport;35.2140007019043;-80.94309997558594;748;NA;US;US-NC;Charlotte;yes;KCLT;CLT;CLT;http://www.charlotteairport.com/;https://en.wikipedia.org/wiki/Charlotte/Douglas_International_Airport
19517;KCMA;large_airport;Camarillo International Airport;34.213699;-119.094002;77;NA;US;US-CA;Camarillo;no;KCMA;;CMA;;https://en.wikipedia.org/wiki/Camarillo_Airport
3458;KCMH;large_airport;John Glenn Columbus International Airport;39.998001;-82.891899;815;NA;US;US-OH;Columbus;yes;KCMH;CMH;CMH;https://flycolumbus.com/;https://en.wikipedia.org/wiki/Port_Columbus_International_Airport
3459;KCMI;medium_airport;University of Illinois Willard Airport;40.039819;-88.276249;755;NA;US;US-IL;Savoy;yes;KCMI;CMI;CMI;;https://en.wikipedia.org/wiki/University_of_Illinois_Willard_Airport
3460;KCMX;medium_airport;Houghton County Memorial Airport;47.168399810791016;-88.48909759521484;1095;NA;US;US-MI;Hancock;yes;KCMX;CMX;CMX;;https://en.wikipedia.org/wiki/Houghton_County_Memorial_Airport
3461;KCNM;medium_airport;Cavern City Air Terminal;32.337501525878906;-104.26300048828125;3295;NA;US;US-NM;Carlsbad;yes;KCNM;CNM;CNM;;https://en.wikipedia.org/wiki/Cavern_City_Air_Terminal
19527;KCNU;medium_airport;Chanute Martin Johnson Airport;37.668173;-95.486727;1002;NA;US;US-KS;Chanute;no;KCNU;CNU;CNU;http://www.chanute.org/index.aspx?NID=65;https://en.wikipedia.org/wiki/Chanute_Martin_Johnson_Airport
19529;KCNY;medium_airport;Canyonlands Regional Airport;38.755001;-109.754997;4557;NA;US;US-UT;Moab;yes;KCNY;CNY;CNY;https://www.grandcountyutah.net/263/Airport;https://en.wikipedia.org/wiki/Canyonlands_Field
19530;KCOD;medium_airport;Yellowstone Regional Airport;44.520199;-109.024002;5102;NA;US;US-WY;Cody;yes;KCOD;COD;COD;http://www.flyyra.com/;https://en.wikipedia.org/wiki/Yellowstone_Regional_Airport
19531;KCOE;medium_airport;Coeur D'Alene Airport - Pappy Boyington Field;47.7743;-116.82;2320;NA;US;US-ID;Coeur d'Alene;no;KCOE;COE;COE;http://www.cdaairport.com/;https://en.wikipedia.org/wiki/Coeur_d'Alene_Airport
3462;KCOF;medium_airport;Patrick Space Force Base;28.2349;-80.6101;8;NA;US;US-FL;Cocoa Beach;no;KCOF;COF;COF;http://www.patrick.af.mil/;https://en.wikipedia.org/wiki/Patrick_Air_Force_Base
19534;KCON;medium_airport;Concord Municipal Airport;43.20270157;-71.50229645;342;NA;US;US-NH;Concord;no;KCON;CON;CON;http://www.concordnh.gov/facilities/facility/details/Concord-Municipal-Airport-31;https://en.wikipedia.org/wiki/Concord_Municipal_Airport
3463;KCOS;medium_airport;City of Colorado Springs Municipal Airport;38.805801;-104.700996;6187;NA;US;US-CO;Colorado Springs;yes;KCOS;COS;COS;https://flycos.coloradosprings.gov/;https://en.wikipedia.org/wiki/Colorado_Springs_Airport
3464;KCOU;medium_airport;Columbia Regional Airport;38.8181;-92.219597;889;NA;US;US-MO;Columbia;yes;KCOU;COU;COU;;https://en.wikipedia.org/wiki/Columbia_Regional_Airport
3465;KCPR;medium_airport;Casper-Natrona County International Airport;42.908001;-106.463997;5350;NA;US;US-WY;Casper;yes;KCPR;CPR;CPR;;https://en.wikipedia.org/wiki/Natrona_County_International_Airport
19549;KCRE;medium_airport;Grand Strand Airport;33.8116989136;-78.72389984130001;32;NA;US;US-SC;North Myrtle Beach;no;KCRE;CRE;CRE;;https://en.wikipedia.org/wiki/Grand_Strand_Airport
19550;KCRG;medium_airport;Jacksonville Executive at Craig Airport;30.3362998962;-81.51439666750001;41;NA;US;US-FL;Jacksonville;no;KCRG;CRG;CRG;http://www.flyjacksonville.com/content.aspx?id=86;https://en.wikipedia.org/wiki/Jacksonville_Executive_at_Craig_Airport
3466;KCRP;medium_airport;Corpus Christi International Airport;27.770399;-97.501198;44;NA;US;US-TX;Corpus Christi;yes;KCRP;CRP;CRP;;https://en.wikipedia.org/wiki/Corpus_Christi_International_Airport
19552;KCRQ;medium_airport;McClellan-Palomar Airport;33.1283;-117.279999;331;NA;US;US-CA;Carlsbad;yes;KCRQ;CLD;CRQ;;https://en.wikipedia.org/wiki/McClellan-Palomar_Airport
3467;KCRW;medium_airport;Yeager Airport;38.3731;-81.593201;981;NA;US;US-WV;Charleston;yes;KCRW;CRW;CRW;;https://en.wikipedia.org/wiki/Yeager_Airport
3468;KCSG;medium_airport;Columbus Metropolitan Airport;32.516300201416016;-84.93890380859375;397;NA;US;US-GA;Columbus;yes;KCSG;CSG;CSG;;https://en.wikipedia.org/wiki/Columbus_Metropolitan_Airport
3469;KCSV;medium_airport;Crossville Memorial Airport Whitson Field;35.95131;-85.08499;1881;NA;US;US-TN;Crossville;no;KCSV;CSV;CSV;http://www.crossvilletn.gov/index.php/departments/airport;
3470;KCTB;medium_airport;Cut Bank International Airport;48.608657;-112.378183;3854;NA;US;US-MT;Cut Bank;no;KCTB;CTB;CTB;http://www.cutbankairport.org/;https://en.wikipedia.org/wiki/Cut_Bank_Municipal_Airport
19564;KCUB;medium_airport;Jim Hamilton L.B. Owens Airport;33.970500946;-80.9952011108;193;NA;US;US-SC;Columbia;no;KCUB;CUB;CUB;http://www.columbiasouthcarolina.com/owens.html;https://en.wikipedia.org/wiki/Jim_Hamilton_%E2%80%93_L.B._Owens_Airport
3471;KCVG;large_airport;Cincinnati Northern Kentucky International Airport;39.048801;-84.667801;896;NA;US;US-KY;Cincinnati / Covington;yes;KCVG;CVG;CVG;https://www.cvgairport.com/;https://en.wikipedia.org/wiki/Cincinnati/Northern_Kentucky_International_Airport
19569;KCVN;medium_airport;Clovis Municipal Airport;34.426594;-103.078794;4216;NA;US;US-NM;Clovis;yes;KCVN;CVN;CVN;;https://en.wikipedia.org/wiki/Clovis_Municipal_Airport
3472;KCVO;medium_airport;Corvallis Municipal Airport;44.49720001;-123.2900009;250;NA;US;US-OR;Corvallis;no;KCVO;CVO;CVO;http://www.corvallisoregon.gov/index.aspx?page=160;https://en.wikipedia.org/wiki/Corvallis_Municipal_Airport
3473;KCVS;medium_airport;Cannon Air Force Base;34.382801;-103.321999;4295;NA;US;US-NM;Clovis;no;KCVS;CVS;CVS;http://www.cannon.af.mil/;https://en.wikipedia.org/wiki/Cannon_Air_Force_Base
19571;KCWA;medium_airport;Central Wisconsin Airport;44.777448;-89.670238;1277;NA;US;US-WI;Mosinee;yes;KCWA;CWA;CWA;;https://en.wikipedia.org/wiki/Central_Wisconsin_Airport
3475;KCXO;medium_airport;Conroe-North Houston Regional Airport;30.351801;-95.414497;245;NA;US;US-TX;Houston;no;KCXO;CXO;CXO;https://web.archive.org/web/20160301220928/http://www.lonestarairport.org:80/;https://en.wikipedia.org/wiki/Lone_Star_Executive_Airport
3476;KCYS;medium_airport;Cheyenne Regional Jerry Olson Field;41.155701;-104.811997;6159;NA;US;US-WY;Cheyenne;yes;KCYS;CYS;CYS;;https://en.wikipedia.org/wiki/Cheyenne_Regional_Airport
3477;KDAA;medium_airport;Davison Army Air Field;38.715000152600005;-77.1809997559;73;NA;US;US-VA;Fort Belvoir;no;KDAA;DAA;DAA;;https://en.wikipedia.org/wiki/Davison_Army_Airfield
3478;KDAB;medium_airport;Daytona Beach International Airport;29.179899;-81.058098;34;NA;US;US-FL;Daytona Beach;yes;KDAB;DAB;DAB;;https://en.wikipedia.org/wiki/Daytona_Beach_International_Airport
19615;KDAG;medium_airport;Barstow Daggett Airport;34.85369873;-116.7870026;1930;NA;US;US-CA;Daggett;no;KDAG;DAG;DAG;;https://en.wikipedia.org/wiki/Barstow-Daggett_Airport
3479;KDAL;medium_airport;Dallas Love Field;32.847099;-96.851799;487;NA;US;US-TX;Dallas;yes;KDAL;DAL;DAL;http://www.dallas-lovefield.com/;https://en.wikipedia.org/wiki/Dallas_Love_Field
3480;KDAN;medium_airport;Danville Regional Airport;36.572899;-79.336098;571;NA;US;US-VA;Danville;no;KDAN;DAN;DAN;https://www.danville-va.gov/507/Danville-Regional-Airport;https://en.wikipedia.org/wiki/Danville_Regional_Airport
3481;KDAY;medium_airport;James M Cox Dayton International Airport;39.902401;-84.219398;1009;NA;US;US-OH;Dayton;yes;KDAY;DAY;DAY;;https://en.wikipedia.org/wiki/Dayton_International_Airport
3482;KDBQ;medium_airport;Dubuque Regional Airport;42.402;-90.709503;1077;NA;US;US-IA;Dubuque;yes;KDBQ;DBQ;DBQ;;https://en.wikipedia.org/wiki/Dubuque_Regional_Airport
3483;KDCA;large_airport;Ronald Reagan Washington National Airport;38.8521;-77.037697;15;NA;US;US-DC;Washington;yes;KDCA;DCA;DCA;http://www.flyreagan.com/dca/reagan-national-airport;https://en.wikipedia.org/wiki/Ronald_Reagan_Washington_National_Airport
3484;KDDC;medium_airport;Dodge City Regional Airport;37.76340103149414;-99.9655990600586;2594;NA;US;US-KS;Dodge City;yes;KDDC;DDC;DDC;;https://en.wikipedia.org/wiki/Dodge_City_Regional_Airport
3485;KDEC;medium_airport;Decatur Airport;39.834598541259766;-88.8656997680664;682;NA;US;US-IL;Decatur;yes;KDEC;DEC;DEC;;https://en.wikipedia.org/wiki/Decatur_Airport
3486;KDEN;large_airport;Denver International Airport;39.861698150635;-104.672996521;5431;NA;US;US-CO;Denver;yes;KDEN;DEN;DEN;http://www.flydenver.com/;https://en.wikipedia.org/wiki/Denver_International_Airport
3487;KDET;medium_airport;Coleman A. Young Municipal Airport;42.40919876;-83.00990295;626;NA;US;US-MI;Detroit;no;KDET;DET;DET;;https://en.wikipedia.org/wiki/Coleman_A._Young_International_Airport
3488;KDFW;large_airport;Dallas Fort Worth International Airport;32.896801;-97.038002;607;NA;US;US-TX;Dallas-Fort Worth;yes;KDFW;DFW;DFW;https://www.dfwairport.com/;https://en.wikipedia.org/wiki/Dallas/Fort_Worth_International_Airport
3489;KDHN;medium_airport;Dothan Regional Airport;31.321300506591797;-85.44960021972656;401;NA;US;US-AL;Dothan;yes;KDHN;DHN;DHN;;https://en.wikipedia.org/wiki/Dothan_Regional_Airport
19628;KDHT;medium_airport;Dalhart Municipal Airport;36.0225982666;-102.54699707;3991;NA;US;US-TX;Dalhart;no;KDHT;DHT;DHT;;https://en.wikipedia.org/wiki/Dalhart_Municipal_Airport
19630;KDIK;medium_airport;Dickinson Theodore Roosevelt Regional Airport;46.797533;-102.801905;2592;NA;US;US-ND;Dickinson;yes;KDIK;DIK;DIK;http://dickinsonairport.com/;https://en.wikipedia.org/wiki/Dickinson_Theodore_Roosevelt_Regional_Airport
3490;KDLF;medium_airport;Laughlin Air Force Base;29.359501;-100.778002;1082;NA;US;US-TX;Del Rio;no;KDLF;DLF;DLF;http://www.laughlin.af.mil/;https://en.wikipedia.org/wiki/Laughlin_Air_Force_Base
3491;KDLH;medium_airport;Duluth International Airport;46.842098;-92.193604;1428;NA;US;US-MN;Duluth;yes;KDLH;DLH;DLH;http://www.duluthairport.com/;https://en.wikipedia.org/wiki/Duluth_International_Airport
19640;KDLS;medium_airport;Columbia Gorge Regional Airport;45.620979;-121.170777;247;NA;US;US-OR;Dallesport / The Dalles;no;KDLS;DLS;DLS;http://www.columbiagorgeairport.com/;https://en.wikipedia.org/wiki/Columbia_Gorge_Regional_Airport
3492;KDMA;medium_airport;Davis Monthan Air Force Base;32.1665000916;-110.883003235;2704;NA;US;US-AZ;Tucson;no;KDMA;DMA;DMA;;https://en.wikipedia.org/wiki/Davis-Monthan_Air_Force_Base
3493;KDMN;medium_airport;Deming Municipal Airport;32.262298584;-107.721000671;4314;NA;US;US-NM;Deming;no;KDMN;DMN;DMN;http://www.cityofdeming.org/deming-community/municipal-airport;https://en.wikipedia.org/wiki/Deming_Municipal_Airport
19644;KDNL;medium_airport;Daniel Field;33.4664993286;-82.0393981934;423;NA;US;US-GA;Augusta;no;KDNL;DNL;DNL;http://www.augustaga.gov/index.aspx?NID=486;https://en.wikipedia.org/wiki/Daniel_Field
3494;KDOV;medium_airport;Dover Air Force Base;39.129501;-75.466003;24;NA;US;US-DE;Dover;no;KDOV;DOV;DOV;http://www.dover.af.mil/;https://en.wikipedia.org/wiki/Dover_Air_Force_Base
19648;KDPA;medium_airport;Dupage Airport;41.90779877;-88.24859619;759;NA;US;US-IL;Chicago/West Chicago;no;KDPA;DPA;DPA;http://www.dupageairport.com/;https://en.wikipedia.org/wiki/DuPage_Airport
19652;KDRA;medium_airport;Desert Rock Airport;36.6194;-116.032997;3314;NA;US;US-NV;Mercury;no;KDRA;DRA;NV65;;https://en.wikipedia.org/wiki/Desert_Rock_Airport
3495;KDRI;medium_airport;Beauregard Regional Airport;30.831699;-93.339897;202;NA;US;US-LA;DeRidder;no;KDRI;DRI;DRI;;https://en.wikipedia.org/wiki/Beauregard_Regional_Airport
19654;KDRO;medium_airport;Durango La Plata County Airport;37.151501;-107.753998;6685;NA;US;US-CO;Durango;yes;KDRO;DRO;DRO;http://www.durangogov.org/airport/index.cfm;https://en.wikipedia.org/wiki/Durango-La_Plata_County_Airport
19655;KDRT;medium_airport;Del Rio International Airport;29.3742008209;-100.927001953;1002;NA;US;US-TX;Del Rio;no;KDRT;DRT;DRT;http://www.cityofdelrio.com/index.aspx?NID=412;https://en.wikipedia.org/wiki/Del_Rio_International_Airport
3496;KDSM;medium_airport;Des Moines International Airport;41.534;-93.663101;958;NA;US;US-IA;Des Moines;yes;KDSM;DSM;DSM;;https://en.wikipedia.org/wiki/Des_Moines_International_Airport
19661;KDTS;medium_airport;Destin Executive Airport;30.400101;-86.471497;23;NA;US;US-FL;Destin;yes;KDTS;DSI;DTS;http://www.flydts.com/;https://en.wikipedia.org/wiki/Destin-Fort_Walton_Beach_Airport
3497;KDTW;large_airport;Detroit Metropolitan Wayne County Airport;42.21377;-83.353786;645;NA;US;US-MI;Detroit;yes;KDTW;DTW;DTW;http://www.metroairport.com/;https://en.wikipedia.org/wiki/Detroit_Metropolitan_Wayne_County_Airport
19662;KDUA;medium_airport;Durant Regional Airport - Eaker Field;33.939675;-96.395072;699;NA;US;US-OK;Durant;no;KDUA;DUA;DUA;https://www.durant.org/151/Airport;https://en.wikipedia.org/wiki/Durant_Regional_Airport_%E2%80%93_Eaker_Field
19664;KDUG;medium_airport;Bisbee Douglas International Airport;31.4689998627;-109.603996277;4154;NA;US;US-AZ;Douglas Bisbee;no;KDUG;DUG;DUG;http://www.azdot.gov/mpd/airport_development/airports/airports_list.asp?FAA=DUG;https://en.wikipedia.org/wiki/Bisbee-Douglas_International_Airport
3498;KDUJ;medium_airport;DuBois Regional Airport;41.17829895;-78.8986969;1817;NA;US;US-PA;Dubois;yes;KDUJ;DUJ;DUJ;;https://en.wikipedia.org/wiki/DuBois_Regional_Airport
19668;KDVL;medium_airport;Devils Lake Regional Airport;48.115454;-98.908796;1456;NA;US;US-ND;Devils Lake;yes;KDVL;DVL;DVL;http://www.devilslakeairport.com/;https://en.wikipedia.org/wiki/Devils_Lake_Regional_Airport
19676;KDXR;medium_airport;Danbury Municipal Airport;41.371656;-73.482227;458;NA;US;US-CT;Danbury;no;KDXR;DXR;DXR;;https://en.wikipedia.org/wiki/Danbury_Municipal_Airport
3499;KDYS;medium_airport;Dyess Air Force Base;32.420799;-99.854599;1789;NA;US;US-TX;Abilene;no;KDYS;DYS;DYS;http://www.dyess.af.mil/;https://en.wikipedia.org/wiki/Dyess_Air_Force_Base
19716;KEAR;medium_airport;Kearney Regional Airport;40.727001;-99.006798;2131;NA;US;US-NE;Kearney;yes;KEAR;EAR;EAR;;https://en.wikipedia.org/wiki/Kearney_Municipal_Airport
19717;KEAT;medium_airport;Pangborn Memorial Airport;47.398899;-120.207001;1249;NA;US;US-WA;Wenatchee;yes;KEAT;EAT;EAT;http://www.pangbornairport.com/;https://en.wikipedia.org/wiki/Pangborn_Memorial_Airport
3501;KEAU;medium_airport;Chippewa Valley Regional Airport;44.86579895019531;-91.48429870605469;913;NA;US;US-WI;Eau Claire;yes;KEAU;EAU;EAU;;https://en.wikipedia.org/wiki/Chippewa_Valley_Regional_Airport
3502;KECG;medium_airport;Elizabeth City Regional Airport & Coast Guard Air Station;36.260601;-76.174599;11;NA;US;US-NC;Elizabeth City;no;KECG;ECG;ECG;http://www.ecgairport.com/;https://en.wikipedia.org/wiki/Elizabeth_City_Regional_Airport
46530;KECP;medium_airport;Northwest Florida Beaches International Airport;30.357106;-85.795414;69;NA;US;US-FL;Panama City Beach;yes;KECP;ECP;ECP;http://iflybeaches.com;https://en.wikipedia.org/wiki/Northwest_Florida_Beaches_International_Airport
3503;KEDW;medium_airport;Edwards Air Force Base;34.905399;-117.884003;2312;NA;US;US-CA;Edwards;no;KEDW;EDW;EDW;;https://en.wikipedia.org/wiki/Edwards_Air_Force_Base
19727;KEED;medium_airport;Needles Airport;34.7663002014;-114.623001099;983;NA;US;US-CA;Needles;no;KEED;EED;EED;http://cms.sbcounty.gov/airports/Airports/Needles.aspx;https://en.wikipedia.org/wiki/Needles_Airport
3504;KEEN;medium_airport;Dillant Hopkins Airport;42.898399;-72.270798;488;NA;US;US-NH;Keene;no;KEEN;EEN;EEN;https://ci.keene.nh.us/keene-dillant-hopkins-airport;https://en.wikipedia.org/wiki/Dillant-Hopkins_Airport
19729;KEET;medium_airport;Shelby County Airport;33.17699814;-86.78279877;586;NA;US;US-AL;Alabaster;no;KEET;;EET;https://al-shelbycountytourism.civicplus.com/index.aspx?nid=109;https://en.wikipedia.org/wiki/Shelby_County_Airport_(Alabama)
19731;KEFD;medium_airport;Ellington Airport;29.607299804700002;-95.1587982178;32;NA;US;US-TX;Houston;no;KEFD;EFD;EFD;;https://en.wikipedia.org/wiki/Ellington_Airport_(Texas)
3505;KEGE;medium_airport;Eagle County Regional Airport;39.64260101;-106.9179993;6548;NA;US;US-CO;Eagle;yes;KEGE;EGE;EGE;http://www.eaglecounty.us/airport/;https://en.wikipedia.org/wiki/Eagle_County_Regional_Airport
19735;KEGI;medium_airport;Duke Field;30.65040016;-86.52290344;191;NA;US;US-FL;Crestview;no;KEGI;EGI;EGI;http://www.919sow.afrc.af.mil/;https://en.wikipedia.org/wiki/Duke_Field
3506;KEKA;medium_airport;Murray Field;40.803398;-124.112999;7;NA;US;US-CA;Eureka;no;KEKA;EKA;EKA;;https://en.wikipedia.org/wiki/Murray_Field
3507;KEKN;medium_airport;Elkins-Randolph County Regional Airport;38.889759;-79.857651;1987;NA;US;US-WV;Elkins;no;KEKN;EKN;EKN;http://www.elkinsairport.com/;
3508;KEKO;medium_airport;Elko Regional Airport;40.82490158081055;-115.79199981689453;5140;NA;US;US-NV;Elko;yes;KEKO;EKO;EKO;;https://en.wikipedia.org/wiki/Elko_Regional_Airport
3509;KELD;medium_airport;South Arkansas Regional Airport at Goodwin Field;33.221001;-92.813301;277;NA;US;US-AR;El Dorado;yes;KELD;ELD;ELD;;https://en.wikipedia.org/wiki/South_Arkansas_Regional_Airport_at_Goodwin_Field
3510;KELM;medium_airport;Elmira Corning Regional Airport;42.1599006652832;-76.8916015625;954;NA;US;US-NY;Elmira/Corning;yes;KELM;ELM;ELM;;https://en.wikipedia.org/wiki/Elmira-Corning_Regional_Airport
3511;KELO;medium_airport;Ely Municipal Airport;47.82450104;-91.83070374;1456;NA;US;US-MN;Ely;no;KELO;LYU;ELO;http://www.ely.mn.us/index.asp?Type=B_BASIC&SEC=%7B936B252D-C48B-42BD-B996-37F320A6CFF7%7D;https://en.wikipedia.org/wiki/Ely_Municipal_Airport
3512;KELP;medium_airport;El Paso International Airport;31.807199;-106.377998;3959;NA;US;US-TX;El Paso;yes;KELP;ELP;ELP;https://elpasointernationalairport.com/;https://en.wikipedia.org/wiki/El_Paso_International_Airport
19753;KELY;medium_airport;Ely Airport Yelland Field;39.29970169;-114.8420029;6259;NA;US;US-NV;Ely;no;KELY;ELY;ELY;;https://en.wikipedia.org/wiki/Ely_Airport
3513;KEND;medium_airport;Vance Air Force Base;36.339199;-97.916496;1307;NA;US;US-OK;Enid;no;KEND;END;END;http://www.vance.af.mil/;https://en.wikipedia.org/wiki/Vance_Air_Force_Base
19760;KENV;medium_airport;Wendover Airport;40.7187004089;-114.03099823;4237;NA;US;US-UT;Wendover;no;KENV;ENV;ENV;;https://en.wikipedia.org/wiki/Wendover_Airport
3514;KENW;medium_airport;Kenosha Regional Airport;42.59569931;-87.92780304;742;NA;US;US-WI;Kenosha;no;KENW;ENW;ENW;http://www.kenosha.org/departments/airport/;https://en.wikipedia.org/wiki/Kenosha_Regional_Airport
3515;KERI;medium_airport;Erie International Tom Ridge Field;42.083127;-80.173867;732;NA;US;US-PA;Erie;yes;KERI;ERI;ERI;;https://en.wikipedia.org/wiki/Erie_International_Airport
19770;KESC;medium_airport;Delta County Airport;45.723199;-87.088623;609;NA;US;US-MI;Escanaba;yes;KESC;ESC;ESC;;https://en.wikipedia.org/wiki/Delta_County_Airport
3516;KESF;medium_airport;Esler Army Airfield / Esler Regional Airport;31.394266;-92.294082;112;NA;US;US-LA;Alexandria;no;KESF;ESF;ESF;http://www.alexandria-louisiana.com/esler-field-louisiana.htm;https://en.wikipedia.org/wiki/Esler_Airfield
3517;KEUG;medium_airport;Mahlon Sweet Field;44.12459945678711;-123.21199798583984;374;NA;US;US-OR;Eugene;yes;KEUG;EUG;EUG;;https://en.wikipedia.org/wiki/Eugene_Airport
3518;KEVV;medium_airport;Evansville Regional Airport;38.0369987488;-87.5324020386;418;NA;US;US-IN;Evansville;yes;KEVV;EVV;EVV;;https://en.wikipedia.org/wiki/Evansville_Regional_Airport
19782;KEVW;medium_airport;Evanston-Uinta County Airport-Burns Field;41.27479935;-111.0350037;7143;NA;US;US-WY;Evanston;no;KEVW;EVW;EVW;;
3519;KEWB;medium_airport;New Bedford Regional Airport;41.67610168457031;-70.95690155029297;80;NA;US;US-MA;New Bedford;yes;KEWB;EWB;EWB;;https://en.wikipedia.org/wiki/New_Bedford_Regional_Airport
3520;KEWN;medium_airport;Coastal Carolina Regional Airport;35.0730018616;-77.04290008539999;18;NA;US;US-NC;New Bern;yes;KEWN;EWN;EWN;;https://en.wikipedia.org/wiki/Craven_County_Regional_Airport
3521;KEWR;large_airport;Newark Liberty International Airport;40.692501;-74.168701;18;NA;US;US-NJ;Newark;yes;KEWR;EWR;EWR;http://www.panynj.gov/CommutingTravel/airports/html/newarkliberty.html;https://en.wikipedia.org/wiki/Newark_Liberty_International_Airport
3522;KEYW;medium_airport;Key West International Airport;24.556101;-81.759598;3;NA;US;US-FL;Key West;yes;KEYW;EYW;EYW;;https://en.wikipedia.org/wiki/Key_West_International_Airport
19843;KFAF;medium_airport;Felker Army Air Field;37.1325;-76.608803;12;NA;US;US-VA;Newport News (Fort Eustis);no;KFAF;FAF;FAF;;
3523;KFAR;medium_airport;Hector International Airport;46.92070007324219;-96.81580352783203;902;NA;US;US-ND;Fargo;yes;KFAR;FAR;FAR;http://www.fargoairport.com/;https://en.wikipedia.org/wiki/Hector_International_Airport
3524;KFAT;medium_airport;Fresno Yosemite International Airport;36.776199;-119.718002;336;NA;US;US-CA;Fresno;yes;KFAT;FAT;FAT;https://flyfresno.com/;https://en.wikipedia.org/wiki/Fresno_Yosemite_International_Airport
3525;KFAY;medium_airport;Fayetteville Regional Airport - Grannis Field;34.991199;-78.880302;189;NA;US;US-NC;Fayetteville;yes;KFAY;FAY;FAY;;https://en.wikipedia.org/wiki/Fayetteville_Regional_Airport
3526;KFBG;medium_airport;Simmons Army Air Field;35.13180161;-78.93669891;244;NA;US;US-NC;Fort Bragg;no;KFBG;FBG;FBG;;https://en.wikipedia.org/wiki/Simmons_Army_Airfield
19851;KFCS;medium_airport;Butts AAF (Fort Carson) Air Field;38.67839813;-104.7570038;5838;NA;US;US-CO;Fort Carson;no;KFCS;FCS;FCS;;
19857;KFDY;medium_airport;Findlay Airport;41.013500213600004;-83.66870117190001;813;NA;US;US-OH;Findlay;no;KFDY;FDY;FDY;http://www.ci.findlay.oh.us/?id=56;https://en.wikipedia.org/wiki/Findlay_Airport
3528;KFFO;medium_airport;Wright-Patterson Air Force Base;39.826099;-84.048302;823;NA;US;US-OH;Dayton;no;KFFO;FFO;FFO;http://www.wpafb.af.mil/;https://en.wikipedia.org/wiki/Wright-Patterson_Air_Force_Base
19868;KFHR;medium_airport;Friday Harbor Airport;48.523654;-123.024645;113;NA;US;US-WA;Friday Harbor;yes;KFHR;FRD;FHR;http://www.portfridayharbor.org/?page_id=49;https://en.wikipedia.org/wiki/Friday_Harbor_Airport
3529;KFHU;medium_airport;Sierra Vista Municipal Airport / Libby Army Air Field;31.587383;-110.348225;4719;NA;US;US-AZ;Fort Huachuca / Sierra Vista;no;KFHU;FHU;FHU;;https://en.wikipedia.org/wiki/Sierra_Vista_Municipal_Airport
19872;KFKL;medium_airport;Venango Regional Airport;41.3778991699;-79.8603973389;1540;NA;US;US-PA;Franklin;no;KFKL;FKL;FKL;;https://en.wikipedia.org/wiki/Venango_Regional_Airport
3530;KFLG;medium_airport;Flagstaff Pulliam International Airport;35.1385;-111.670998;7014;NA;US;US-AZ;Flagstaff;yes;KFLG;FLG;FLG;;https://en.wikipedia.org/wiki/Flagstaff_Pulliam_Airport
3531;KFLL;large_airport;Fort Lauderdale Hollywood International Airport;26.072599;-80.152702;9;NA;US;US-FL;Fort Lauderdale;yes;KFLL;FLL;FLL;http://www.broward.org/airport;https://en.wikipedia.org/wiki/Fort_Lauderdale–Hollywood_International_Airport
3532;KFLO;medium_airport;Florence Regional Airport;34.18539810180664;-79.7238998413086;146;NA;US;US-SC;Florence;yes;KFLO;FLO;FLO;;https://en.wikipedia.org/wiki/Florence_Regional_Airport
3534;KFME;medium_airport;Tipton Airport;39.08539962769999;-76.7593994141;150;NA;US;US-MD;Fort Meade(Odenton);no;KFME;FME;FME;http://tiptonairport.org/;https://en.wikipedia.org/wiki/Tipton_Airport
19881;KFMN;medium_airport;Four Corners Regional Airport;36.741199;-108.230003;5506;NA;US;US-NM;Farmington;no;KFMN;FMN;FMN;;https://en.wikipedia.org/wiki/Four_Corners_Regional_Airport
19882;KFMY;medium_airport;Page Field;26.58659935;-81.86329650879999;17;NA;US;US-FL;Fort Myers;no;KFMY;FMY;FMY;http://www.flylcpa.com/aboutfmy;https://en.wikipedia.org/wiki/Page_Field
19885;KFNL;medium_airport;Northern Colorado Regional Airport;40.44969;-105.011272;5016;NA;US;US-CO;Loveland;no;KFNL;FNL;FNL;http://www.flynoco.com/;https://en.wikipedia.org/wiki/Northern_Colorado_Regional_Airport
3535;KFNT;medium_airport;Bishop International Airport;42.96540069580078;-83.74359893798828;782;NA;US;US-MI;Flint;yes;KFNT;FNT;FNT;;https://en.wikipedia.org/wiki/Bishop_International_Airport
3536;KFOD;medium_airport;Fort Dodge Regional Airport;42.552624;-94.191237;1156;NA;US;US-IA;Fort Dodge;yes;KFOD;FOD;FOD;;https://en.wikipedia.org/wiki/Fort_Dodge_Regional_Airport
3537;KFOE;medium_airport;Topeka Regional Airport;38.950901;-95.663597;1078;NA;US;US-KS;Topeka;no;KFOE;FOE;FOE;;https://en.wikipedia.org/wiki/Topeka_Regional_Airport
3538;KFPR;medium_airport;St Lucie County International Airport;27.49510002;-80.36830139;24;NA;US;US-FL;Fort Pierce;no;KFPR;FPR;FPR;;https://en.wikipedia.org/wiki/St._Lucie_County_International_Airport
3539;KFRG;medium_airport;Republic Airport;40.7288017273;-73.4133987427;82;NA;US;US-NY;Farmingdale;no;KFRG;FRG;FRG;http://www.republicairport.net/;https://en.wikipedia.org/wiki/Republic_Airport
3540;KFRI;medium_airport;Marshall Army Air Field;39.053021;-96.764202;1065;NA;US;US-KS;Fort Riley (Junction City);no;KFRI;FRI;FRI;;https://en.wikipedia.org/wiki/Marshall_Army_Airfield
3541;KFSD;medium_airport;Sioux Falls Regional Airport / Joe Foss Field;43.585463;-96.741152;1429;NA;US;US-SD;Sioux Falls;yes;KFSD;FSD;FSD;http://www.sfairport.com/;https://en.wikipedia.org/wiki/Sioux_Falls_Regional_Airport
3542;KFSI;medium_airport;Henry Post Army Air Field;34.649799;-98.402199;1189;NA;US;US-OK;Fort Sill;no;KFSI;FSI;FSI;http://sill-www.army.mil/History/Airfield/henrypost.htm;https://en.wikipedia.org/wiki/Henry_Post_Army_Airfield
3543;KFSM;medium_airport;Fort Smith Regional Airport;35.336601;-94.367401;469;NA;US;US-AR;Fort Smith;yes;KFSM;FSM;FSM;;https://en.wikipedia.org/wiki/Fort_Smith_Regional_Airport
19900;KFST;medium_airport;Fort Stockton Pecos County Airport;30.9157009125;-102.916000366;3011;NA;US;US-TX;Fort Stockton;no;KFST;FST;FST;;https://en.wikipedia.org/wiki/Fort_Stockton%E2%80%93Pecos_County_Airport
3544;KFTK;medium_airport;Godman Army Air Field;37.907100677500004;-85.9720993042;756;NA;US;US-KY;Fort Knox;no;KFTK;FTK;FTK;;https://en.wikipedia.org/wiki/Godman_Army_Airfield
3545;KFTW;medium_airport;Fort Worth Meacham International Airport;32.819801;-97.362396;710;NA;US;US-TX;Fort Worth;no;KFTW;FTW;FTW;http://meacham.com/;https://en.wikipedia.org/wiki/Fort_Worth_Meacham_International_Airport
3546;KFTY;medium_airport;Fulton County Airport Brown Field;33.7790985107;-84.5214004517;841;NA;US;US-GA;Atlanta;no;KFTY;FTY;FTY;http://www.fultoncountyga.gov/component/content/article/223-general-services/2098-fulton-county-airport-brown-field;https://en.wikipedia.org/wiki/Fulton_County_Airport_(Georgia)
3547;KFWA;medium_airport;Fort Wayne International Airport;40.9785;-85.195099;814;NA;US;US-IN;Fort Wayne;yes;KFWA;FWA;FWA;https://fwairport.com/;https://en.wikipedia.org/wiki/Fort_Wayne_International_Airport
19912;KFXE;medium_airport;Fort Lauderdale Executive Airport;26.1972999573;-80.1707000732;13;NA;US;US-FL;Fort Lauderdale;no;KFXE;FXE;FXE;http://www.fortlauderdale.gov/fxE/index.htm;https://en.wikipedia.org/wiki/Fort_Lauderdale_Executive_Airport
3548;KFYV;medium_airport;Drake Field;36.00510025024414;-94.17009735107422;1251;NA;US;US-AR;Fayetteville;no;KFYV;FYV;FYV;;https://en.wikipedia.org/wiki/Drake_Field
19929;KGCC;medium_airport;Northeast Wyoming Regional Airport;44.3489;-105.539001;4365;NA;US;US-WY;Gillette;yes;KGCC;GCC;GCC;http://www.iflygillette.com/;https://en.wikipedia.org/wiki/Gillette%E2%80%93Campbell_County_Airport
3550;KGCK;medium_airport;Garden City Regional Airport;37.9275016785;-100.723999023;2891;NA;US;US-KS;Garden City;yes;KGCK;GCK;GCK;;https://en.wikipedia.org/wiki/Garden_City_Regional_Airport
3551;KGCN;medium_airport;Grand Canyon National Park Airport;35.9524;-112.147003;6609;NA;US;US-AZ;Grand Canyon - Tusayan;yes;KGCN;GCN;GCN;http://www.azdot.gov/aviation/airports/airports_list.asp?FAA=GCN;https://en.wikipedia.org/wiki/Grand_Canyon_National_Park_Airport
19936;KGDV;medium_airport;Dawson Community Airport;47.137658;-104.80691;2458;NA;US;US-MT;Glendive;yes;KGDV;GDV;GDV;;https://en.wikipedia.org/wiki/Dawson_Community_Airport
3552;KGEG;medium_airport;Spokane International Airport;47.6199;-117.533997;2376;NA;US;US-WA;Spokane;yes;KGEG;GEG;GEG;https://spokaneairports.net/;https://en.wikipedia.org/wiki/Spokane_International_Airport
3553;KGFK;medium_airport;Grand Forks International Airport;47.949299;-97.176102;845;NA;US;US-ND;Grand Forks;yes;KGFK;GFK;GFK;http://www.gfkairport.com/;https://en.wikipedia.org/wiki/Grand_Forks_International_Airport
3554;KGFL;medium_airport;Floyd Bennett Memorial Airport;43.3412017822;-73.6102981567;328;NA;US;US-NY;Glens Falls;no;KGFL;GFL;GFL;http://www.warrencountydpw.com/airport_07/;https://en.wikipedia.org/wiki/Floyd_Bennett_Memorial_Airport
3555;KGGG;medium_airport;East Texas Regional Airport;32.38399887084961;-94.71150207519531;365;NA;US;US-TX;Longview;yes;KGGG;GGG;GGG;;https://en.wikipedia.org/wiki/East_Texas_Regional_Airport
3556;KGGW;medium_airport;Glasgow Valley County Airport Wokal Field;48.212502;-106.614998;2296;NA;US;US-MT;Glasgow;yes;KGGW;GGW;GGW;http://www.glasgowmtairport.com/;https://en.wikipedia.org/wiki/Glasgow_Airport_(US)
3557;KGJT;medium_airport;Grand Junction Regional Airport;39.126663;-108.529387;4858;NA;US;US-CO;Grand Junction;yes;KGJT;GJT;GJT;http://www.gjairport.com/;https://en.wikipedia.org/wiki/Grand_Junction_Regional_Airport
19956;KGLD;medium_airport;Goodland Municipal Airport;39.370701;-101.699753;3656;NA;US;US-KS;Goodland;no;KGLD;GLD;GLD;;https://en.wikipedia.org/wiki/Goodland_Municipal_Airport
19958;KGLH;medium_airport;Mid Delta Regional Airport;33.482899;-90.985603;131;NA;US;US-MS;Greenville;yes;KGLH;GLH;GLH;;https://en.wikipedia.org/wiki/Greenville_Mid-Delta_Airport
3558;KGLS;medium_airport;Scholes International At Galveston Airport;29.265301;-94.860397;6;NA;US;US-TX;Galveston;no;KGLS;GLS;GLS;;https://en.wikipedia.org/wiki/Scholes_International_Airport_at_Galveston
19963;KGMU;medium_airport;Greenville Downtown Airport;34.847903;-82.350217;1048;NA;US;US-SC;Greenville;no;KGMU;GMU;GMU;http://www.greenvilledowntownairport.com/;https://en.wikipedia.org/wiki/Greenville_Downtown_Airport
3559;KGNV;medium_airport;Gainesville Regional Airport;29.6900997162;-82.2717971802;152;NA;US;US-FL;Gainesville;yes;KGNV;GNV;GNV;;https://en.wikipedia.org/wiki/Gainesville_Regional_Airport
3560;KGON;medium_airport;Groton New London Airport;41.330101;-72.045097;9;NA;US;US-CT;Groton;no;KGON;GON;GON;https://ctairports.org/airports/groton-newlondon/;https://en.wikipedia.org/wiki/Groton-New_London_Airport
3527;KGPI;medium_airport;Glacier Park International Airport;48.31050109863281;-114.25599670410156;2977;NA;US;US-MT;Kalispell;yes;KGPI;FCA;GPI;http://www.iflyglacier.com/;https://en.wikipedia.org/wiki/Glacier_Park_International_Airport
3561;KGPT;medium_airport;Gulfport Biloxi International Airport;30.407301;-89.070099;28;NA;US;US-MS;Gulfport;yes;KGPT;GPT;GPT;;https://en.wikipedia.org/wiki/Gulfport-Biloxi_International_Airport
3562;KGRB;medium_airport;Austin Straubel International Airport;44.483459;-88.130805;695;NA;US;US-WI;Green Bay;yes;KGRB;GRB;GRB;;https://en.wikipedia.org/wiki/Austin_Straubel_International_Airport
3563;KGRF;medium_airport;Gray Army Air Field;47.07920074;-122.5810013;300;NA;US;US-WA;Fort Lewis/Tacoma;no;KGRF;GRF;GRF;;https://en.wikipedia.org/wiki/Gray_Army_Airfield
3564;KGRI;medium_airport;Central Nebraska Regional Airport;40.967498779296875;-98.30960083007812;1847;NA;US;US-NE;Grand Island;yes;KGRI;GRI;GRI;;https://en.wikipedia.org/wiki/Central_Nebraska_Regional_Airport
3565;KGRK;medium_airport;Killeen Regional Airport / Robert Gray Army Airfield;31.0672;-97.828903;1015;NA;US;US-TX;Fort Cavazos;yes;KGRK;GRK;GRK;;https://en.wikipedia.org/wiki/Killeen_Regional_Airport
3566;KGRR;medium_airport;Gerald R. Ford International Airport;42.88079834;-85.52279663;794;NA;US;US-MI;Grand Rapids;yes;KGRR;GRR;GRR;;https://en.wikipedia.org/wiki/Gerald_R._Ford_International_Airport
3567;KGSB;medium_airport;Seymour Johnson Air Force Base;35.339401;-77.960602;109;NA;US;US-NC;Goldsboro;no;KGSB;GSB;GSB;http://www.seymourjohnson.af.mil/;https://en.wikipedia.org/wiki/Seymour_Johnson_Air_Force_Base
3568;KGSO;medium_airport;Piedmont Triad International Airport;36.097801;-79.937302;925;NA;US;US-NC;Greensboro;yes;KGSO;GSO;GSO;;https://en.wikipedia.org/wiki/Piedmont_Triad_International_Airport
3569;KGSP;medium_airport;Greenville Spartanburg International Airport;34.895699;-82.218903;964;NA;US;US-SC;Greer;yes;KGSP;GSP;GSP;;https://en.wikipedia.org/wiki/Greenville-Spartanburg_International_Airport
3570;KGTB;medium_airport;Wheeler Sack Army Air Field;44.05559921;-75.71949768;688;NA;US;US-NY;Fort Drum;no;KGTB;;GTB;;https://en.wikipedia.org/wiki/Wheeler-Sack_Army_Airfield
3571;KGTF;medium_airport;Great Falls International Airport;47.48199844;-111.3710022;3680;NA;US;US-MT;Great Falls;yes;KGTF;GTF;GTF;;https://en.wikipedia.org/wiki/Great_Falls_International_Airport
19982;KGTR;medium_airport;Golden Triangle Regional Airport;33.450298;-88.5914;264;NA;US;US-MS;Columbus/W Point/Starkville;yes;KGTR;GTR;GTR;;https://en.wikipedia.org/wiki/Golden_Triangle_Regional_Airport
19984;KGUC;medium_airport;Gunnison Crested Butte Regional Airport;38.534672;-106.934566;7680;NA;US;US-CO;Gunnison;yes;KGUC;GUC;GUC;;https://en.wikipedia.org/wiki/Gunnison-Crested_Butte_Regional_Airport
3572;KGUP;medium_airport;Gallup Municipal Airport;35.511653;-108.788166;6472;NA;US;US-NM;Gallup;yes;KGUP;GUP;GUP;;https://en.wikipedia.org/wiki/Gallup_Municipal_Airport
3573;KGUS;medium_airport;Grissom Air Reserve Base;40.648102;-86.1521;812;NA;US;US-IN;Peru;no;KGUS;GUS;GUS;http://www.grissom.afrc.af.mil/;https://en.wikipedia.org/wiki/Grissom_Air_Reserve_Base
19985;KGUY;medium_airport;Guymon Municipal Airport;36.6851005554;-101.508003235;3123;NA;US;US-OK;Guymon;no;KGUY;GUY;GUY;http://www.guymonok.org/index.aspx?NID=179;https://en.wikipedia.org/wiki/Guymon_Municipal_Airport
3574;KGWO;medium_airport;Greenwood–Leflore Airport;33.495025;-90.088204;162;NA;US;US-MS;Greenwood;no;KGWO;GWO;GWO;http://greenwoodms.com/index.aspx?nid=113;https://en.wikipedia.org/wiki/Greenwood%E2%80%93Leflore_Airport
19997;KGYI;medium_airport;North Texas Regional Airport Perrin Field;33.7141;-96.673698;749;NA;US;US-TX;Denison;no;KGYI;PNX;GYI;http://www.northtexasregionalairport.com/;https://en.wikipedia.org/wiki/North_Texas_Regional_Airport
3575;KGYY;medium_airport;Gary Chicago International Airport;41.61629867553711;-87.41280364990234;591;NA;US;US-IN;Gary;no;KGYY;GYY;GYY;;https://en.wikipedia.org/wiki/Gary/Chicago_International_Airport
20027;KHBG;medium_airport;Hattiesburg Bobby L Chain Municipal Airport;31.26479912;-89.25279999;151;NA;US;US-MS;Hattiesburg;no;KHBG;HBG;HBG;;https://en.wikipedia.org/wiki/Hattiesburg_Bobby_L._Chain_Municipal_Airport
20029;KHBR;medium_airport;Hobart Regional Airport;34.991317;-99.051313;1563;NA;US;US-OK;Hobart;no;KHBR;HBR;HBR;;https://en.wikipedia.org/wiki/Hobart_Regional_Airport
20038;KHDN;medium_airport;Yampa Valley Airport;40.481201;-107.218002;6606;NA;US;US-CO;Hayden;yes;KHDN;HDN;HDN;;https://en.wikipedia.org/wiki/Yampa_Valley_Airport
3576;KHFD;medium_airport;Hartford Brainard Airport;41.736698150635;-72.649398803711;18;NA;US;US-CT;Hartford;no;KHFD;HFD;HFD;;https://en.wikipedia.org/wiki/Hartford-Brainard_Airport
3577;KHGR;medium_airport;Hagerstown Regional Richard A Henson Field;39.708771;-77.728014;703;NA;US;US-MD;Hagerstown;yes;KHGR;HGR;HGR;;https://en.wikipedia.org/wiki/Hagerstown_Regional_Airport
3578;KHHR;medium_airport;Jack Northrop Field Hawthorne Municipal Airport;33.922798;-118.334999;66;NA;US;US-CA;Hawthorne;yes;KHHR;HHR;HHR;;https://en.wikipedia.org/wiki/Hawthorne_Municipal_Airport_(California)
3579;KHIB;medium_airport;Range Regional Airport;47.384831;-92.836905;1354;NA;US;US-MN;Hibbing;yes;KHIB;HIB;HIB;;https://en.wikipedia.org/wiki/Range_Regional_Airport
3580;KHIF;medium_airport;Hill Air Force Base;41.12403;-111.973086;4789;NA;US;US-UT;Ogden;no;KHIF;HIF;HIF;http://www.hill.af.mil/;https://en.wikipedia.org/wiki/Hill_Air_Force_Base
20053;KHII;medium_airport;Lake Havasu City International Airport;34.571098;-114.358002;783;NA;US;US-AZ;Lake Havasu City;no;KHII;HII;HII;;https://en.wikipedia.org/wiki/Lake_Havasu_City_Airport
20054;KHIO;medium_airport;Portland Hillsboro Airport;45.540401;-122.949997;208;NA;US;US-OR;Portland;no;KHIO;HIO;HIO;http://www.flypdx.com/Airports/Hillsboro/;https://en.wikipedia.org/wiki/Hillsboro_Airport
3581;KHKY;medium_airport;Hickory Regional Airport;35.74110031;-81.38950348;1190;NA;US;US-NC;Hickory;no;KHKY;HKY;HKY;;https://en.wikipedia.org/wiki/Hickory_Regional_Airport
20061;KHLG;medium_airport;Wheeling Ohio County Airport;40.1749992371;-80.6463012695;1195;NA;US;US-WV;Wheeling;no;KHLG;HLG;HLG;;https://en.wikipedia.org/wiki/Wheeling_Ohio_County_Airport
3582;KHLN;medium_airport;Helena Regional Airport;46.6068;-111.983002;3877;NA;US;US-MT;Helena;yes;KHLN;HLN;HLN;;https://en.wikipedia.org/wiki/Helena_Regional_Airport
3584;KHMN;medium_airport;Holloman Air Force Base;32.852501;-106.107002;4093;NA;US;US-NM;Alamogordo;no;KHMN;HMN;HMN;http://www.holloman.af.mil/;https://en.wikipedia.org/wiki/Holloman_Air_Force_Base
20071;KHOB;medium_airport;Lea County Regional Airport;32.6875;-103.217003;3661;NA;US;US-NM;Hobbs;yes;KHOB;HOB;HOB;;https://en.wikipedia.org/wiki/Lea_County_Regional_Airport
3585;KHON;medium_airport;Huron Regional Airport;44.385201;-98.2285;1289;NA;US;US-SD;Huron;no;KHON;HON;HON;;https://en.wikipedia.org/wiki/Huron_Regional_Airport
3586;KHOP;medium_airport;Campbell Army Airfield (Fort Campbell);36.674154;-87.48974;573;NA;US;US-KY;Fort Campbell;no;KHOP;HOP;HOP;;https://en.wikipedia.org/wiki/Campbell_Army_Airfield
3587;KHOT;medium_airport;Memorial Field Airport;34.4788;-93.096262;540;NA;US;US-AR;Hot Springs;yes;KHOT;HOT;HOT;;https://en.wikipedia.org/wiki/Hot_Springs_Memorial_Field_Airport
3588;KHOU;medium_airport;William P Hobby Airport;29.645399;-95.2789;46;NA;US;US-TX;Houston;yes;KHOU;HOU;HOU;http://www.fly2houston.com/hobbyHome;https://en.wikipedia.org/wiki/William_P._Hobby_Airport
3589;KHPN;medium_airport;Westchester County Airport;41.06700134277344;-73.70760345458984;439;NA;US;US-NY;White Plains;yes;KHPN;HPN;HPN;;https://en.wikipedia.org/wiki/Westchester_County_Airport
3590;KHQM;medium_airport;Bowerman Airport;46.971199035599994;-123.93699646;18;NA;US;US-WA;Hoquiam;no;KHQM;HQM;HQM;http://www.portofgraysharbor.com/airport/airport.php;https://en.wikipedia.org/wiki/Bowerman_Airport
3591;KHRL;medium_airport;Valley International Airport;26.228500366210938;-97.65440368652344;36;NA;US;US-TX;Harlingen;yes;KHRL;HRL;HRL;;https://en.wikipedia.org/wiki/Valley_International_Airport
3592;KHRO;medium_airport;Boone County Airport;36.26150131225586;-93.15470123291016;1365;NA;US;US-AR;Harrison;yes;KHRO;HRO;HRO;;https://en.wikipedia.org/wiki/Boone_County_Airport
20081;KHRT;medium_airport;Hurlburt Field;30.427799;-86.689301;38;NA;US;US-FL;Mary Esther;no;KHRT;;HRT;;https://en.wikipedia.org/wiki/Hurlburt_Field
3593;KHST;medium_airport;Homestead ARB Airport;25.48859978;-80.38359833;5;NA;US;US-FL;Homestead;no;KHST;HST;HST;http://www.homestead.afrc.af.mil/;https://en.wikipedia.org/wiki/Homestead_Air_Reserve_Base
3594;KHSV;medium_airport;Huntsville International Carl T Jones Field;34.637199;-86.775101;629;NA;US;US-AL;Huntsville;yes;KHSV;HSV;HSV;http://www.flyhuntsville.com/portal/#.VbaG-_lVhBc;https://en.wikipedia.org/wiki/Huntsville_International_Airport
3595;KHTS;medium_airport;Tri-State Airport / Milton J. Ferguson Field;38.366699;-82.557999;828;NA;US;US-WV;Huntington;yes;KHTS;HTS;HTS;;https://en.wikipedia.org/wiki/Tri-State_Airport
3596;KHUA;medium_airport;Redstone Army Air Field;34.67869949;-86.68479919;684;NA;US;US-AL;Redstone Arsnl Huntsville;no;KHUA;HUA;HUA;;https://en.wikipedia.org/wiki/Redstone_Army_Airfield
3597;KHUF;medium_airport;Terre Haute Regional Airport, Hulman Field;39.4515;-87.307602;589;NA;US;US-IN;Terre Haute;no;KHUF;HUF;HUF;http://huf.com/;https://en.wikipedia.org/wiki/Terre_Haute_Regional_Airport
20095;KHUL;medium_airport;Houlton International Airport;46.1231002808;-67.792098999;489;NA;US;US-ME;Houlton;no;KHUL;HUL;HUL;;https://en.wikipedia.org/wiki/Houlton_International_Airport
3598;KHUT;medium_airport;Hutchinson Municipal Airport;38.0654983521;-97.86060333250002;1543;NA;US;US-KS;Hutchinson;no;KHUT;HUT;HUT;http://www.hutchgov.com/department/?fDD=20-0;https://en.wikipedia.org/wiki/Hutchinson_Municipal_Airport_(Kansas)
3599;KHVN;medium_airport;Tweed New Haven Airport;41.26369858;-72.88680267;12;NA;US;US-CT;New Haven;yes;KHVN;HVN;HVN;;https://en.wikipedia.org/wiki/Tweed_New_Haven_Regional_Airport
20099;KHVR;medium_airport;Havre City County Airport;48.541387;-109.762859;2591;NA;US;US-MT;Havre;yes;KHVR;HVR;HVR;;https://en.wikipedia.org/wiki/Havre_City%E2%80%93County_Airport
20105;KHXD;medium_airport;Hilton Head Airport;32.2244;-80.697502;19;NA;US;US-SC;Hilton Head Island;yes;KHXD;HHH;HXD;https://www.hiltonheadairport.com/;https://en.wikipedia.org/wiki/Hilton_Head_Airport
3600;KHYA;medium_airport;Cape Cod Gateway Airport;41.6693;-70.280403;54;NA;US;US-MA;Hyannis;yes;KHYA;HYA;HYA;;https://en.wikipedia.org/wiki/Barnstable_Municipal_Airport
20107;KHYI;medium_airport;San Marcos Regional Airport;29.8927;-97.862999;597;NA;US;US-TX;San Marcos;no;KHYI;;HYI;;https://en.wikipedia.org/wiki/San_Marcos_Regional_Airport
20108;KHYR;medium_airport;Sawyer County Airport;46.025199890100005;-91.44429779050002;1216;NA;US;US-WI;Hayward;no;KHYR;HYR;HYR;http://sawyercountygov.org/Departments/Airport/tabid/93/Default.aspx;https://en.wikipedia.org/wiki/Sawyer_County_Airport
20109;KHYS;medium_airport;Hays Regional Airport;38.844521;-99.273148;1999;NA;US;US-KS;Hays;yes;KHYS;HYS;HYS;;https://en.wikipedia.org/wiki/Hays_Regional_Airport
20117;KHZY;medium_airport;Northeast Ohio Regional Airport;41.778;-80.695503;924;NA;US;US-OH;Ashtabula;no;KHZY;JFN;HZY;http://www.neohioregionalairport.com/;https://en.wikipedia.org/wiki/Ashtabula_County_Airport
3601;KIAB;medium_airport;McConnell Air Force Base;37.621899;-97.268204;1371;NA;US;US-KS;Wichita;no;KIAB;IAB;IAB;http://public.mcconnell.amc.af.mil/;https://en.wikipedia.org/wiki/McConnell_Air_Force_Base
3602;KIAD;large_airport;Washington Dulles International Airport;38.9445;-77.455803;312;NA;US;US-VA;Dulles;yes;KIAD;IAD;IAD;http://www.mwaa.com/dulles/;https://en.wikipedia.org/wiki/Washington_Dulles_International_Airport
3603;KIAG;medium_airport;Niagara Falls International Airport;43.1073;-78.946198;589;NA;US;US-NY;Niagara Falls;yes;KIAG;IAG;IAG;;https://en.wikipedia.org/wiki/Niagara_Falls_International_Airport
3604;KIAH;large_airport;George Bush Intercontinental Houston Airport;29.984399795532227;-95.34140014648438;97;NA;US;US-TX;Houston;yes;KIAH;IAH;IAH;http://www.fly2houston.com/iah;https://en.wikipedia.org/wiki/George_Bush_Intercontinental_Airport
3605;KICT;medium_airport;Wichita Eisenhower National Airport;37.649899;-97.433098;1333;NA;US;US-KS;Wichita;yes;KICT;ICT;ICT;;https://en.wikipedia.org/wiki/Wichita_Dwight_D._Eisenhower_National_Airport
3606;KIDA;medium_airport;Idaho Falls Regional Airport;43.514599;-112.070999;4744;NA;US;US-ID;Idaho Falls;yes;KIDA;IDA;IDA;;https://en.wikipedia.org/wiki/Idaho_Falls_Regional_Airport
20160;KIFP;medium_airport;Laughlin Bullhead International Airport;35.157398;-114.559998;701;NA;US;US-AZ;Bullhead City;no;KIFP;IFP;IFP;;https://en.wikipedia.org/wiki/Laughlin/Bullhead_International_Airport
20161;KIGM;medium_airport;Kingman Airport;35.259499;-113.938004;3449;NA;US;US-AZ;Kingman;no;KIGM;IGM;IGM;;https://en.wikipedia.org/wiki/Kingman_Airport_(Arizona)
3607;KIKK;medium_airport;Greater Kankakee Airport;41.07139968869999;-87.8462982178;630;NA;US;US-IL;Kankakee;no;KIKK;IKK;IKK;http://kvaa.com/;https://en.wikipedia.org/wiki/Greater_Kankakee_Airport
3608;KILG;medium_airport;Wilmington Airport;39.678699;-75.606499;80;NA;US;US-DE;Wilmington;yes;KILG;ILG;ILG;;https://en.wikipedia.org/wiki/New_Castle_Airport
3609;KILM;medium_airport;Wilmington International Airport;34.270599365234375;-77.90260314941406;32;NA;US;US-NC;Wilmington;yes;KILM;ILM;ILM;;https://en.wikipedia.org/wiki/Wilmington_International_Airport
20173;KILN;medium_airport;Wilmington Airpark;39.427898407;-83.792098999;1077;NA;US;US-OH;Wilmington;no;KILN;ILN;ILN;http://www.wilmingtonairpark.com/;https://en.wikipedia.org/wiki/Airborne_Airpark
20177;KIMT;medium_airport;Ford Airport;45.81911;-88.114557;1182;NA;US;US-MI;Kingsford;yes;KIMT;IMT;IMT;http://www.fordairport.org/;https://en.wikipedia.org/wiki/Ford_Airport_(Iron_Mountain)
3610;KIND;large_airport;Indianapolis International Airport;39.7173;-86.294403;797;NA;US;US-IN;Indianapolis;yes;KIND;IND;IND;http://www.indianapolisairport.com/;https://en.wikipedia.org/wiki/Indianapolis_International_Airport
3611;KINK;medium_airport;Winkler County Airport;31.779600143399996;-103.200996399;2822;NA;US;US-TX;Wink;no;KINK;INK;INK;http://www.co.winkler.tx.us/default.aspx?Winkler_County/County.Airport;https://en.wikipedia.org/wiki/Winkler_County_Airport
3612;KINL;medium_airport;Falls International Airport;48.566200256347656;-93.4030990600586;1185;NA;US;US-MN;International Falls;yes;KINL;INL;INL;;https://en.wikipedia.org/wiki/Falls_International_Airport
3613;KINT;medium_airport;Smith Reynolds Airport;36.13370132446289;-80.22200012207031;969;NA;US;US-NC;Winston Salem;no;KINT;INT;INT;;https://en.wikipedia.org/wiki/Smith_Reynolds_Airport
20180;KINW;medium_airport;Winslow Lindbergh Regional Airport;35.021900177;-110.722999573;4941;NA;US;US-AZ;Winslow;no;KINW;INW;INW;;https://en.wikipedia.org/wiki/Winslow-Lindbergh_Regional_Airport
20184;KIPL;medium_airport;Imperial County Airport;32.83539;-115.574026;-54;NA;US;US-CA;Imperial;yes;KIPL;IPL;IPL;;https://en.wikipedia.org/wiki/Imperial_County_Airport
3614;KIPT;medium_airport;Williamsport Regional Airport;41.242126;-76.92245;529;NA;US;US-PA;Williamsport;yes;KIPT;IPT;IPT;;https://en.wikipedia.org/wiki/Williamsport_Regional_Airport
3615;KIRK;medium_airport;Kirksville Regional Airport;40.09349822998047;-92.5448989868164;966;NA;US;US-MO;Kirksville;yes;KIRK;IRK;IRK;;https://en.wikipedia.org/wiki/Kirksville_Regional_Airport
20187;KISM;medium_airport;Kissimmee Gateway Airport;28.2898006439;-81.4371032715;82;NA;US;US-FL;Orlando;no;KISM;ISM;ISM;http://www.kissimmee.org/index.aspx?page=111;https://en.wikipedia.org/wiki/Kissimmee_Gateway_Airport
20189;KISO;medium_airport;Kinston Regional Jetport At Stallings Field;35.331401825;-77.60880279540001;93;NA;US;US-NC;Kinston;no;KISO;ISO;ISO;http://www.jetkinston.com/;https://en.wikipedia.org/wiki/Kinston_Regional_Jetport
3616;KISP;medium_airport;Long Island Mac Arthur Airport;40.79520035;-73.10019684;99;NA;US;US-NY;Islip;yes;KISP;ISP;ISP;;https://en.wikipedia.org/wiki/Long_Island_MacArthur_Airport
20193;KITH;medium_airport;Ithaca Tompkins Regional Airport;42.49100112915039;-76.4583969116211;1099;NA;US;US-NY;Ithaca;yes;KITH;ITH;ITH;;https://en.wikipedia.org/wiki/Ithaca_Tompkins_Regional_Airport
3617;KIWA;medium_airport;Phoenix–Mesa Gateway Airport;33.3078;-111.654999;1382;NA;US;US-AZ;Mesa;yes;KIWA;AZA;IWA;https://www.gatewayairport.com/;https://en.wikipedia.org/wiki/Phoenix%E2%80%93Mesa_Gateway_Airport
3618;KJAC;medium_airport;Jackson Hole Airport;43.6072998046875;-110.73799896240234;6451;NA;US;US-WY;Jackson;yes;KJAC;JAC;JAC;;https://en.wikipedia.org/wiki/Jackson_Hole_Airport
3619;KJAN;medium_airport;Jackson-Medgar Wiley Evers International Airport;32.311199;-90.075897;346;NA;US;US-MS;Jackson;yes;KJAN;JAN;JAN;;https://en.wikipedia.org/wiki/Jackson-Evers_International_Airport
3620;KJAX;large_airport;Jacksonville International Airport;30.492469;-81.687813;30;NA;US;US-FL;Jacksonville;yes;KJAX;JAX;JAX;https://www.flyjacksonville.com/;https://en.wikipedia.org/wiki/Jacksonville_International_Airport
3621;KJBR;medium_airport;Jonesboro Municipal Airport;35.83169937133789;-90.64640045166016;262;NA;US;US-AR;Jonesboro;yes;KJBR;JBR;JBR;;https://en.wikipedia.org/wiki/Jonesboro_Municipal_Airport
20205;KJCT;medium_airport;Kimble County Airport;30.5112991333;-99.7634963989;1749;NA;US;US-TX;Junction;no;KJCT;JCT;JCT;;
3622;KJFK;large_airport;John F Kennedy International Airport;40.639447;-73.779317;13;NA;US;US-NY;New York;yes;KJFK;JFK;JFK;https://www.jfkairport.com/;https://en.wikipedia.org/wiki/John_F._Kennedy_International_Airport
20213;KJHW;medium_airport;Chautauqua County-Jamestown Airport;42.15425;-79.254008;1723;NA;US;US-NY;Jamestown;no;KJHW;JHW;JHW;;https://en.wikipedia.org/wiki/Chautauqua_County-Jamestown_Airport
20216;KJKL;medium_airport;Julian Carroll Airport;37.59389877319336;-83.31729888916016;1381;NA;US;US-KY;Jackson;no;KJKL;;JKL;;
3623;KJLN;medium_airport;Joplin Regional Airport;37.151798;-94.498299;981;NA;US;US-MO;Joplin;yes;KJLN;JLN;JLN;;https://en.wikipedia.org/wiki/Joplin_Regional_Airport
3624;KJMS;medium_airport;Jamestown Regional Airport;46.92969894;-98.67819977;1500;NA;US;US-ND;Jamestown;yes;KJMS;JMS;JMS;;https://en.wikipedia.org/wiki/Jamestown_Regional_Airport
20218;KJNX;medium_airport;Johnston Regional Airport;35.540901;-78.390297;164;NA;US;US-NC;Smithfield;no;KJNX;;JNX;https://www.johnstonnc.com/JNX/;
20220;KJQF;medium_airport;Concord-Padgett Regional Airport;35.387798;-80.709099;705;NA;US;US-NC;Concord;yes;KJQF;USA;JQF;http://www.concordnc.gov/Departments/Concord-Regional-Airport;https://en.wikipedia.org/wiki/Concord_Regional_Airport
3625;KJST;medium_airport;John Murtha Johnstown Cambria County Airport;40.31610107421875;-78.83390045166016;2284;NA;US;US-PA;Johnstown;yes;KJST;JST;JST;;https://en.wikipedia.org/wiki/Johnstown-Cambria_County_Airport
20227;KJWY;medium_airport;Mid-Way Regional Airport;32.4587;-96.912399;713;NA;US;US-TX;Midlothian/Waxahachie;no;KJWY;;JWY;http://www.mid-wayregional.com/;https://en.wikipedia.org/wiki/Mid-Way_Regional_Airport
3626;KJXN;medium_airport;Jackson County Airport/Reynolds Field;42.260509;-84.463019;1001;NA;US;US-MI;Jackson;no;KJXN;JXN;JXN;http://www.co.jackson.mi.us/airport/;https://en.wikipedia.org/wiki/Jackson_County_Airport_(Michigan)
20277;KKLS;medium_airport;Southwest Washington Regional Airport;46.11800003049999;-122.898002625;20;NA;US;US-WA;Kelso;no;KKLS;KLS;KLS;http://www.kelso.gov/Departments%20%2526%20Services/Airport;https://en.wikipedia.org/wiki/Southwest_Washington_Regional_Airport
20317;KLAA;medium_airport;Southeast Colorado Regional Airport;38.066407;-102.691373;3706;NA;US;US-CO;Lamar;no;KLAA;LAA;LAA;http://www.ci.lamar.co.us/index.asp?Type=B_BASIC&SEC={C91FC3CC-5A83-4F9C-9AF7-A96F374C2EE5}&DE=;https://en.wikipedia.org/wiki/Lamar_Municipal_Airport_(Colorado)
3627;KLAF;medium_airport;Purdue University Airport;40.412875;-86.939363;606;NA;US;US-IN;West Lafayette;yes;KLAF;LAF;LAF;;https://en.wikipedia.org/wiki/Purdue_University_Airport
3628;KLAL;medium_airport;Lakeland Linder International Airport;27.987656;-82.018776;142;NA;US;US-FL;Lakeland;yes;KLAL;LAL;LAL;;https://en.wikipedia.org/wiki/Lakeland_Linder_Regional_Airport
3629;KLAN;medium_airport;Capital City Airport;42.77870178222656;-84.58740234375;861;NA;US;US-MI;Lansing;yes;KLAN;LAN;LAN;;https://en.wikipedia.org/wiki/Lansing_Capital_City_Airport
3630;KLAR;medium_airport;Laramie Regional Airport;41.31209945678711;-105.67500305175781;7284;NA;US;US-WY;Laramie;yes;KLAR;LAR;LAR;;https://en.wikipedia.org/wiki/Laramie_Regional_Airport
3631;KLAS;large_airport;Harry Reid International Airport;36.083361;-115.151817;2181;NA;US;US-NV;Las Vegas;yes;KLAS;LAS;LAS;https://www.harryreidairport.com/;https://en.wikipedia.org/wiki/Harry_Reid_International_Airport
20319;KLAW;medium_airport;Lawton Fort Sill Regional Airport;34.567699;-98.416603;1110;NA;US;US-OK;Lawton;yes;KLAW;LAW;LAW;;https://en.wikipedia.org/wiki/Lawton-Fort_Sill_Regional_Airport
3632;KLAX;large_airport;Los Angeles International Airport;33.942501;-118.407997;125;NA;US;US-CA;Los Angeles;yes;KLAX;LAX;LAX;https://www.flylax.com/;https://en.wikipedia.org/wiki/Los_Angeles_International_Airport
3633;KLBB;medium_airport;Lubbock Preston Smith International Airport;33.663601;-101.822998;3282;NA;US;US-TX;Lubbock;yes;KLBB;LBB;LBB;http://www.flylia.com/;https://en.wikipedia.org/wiki/Lubbock_Preston_Smith_International_Airport
3634;KLBE;medium_airport;Arnold Palmer Regional Airport;40.275902;-79.4048;1199;NA;US;US-PA;Latrobe;yes;KLBE;LBE;LBE;;https://en.wikipedia.org/wiki/Arnold_Palmer_Regional_Airport
3635;KLBF;medium_airport;North Platte Regional Airport Lee Bird Field;41.12620163;-100.6839981;2777;NA;US;US-NE;North Platte;yes;KLBF;LBF;LBF;;https://en.wikipedia.org/wiki/North_Platte_Regional_Airport
3636;KLBL;medium_airport;Liberal Mid-America Regional Airport;37.0442009;-100.9599991;2885;NA;US;US-KS;Liberal;yes;KLBL;LBL;LBL;;https://en.wikipedia.org/wiki/Liberal_Municipal_Airport
20322;KLBT;medium_airport;Lumberton Regional Airport;34.610773;-79.05943;126;NA;US;US-NC;Lumberton;no;KLBT;LBT;LBT;http://www.lumbertonmunicipalairport.com/default.htm;https://en.wikipedia.org/wiki/Lumberton_Municipal_Airport
20323;KLBX;medium_airport;Texas Gulf Coast Regional Airport;29.108601;-95.462097;25;NA;US;US-TX;Angleton;no;KLBX;LJN;LBX;http://www.flylbx.org/;https://en.wikipedia.org/wiki/Texas_Gulf_Coast_Regional_Airport
3637;KLCH;medium_airport;Lake Charles Regional Airport;30.126100540161133;-93.22329711914062;15;NA;US;US-LA;Lake Charles;yes;KLCH;LCH;LCH;;https://en.wikipedia.org/wiki/Lake_Charles_Regional_Airport
3638;KLCK;medium_airport;Rickenbacker International Airport;39.813801;-82.927803;744;NA;US;US-OH;Columbus;yes;KLCK;LCK;LCK;http://rickenbackerinlandport.com/en/rickenbacker-international-airport/;https://en.wikipedia.org/wiki/Rickenbacker_International_Airport
3639;KLEB;medium_airport;Lebanon Municipal Airport;43.626098632799994;-72.30419921880001;603;NA;US;US-NH;Lebanon;yes;KLEB;LEB;LEB;http://flyleb.com/;https://en.wikipedia.org/wiki/Lebanon_Municipal_Airport_(New_Hampshire)
20329;KLEE;medium_airport;Leesburg International Airport;28.82309914;-81.80870056;76;NA;US;US-FL;Leesburg;no;KLEE;LEE;LEE;http://www.leesburgflorida.gov/index.aspx?page=45;https://en.wikipedia.org/wiki/Leesburg_International_Airport
3640;KLEX;medium_airport;Blue Grass Airport;38.036499;-84.605904;979;NA;US;US-KY;Lexington;yes;KLEX;LEX;LEX;http://www.bluegrassairport.com/;https://en.wikipedia.org/wiki/Blue_Grass_Airport
3641;KLFI;medium_airport;Langley Air Force Base;37.082901;-76.360497;11;NA;US;US-VA;Hampton;no;KLFI;LFI;LFI;http://www.langleyafb.us/;https://en.wikipedia.org/wiki/Langley_Field
20332;KLFK;medium_airport;Angelina County Airport;31.2339992523;-94.75;296;NA;US;US-TX;Lufkin;no;KLFK;LFK;LFK;http://www.angelinacounty.net/departments/airport;https://en.wikipedia.org/wiki/Angelina_County_Airport
3642;KLFT;medium_airport;Lafayette Regional Airport;30.205299;-91.987602;42;NA;US;US-LA;Lafayette;yes;KLFT;LFT;LFT;http://www.lftairport.com/Home;https://en.wikipedia.org/wiki/Lafayette_Regional_Airport
3643;KLGA;large_airport;LaGuardia Airport;40.777199;-73.872597;21;NA;US;US-NY;New York;yes;KLGA;LGA;LGA;https://www.laguardiaairport.com/;https://en.wikipedia.org/wiki/LaGuardia_Airport
3644;KLGB;medium_airport;Long Beach Airport (Daugherty Field);33.816523;-118.149891;60;NA;US;US-CA;Long Beach;yes;KLGB;LGB;LGB;http://www.lgb.org/;https://en.wikipedia.org/wiki/Long_Beach_Airport
20337;KLGU;medium_airport;Logan-Cache Airport;41.7911987305;-111.851997375;4457;NA;US;US-UT;Logan;no;KLGU;LGU;LGU;http://logan-cacheairport.org/;https://en.wikipedia.org/wiki/Logan-Cache_Airport
3645;KLIT;medium_airport;Bill & Hillary Clinton National Airport/Adams Field;34.729582;-92.223728;262;NA;US;US-AR;Little Rock;yes;KLIT;LIT;LIT;;https://en.wikipedia.org/wiki/Little_Rock_National_Airport
20354;KLLQ;medium_airport;Monticello Municipal Ellis Field;33.638599;-91.750999;270;NA;US;US-AR;Monticello;no;KLLQ;;LLQ;;https://en.wikipedia.org/wiki/Monticello_Municipal_Airport_(Arkansas)
3646;KLMT;medium_airport;Crater Lake-Klamath Regional Airport;42.156101;-121.733002;4095;NA;US;US-OR;Klamath Falls;no;KLMT;LMT;LMT;;https://en.wikipedia.org/wiki/Klamath_Falls_Airport
20359;KLND;medium_airport;Hunt Field;42.815201;-108.730003;5586;NA;US;US-WY;Lander;no;KLND;LND;LND;;https://en.wikipedia.org/wiki/Hunt_Field
3647;KLNK;medium_airport;Lincoln Airport;40.85100173950195;-96.75920104980469;1219;NA;US;US-NE;Lincoln;yes;KLNK;LNK;LNK;http://www.lincolnairport.com/;https://en.wikipedia.org/wiki/Lincoln_Airport_%28Nebraska%29
3648;KLNS;medium_airport;Lancaster Airport;40.121700286865234;-76.29609680175781;403;NA;US;US-PA;Lancaster;yes;KLNS;LNS;LNS;;https://en.wikipedia.org/wiki/Lancaster_Airport_(Pennsylvania)
20364;KLOL;medium_airport;Derby Field;40.0663986206;-118.565002441;3904;NA;US;US-NV;Lovelock;no;KLOL;LOL;LOL;http://pershingcounty.net/index.php/Derby-Field-Airport/derby-field-airport.html;https://en.wikipedia.org/wiki/Derby_Field
3649;KLOU;medium_airport;Bowman Field;38.2280006409;-85.6636962891;546;NA;US;US-KY;Louisville;no;KLOU;LOU;LOU;http://www.flylouisville.com/bowman-field/fast-facts/;https://en.wikipedia.org/wiki/Bowman_Field_(airport)
3650;KLOZ;medium_airport;London-Corbin Airport/Magee Field;37.0821990967;-84.08489990230001;1212;NA;US;US-KY;London;no;KLOZ;LOZ;LOZ;http://www.london-corbinairport.com/;https://en.wikipedia.org/wiki/London-Corbin_Airport
3651;KLRD;medium_airport;Laredo International Airport;27.543800354003906;-99.46160125732422;508;NA;US;US-TX;Laredo;yes;KLRD;LRD;LRD;;https://en.wikipedia.org/wiki/Laredo_International_Airport
3652;KLRF;medium_airport;Little Rock Air Force Base;34.916900634799994;-92.14969635010002;311;NA;US;US-AR;Jacksonville;no;KLRF;LRF;LRF;http://www.littlerock.af.mil/;https://en.wikipedia.org/wiki/Little_Rock_Air_Force_Base
3653;KLRU;medium_airport;Las Cruces International Airport;32.289398;-106.921997;4456;NA;US;US-NM;Las Cruces;yes;KLRU;LRU;LRU;;https://en.wikipedia.org/wiki/Las_Cruces_International_Airport
3654;KLSE;medium_airport;La Crosse Regional Airport;43.879002;-91.256699;655;NA;US;US-WI;La Crosse;yes;KLSE;LSE;LSE;http://www.lseairport.com/;https://en.wikipedia.org/wiki/La_Crosse_Municipal_Airport
3655;KLSF;medium_airport;Lawson Army Air Field;32.332546;-84.988003;232;NA;US;US-GA;Fort Benning;no;KLSF;LSF;LSF;;https://en.wikipedia.org/wiki/Lawson_Army_Airfield
3656;KLSV;medium_airport;Nellis Air Force Base;36.2361984253;-115.033996582;1870;NA;US;US-NV;Las Vegas;no;KLSV;LSV;LSV;http://www.nellis.af.mil/;https://en.wikipedia.org/wiki/Nellis_Air_Force_Base
3657;KLTS;medium_airport;Altus Air Force Base;34.667099;-99.266701;1382;NA;US;US-OK;Altus;no;KLTS;LTS;LTS;http://www.altus.af.mil/;https://en.wikipedia.org/wiki/Altus_Air_Force_Base
3658;KLUF;medium_airport;Luke Air Force Base;33.535;-112.383003;1085;NA;US;US-AZ;Glendale;no;KLUF;LUF;LUF;http://www.luke.af.mil/;https://en.wikipedia.org/wiki/Luke_Air_Force_Base
3659;KLUK;medium_airport;Cincinnati Municipal Airport Lunken Field;39.102357;-84.418945;483;NA;US;US-OH;Cincinnati;yes;KLUK;LUK;LUK;;https://en.wikipedia.org/wiki/Cincinnati_Municipal_Airport
20386;KLVM;medium_airport;Mission Field;45.6994018555;-110.447998047;4660;NA;US;US-MT;Livingston;no;KLVM;LVM;LVM;http://www.parkcounty.org/site/Air_M_1.html#mf;https://en.wikipedia.org/wiki/Mission_Field
20388;KLVS;medium_airport;Las Vegas Municipal Airport;35.654202;-105.141998;6877;NA;US;US-NM;Las Vegas;no;KLVS;LVS;LVS;http://www.lasvegasnm.gov/business/municipal_airport/index.php;https://en.wikipedia.org/wiki/Las_Vegas_Municipal_Airport
20390;KLWB;medium_airport;Greenbrier Valley Airport;37.857914;-80.400438;2302;NA;US;US-WV;Lewisburg;yes;KLWB;LWB;LWB;;https://en.wikipedia.org/wiki/Greenbrier_Valley_Airport
3660;KLWM;medium_airport;Lawrence Municipal Airport;42.717201232899995;-71.1233978271;148;NA;US;US-MA;Lawrence;no;KLWM;LWM;LWM;http://www.lawrencemunicipalairport.com/;https://en.wikipedia.org/wiki/Lawrence_Municipal_Airport_(Massachusetts)
20393;KLWS;medium_airport;Lewiston Nez Perce County Airport;46.3745002746582;-117.01499938964844;1442;NA;US;US-ID;Lewiston;yes;KLWS;LWS;LWS;;https://en.wikipedia.org/wiki/Lewiston-Nez_Perce_County_Airport
3661;KLWT;medium_airport;Lewistown Municipal Airport;47.048429;-109.466143;4170;NA;US;US-MT;Lewistown;no;KLWT;LWT;LWT;;https://en.wikipedia.org/wiki/Lewistown_Municipal_Airport
3662;KLYH;medium_airport;Lynchburg Regional Airport - Preston Glenn Field;37.326698;-79.200401;938;NA;US;US-VA;Lynchburg;yes;KLYH;LYH;LYH;;https://en.wikipedia.org/wiki/Lynchburg_Regional_Airport
3663;KMAF;medium_airport;Midland International Air and Space Port;31.942499;-102.202003;2871;NA;US;US-TX;Midland;yes;KMAF;MAF;MAF;;https://en.wikipedia.org/wiki/Midland_International_Airport
20474;KMBG;medium_airport;Mobridge Municipal Airport;45.54650116;-100.4079971;1716;NA;US;US-SD;Mobridge;no;KMBG;MBG;MBG;;https://en.wikipedia.org/wiki/Mobridge_Municipal_Airport
3664;KMBS;medium_airport;MBS International Airport;43.532902;-84.079597;668;NA;US;US-MI;Saginaw;yes;KMBS;MBS;MBS;http://www.mbsairport.org/;https://en.wikipedia.org/wiki/MBS_International_Airport
3665;KMCB;medium_airport;McComb-Pike County Airport / John E Lewis Field;31.178499;-90.471901;413;NA;US;US-MS;McComb;no;KMCB;MCB;MCB;;https://en.wikipedia.org/wiki/McComb%E2%80%93Pike_County_Airport
3666;KMCC;medium_airport;McClellan Airfield;38.667599;-121.401001;77;NA;US;US-CA;Sacramento;no;KMCC;MCC;MCC;;https://en.wikipedia.org/wiki/McClellan_Airfield
20480;KMCE;medium_airport;Merced Regional Macready Field;37.284698;-120.514;155;NA;US;US-CA;Merced;yes;KMCE;MCE;MCE;;https://en.wikipedia.org/wiki/Merced_Regional_Airport
3667;KMCF;medium_airport;MacDill Air Force Base;27.8493;-82.521202;14;NA;US;US-FL;Tampa;no;KMCF;MCF;MCF;http://www.macdill.af.mil/;https://en.wikipedia.org/wiki/MacDill_Air_Force_Base
3668;KMCI;large_airport;Kansas City International Airport;39.2976;-94.713898;1026;NA;US;US-MO;Kansas City;yes;KMCI;MCI;MCI;http://www.flykci.com/;https://en.wikipedia.org/wiki/Kansas_City_International_Airport
20481;KMCK;medium_airport;McCook Ben Nelson Regional Airport;40.207787;-100.592794;2583;NA;US;US-NE;McCook;yes;KMCK;MCK;MCK;;https://en.wikipedia.org/wiki/McCook_Regional_Airport
3669;KMCN;medium_airport;Middle Georgia Regional Airport;32.69279861450195;-83.64920043945312;354;NA;US;US-GA;Macon;yes;KMCN;MCN;MCN;;https://en.wikipedia.org/wiki/Middle_Georgia_Regional_Airport
3670;KMCO;large_airport;Orlando International Airport;28.429399490356445;-81.30899810791016;96;NA;US;US-FL;Orlando;yes;KMCO;MCO;MCO;http://www.orlandoairports.net/;https://en.wikipedia.org/wiki/Orlando_International_Airport
20482;KMCW;medium_airport;Mason City Municipal Airport;43.159801;-93.329716;1213;NA;US;US-IA;Mason City;yes;KMCW;MCW;MCW;http://flymcw.com/;https://en.wikipedia.org/wiki/Mason_City_Municipal_Airport
3671;KMDH;medium_airport;Southern Illinois Airport;37.778099;-89.251999;411;NA;US;US-IL;Murphysboro;no;KMDH;MDH;MDH;;https://en.wikipedia.org/wiki/Southern_Illinois_Airport
3672;KMDT;medium_airport;Harrisburg International Airport;40.193501;-76.763397;310;NA;US;US-PA;Harrisburg;yes;KMDT;MDT;MDT;http://www.flyhia.com/;https://en.wikipedia.org/wiki/Harrisburg_International_Airport
3673;KMDW;large_airport;Chicago Midway International Airport;41.785999;-87.752403;620;NA;US;US-IL;Chicago;yes;KMDW;MDW;MDW;https://www.flychicago.com/midway/home/pages/default.aspx;https://en.wikipedia.org/wiki/Midway_International_Airport
3674;KMEI;medium_airport;Key Field / Meridian Regional Airport;32.3326;-88.7519;297;NA;US;US-MS;Meridian;yes;KMEI;MEI;MEI;;https://en.wikipedia.org/wiki/Meridian_Regional_Airport
3675;KMEM;large_airport;Memphis International Airport;35.0424;-89.9767;341;NA;US;US-TN;Memphis;yes;KMEM;MEM;MEM;https://flymemphis.com/;https://en.wikipedia.org/wiki/Memphis_International_Airport
3676;KMER;medium_airport;Castle Airport;37.38050079;-120.5680008;191;NA;US;US-CA;Merced;no;KMER;MER;MER;;https://en.wikipedia.org/wiki/Castle_Airport
3677;KMFD;medium_airport;Mansfield Lahm Regional Airport;40.82139968869999;-82.5166015625;1297;NA;US;US-OH;Mansfield;no;KMFD;MFD;MFD;http://www.ci.mansfield.oh.us/index.php/lahm-airport;https://en.wikipedia.org/wiki/Mansfield_Lahm_Regional_Airport
3678;KMFE;medium_airport;McAllen Miller International Airport;26.176141;-98.237965;107;NA;US;US-TX;McAllen;yes;KMFE;MFE;MFE;;https://en.wikipedia.org/wiki/McAllen-Miller_International_Airport
3679;KMFR;medium_airport;Rogue Valley International Medford Airport;42.37419891357422;-122.87300109863281;1335;NA;US;US-OR;Medford;yes;KMFR;MFR;MFR;;https://en.wikipedia.org/wiki/Rogue_Valley_International-Medford_Airport
3680;KMGE;medium_airport;Dobbins Air Reserve Base;33.915401;-84.516296;1068;NA;US;US-GA;Marietta;no;KMGE;MGE;MGE;http://www.dobbins.afrc.af.mil/;https://en.wikipedia.org/wiki/Dobbins_Air_Reserve_Base
3681;KMGM;medium_airport;Montgomery Regional (Dannelly Field) Airport;32.300598;-86.393997;221;NA;US;US-AL;Montgomery;yes;KMGM;MGM;MGM;http://www.flymgm.com/;https://en.wikipedia.org/wiki/Montgomery_Regional_Airport
3682;KMGW;medium_airport;Morgantown Municipal Airport Walter L. (Bill) Hart Field;39.643305;-79.917598;1248;NA;US;US-WV;Morgantown;yes;KMGW;MGW;MGW;;https://en.wikipedia.org/wiki/Morgantown_Municipal_Airport
3683;KMHK;medium_airport;Manhattan Regional Airport;39.14099884033203;-96.6707992553711;1057;NA;US;US-KS;Manhattan;yes;KMHK;MHK;MHK;;https://en.wikipedia.org/wiki/Manhattan_Regional_Airport
20506;KMHR;medium_airport;Sacramento Mather Airport;38.554744;-121.297989;98;NA;US;US-CA;Sacramento;no;KMHR;MHR;MHR;http://www.sacramento.aero/mhr/;https://en.wikipedia.org/wiki/Sacramento_Mather_Airport
3684;KMHT;medium_airport;Manchester-Boston Regional Airport;42.932598;-71.435699;266;NA;US;US-NH;Manchester;yes;KMHT;MHT;MHT;;https://en.wikipedia.org/wiki/Manchester-Boston_Regional_Airport
3685;KMIA;large_airport;Miami International Airport;25.79319953918457;-80.29060363769531;8;NA;US;US-FL;Miami;yes;KMIA;MIA;MIA;http://www.miami-airport.com/;https://en.wikipedia.org/wiki/Miami_International_Airport
3686;KMIB;medium_airport;Minot Air Force Base;48.4156;-101.358002;1667;NA;US;US-ND;Minot;no;KMIB;MIB;MIB;http://www.minot.af.mil/;https://en.wikipedia.org/wiki/Minot_Air_Force_Base
3687;KMIE;medium_airport;Delaware County Johnson Field;40.242298;-85.395897;937;NA;US;US-IN;Muncie;no;KMIE;MIE;MIE;;https://en.wikipedia.org/wiki/Delaware_County_Airport
3688;KMIV;medium_airport;Millville Municipal Airport;39.367802;-75.072197;85;NA;US;US-NJ;Millville;no;KMIV;MIV;MIV;;https://en.wikipedia.org/wiki/Millville_Executive_Airport
3689;KMKC;medium_airport;Charles B. Wheeler Downtown Airport;39.123199;-94.592796;759;NA;US;US-MO;Kansas City;no;KMKC;MKC;MKC;;https://en.wikipedia.org/wiki/Charles_B._Wheeler_Downtown_Airport
3690;KMKE;large_airport;General Mitchell International Airport;42.947201;-87.896599;723;NA;US;US-WI;Milwaukee;yes;KMKE;MKE;MKE;https://www.mitchellairport.com/;https://en.wikipedia.org/wiki/General_Mitchell_International_Airport
3691;KMKG;medium_airport;Muskegon County Airport;43.169498;-86.238197;629;NA;US;US-MI;Muskegon;yes;KMKG;MKG;MKG;;https://en.wikipedia.org/wiki/Muskegon_County_Airport
3692;KMKL;medium_airport;McKellar-Sipes Regional Airport;35.599899;-88.915604;434;NA;US;US-TN;Jackson;yes;KMKL;MKL;MKL;http://mckellarsipes.com/;https://en.wikipedia.org/wiki/McKellar-Sipes_Regional_Airport
3693;KMLB;medium_airport;Melbourne Orlando International Airport;28.1028;-80.645302;33;NA;US;US-FL;Melbourne;yes;KMLB;MLB;MLB;https://www.mlbair.com/;https://en.wikipedia.org/wiki/Melbourne_International_Airport
3694;KMLC;medium_airport;Mc Alester Regional Airport;34.882401;-95.783501;770;NA;US;US-OK;Mc Alester;no;KMLC;MLC;MLC;;https://en.wikipedia.org/wiki/McAlester_Regional_Airport
3695;KMLI;medium_airport;Quad City International Airport;41.448502;-90.5075;590;NA;US;US-IL;Moline;yes;KMLI;MLI;MLI;;https://en.wikipedia.org/wiki/Quad_City_International_Airport
3696;KMLS;medium_airport;Miles City Airport - Frank Wiley Field;46.427268;-105.885372;2630;NA;US;US-MT;Miles City;no;KMLS;MLS;MLS;;https://en.wikipedia.org/wiki/Miles_City_Municipal_Airport
3697;KMLU;medium_airport;Monroe Regional Airport;32.510899;-92.037697;79;NA;US;US-LA;Monroe;yes;KMLU;MLU;MLU;;https://en.wikipedia.org/wiki/Monroe_Regional_Airport
20532;KMMT;medium_airport;Mc Entire Joint National Guard Base;33.92079926;-80.80130005;254;NA;US;US-SC;Eastover;no;KMMT;MMT;MMT;;https://en.wikipedia.org/wiki/McEntire_Joint_National_Guard_Base
3698;KMMU;medium_airport;Morristown Municipal Airport;40.799062;-74.414949;187;NA;US;US-NJ;Morristown;no;KMMU;MMU;MMU;;https://en.wikipedia.org/wiki/Morristown_Municipal_Airport
3699;KMMV;medium_airport;Mc Minnville Municipal Airport;45.19440079;-123.1360016;163;NA;US;US-OR;Mc Minnville;no;KMMV;;MMV;;https://en.wikipedia.org/wiki/McMinnville_Municipal_Airport
3700;KMOB;medium_airport;Mobile Regional Airport;30.6912;-88.242798;219;NA;US;US-AL;Mobile;yes;KMOB;MOB;MOB;http://www.mobairport.com/;https://en.wikipedia.org/wiki/Mobile_Regional_Airport
3701;KMOD;medium_airport;Modesto City Co-Harry Sham Field;37.625801;-120.954002;97;NA;US;US-CA;Modesto;no;KMOD;MOD;MOD;;https://en.wikipedia.org/wiki/Modesto_City-County_Airport
3702;KMOT;medium_airport;Minot International Airport;48.2593994140625;-101.27999877929688;1716;NA;US;US-ND;Minot;yes;KMOT;MOT;MOT;;https://en.wikipedia.org/wiki/Minot_International_Airport
20551;KMPV;medium_airport;Edward F Knapp State Airport;44.20349884;-72.56230164;1166;NA;US;US-VT;Barre/Montpelier;no;KMPV;MPV;MPV;;https://en.wikipedia.org/wiki/Edward_F._Knapp_State_Airport
3703;KMQY;medium_airport;Smyrna Airport;36.0089988708;-86.5201034546;543;NA;US;US-TN;Smyrna;no;KMQY;MQY;MQY;http://www.smyrnaairport.com/;https://en.wikipedia.org/wiki/Smyrna_Airport_(Tennessee)
3704;KMRB;medium_airport;Eastern WV Regional Airport/Shepherd Field;39.40190125;-77.98459625;565;NA;US;US-WV;Martinsburg;no;KMRB;MRB;MRB;http://www.wvairport.org/;https://en.wikipedia.org/wiki/Eastern_WV_Regional_Airport
3705;KMRY;medium_airport;Monterey Peninsula Airport;36.58700180053711;-121.84300231933594;257;NA;US;US-CA;Monterey;yes;KMRY;MRY;MRY;;https://en.wikipedia.org/wiki/Monterey_Peninsula_Airport
3706;KMSL;medium_airport;Northwest Alabama Regional Airport;34.745123;-87.612981;551;NA;US;US-AL;Muscle Shoals;yes;KMSL;MSL;MSL;;https://en.wikipedia.org/wiki/Northwest_Alabama_Regional_Airport
3707;KMSN;medium_airport;Dane County Regional Truax Field;43.1399;-89.337502;887;NA;US;US-WI;Madison;yes;KMSN;MSN;MSN;;https://en.wikipedia.org/wiki/Dane_County_Regional_Airport
3708;KMSO;medium_airport;Missoula International Airport;46.91630173;-114.0910034;3206;NA;US;US-MT;Missoula;yes;KMSO;MSO;MSO;;https://en.wikipedia.org/wiki/Missoula_International_Airport
3709;KMSP;large_airport;Minneapolis–Saint Paul International Airport / Wold–Chamberlain Field;44.880081;-93.221741;841;NA;US;US-MN;Minneapolis;yes;KMSP;MSP;MSP;http://www.mspairport.com/;https://en.wikipedia.org/wiki/Minneapolis–Saint_Paul_International_Airport
3710;KMSS;medium_airport;Massena International Airport Richards Field;44.936157;-74.844304;215;NA;US;US-NY;Massena;yes;KMSS;MSS;MSS;http://www.massenaworks.com/town/airport.asp;https://en.wikipedia.org/wiki/Massena_International_Airport
3711;KMSY;large_airport;Louis Armstrong New Orleans International Airport;29.993401;-90.258003;4;NA;US;US-LA;New Orleans;yes;KMSY;MSY;MSY;https://flymsy.com/;https://en.wikipedia.org/wiki/Louis_Armstrong_New_Orleans_International_Airport
3712;KMTC;medium_airport;Selfridge Air National Guard Base Airport;42.613463;-82.836919;580;NA;US;US-MI;Mount Clemens;no;KMTC;MTC;MTC;;https://en.wikipedia.org/wiki/Selfridge_Air_National_Guard_Base
20564;KMTH;medium_airport;The Florida Keys Marathon Airport;24.726101;-81.051399;5;NA;US;US-FL;Marathon;no;KMTH;MTH;MTH;http://marathonga.com/;https://en.wikipedia.org/wiki/Florida_Keys_Marathon_Airport
20565;KMTJ;medium_airport;Montrose Regional Airport;38.5098;-107.893997;5759;NA;US;US-CO;Montrose;yes;KMTJ;MTJ;MTJ;https://montroseairport.com/;https://en.wikipedia.org/wiki/Montrose_Regional_Airport
3713;KMTN;medium_airport;Martin State Airport;39.325699;-76.413803;21;NA;US;US-MD;Baltimore;no;KMTN;MTN;MTN;;https://en.wikipedia.org/wiki/Martin_State_Airport
3714;KMUI;medium_airport;Muir Army Air Field (Fort Indiantown Gap) Airport;40.435214;-76.568661;488;NA;US;US-PA;Fort Indiantown Gap(Annville);no;KMUI;MUI;MUI;;https://en.wikipedia.org/wiki/Muir_Army_Airfield
3715;KMUO;medium_airport;Mountain Home Air Force Base;43.043598;-115.872002;2996;NA;US;US-ID;Mountain Home;no;KMUO;MUO;MUO;http://www.mountainhome.af.mil/;https://en.wikipedia.org/wiki/Mountain_Home_Air_Force_Base
20579;KMWA;medium_airport;Veterans Airport of Southern Illinois;37.751208;-89.016568;472;NA;US;US-IL;Marion;yes;KMWA;MWA;MWA;;https://en.wikipedia.org/wiki/Veterans_Airport_of_Southern_Illinois
20581;KMWH;medium_airport;Grant County International Airport;47.20769882;-119.3199997;1189;NA;US;US-WA;Moses Lake;no;KMWH;MWH;MWH;http://www.portofmoseslake.com/the-center-of-washington-aviation/;https://en.wikipedia.org/wiki/Grant_County_International_Airport
3716;KMXF;medium_airport;Maxwell Air Force Base;32.3829;-86.365799;171;NA;US;US-AL;Montgomery;no;KMXF;MXF;MXF;;https://en.wikipedia.org/wiki/Maxwell_Air_Force_Base
20591;KMYL;medium_airport;McCall Municipal Airport;44.888837;-116.101112;5024;NA;US;US-ID;McCall;yes;KMYL;MYL;MYL;http://www.mccall.id.us/services/airport.html;https://en.wikipedia.org/wiki/McCall_Municipal_Airport
3717;KMYR;medium_airport;Myrtle Beach International Airport;33.679699;-78.928299;25;NA;US;US-SC;Myrtle Beach;yes;KMYR;MYR;MYR;https://www.flymyrtlebeach.com;https://en.wikipedia.org/wiki/Myrtle_Beach_International_Airport
3718;KMYV;medium_airport;Yuba County Airport;39.09780121;-121.5699997;64;NA;US;US-CA;Marysville;no;KMYV;MYV;MYV;http://www.yubacoairport.com/;https://en.wikipedia.org/wiki/Yuba_County_Airport
3719;KNBC;medium_airport;Beaufort MCAS - Merritt Field;32.4774017334;-80.723197937;37;NA;US;US-SC;Beaufort;no;KNBC;;NBC;;https://en.wikipedia.org/wiki/Marine_Corps_Air_Station_Beaufort
3720;KNBG;medium_airport;New Orleans NAS JRB/Alvin Callender Field;29.82530022;-90.03500366;2;NA;US;US-LA;New Orleans;no;KNBG;NBG;NBG;;https://en.wikipedia.org/wiki/Naval_Air_Station_Joint_Reserve_Base_New_Orleans
3721;KNCA;medium_airport;MCAS New River / McCutcheon Field;34.708401;-77.439697;26;NA;US;US-NC;Jacksonville;no;KNCA;;NCA;;https://en.wikipedia.org/wiki/Marine_Corps_Air_Station_New_River
20634;KNDZ;medium_airport;Whiting Field Naval Air Station South Airport;30.704399;-87.023003;177;NA;US;US-FL;Milton;no;KNDZ;;NDZ;;https://en.wikipedia.org/wiki/Naval_Air_Station_Whiting_Field_%E2%80%93_South
3722;KNEL;medium_airport;Lakehurst Maxfield Field Airport;40.03329849;-74.353302;101;NA;US;US-NJ;Lakehurst;no;KNEL;NEL;NEL;;https://en.wikipedia.org/wiki/Naval_Air_Engineering_Station_Lakehurst
3723;KNEW;medium_airport;Lakefront Airport;30.042400360107;-90.028297424316;8;NA;US;US-LA;New Orleans;no;KNEW;NEW;NEW;http://www.lakefrontairport.com/;https://en.wikipedia.org/wiki/New_Orleans_Lakefront_Airport
3724;KNFG;medium_airport;Camp Pendleton MCAS (Munn Field) Airport;33.30130005;-117.3550034;78;NA;US;US-CA;Oceanside;no;KNFG;;NFG;;https://en.wikipedia.org/wiki/Marine_Corps_Air_Station_Camp_Pendleton
3725;KNFL;medium_airport;Fallon Naval Air Station;39.41659927;-118.7009964;3934;NA;US;US-NV;Fallon;no;KNFL;NFL;NFL;http://www.cnic.navy.mil/regions/cnrsw/installations/nas_fallon.html;https://en.wikipedia.org/wiki/Naval_Air_Station_Fallon
20639;KNFW;medium_airport;NAS Fort Worth JRB / Carswell Field;32.769199;-97.441498;650;NA;US;US-TX;Fort Worth;no;KNFW;FWH;NFW;http://www.cnic.navy.mil/regions/cnrse/installations/nas_jrb_fort_worth.html;https://en.wikipedia.org/wiki/Naval_Air_Station_Joint_Reserve_Base_Fort_Worth
3726;KNGP;medium_airport;Naval Air Station Corpus Christi Truax Field;27.6926;-97.2911;18;NA;US;US-TX;Corpus Christi;no;KNGP;NGP;NGP;https://cnrse.cnic.navy.mil/Installations/NAS-Corpus-Christi/;https://en.wikipedia.org/wiki/Naval_Air_Station_Corpus_Christi
3727;KNGU;medium_airport;Norfolk Naval Station (Chambers Field);36.937599;-76.289299;17;NA;US;US-VA;Norfolk;no;KNGU;NGU;NGU;;https://en.wikipedia.org/wiki/Naval_Station_Norfolk
3728;KNHK;medium_airport;Patuxent River Naval Air Station (Trapnell Field);38.285999;-76.411797;39;NA;US;US-MD;Patuxent River;no;KNHK;NHK;NHK;;https://en.wikipedia.org/wiki/Naval_Air_Station_Patuxent_River
3729;KNHZ;medium_airport;Brunswick Executive Airport;43.89220047;-69.93859863;72;NA;US;US-ME;Brunswick;no;KBXM;NHZ;BXM;http://mrra.us/brunswick-executive-airport/;https://en.wikipedia.org/wiki/Brunswick_Executive_Airport
20643;KNID;medium_airport;China Lake Naws (Armitage Field) Airport;35.6853981;-117.6920013;2283;NA;US;US-CA;China Lake;no;KNID;;NID;;https://en.wikipedia.org/wiki/Naval_Air_Weapons_Station_China_Lake
3730;KNIP;medium_airport;Jacksonville Naval Air Station (Towers Field);30.2358;-81.680603;21;NA;US;US-FL;Jacksonville;no;KNIP;NIP;NIP;;https://en.wikipedia.org/wiki/Naval_Air_Station_Jacksonville
3731;KNJK;medium_airport;El Centro NAF Airport (Vraciu Field);32.829201;-115.671996;-42;NA;US;US-CA;El Centro;no;KNJK;NJK;NJK;https://www.cnic.navy.mil/regions/cnrsw/installations/naf_el_centro.html;https://en.wikipedia.org/wiki/Naval_Air_Facility_El_Centro
3732;KNKT;medium_airport;Cherry Point MCAS / Cunningham Field/;34.900902;-76.880699;29;NA;US;US-NC;Cherry Point;no;KNKT;;NKT;;https://en.wikipedia.org/wiki/Marine_Corps_Air_Station_Cherry_Point
3733;KNKX;medium_airport;Miramar Marine Corps Air Station - Mitscher Field;32.86840057;-117.1429977;477;NA;US;US-CA;San Diego;no;KNKX;NKX;NKX;http://www.miramar.marines.mil/;https://en.wikipedia.org/wiki/Marine_Corps_Air_Station_Miramar
20647;KNLC;medium_airport;Lemoore Naval Air Station (Reeves Field) Airport;36.33300018;-119.9520035;232;NA;US;US-CA;Lemoore;no;KNLC;NLC;NLC;http://www.cnic.navy.mil/regions/cnrsw/installations/nas_lemoore.html;https://en.wikipedia.org/wiki/Naval_Air_Station_Lemoore
3734;KNMM;medium_airport;Naval Air Station Meridian / McCain Field;32.5531;-88.55406;316;NA;US;US-MS;Lauderdale;no;KNMM;;NMM;;https://en.wikipedia.org/wiki/Naval_Air_Station_Meridian
3735;KNPA;medium_airport;Naval Air Station Pensacola Forrest Sherman Field;30.352699;-87.318604;28;NA;US;US-FL;Pensacola;no;KNPA;NPA;NPA;http://www.cnic.navy.mil/regions/cnrse/installations/nas_pensacola.html;https://en.wikipedia.org/wiki/Naval_Air_Station_Pensacola
3736;KNQA;medium_airport;Millington-Memphis Airport;35.356701;-89.8703;320;NA;US;US-TN;Millington;no;KNQA;NQA;NQA;https://millingtonairport.com/;https://en.wikipedia.org/wiki/Millington-Memphis_Airport
3737;KNQI;medium_airport;Kingsville Naval Air Station;27.5072002411;-97.8097000122;50;NA;US;US-TX;Kingsville;no;KNQI;NQI;NQI;http://www.cnic.navy.mil/regions/cnrse/installations/nas_kingsville.html;https://en.wikipedia.org/wiki/Naval_Air_Station_Kingsville
3738;KNQX;medium_airport;Naval Air Station Key West/Boca Chica Field;24.57579994;-81.68890381;6;NA;US;US-FL;Key West;no;KNQX;NQX;NQX;http://www.cnic.navy.mil/regions/cnrse/installations/nas_key_west.html;https://en.wikipedia.org/wiki/Naval_Air_Station_Key_West
20652;KNRB;medium_airport;Naval Station Mayport / Admiral David L McDonald Field;30.3911;-81.424698;15;NA;US;US-FL;Jacksonville;no;KNRB;NRB;NRB;http://www.cnic.navy.mil/regions/cnrse/installations/ns_mayport.html;https://en.wikipedia.org/wiki/Naval_Station_Mayport
20656;KNSE;medium_airport;Whiting Field Naval Air Station - North;30.7241993;-87.02189636;199;NA;US;US-FL;Milton;no;KNSE;NSE;NSE;;https://en.wikipedia.org/wiki/Naval_Air_Station_Whiting_Field_%E2%80%93_North
3739;KNTD;medium_airport;Point Mugu Naval Air Station (Naval Base Ventura Co);34.120300293;-119.121002197;13;NA;US;US-CA;Point Mugu;no;KNTD;NTD;NTD;;https://en.wikipedia.org/wiki/Naval_Air_Station_Point_Mugu
3740;KNTU;medium_airport;Oceana Naval Air Station;36.820702;-76.033501;23;NA;US;US-VA;Virginia Beach;no;KNTU;NTU;NTU;;https://en.wikipedia.org/wiki/Naval_Air_Station_Oceana
3741;KNUQ;medium_airport;Moffett Federal Airfield;37.4161;-122.049004;32;NA;US;US-CA;Mountain View;no;KNUQ;NUQ;NUQ;;https://en.wikipedia.org/wiki/Moffett_Federal_Airfield
20661;KNUW;medium_airport;Whidbey Island Naval Air Station (Ault Field);48.351799;-122.655998;47;NA;US;US-WA;Oak Harbor;no;KNUW;NUW;NUW;;https://en.wikipedia.org/wiki/Naval_Air_Station_Whidbey_Island
20666;KNXP;medium_airport;Twentynine Palms Strategic Expeditionary Landing Field;34.2962;-116.162003;2051;NA;US;US-CA;Twentynine Palms;no;KNXP;;NXP;;https://en.wikipedia.org/wiki/Twentynine_Palms_Strategic_Expeditionary_Landing_Field
20669;KNYG;medium_airport;Quantico Marine Corps Airfield / Turner Field;38.501701;-77.305298;10;NA;US;US-VA;Quantico;no;KNYG;NYG;NYG;;https://en.wikipedia.org/wiki/Marine_Corps_Air_Facility_Quantico
3961;KNYL;medium_airport;Yuma International Airport / Marine Corps Air Station Yuma;32.650938;-114.609375;213;NA;US;US-AZ;Yuma;yes;KNYL;YUM;NYL;;https://en.wikipedia.org/wiki/Yuma_International_Airport
3743;KNZY;medium_airport;North Island Naval Air Station-Halsey Field;32.69919968;-117.2149963;26;NA;US;US-CA;San Diego;no;KNZY;NZY;NZY;;https://en.wikipedia.org/wiki/Naval_Air_Station_North_Island
20709;KOAJ;medium_airport;Albert J Ellis Airport;34.829201;-77.612099;94;NA;US;US-NC;Richlands;yes;KOAJ;OAJ;OAJ;https://flyoaj.com/;https://en.wikipedia.org/wiki/Albert_J._Ellis_Airport
3744;KOAK;large_airport;San Francisco Bay Oakland International Airport;37.720085;-122.221184;9;NA;US;US-CA;Oakland;yes;KOAK;OAK;OAK;http://www.oaklandairport.com/;https://en.wikipedia.org/wiki/Oakland_International_Airport
3745;KOFF;medium_airport;Offutt Air Force Base;41.119307;-95.90851;1052;NA;US;US-NE;Omaha;no;KOFF;OFF;OFF;http://www.offutt.af.mil/;https://en.wikipedia.org/wiki/Offutt_Air_Force_Base
20722;KOFK;medium_airport;Karl Stefan Memorial Airport;41.985500335693;-97.435096740723;1573;NA;US;US-NE;Norfolk;no;KOFK;OFK;OFK;http://www.norfolkairportservices.com/default.htm;https://en.wikipedia.org/wiki/Norfolk_Regional_Airport
20725;KOGB;medium_airport;Orangeburg Municipal Airport;33.456798553467;-80.859497070312;195;NA;US;US-SC;Orangeburg;no;KOGB;OGB;OGB;http://www.orangeburg.sc.us/index.php?option=com_content&view=article&id=18&Itemid=69;https://en.wikipedia.org/wiki/Orangeburg_Municipal_Airport
3746;KOGD;medium_airport;Ogden Hinckley Airport;41.195899963379;-112.0120010376;4473;NA;US;US-UT;Ogden;yes;KOGD;OGD;OGD;http://flyogden.com/;https://en.wikipedia.org/wiki/Ogden-Hinckley_Airport
20727;KOGS;medium_airport;Ogdensburg International Airport;44.6819;-75.4655;297;NA;US;US-NY;Ogdensburg;yes;KOGS;OGS;OGS;https://ogsair.com/;https://en.wikipedia.org/wiki/Ogdensburg_International_Airport
3747;KOKC;large_airport;Will Rogers World Airport;35.393388;-97.598248;1295;NA;US;US-OK;Oklahoma City;yes;KOKC;OKC;OKC;https://flyokc.com/;https://en.wikipedia.org/wiki/Will_Rogers_World_Airport
20739;KOLF;medium_airport;L M Clayton Airport;48.094501;-105.574997;1986;NA;US;US-MT;Wolf Point;yes;KOLF;OLF;OLF;;https://en.wikipedia.org/wiki/L._M._Clayton_Airport
3749;KOLM;medium_airport;Olympia Regional Airport;46.969399;-122.903;209;NA;US;US-WA;Olympia;yes;KOLM;OLM;OLM;;https://en.wikipedia.org/wiki/Olympia_Airport
20741;KOLS;medium_airport;Nogales International Airport;31.4177;-110.848;3955;NA;US;US-AZ;Nogales;no;KOLS;OLS;OLS;;https://en.wikipedia.org/wiki/Nogales_International_Airport
3750;KOLU;medium_airport;Columbus Municipal Airport;41.448145;-97.340174;1447;NA;US;US-NE;Columbus;no;KOLU;OLU;OLU;;https://en.wikipedia.org/wiki/Columbus_Municipal_Airport_(Nebraska)
3751;KOMA;large_airport;Eppley Airfield;41.3032;-95.894096;984;NA;US;US-NE;Omaha;yes;KOMA;OMA;OMA;https://www.flyoma.com;https://en.wikipedia.org/wiki/Eppley_Airfield
20751;KONO;medium_airport;Ontario Municipal Airport;44.0198;-117.013289;2193;NA;US;US-OR;Oregon;no;KONO;ONO;ONO;https://www.ontariooregon.org/airport.html;https://en.wikipedia.org/wiki/Ontario_Municipal_Airport
20752;KONP;medium_airport;Newport Municipal Airport;44.580399;-124.057999;160;NA;US;US-OR;Newport;no;KONP;ONP;ONP;;https://en.wikipedia.org/wiki/Newport_Municipal_Airport_(Oregon)
3752;KONT;large_airport;Ontario International Airport;34.056;-117.600998;944;NA;US;US-CA;Ontario;yes;KONT;ONT;ONT;https://www.flyontario.com/;https://en.wikipedia.org/wiki/LA/Ontario_International_Airport
20757;KOPF;medium_airport;Miami-Opa Locka Executive Airport;25.907;-80.278397;8;NA;US;US-FL;Miami;yes;KOPF;OPF;OPF;http://www.miami-airport.com/html/opalocka.html;https://en.wikipedia.org/wiki/Miami-Opa_Locka_Executive_Airport
3753;KOQU;medium_airport;Quonset State Airport;41.597099304199;-71.412101745605;18;NA;US;US-RI;North Kingstown;no;KOQU;NCO;OQU;;https://en.wikipedia.org/wiki/Quonset_State_Airport
3754;KORD;large_airport;Chicago O'Hare International Airport;41.9786;-87.9048;680;NA;US;US-IL;Chicago;yes;KORD;ORD;ORD;https://www.flychicago.com/ohare/home/pages/default.aspx;https://en.wikipedia.org/wiki/O'Hare_International_Airport
3755;KORF;large_airport;Norfolk International Airport;36.895341;-76.201;26;NA;US;US-VA;Norfolk;yes;KORF;ORF;ORF;https://www.norfolkairport.com/;https://en.wikipedia.org/wiki/Norfolk_International_Airport
3756;KORH;medium_airport;Worcester Regional Airport;42.2673;-71.875702;1009;NA;US;US-MA;Worcester;yes;KORH;ORH;ORH;;https://en.wikipedia.org/wiki/Worcester-Metrowest-Boston_Airport
23952;KORS;medium_airport;Orcas Island Airport;48.708199;-122.910004;31;NA;US;US-WA;Eastsound;yes;KORS;ESD;ORS;http://www.portoforcas.com/;https://en.wikipedia.org/wiki/Orcas_Island_Airport
3757;KOSH;medium_airport;Wittman Regional Airport;43.98440170288086;-88.55699920654297;808;NA;US;US-WI;Oshkosh;no;KOSH;OSH;OSH;http://www.wittmanairport.com/;https://en.wikipedia.org/wiki/Wittman_Regional_Airport
3758;KOSU;medium_airport;The Ohio State University Airport - Don Scott Field;40.0798;-83.072998;905;NA;US;US-OH;Columbus;no;KOSU;OSU;OSU;https://osuairport.org/;https://en.wikipedia.org/wiki/Ohio_State_University_Airport
3759;KOTH;medium_airport;Southwest Oregon Regional Airport;43.41709899902344;-124.24600219726562;17;NA;US;US-OR;North Bend;yes;KOTH;OTH;OTH;;https://en.wikipedia.org/wiki/Southwest_Oregon_Regional_Airport
3760;KOTM;medium_airport;Ottumwa Regional Airport;41.106368;-92.449837;845;NA;US;US-IA;Ottumwa;no;KOTM;OTM;OTM;;https://en.wikipedia.org/wiki/Ottumwa_Regional_Airport
3761;KOWB;medium_airport;Owensboro Daviess County Airport;37.74010086;-87.16680145;407;NA;US;US-KY;Owensboro;yes;KOWB;OWB;OWB;;https://en.wikipedia.org/wiki/Owensboro-Daviess_County_Regional_Airport
20777;KOWD;medium_airport;Norwood Memorial Airport;42.1904983521;-71.1728973389;49;NA;US;US-MA;Norwood;no;KOWD;OWD;OWD;http://www.ci.norwood.ma.us/Airport/Default.htm;https://en.wikipedia.org/wiki/Norwood_Memorial_Airport
20785;KOXR;medium_airport;Oxnard Airport;34.200801849365;-119.20700073242;45;NA;US;US-CA;Oxnard;no;KOXR;OXR;OXR;;https://en.wikipedia.org/wiki/Oxnard_Airport
3762;KOZR;medium_airport;Cairns AAF (Fort Rucker) Air Field;31.27569962;-85.71340179;301;NA;US;US-AL;Fort Rucker/Ozark;no;KOZR;OZR;OZR;;https://en.wikipedia.org/wiki/Cairns_Army_Airfield
3763;KPAE;medium_airport;Seattle Paine Field International Airport;47.9063;-122.281998;606;NA;US;US-WA;Everett;yes;KPAE;PAE;PAE;;https://en.wikipedia.org/wiki/Paine_Field
3764;KPAH;medium_airport;Barkley Regional Airport;37.06079864501953;-88.7738037109375;410;NA;US;US-KY;Paducah;yes;KPAH;PAH;PAH;;https://en.wikipedia.org/wiki/Barkley_Regional_Airport
3765;KPAM;medium_airport;Tyndall Air Force Base;30.069599;-85.575401;17;NA;US;US-FL;Panama City;no;KPAM;PAM;PAM;http://www.tyndall.af.mil/;https://en.wikipedia.org/wiki/Tyndall_Air_Force_Base
20805;KPAO;medium_airport;Palo Alto Airport;37.461102;-122.114998;4;NA;US;US-CA;Palo Alto;no;KPAO;PAO;PAO;https://www.cityofpaloalto.org/Departments/Public-Works/Palo-Alto-Airport;https://en.wikipedia.org/wiki/Palo_Alto_Airport_of_Santa_Clara_County
20807;KPBF;medium_airport;Pine Bluff Regional Airport, Grider Field;34.174121;-91.935643;206;NA;US;US-AR;Pine Bluff;no;KPBF;PBF;PBF;http://www.pbaviation.com;https://en.wikipedia.org/wiki/Grider_Field
20808;KPBG;medium_airport;Plattsburgh International Airport;44.650901794433594;-73.46810150146484;234;NA;US;US-NY;Plattsburgh;yes;KPBG;PBG;PBG;http://www.plattsburghinternationalairport.com/;https://en.wikipedia.org/wiki/Plattsburgh_International_Airport
3766;KPBI;large_airport;Palm Beach International Airport;26.683201;-80.095596;19;NA;US;US-FL;West Palm Beach;yes;KPBI;PBI;PBI;https://www.pbia.org/;https://en.wikipedia.org/wiki/Palm_Beach_International_Airport
20812;KPCW;medium_airport;Carl R Keller Field;41.515647;-82.868328;590;NA;US;US-OH;Port Clinton;yes;KPCW;;PCW;;https://en.wikipedia.org/wiki/Erie%E2%80%93Ottawa_International_Airport
3767;KPDK;medium_airport;DeKalb Peachtree Airport;33.87633;-84.30213;1003;NA;US;US-GA;Atlanta;yes;KPDK;PDK;PDK;http://web.co.dekalb.ga.us/pdkairport/index.asp;https://en.wikipedia.org/wiki/DeKalb-Peachtree_Airport
20815;KPDT;medium_airport;Eastern Oregon Regional Airport at Pendleton;45.695099;-118.841003;1497;NA;US;US-OR;Pendleton;yes;KPDT;PDT;PDT;;https://en.wikipedia.org/wiki/Eastern_Oregon_Regional_Airport
3768;KPDX;large_airport;Portland International Airport;45.588699;-122.598;31;NA;US;US-OR;Portland;yes;KPDX;PDX;PDX;https://www.flypdx.com/;https://en.wikipedia.org/wiki/Portland_International_Airport
20821;KPGA;medium_airport;Page Municipal Airport;36.924234;-111.447716;4316;NA;US;US-AZ;Page;yes;KPGA;PGA;PGA;;https://en.wikipedia.org/wiki/Page_Municipal_Airport
20822;KPGD;medium_airport;Punta Gorda Airport;26.9202;-81.990501;26;NA;US;US-FL;Punta Gorda;yes;KPGD;PGD;PGD;http://www.flypgd.com/;https://en.wikipedia.org/wiki/Punta_Gorda_Airport_(Florida)
20824;KPGV;medium_airport;Pitt-Greenville Airport;35.635535;-77.384262;26;NA;US;US-NC;Greenville;yes;KPGV;PGV;PGV;;https://en.wikipedia.org/wiki/Pitt-Greenville_Airport
3770;KPHF;medium_airport;Newport News Williamsburg International Airport;37.131901;-76.492996;42;NA;US;US-VA;Newport News;yes;KPHF;PHF;PHF;;https://en.wikipedia.org/wiki/Newport_News/Williamsburg_International_Airport
3771;KPHL;large_airport;Philadelphia International Airport;39.871899;-75.241096;36;NA;US;US-PA;Philadelphia;yes;KPHL;PHL;PHL;http://www.phl.org/;https://en.wikipedia.org/wiki/Philadelphia_International_Airport
3772;KPHX;large_airport;Phoenix Sky Harbor International Airport;33.435302;-112.005905;1135;NA;US;US-AZ;Phoenix;yes;KPHX;PHX;PHX;http://phoenix.gov/skyharborairport/;https://en.wikipedia.org/wiki/Phoenix_Sky_Harbor_International_Airport
3773;KPIA;medium_airport;General Wayne A. Downing Peoria International Airport;40.6642;-89.693298;660;NA;US;US-IL;Peoria;yes;KPIA;PIA;PIA;;https://en.wikipedia.org/wiki/General_Wayne_A._Downing_Peoria_International_Airport
3774;KPIB;medium_airport;Hattiesburg Laurel Regional Airport;31.4671;-89.337097;298;NA;US;US-MS;Moselle;yes;KPIB;PIB;PIB;;https://en.wikipedia.org/wiki/Hattiesburg-Laurel_Regional_Airport
3775;KPIE;medium_airport;St. Petersburg Clearwater International Airport;27.9102;-82.687401;11;NA;US;US-FL;Pinellas Park;yes;KPIE;PIE;PIE;;https://en.wikipedia.org/wiki/St._Petersburg-Clearwater_International_Airport
3776;KPIH;medium_airport;Pocatello Regional Airport;42.9098014831543;-112.59600067138672;4452;NA;US;US-ID;Pocatello;yes;KPIH;PIH;PIH;;https://en.wikipedia.org/wiki/Pocatello_Regional_Airport
3777;KPIR;medium_airport;Pierre Regional Airport;44.38270187;-100.2860031;1744;NA;US;US-SD;Pierre;yes;KPIR;PIR;PIR;;https://en.wikipedia.org/wiki/Pierre_Regional_Airport
3778;KPIT;large_airport;Pittsburgh International Airport;40.491501;-80.232903;1203;NA;US;US-PA;Pittsburgh;yes;KPIT;PIT;PIT;https://flypittsburgh.com/;https://en.wikipedia.org/wiki/Pittsburgh_International_Airport
3779;KPKB;medium_airport;Mid Ohio Valley Regional Airport;39.3451;-81.439201;858;NA;US;US-WV;Parkersburg (Williamstown);yes;KPKB;PKB;PKB;;https://en.wikipedia.org/wiki/Mid-Ohio_Valley_Regional_Airport
3781;KPLN;medium_airport;Pellston Regional Airport of Emmet County Airport;45.57089996;-84.79669952;721;NA;US;US-MI;Pellston;yes;KPLN;PLN;PLN;;https://en.wikipedia.org/wiki/Pellston_Regional_Airport
3782;KPMD;medium_airport;Palmdale Regional Airport / USAF Plant 42 Airport;34.629398;-118.084999;2543;NA;US;US-CA;Palmdale;no;KPMD;PMD;PMD;;https://en.wikipedia.org/wiki/LA/Palmdale_Regional_Airport
20848;KPNA;medium_airport;Ralph Wenz Field;42.79550171;-109.8069992;7102;NA;US;US-WY;Pinedale;no;KPNA;PWY;PNA;http://www.pinedaleonline.com/pinedaleairport.HTM;https://en.wikipedia.org/wiki/Ralph_Wenz_Field
20849;KPNC;medium_airport;Ponca City Regional Airport;36.73199844;-97.09980011;1008;NA;US;US-OK;Ponca City;no;KPNC;PNC;PNC;http://www.poncacityok.gov/index.aspx?nid=181;https://en.wikipedia.org/wiki/Ponca_City_Regional_Airport
20850;KPNE;medium_airport;Northeast Philadelphia Airport;40.082406;-75.010614;120;NA;US;US-PA;Philadelphia;no;KPNE;PNE;PNE;http://www.phl.org/pne/pne.html;https://en.wikipedia.org/wiki/Northeast_Philadelphia_Airport
3783;KPNS;medium_airport;Pensacola International Airport;30.4734;-87.1866;121;NA;US;US-FL;Pensacola;yes;KPNS;PNS;PNS;http://www.flypensacola.com/;https://en.wikipedia.org/wiki/Pensacola_Regional_Airport
3784;KPOB;medium_airport;Pope Field;35.170898;-79.014503;217;NA;US;US-NC;Fort Bragg;no;KPOB;POB;POB;http://www.pope.af.mil/;https://en.wikipedia.org/wiki/Pope_Field
3785;KPOE;medium_airport;Polk Army Air Field;31.0447998;-93.1917038;330;NA;US;US-LA;Fort Polk;no;KPOE;POE;POE;http://www.jrtc-polk.army.mil/;
3786;KPOU;medium_airport;Dutchess County Airport;41.6265983581543;-73.88420104980469;165;NA;US;US-NY;Poughkeepsie;no;KPOU;POU;POU;;https://en.wikipedia.org/wiki/Dutchess_County_Airport
3787;KPQI;medium_airport;Presque Isle International Airport;46.688999;-68.0448;534;NA;US;US-ME;Presque Isle;yes;KPQI;PQI;PQI;;https://en.wikipedia.org/wiki/Presque_Isle_International_Airport
3788;KPRB;medium_airport;Paso Robles Municipal Airport;35.67290115;-120.6269989;840;NA;US;US-CA;Paso Robles;no;KPRB;PRB;PRB;http://www.prcity.com/government/departments/publicworks/airport/;https://en.wikipedia.org/wiki/Paso_Robles_Municipal_Airport
3789;KPRC;medium_airport;Prescott International Airport - Ernest A. Love Field;34.654499;-112.419998;5045;NA;US;US-AZ;Prescott;yes;KPRC;PRC;PRC;;https://en.wikipedia.org/wiki/Ernest_A._Love_Field
3790;KPRX;medium_airport;Cox Field;33.636600494385;-95.450798034668;547;NA;US;US-TX;Paris;no;KPRX;PRX;PRX;;https://en.wikipedia.org/wiki/Cox_Field
20870;KPSC;medium_airport;Tri Cities Airport;46.264702;-119.119003;410;NA;US;US-WA;Pasco;yes;KPSC;PSC;PSC;;https://en.wikipedia.org/wiki/Tri-Cities_Airport_(Washington)
3791;KPSM;medium_airport;Portsmouth International at Pease Airport;43.0778999329;-70.8233032227;100;NA;US;US-NH;Portsmouth;yes;KPSM;PSM;PSM;;https://en.wikipedia.org/wiki/Pease_International_Airport
3792;KPSP;medium_airport;Palm Springs International Airport;33.8297;-116.507004;477;NA;US;US-CA;Palm Springs;yes;KPSP;PSP;PSP;http://www.palmspringsca.gov/index.aspx?page=270;https://en.wikipedia.org/wiki/Palm_Springs_International_Airport
3793;KPTK;medium_airport;Oakland County International Airport;42.665500640869;-83.420097351074;980;NA;US;US-MI;Pontiac;no;KPTK;PTK;PTK;https://www.oakgov.com/aviation/ocia;https://en.wikipedia.org/wiki/Oakland_County_International_Airport
3794;KPUB;medium_airport;Pueblo Memorial Airport;38.289101;-104.497002;4726;NA;US;US-CO;Pueblo;yes;KPUB;PUB;PUB;;https://en.wikipedia.org/wiki/Pueblo_Memorial_Airport
20883;KPUW;medium_airport;Pullman-Moscow Regional Airport;46.741601;-117.11163;2556;NA;US;US-WA;Pullman;yes;KPUW;PUW;PUW;http://www.pullman-wa.gov/airport/;https://en.wikipedia.org/wiki/Pullman-Moscow_Regional_Airport
3795;KPVD;large_airport;Theodore Francis Green State Airport;41.725038;-71.425668;55;NA;US;US-RI;Warwick;yes;KPVD;PVD;PVD;https://flyri.com/;https://en.wikipedia.org/wiki/T._F._Green_Airport
20890;KPVU;medium_airport;Provo-Utah Lake International Airport;40.2192;-111.723;4497;NA;US;US-UT;Provo;yes;KPVU;PVU;PVU;http://www.provo.org/city-services/airport;https://en.wikipedia.org/wiki/Provo_Municipal_Airport
20896;KPWK;medium_airport;Chicago Executive Airport;42.114222;-87.901494;647;NA;US;US-IL;Chicago/Prospect Heights/Wheeling;no;KPWK;PWK;PWK;http://chiexec.com/;https://en.wikipedia.org/wiki/Chicago_Executive_Airport
3796;KPWM;large_airport;Portland International Jetport;43.646198;-70.309303;76;NA;US;US-ME;Portland;yes;KPWM;PWM;PWM;https://portlandjetport.org/;https://en.wikipedia.org/wiki/Portland_International_Jetport
3797;KPWT;medium_airport;Bremerton National Airport;47.490200042725;-122.76499938965;444;NA;US;US-WA;Bremerton;no;KPWT;PWT;PWT;https://en.wikipedia.org/wiki/Bremerton_National_Airport;https://en.wikipedia.org/wiki/Bremerton_National_Airport
3837;KRAL;medium_airport;Riverside Municipal Airport;33.9519;-117.445;819;NA;US;US-CA;Riverside;no;KRAL;RAL;RAL;http://www.riversideca.gov/airport/;https://en.wikipedia.org/wiki/Riverside_Municipal_Airport
3838;KRAP;medium_airport;Rapid City Regional Airport;44.0452995300293;-103.05699920654297;3204;NA;US;US-SD;Rapid City;yes;KRAP;RAP;RAP;;https://en.wikipedia.org/wiki/Rapid_City_Regional_Airport
3839;KRBL;medium_airport;Red Bluff Municipal Airport;40.1506996155;-122.251998901;352;NA;US;US-CA;Red Bluff;no;KRBL;RBL;RBL;;https://en.wikipedia.org/wiki/Red_Bluff_Municipal_Airport
3840;KRCA;medium_airport;Ellsworth Air Force Base;44.14500046;-103.1039963;3276;NA;US;US-SD;Rapid City;no;KRCA;RCA;RCA;http://www.ellsworth.af.mil/;https://en.wikipedia.org/wiki/Ellsworth_Air_Force_Base
3841;KRDD;medium_airport;Redding Municipal Airport;40.50899887;-122.2929993;505;NA;US;US-CA;Redding;yes;KRDD;RDD;RDD;;https://en.wikipedia.org/wiki/Redding_Municipal_Airport
3842;KRDG;medium_airport;Reading Regional Airport (Carl A Spaatz Field);40.378502;-75.965202;344;NA;US;US-PA;Reading;no;KRDG;RDG;RDG;;https://en.wikipedia.org/wiki/Reading_Regional_Airport
3843;KRDM;medium_airport;Roberts Field;44.254101;-121.150002;3080;NA;US;US-OR;Redmond;yes;KRDM;RDM;RDM;;https://en.wikipedia.org/wiki/Roberts_Field
20922;KRDR;medium_airport;Grand Forks Air Force Base;47.961101532;-97.4011993408;913;NA;US;US-ND;Grand Forks;no;KRDR;RDR;RDR;http://www.grandforks.af.mil/;https://en.wikipedia.org/wiki/Grand_Forks_Air_Force_Base
3844;KRDU;large_airport;Raleigh Durham International Airport;35.877602;-78.787498;435;NA;US;US-NC;Raleigh/Durham;yes;KRDU;RDU;RDU;https://www.rdu.com/;https://en.wikipedia.org/wiki/Raleigh-Durham_International_Airport
3845;KRFD;medium_airport;Chicago Rockford International Airport;42.1954;-89.097198;742;NA;US;US-IL;Chicago/Rockford;yes;KRFD;RFD;RFD;;https://en.wikipedia.org/wiki/Chicago/Rockford_International_Airport
3846;KRHI;medium_airport;Rhinelander Oneida County Airport;45.63119888305664;-89.46749877929688;1624;NA;US;US-WI;Rhinelander;yes;KRHI;RHI;RHI;;https://en.wikipedia.org/wiki/Rhinelander-Oneida_County_Airport
20927;KRHP;medium_airport;Western Carolina Regional Airport;35.195202;-83.862999;1697;NA;US;US-NC;Andrews;no;KRHP;;RHP;http://www.cherokeecounty-nc.gov/index.aspx?page=61;https://en.wikipedia.org/wiki/Andrews-Murphy_Airport
3847;KRIC;large_airport;Richmond International Airport;37.505199;-77.319702;167;NA;US;US-VA;Richmond;yes;KRIC;RIC;RIC;https://flyrichmond.com/;https://en.wikipedia.org/wiki/Richmond_International_Airport
20931;KRIL;medium_airport;Garfield County Regional Airport;39.526299;-107.726997;5548;NA;US;US-CO;Rifle;no;KRIL;RIL;RIL;http://www.rifleairport.com/;https://en.wikipedia.org/wiki/Garfield_County_Regional_Airport
3849;KRIV;medium_airport;March Air Reserve Base;33.880699;-117.259003;1536;NA;US;US-CA;Riverside;no;KRIV;RIV;RIV;;https://en.wikipedia.org/wiki/March_Air_Reserve_Base
20933;KRIW;medium_airport;Central Wyoming Regional Airport;43.064201;-108.459999;5525;NA;US;US-WY;Riverton;yes;KRIW;RIW;RIW;https://centralwyomingairport.com/;https://en.wikipedia.org/wiki/Central_Wyoming_Regional_Airport
20935;KRKD;medium_airport;Knox County Regional Airport;44.060101;-69.099197;56;NA;US;US-ME;Rockland;yes;KRKD;RKD;RKD;;https://en.wikipedia.org/wiki/Knox_County_Regional_Airport
3850;KRKS;medium_airport;Southwest Wyoming Regional Airport;41.5942;-109.065001;6764;NA;US;US-WY;Rock Springs;yes;KRKS;RKS;RKS;;https://en.wikipedia.org/wiki/Rock_Springs_-_Sweetwater_County_Airport
20940;KRME;medium_airport;Griffiss International Airport;43.23379898;-75.40699768;504;NA;US;US-NY;Rome;no;KRME;RME;RME;http://www.ocgov.net/oneida/airport;https://en.wikipedia.org/wiki/Griffiss_Airfield
3851;KRMG;medium_airport;Richard B Russell Airport;34.3506011963;-85.15799713130001;644;NA;US;US-GA;Rome;no;KRMG;RMG;RMG;http://www.romefloyd.com/EconomicDevelopment/Airport/tabid/306/Default.aspx;https://en.wikipedia.org/wiki/Richard_B._Russell_Airport
3852;KRND;medium_airport;Randolph Air Force Base;29.529699;-98.2789;761;NA;US;US-TX;Universal City;no;KRND;RND;RND;http://www.military.com/base-guide/randolph-air-force-base;https://en.wikipedia.org/wiki/Randolph_Air_Force_Base
20944;KRNH;medium_airport;New Richmond Regional Airport;45.1483;-92.538101;998;NA;US;US-WI;New Richmond;no;KRNH;RNH;RNH;;https://en.wikipedia.org/wiki/New_Richmond_Regional_Airport
3853;KRNO;large_airport;Reno Tahoe International Airport;39.4991;-119.767998;4415;NA;US;US-NV;Reno;yes;KRNO;RNO;RNO;https://www.renoairport.com/;https://en.wikipedia.org/wiki/Reno-Tahoe_International_Airport
3854;KROA;medium_airport;Roanoke–Blacksburg Regional Airport;37.3255;-79.975403;1175;NA;US;US-VA;Roanoke;yes;KROA;ROA;ROA;http://www.roanokeairport.com/;https://en.wikipedia.org/wiki/Roanoke%E2%80%93Blacksburg_Regional_Airport
3855;KROC;medium_airport;Frederick Douglass Greater Rochester International Airport;43.1189;-77.672401;559;NA;US;US-NY;Rochester;yes;KROC;ROC;ROC;https://rocairport.com/;https://en.wikipedia.org/wiki/Greater_Rochester_International_Airport
3856;KROW;medium_airport;Roswell Air Center Airport;33.301601;-104.530998;3671;NA;US;US-NM;Roswell;yes;KROW;ROW;ROW;;https://en.wikipedia.org/wiki/Roswell_International_Air_Center
20962;KRSL;medium_airport;Russell Municipal Airport;38.872100830078;-98.811798095703;1862;NA;US;US-KS;Russell;no;KRSL;RSL;RSL;http://www.russellcity.org/airport.php;
3857;KRST;medium_airport;Rochester International Airport;43.908298;-92.5;1317;NA;US;US-MN;Rochester;yes;KRST;RST;RST;;https://en.wikipedia.org/wiki/Rochester_International_Airport
3858;KRSW;large_airport;Southwest Florida International Airport;26.53619956970215;-81.75520324707031;30;NA;US;US-FL;Fort Myers;yes;KRSW;RSW;RSW;http://www.flylcpa.com/;https://en.wikipedia.org/wiki/Southwest_Florida_International_Airport
3859;KRUT;medium_airport;Rutland - Southern Vermont Regional Airport;43.5294;-72.9496;787;NA;US;US-VT;Rutland;yes;KRUT;RUT;RUT;;https://en.wikipedia.org/wiki/Rutland_State_Airport
20972;KRVS;medium_airport;Tulsa Riverside Airport;36.0396;-95.984596;638;NA;US;US-OK;Tulsa;no;KRVS;RVS;RVS;http://www.tulsaairports.com/general-aviation/r-l-jones/;https://en.wikipedia.org/wiki/Richard_Lloyd_Jones_Jr._Airport
20973;KRWF;medium_airport;Redwood Falls Municipal Airport;44.547199;-95.082298;1024;NA;US;US-MN;Redwood Falls;no;KRWF;RWF;RWF;;https://en.wikipedia.org/wiki/Redwood_Falls_Municipal_Airport
3860;KRWI;medium_airport;Rocky Mount Wilson Regional Airport;35.8563;-77.891899;159;NA;US;US-NC;Rocky Mount;no;KRWI;RWI;RWI;;https://en.wikipedia.org/wiki/Rocky_Mount%E2%80%93Wilson_Regional_Airport
20974;KRWL;medium_airport;Rawlins Municipal Airport/Harvey Field;41.80559921;-107.1999969;6813;NA;US;US-WY;Rawlins;no;KRWL;RWL;RWL;http://www.wyomingairports.org/index.php?/main/airports_detail/rawlins_municipal_airport/;https://en.wikipedia.org/wiki/Rawlins_Municipal_Airport
20981;KRYY;medium_airport;Cobb County International Airport-McCollum Field;34.01316;-84.59721;1040;NA;US;US-GA;Atlanta;no;KRYY;;RYY;;https://en.wikipedia.org/wiki/Cobb_County_Airport
3861;KSAC;medium_airport;Sacramento Executive Airport;38.5125007629;-121.492996216;24;NA;US;US-CA;Sacramento;no;KSAC;SAC;SAC;http://www.sacramento.aero/sac/;https://en.wikipedia.org/wiki/Sacramento_Executive_Airport
21033;KSAF;medium_airport;Santa Fe Municipal Airport;35.6171;-106.088997;6348;NA;US;US-NM;Santa Fe;yes;KSAF;SAF;SAF;https://flysantafe.com/flights/airlines/;https://en.wikipedia.org/wiki/Santa_Fe_Regional_Airport
3862;KSAN;large_airport;San Diego International Airport;32.7336006165;-117.190002441;17;NA;US;US-CA;San Diego;yes;KSAN;SAN;SAN;http://www.san.org/;https://en.wikipedia.org/wiki/San_Diego_International_Airport
3863;KSAT;large_airport;San Antonio International Airport;29.533701;-98.469803;809;NA;US;US-TX;San Antonio;yes;KSAT;SAT;SAT;https://www.sanantonio.gov/aviation;https://en.wikipedia.org/wiki/San_Antonio_International_Airport
3864;KSAV;large_airport;Savannah Hilton Head International Airport;32.127602;-81.202103;50;NA;US;US-GA;Savannah;yes;KSAV;SAV;SAV;https://savannahairport.com/;https://en.wikipedia.org/wiki/Savannah/Hilton_Head_International_Airport
3865;KSAW;medium_airport;Marquette/Sawyer International Airport;46.3536;-87.395401;1221;NA;US;US-MI;Gwinn;yes;KSAW;MQT;SAW;http://www.sawyerairport.com/;https://en.wikipedia.org/wiki/Sawyer_International_Airport
3866;KSBA;medium_airport;Santa Barbara Municipal Airport;34.426201;-119.839996;13;NA;US;US-CA;Santa Barbara;yes;KSBA;SBA;SBA;;https://en.wikipedia.org/wiki/Santa_Barbara_Airport
3867;KSBD;medium_airport;San Bernardino International Airport;34.095402;-117.235001;1159;NA;US;US-CA;San Bernardino;yes;KSBD;SBD;SBD;http://sbdairport.com/;https://en.wikipedia.org/wiki/San_Bernardino_International_Airport
3868;KSBN;medium_airport;South Bend Regional Airport;41.708698;-86.317299;799;NA;US;US-IN;South Bend;yes;KSBN;SBN;SBN;;https://en.wikipedia.org/wiki/South_Bend_Regional_Airport
3869;KSBP;medium_airport;San Luis County Regional Airport;35.236801147499996;-120.641998291;212;NA;US;US-CA;San Luis Obispo;yes;KSBP;SBP;SBP;http://www.sloairport.com/;https://en.wikipedia.org/wiki/San_Luis_Obispo_County_Regional_Airport
3870;KSBY;medium_airport;Salisbury Ocean City Wicomico Regional Airport;38.34049987792969;-75.51029968261719;52;NA;US;US-MD;Salisbury;yes;KSBY;SBY;SBY;;https://en.wikipedia.org/wiki/Wicomico_Regional_Airport
3871;KSCH;medium_airport;Schenectady County Airport;42.852500915527;-73.928901672363;378;NA;US;US-NY;Schenectady;no;KSCH;SCH;SCH;http://www.schenectadycounty.com/FullStory.aspx?m=100&amid=432;https://en.wikipedia.org/wiki/Schenectady_County_Airport
3872;KSCK;medium_airport;Stockton Metropolitan Airport;37.893279;-121.238079;33;NA;US;US-CA;Stockton;yes;KSCK;SCK;SCK;http://www.sjgov.org/airport/;https://en.wikipedia.org/wiki/Stockton_Metropolitan_Airport
3873;KSDF;large_airport;Louisville Muhammad Ali International Airport;38.1744;-85.736;501;NA;US;US-KY;Louisville;yes;KSDF;SDF;SDF;http://www.flylouisville.com;https://en.wikipedia.org/wiki/Louisville_International_Airport
3874;KSDM;medium_airport;Brown Field Municipal Airport;32.572639;-116.980019;526;NA;US;US-CA;San Diego;no;KSDM;SDM;SDM;http://www.sandiego.gov/airports/brown/;https://en.wikipedia.org/wiki/Brown_Field_Municipal_Airport
21046;KSDY;medium_airport;Sidney - Richland Regional Airport;47.705141;-104.194422;1985;NA;US;US-MT;Sidney;yes;KSDY;SDY;SDY;;https://en.wikipedia.org/wiki/Sidney%E2%80%93Richland_Municipal_Airport
3875;KSEA;large_airport;Seattle–Tacoma International Airport;47.447943;-122.310276;433;NA;US;US-WA;Seattle;yes;KSEA;SEA;SEA;https://www.portseattle.org/sea-tac;https://en.wikipedia.org/wiki/Seattle%E2%80%93Tacoma_International_Airport
3876;KSFB;large_airport;Orlando Sanford International Airport;28.777599334716797;-81.23750305175781;55;NA;US;US-FL;Orlando;yes;KSFB;SFB;SFB;;https://en.wikipedia.org/wiki/Orlando_Sanford_International_Airport
3877;KSFF;medium_airport;Felts Field;47.682899;-117.321925;1953;NA;US;US-WA;Spokane;no;KSFF;SFF;SFF;http://feltsfield.spokaneairports.net/;https://en.wikipedia.org/wiki/Felts_Field_Airport
3878;KSFO;large_airport;San Francisco International Airport;37.619806;-122.374821;13;NA;US;US-CA;San Francisco;yes;KSFO;SFO;SFO;http://www.flysfo.com/;https://en.wikipedia.org/wiki/San_Francisco_International_Airport
3879;KSGF;medium_airport;Springfield Branson National Airport;37.245701;-93.388603;1268;NA;US;US-MO;Springfield;yes;KSGF;SGF;SGF;;https://en.wikipedia.org/wiki/Springfield/Branson_National_Airport
3880;KSGH;medium_airport;Springfield-Beckley Municipal Airport;39.840301513672;-83.840202331543;1051;NA;US;US-OH;Springfield;no;KSGH;SGH;SGH;http://www.airparkohio.com/beckly_airport.html;https://en.wikipedia.org/wiki/Springfield-Beckley_Municipal_Airport
21061;KSGJ;medium_airport;Northeast Florida Regional Airport;29.9592;-81.339798;10;NA;US;US-FL;St Augustine;yes;KSGJ;UST;SGJ;http://www.flynf.com/;https://en.wikipedia.org/wiki/St._Augustine_Airport
21062;KSGR;medium_airport;Sugar Land Regional Airport;29.622299194336;-95.65650177002;82;NA;US;US-TX;Houston;no;KSGR;SGR;SGR;http://www.sugarlandtx.gov/index.aspx?nid=1073;https://en.wikipedia.org/wiki/Sugar_Land_Regional_Airport
21065;KSGU;medium_airport;St George Regional Airport;37.036389;-113.510306;2941;NA;US;US-UT;St George;yes;KSGU;SGU;SGU;https://www.flysgu.org;https://en.wikipedia.org/wiki/St._George_Regional_Airport
21066;KSHD;medium_airport;Shenandoah Valley Regional Airport;38.263802;-78.8964;1201;NA;US;US-VA;Weyers Cave;yes;KSHD;SHD;SHD;;https://en.wikipedia.org/wiki/Shenandoah_Valley_Regional_Airport
3881;KSHR;medium_airport;Sheridan County Airport;44.76919937133789;-106.9800033569336;4021;NA;US;US-WY;Sheridan;yes;KSHR;SHR;SHR;;https://en.wikipedia.org/wiki/Sheridan_County_Airport
3882;KSHV;medium_airport;Shreveport Regional Airport;32.446602;-93.8256;258;NA;US;US-LA;Shreveport;yes;KSHV;SHV;SHV;;https://en.wikipedia.org/wiki/Shreveport_Regional_Airport
3883;KSJC;large_airport;Norman Y. Mineta San Jose International Airport;37.362452;-121.929188;62;NA;US;US-CA;San Jose;yes;KSJC;SJC;SJC;https://www.flysanjose.com/;https://en.wikipedia.org/wiki/San_Jose_International_Airport
3884;KSJT;medium_airport;San Angelo Regional Mathis Field;31.35770034790039;-100.49600219726562;1919;NA;US;US-TX;San Angelo;yes;KSJT;SJT;SJT;;https://en.wikipedia.org/wiki/San_Angelo_Regional_Airport
3885;KSKA;medium_airport;Fairchild Air Force Base;47.615101;-117.655998;2461;NA;US;US-WA;Spokane;no;KSKA;SKA;SKA;http://www.fairchild.af.mil/;https://en.wikipedia.org/wiki/Fairchild_Air_Force_Base
3886;KSKF;medium_airport;Lackland Air Force Base;29.38419914;-98.58110046;691;NA;US;US-TX;San Antonio;no;KSKF;SKF;SKF;;https://en.wikipedia.org/wiki/Lackland_Air_Force_Base
21076;KSKX;medium_airport;Taos Regional Airport;36.452494;-105.67749;7095;NA;US;US-NM;Taos;yes;KSKX;TSM;SKX;http://www.taosairport.org/;https://en.wikipedia.org/wiki/Taos_Regional_Airport
3887;KSLC;large_airport;Salt Lake City International Airport;40.78886;-111.979866;4227;NA;US;US-UT;Salt Lake City;yes;KSLC;SLC;SLC;https://slcairport.com/;https://en.wikipedia.org/wiki/Salt_Lake_City_International_Airport
3888;KSLE;medium_airport;Salem-Willamette Valley Airport/McNary Field;44.9095;-123.002998;214;NA;US;US-OR;Salem;yes;KSLE;SLE;SLE;http://www.flysalem.com/;https://en.wikipedia.org/wiki/McNary_Field
3889;KSLI;medium_airport;Los Alamitos Army Air Field;33.79000092;-118.052002;32;NA;US;US-CA;Los Alamitos;no;KSLI;;SLI;;https://en.wikipedia.org/wiki/Los_Alamitos_Army_Airfield
3890;KSLK;medium_airport;Adirondack Regional Airport;44.38691;-74.204629;1663;NA;US;US-NY;Saranac Lake;yes;KSLK;SLK;SLK;;https://en.wikipedia.org/wiki/Adirondack_Regional_Airport
3891;KSLN;medium_airport;Salina Municipal Airport;38.79100036621094;-97.6521987915039;1288;NA;US;US-KS;Salina;yes;KSLN;SLN;SLN;;https://en.wikipedia.org/wiki/Salina_Municipal_Airport
21085;KSME;medium_airport;Lake Cumberland Regional Airport;37.053398132299996;-84.6158981323;927;NA;US;US-KY;Somerset;no;KSME;SME;SME;;https://en.wikipedia.org/wiki/Lake_Cumberland_Regional_Airport
3892;KSMF;large_airport;Sacramento International Airport;38.6954;-121.591003;27;NA;US;US-CA;Sacramento;yes;KSMF;SMF;SMF;https://sacramento.aero/smf;https://en.wikipedia.org/wiki/Sacramento_International_Airport
21086;KSMN;medium_airport;Lemhi County Airport;45.122233;-113.88196;4043;NA;US;US-ID;Salmon;yes;KSMN;SMN;SMN;http://lemhicountyairport.com/;https://en.wikipedia.org/wiki/Lemhi_County_Airport
21087;KSMO;medium_airport;Santa Monica Municipal Airport;34.0158;-118.450996;170;NA;US;US-CA;Santa Monica;no;KSMO;SMO;SMO;http://www.smgov.net/departments/airport/;https://en.wikipedia.org/wiki/Santa_Monica_Airport
3893;KSMX;medium_airport;Santa Maria Public Airport Captain G Allan Hancock Field;34.898899;-120.457001;261;NA;US;US-CA;Santa Maria;yes;KSMX;SMX;SMX;;https://en.wikipedia.org/wiki/Santa_Maria_Public_Airport
3894;KSNA;large_airport;John Wayne Orange County International Airport;33.675701;-117.867996;56;NA;US;US-CA;Santa Ana;yes;KSNA;SNA;SNA;http://www.ocair.com/;https://en.wikipedia.org/wiki/John_Wayne_Airport
3895;KSNS;medium_airport;Salinas Municipal Airport;36.662799835205;-121.60600280762;85;NA;US;US-CA;Salinas;no;KSNS;SNS;SNS;http://www.ci.salinas.ca.us/services/airport/airport.cfm;https://en.wikipedia.org/wiki/Salinas_Municipal_Airport
21094;KSNY;medium_airport;Sidney Municipal Airport Lloyd W Carr Field;41.101299;-102.985001;4313;NA;US;US-NE;Sidney;no;KSNY;SNY;SNY;http://www.cityofsidney.org/283/Airport;https://en.wikipedia.org/wiki/Sidney_Municipal_Airport_(Nebraska)
21095;KSOA;medium_airport;Sonora Municipal Airport;30.585699081421;-100.6490020752;2140;NA;US;US-TX;Sonora;no;KSOA;;SOA;;
21097;KSOW;medium_airport;Show Low Regional Airport;34.264062;-110.007091;6415;NA;US;US-AZ;Show Low;yes;KSOW;SOW;SOW;;https://en.wikipedia.org/wiki/Show_Low_Regional_Airport
3897;KSPI;medium_airport;Abraham Lincoln Capital Airport;39.844101;-89.677902;598;NA;US;US-IL;Springfield;yes;KSPI;SPI;SPI;;https://en.wikipedia.org/wiki/Abraham_Lincoln_Capital_Airport
3898;KSPS;medium_airport;Wichita Falls Municipal Airport / Sheppard Air Force Base;33.9888;-98.491898;1019;NA;US;US-TX;Wichita Falls;yes;KSPS;SPS;SPS;http://www.flywichitafalls.net/;https://en.wikipedia.org/wiki/Wichita_Falls_Municipal_Airport
21105;KSQL;medium_airport;San Carlos Airport;37.51313;-122.250838;5;NA;US;US-CA;San Carlos;yes;KSQL;SQL;SQL;http://publicworks.smcgov.org/san-carlos-airport;https://en.wikipedia.org/wiki/San_Carlos_Airport_(California)
3899;KSRQ;large_airport;Sarasota Bradenton International Airport;27.394631;-82.554359;30;NA;US;US-FL;Sarasota/Bradenton;yes;KSRQ;SRQ;SRQ;;https://en.wikipedia.org/wiki/Sarasota-Bradenton_International_Airport
3900;KSRR;medium_airport;Sierra Blanca Regional Airport;33.462799;-105.535004;6814;NA;US;US-NM;Alto;no;KSRR;RUI;SRR;;https://en.wikipedia.org/wiki/Sierra_Blanca_Regional_Airport
3901;KSSC;medium_airport;Shaw Air Force Base;33.972698;-80.470596;241;NA;US;US-SC;Sumter;no;KSSC;SSC;SSC;http://www.shaw.af.mil/;https://en.wikipedia.org/wiki/Shaw_Air_Force_Base
21109;KSSF;medium_airport;Stinson Municipal Airport;29.336999893188;-98.471099853516;577;NA;US;US-TX;San Antonio;no;KSSF;SSF;SSF;http://www.sanantonio.gov/SSF.aspx;https://en.wikipedia.org/wiki/Stinson_Municipal_Airport
3902;KSSI;medium_airport;St Simons Island Airport;31.1518;-81.391296;19;NA;US;US-GA;St Simons Island;no;KSSI;SSI;SSI;http://www.goldenisles.com/listing/mckinnon-st-simons-island-airport;https://en.wikipedia.org/wiki/Malcolm_McKinnon_Airport
3903;KSTC;medium_airport;Saint Cloud Regional Airport;45.5466;-94.059898;1031;NA;US;US-MN;Saint Cloud;yes;KSTC;STC;STC;;https://en.wikipedia.org/wiki/St._Cloud_Regional_Airport
3904;KSTJ;medium_airport;Rosecrans Memorial Airport;39.771900177002;-94.909698486328;826;NA;US;US-MO;St Joseph;no;KSTJ;STJ;STJ;http://www.stjoemo.info/index.aspx?NID=303;https://en.wikipedia.org/wiki/Rosecrans_Memorial_Airport
3905;KSTL;large_airport;St. Louis Lambert International Airport;38.748697;-90.370003;618;NA;US;US-MO;St Louis;yes;KSTL;STL;STL;https://www.flystl.com/;https://en.wikipedia.org/wiki/St._Louis_Lambert_International_Airport
3906;KSTP;medium_airport;Saint Paul Downtown Holman Field;44.93479;-93.060036;705;NA;US;US-MN;Saint Paul;no;KSTP;STP;STP;;https://en.wikipedia.org/wiki/St._Paul_Downtown_Airport
21114;KSTS;medium_airport;Charles M. Schulz Sonoma County Airport;38.50899887;-122.8130035;128;NA;US;US-CA;Santa Rosa;yes;KSTS;STS;STS;http://www.sonomacountyairport.org/;https://en.wikipedia.org/wiki/Charles_M._Schulz_-_Sonoma_County_Airport
21118;KSUN;medium_airport;Friedman Memorial Airport;43.50439835;-114.2959976;5318;NA;US;US-ID;Hailey;yes;KSUN;SUN;SUN;;https://en.wikipedia.org/wiki/Friedman_Memorial_Airport
3907;KSUS;medium_airport;Spirit of St Louis Airport;38.662102;-90.652;463;NA;US;US-MO;St Louis;no;KSUS;SUS;SUS;http://spiritairport.com/spiritairport/index.jsp;https://en.wikipedia.org/wiki/Spirit_of_St._Louis_Airport
3908;KSUU;medium_airport;Travis Air Force Base;38.262699;-121.927002;62;NA;US;US-CA;Fairfield;no;KSUU;SUU;SUU;http://www.travis.af.mil/;https://en.wikipedia.org/wiki/Travis_Air_Force_Base
3909;KSUX;medium_airport;Sioux Gateway Airport / Brigadier General Bud Day Field;42.397605;-96.382237;1098;NA;US;US-IA;Sioux City;yes;KSUX;SUX;SUX;https://www.sioux-city.org/government/departments-a-f/airport;https://en.wikipedia.org/wiki/Sioux_Gateway_Airport
29695;KSUZ;medium_airport;Saline County Regional Airport;34.590599;-92.479401;390;NA;US;US-AR;Bryant;no;KSUZ;;SUZ;http://www.salinecounty.org/airport_new_site.htm;https://en.wikipedia.org/wiki/Saline_County_Regional_Airport
21121;KSVC;medium_airport;Grant County Airport;32.636701;-108.154736;5446;NA;US;US-NM;Silver City;yes;KSVC;SVC;SVC;;https://en.wikipedia.org/wiki/Grant_County_Airport_(New_Mexico)
3910;KSVN;medium_airport;Hunter Army Air Field;32.00999832;-81.14569855;41;NA;US;US-GA;Savannah;no;KSVN;SVN;SVN;http://www.stewart.army.mil/units/home.asp?id=186;https://en.wikipedia.org/wiki/Hunter_Army_Airfield
3911;KSWF;medium_airport;New York Stewart International Airport;41.504101;-74.104797;491;NA;US;US-NY;Newburgh;yes;KSWF;SWF;SWF;https://www.swfny.com/;https://en.wikipedia.org/wiki/Stewart_International_Airport
3912;KSWO;medium_airport;Stillwater Regional Airport;36.162132;-97.085581;1000;NA;US;US-OK;Stillwater;yes;KSWO;SWO;SWO;http://stillwater.org/government/city_facilities/stillwater_regional_airport/;https://en.wikipedia.org/wiki/Stillwater_Regional_Airport
3913;KSYR;large_airport;Syracuse Hancock International Airport;43.11119842529297;-76.1063003540039;421;NA;US;US-NY;Syracuse;yes;KSYR;SYR;SYR;http://www.syrairport.org/;https://en.wikipedia.org/wiki/Syracuse_Hancock_International_Airport
3914;KSZL;medium_airport;Whiteman Air Force Base;38.730301;-93.547897;870;NA;US;US-MO;Knob Noster;no;KSZL;SZL;SZL;http://www.whiteman.af.mil/;https://en.wikipedia.org/wiki/Whiteman_Air_Force_Base
3915;KTBN;medium_airport;Waynesville-St. Robert Regional Airport-Forney Field;37.7416;-92.140701;1159;NA;US;US-MO;Fort Leonard Wood;yes;KTBN;TBN;TBN;;https://en.wikipedia.org/wiki/Waynesville_Regional_Airport_at_Forney_Field
3916;KTCC;medium_airport;Tucumcari Municipal Airport;35.182800293;-103.602996826;4065;NA;US;US-NM;Tucumcari;no;KTCC;TCC;TCC;http://www.cityoftucumcari.com/airport.html;https://en.wikipedia.org/wiki/Tucumcari_Municipal_Airport
3917;KTCL;medium_airport;Tuscaloosa National Airport;33.2206;-87.611397;170;NA;US;US-AL;Tuscaloosa;no;KTCL;TCL;TCL;http://www.tuscaloosa.com/Government/Departments/Transportation/airport;https://en.wikipedia.org/wiki/Tuscaloosa_Regional_Airport
3918;KTCM;medium_airport;McChord Air Force Base;47.137699;-122.475998;322;NA;US;US-WA;Tacoma;no;KTCM;TCM;TCM;;https://en.wikipedia.org/wiki/McChord_Air_Force_Base
3919;KTCS;medium_airport;Truth or Consequences Municipal Airport;33.2369;-107.272003;4853;NA;US;US-NM;Truth or Consequences;no;KTCS;TCS;TCS;http://www.torcnm.org/departments/airport.html;https://en.wikipedia.org/wiki/Truth_or_Consequences_Municipal_Airport
3920;KTEB;medium_airport;Teterboro Airport;40.850101;-74.060799;9;NA;US;US-NJ;Teterboro;yes;KTEB;TEB;TEB;http://www.teb.com/;https://en.wikipedia.org/wiki/Teterboro_Airport
21188;KTEX;medium_airport;Telluride Regional Airport;37.9538;-107.907997;9070;NA;US;US-CO;Telluride;yes;KTEX;TEX;TEX;https://tellurideairport.com/;https://en.wikipedia.org/wiki/Telluride_Regional_Airport
3921;KTIK;medium_airport;Tinker Air Force Base;35.4147;-97.386597;1291;NA;US;US-OK;Oklahoma City;no;KTIK;TIK;TIK;http://www.tinker.af.mil/;https://en.wikipedia.org/wiki/Tinker_Air_Force_Base
3922;KTIW;medium_airport;Tacoma Narrows Airport;47.267407;-122.577295;294;NA;US;US-WA;Tacoma;yes;KTIW;TIW;TIW;;https://en.wikipedia.org/wiki/Tacoma_Narrows_Airport
3923;KTIX;medium_airport;Space Coast Regional Airport;28.514799118042;-80.799201965332;34;NA;US;US-FL;Titusville;no;KTIX;TIX;TIX;;https://en.wikipedia.org/wiki/Space_Coast_Regional_Airport
3924;KTLH;medium_airport;Tallahassee Regional Airport;30.3965;-84.350304;81;NA;US;US-FL;Tallahassee;yes;KTLH;TLH;TLH;;https://en.wikipedia.org/wiki/Tallahassee_Regional_Airport
21204;KTMB;medium_airport;Miami Executive Airport;25.6479;-80.4328;8;NA;US;US-FL;Miami;no;KTMB;TMB;TMB;http://www.miami-airport.com/kendall_tamiami.asp;https://en.wikipedia.org/wiki/Miami_Executive_Airport
21212;KTOI;medium_airport;Troy Municipal Airport at N Kenneth Campbell Field;31.860399;-86.012101;398;NA;US;US-AL;Troy;no;KTOI;TOI;TOI;http://www.troyal.gov/KTOI;https://en.wikipedia.org/wiki/Troy_Municipal_Airport
3925;KTOL;medium_airport;Eugene F. Kranz Toledo Express Airport;41.5868;-83.8078;683;NA;US;US-OH;Toledo;yes;KTOL;TOL;TOL;;https://en.wikipedia.org/wiki/Toledo_Express_Airport
21213;KTOP;medium_airport;Philip Billard Municipal Airport;39.069899;-95.622606;881;NA;US;US-KS;Topeka;no;KTOP;TOP;TOP;http://www.mtaa-topeka.org/billard-airport;https://en.wikipedia.org/wiki/Philip_Billard_Municipal_Airport
3926;KTPA;large_airport;Tampa International Airport;27.9755;-82.533203;26;NA;US;US-FL;Tampa;yes;KTPA;TPA;TPA;https://www.tampaairport.com/;https://en.wikipedia.org/wiki/Tampa_International_Airport
21216;KTPH;medium_airport;Tonopah Airport;38.06019974;-117.086998;5430;NA;US;US-NV;Tonopah;no;KTPH;TPH;TPH;http://www.tonopahnevada.com/airport.html;https://en.wikipedia.org/wiki/Tonopah_Airport
3927;KTPL;medium_airport;Draughon Miller Central Texas Regional Airport;31.1525;-97.407799;682;NA;US;US-TX;Temple;no;KTPL;TPL;TPL;;https://en.wikipedia.org/wiki/Draughon%E2%80%93Miller_Central_Texas_Regional_Airport
3928;KTRI;medium_airport;Tri-Cities Regional TN/VA Airport;36.475201;-82.407401;1519;NA;US;US-TN;Blountville;yes;KTRI;TRI;TRI;;https://en.wikipedia.org/wiki/Tri-Cities_Regional_Airport
21220;KTRK;medium_airport;Truckee Tahoe Airport;39.318628;-120.140562;5900;NA;US;US-CA;Truckee;yes;KTRK;TKF;TRK;;https://en.wikipedia.org/wiki/Truckee_Tahoe_Airport
21222;KTRM;medium_airport;Jacqueline Cochran Regional Airport;33.62670135498;-116.16000366211;-115;NA;US;US-CA;Palm Springs;no;KTRM;TRM;TRM;http://www.rcjcra.com/;https://en.wikipedia.org/wiki/Jacqueline_Cochran_Regional_Airport
21228;KTTD;medium_airport;Portland Troutdale Airport;45.54940032959;-122.40100097656;39;NA;US;US-OR;Portland;no;KTTD;TTD;TTD;https://www2.portofportland.com/Airports/Troutdale/;https://en.wikipedia.org/wiki/Portland%E2%80%93Troutdale_Airport
3929;KTTN;medium_airport;Trenton Mercer Airport;40.276699;-74.813499;213;NA;US;US-NJ;Ewing Township;yes;KTTN;TTN;TTN;;https://en.wikipedia.org/wiki/Trenton-Mercer_Airport
21230;KTTS;medium_airport;Space Florida Launch and Landing Facility;28.615;-80.694504;10;NA;US;US-FL;Titusville;no;KTTS;;TTS;;https://en.wikipedia.org/wiki/Shuttle_Landing_Facility
3930;KTUL;large_airport;Tulsa International Airport;36.19839859008789;-95.88809967041016;677;NA;US;US-OK;Tulsa;yes;KTUL;TUL;TUL;;https://en.wikipedia.org/wiki/Tulsa_International_Airport
3931;KTUP;medium_airport;Tupelo Regional Airport;34.26810073852539;-88.7698974609375;346;NA;US;US-MS;Tupelo;yes;KTUP;TUP;TUP;;https://en.wikipedia.org/wiki/Tupelo_Regional_Airport
3932;KTUS;medium_airport;Tucson International Airport / Morris Air National Guard Base;32.115004;-110.938053;2643;NA;US;US-AZ;Tucson;yes;KTUS;TUS;TUS;https://www.flytucson.com/;https://en.wikipedia.org/wiki/Tucson_International_Airport
3933;KTVC;medium_airport;Cherry Capital Airport;44.74140167236328;-85.58219909667969;624;NA;US;US-MI;Traverse City;yes;KTVC;TVC;TVC;;https://en.wikipedia.org/wiki/Cherry_Capital_Airport
21232;KTVF;medium_airport;Thief River Falls Regional Airport;48.065701;-96.184998;1119;NA;US;US-MN;Thief River Falls;yes;KTVF;TVF;TVF;;https://en.wikipedia.org/wiki/Thief_River_Falls_Regional_Airport
3934;KTVL;medium_airport;Lake Tahoe Airport;38.89390182495117;-119.99500274658203;6264;NA;US;US-CA;South Lake Tahoe;no;KTVL;TVL;TVL;;https://en.wikipedia.org/wiki/Lake_Tahoe_Airport
3935;KTWF;medium_airport;Joslin Field Magic Valley Regional Airport;42.4818;-114.487999;4154;NA;US;US-ID;Twin Falls;yes;KTWF;TWF;TWF;;https://en.wikipedia.org/wiki/Magic_Valley_Regional_Airport
3936;KTXK;medium_airport;Texarkana Regional Airport (Webb Field);33.453701;-93.990997;390;NA;US;US-AR;Texarkana;yes;KTXK;TXK;TXK;;https://en.wikipedia.org/wiki/Texarkana_Regional_Airport
3937;KTYR;medium_airport;Tyler Pounds Regional Airport;32.35409927368164;-95.40239715576172;544;NA;US;US-TX;Tyler;yes;KTYR;TYR;TYR;;https://en.wikipedia.org/wiki/Tyler_Pounds_Regional_Airport
3938;KTYS;medium_airport;McGhee Tyson Airport;35.811001;-83.994003;981;NA;US;US-TN;Alcoa;yes;KTYS;TYS;TYS;;https://en.wikipedia.org/wiki/McGhee_Tyson_Airport
21280;KUAO;medium_airport;Aurora State Airport;45.247100830078125;-122.7699966430664;200;NA;US;US-OR;Aurora;no;KUAO;;UAO;;https://en.wikipedia.org/wiki/Aurora_State_Airport
3940;KUIN;medium_airport;Quincy Regional Airport Baldwin Field;39.942699;-91.194603;768;NA;US;US-IL;Quincy;yes;KUIN;UIN;UIN;;https://en.wikipedia.org/wiki/Quincy_Regional_Airport
3941;KUKI;medium_airport;Ukiah Municipal Airport;39.125999;-123.200996;614;NA;US;US-CA;Ukiah;no;KUKI;UKI;UKI;http://www.cityofukiah.com/ukiah-airport/;https://en.wikipedia.org/wiki/Ukiah_Municipal_Airport
21300;KUNV;medium_airport;State College Regional Airport;40.849374;-77.84852;1239;NA;US;US-PA;State College;yes;KUNV;SCE;UNV;http://universityparkairport.com/;https://en.wikipedia.org/wiki/University_Park_Airport
3942;KUOX;medium_airport;University Oxford Airport;34.384300231934;-89.536796569824;452;NA;US;US-MS;Oxford;no;KUOX;UOX;UOX;http://airport.olemiss.edu/;https://en.wikipedia.org/wiki/University-Oxford_Airport
21304;KUTS;medium_airport;Huntsville Regional Airport;30.7469005585;-95.5871963501;363;NA;US;US-TX;Huntsville;no;KUTS;HTV;UTS;;https://en.wikipedia.org/wiki/Huntsville_Regional_Airport
3943;KVAD;medium_airport;Moody Air Force Base;30.9678001404;-83.1930007935;233;NA;US;US-GA;Valdosta;no;KVAD;VAD;VAD;http://www.moody.af.mil/;https://en.wikipedia.org/wiki/Moody_Air_Force_Base
3944;KVBG;medium_airport;Vandenberg Space Force Base;34.737301;-120.584;369;NA;US;US-CA;Lompoc;no;KVBG;VBG;VBG;;https://en.wikipedia.org/wiki/Vandenberg_Air_Force_Base
3945;KVCT;medium_airport;Victoria Regional Airport;28.85260009765625;-96.91850280761719;115;NA;US;US-TX;Victoria;yes;KVCT;VCT;VCT;;https://en.wikipedia.org/wiki/Victoria_Regional_Airport
21318;KVEL;medium_airport;Vernal Regional Airport;40.436214;-109.511661;5278;NA;US;US-UT;Vernal;yes;KVEL;VEL;VEL;;https://en.wikipedia.org/wiki/Vernal_Airport
21321;KVGT;medium_airport;North Las Vegas Metropolitan International Airport;36.210701;-115.194;2205;NA;US;US-NV;Las Vegas;no;KVGT;VGT;VGT;http://www.vgt.aero/index.html;https://en.wikipedia.org/wiki/North_Las_Vegas_Airport
21325;KVIS;medium_airport;Visalia Municipal Airport;36.318699;-119.392998;295;NA;US;US-CA;Visalia;no;KVIS;VIS;VIS;;https://en.wikipedia.org/wiki/Visalia_Municipal_Airport
3946;KVLD;medium_airport;Valdosta Regional Airport;30.782499313354492;-83.27670288085938;203;NA;US;US-GA;Valdosta;yes;KVLD;VLD;VLD;;https://en.wikipedia.org/wiki/Valdosta_Regional_Airport
21333;KVNY;medium_airport;Van Nuys Airport;34.209800720215;-118.48999786377;802;NA;US;US-CA;Van Nuys;no;KVNY;VNY;VNY;;https://en.wikipedia.org/wiki/Van_Nuys_Airport
3947;KVOK;medium_airport;Volk Field;43.938999176025;-90.253402709961;912;NA;US;US-WI;Camp Douglas;no;KVOK;VOK;VOK;http://www.volkfield.ang.af.mil/;https://en.wikipedia.org/wiki/Volk_Field_Air_National_Guard_Base
3948;KVPS;medium_airport;Destin-Fort Walton Beach Airport;30.4832;-86.525398;87;NA;US;US-FL;Valparaiso;yes;KVPS;VPS;VPS;http://www.flyvps.com/;https://en.wikipedia.org/wiki/Destin%E2%80%93Fort_Walton_Beach_Airport
3949;KVPZ;medium_airport;Porter County Municipal Airport;41.45399857;-87.00710297;770;NA;US;US-IN;Valparaiso;no;KVPZ;VPZ;VPZ;http://www.vpz.org/;https://en.wikipedia.org/wiki/Porter_County_Municipal_Airport
21335;KVQQ;medium_airport;Cecil Airport;30.2187;-81.876701;81;NA;US;US-FL;Jacksonville;no;KVQQ;VQQ;VQQ;http://www.jaxjetport.aero/index.php/cecil-airport/;https://en.wikipedia.org/wiki/Cecil_Field
3950;KVRB;medium_airport;Vero Beach Regional Airport;27.6556;-80.417901;24;NA;US;US-FL;Vero Beach;yes;KVRB;VRB;VRB;http://verobeachairport.org/;https://en.wikipedia.org/wiki/Vero_Beach_Municipal_Airport
21339;KVTN;medium_airport;Miller Field;42.856211;-100.549192;2596;NA;US;US-NE;Valentine;no;KVTN;VTN;VTN;;https://en.wikipedia.org/wiki/Miller_Field_(airport)
21375;KWJF;medium_airport;General William J Fox Airfield;34.7411;-118.219002;2351;NA;US;US-CA;Lancaster;no;KWJF;WJF;WJF;;https://en.wikipedia.org/wiki/General_William_J._Fox_Airfield
21379;KWMC;medium_airport;Winnemucca Municipal Airport;40.8965988159;-117.805999756;4308;NA;US;US-NV;Winnemucca;no;KWMC;WMC;WMC;;https://en.wikipedia.org/wiki/Winnemucca_Municipal_Airport
3951;KWRB;medium_airport;Robins Air Force Base;32.640099;-83.591904;294;NA;US;US-GA;Warner Robins;no;KWRB;WRB;WRB;http://www.robins.af.mil/;https://en.wikipedia.org/wiki/Robins_Air_Force_Base
3952;KWRI;medium_airport;Mc Guire Air Force Base;40.0155983;-74.59169769;131;NA;US;US-NJ;Wrightstown;no;KWRI;WRI;WRI;http://www.mcguire.af.mil/;https://en.wikipedia.org/wiki/McGuire_Air_Force_Base
3953;KWRL;medium_airport;Worland Municipal Airport;43.965698;-107.950996;4227;NA;US;US-WY;Worland;no;KWRL;WRL;WRL;;https://en.wikipedia.org/wiki/Worland_Municipal_Airport
21382;KWST;medium_airport;Westerly State Airport;41.349602;-71.803398;81;NA;US;US-RI;Westerly;yes;KWST;WST;WST;;https://en.wikipedia.org/wiki/Westerly_State_Airport
3954;KWWD;medium_airport;Cape May County Airport;39.008499145500004;-74.9083023071;23;NA;US;US-NJ;Wildwood;no;KWWD;WWD;WWD;;https://en.wikipedia.org/wiki/Cape_May_Airport
21386;KWWR;medium_airport;West Woodward Airport;36.438;-99.5226667;2189;NA;US;US-OK;Woodward;no;KWWR;WWR;WWR;http://www.cityofwoodward.com/airport-89/;https://en.wikipedia.org/wiki/West_Woodward_Airport
3955;KWYS;medium_airport;Yellowstone Airport;44.6884;-111.117996;6649;NA;US;US-MT;West Yellowstone;yes;KWYS;WYS;WYS;https://yellowstoneairport.mdt.mt.gov;https://en.wikipedia.org/wiki/Yellowstone_Airport
3956;KXMR;medium_airport;Cape Canaveral SFS Skid Strip;28.4676;-80.566597;10;NA;US;US-FL;Cocoa Beach;no;KXMR;;XMR;;https://en.wikipedia.org/wiki/Cape_Canaveral_AFS_Skid_Strip
21410;KXNA;medium_airport;Northwest Arkansas National Airport;36.281898;-94.306801;1287;NA;US;US-AR;Fayetteville/Springdale/Rogers;yes;KXNA;XNA;XNA;http://www.flyxna.com/;https://en.wikipedia.org/wiki/Northwest_Arkansas_Regional_Airport
28148;KXTA;medium_airport;Homey (Area 51) Airport;37.23500061035156;-115.81099700927734;4462;NA;US;US-NV;Groom Lake;no;KXTA;;;;https://en.wikipedia.org/wiki/Area_51
3957;KYIP;medium_airport;Willow Run Airport;42.23789978;-83.53040314;716;NA;US;US-MI;Detroit;no;KYIP;YIP;YIP;;https://en.wikipedia.org/wiki/Willow_Run_Airport
3958;KYKM;medium_airport;Yakima Air Terminal McAllister Field;46.56819916;-120.5439987;1099;NA;US;US-WA;Yakima;yes;KYKM;YKM;YKM;;https://en.wikipedia.org/wiki/Yakima_Air_Terminal
3959;KYKN;medium_airport;Chan Gurney Municipal Airport;42.916698455811;-97.385902404785;1306;NA;US;US-SD;Yankton;no;KYKN;YKN;YKN;http://www.cityofyankton.org/publicworks/airport/;https://en.wikipedia.org/wiki/Chan_Gurney_Municipal_Airport
3960;KYNG;medium_airport;Youngstown Warren Regional Airport;41.26070023;-80.67910004;1192;NA;US;US-OH;Youngstown/Warren;no;KYNG;YNG;YNG;;https://en.wikipedia.org/wiki/Youngstown-Warren_Regional_Airport
3967;KZZV;medium_airport;Zanesville Municipal Airport;39.9444007874;-81.89209747310001;900;NA;US;US-OH;Zanesville;no;KZZV;ZZV;ZZV;;https://en.wikipedia.org/wiki/Zanesville_Municipal_Airport
31795;LAKU;medium_airport;Kukës International Airport;42.035802;20.415955;1120;EU;AL;AL-07;Kukës;no;LAKU;KFZ;;;https://en.wikipedia.org/wiki/Kuk%C3%ABs_International_Airport
3971;LAKV;medium_airport;Kuçovë Air Base;40.7719;19.901899;135;EU;AL;AL-01;Kuçovë;no;LAKV;;;;https://en.wikipedia.org/wiki/Ku%C3%A7ov%C3%AB_Aerodrome
3972;LATI;large_airport;Tirana International Airport Mother Teresa;41.4147;19.7206;126;EU;AL;AL-02;Rinas;yes;LATI;TIA;;http://www.tirana-airport.com/;https://en.wikipedia.org/wiki/Tirana_International_Airport_N%C3%ABn%C3%AB_Tereza
3974;LBBG;large_airport;Burgas Airport;42.569917;27.515173;135;EU;BG;BG-02;Burgas;yes;LBBG;BOJ;;;https://en.wikipedia.org/wiki/Burgas_Airport
3975;LBGO;medium_airport;Gorna Oryahovitsa Airport;43.151402;25.7129;285;EU;BG;BG-04;Gorna Oryahovitsa;no;LBGO;GOZ;;http://gornaoryahovitsa-airport.bg/;https://en.wikipedia.org/wiki/Gorna_Oryahovitsa_Airport
3976;LBPD;medium_airport;Plovdiv International Airport;42.067799;24.8508;597;EU;BG;BG-16;Plovdiv;yes;LBPD;PDV;;http://www.plovdivairport.com/;https://en.wikipedia.org/wiki/Plovdiv_International_Airport
89;LBPG;medium_airport;Graf Ignatievo Air Base;42.290401;24.714001;190;EU;BG;BG-16;Graf Ignatievo;no;LBPG;;;;https://en.wikipedia.org/wiki/Graf_Ignatievo_Airbase
108;LBPL;medium_airport;Dolna Mitropoliya Air Base;43.451771;24.502423;330;EU;BG;BG-15;Dolna Mitropoliya;no;LBPL;;;;https://en.wikipedia.org/wiki/Dolna_Mitropoliya_Air_Base
3977;LBSF;large_airport;Sofia Airport;42.696357;23.417671;1742;EU;BG;BG-22;Sofia;yes;LBSF;SOF;;http://sofia-airport.bg;https://en.wikipedia.org/wiki/Sofia_Airport
93;LBWB;medium_airport;Balchik Airfield;43.423801;28.181299;660;EU;BG;BG-08;Balchik;no;LBWB;;;;https://en.wikipedia.org/wiki/Balchik_Airfield
3979;LBWN;large_airport;Varna Airport;43.232101;27.8251;230;EU;BG;BG-03;Varna;yes;LBWN;VAR;;;https://en.wikipedia.org/wiki/Varna_Airport
30979;LCEN;medium_airport;Nicosia (Lefkoşa) Ercan International Airport;35.152337;33.506584;404;AS;CY;CY-02;Tymbou (Kirklar);yes;LCEN;ECN;;;https://en.wikipedia.org/wiki/Ercan_International_Airport
3980;LCLK;large_airport;Larnaca International Airport;34.875099;33.624901;8;AS;CY;CY-04;Larnaca;yes;LCLK;LCA;;http://www.cyprusairports.com.cy/showpage.php?PageID=2;https://en.wikipedia.org/wiki/Larnaca_International_Airport
3981;LCPH;medium_airport;Paphos International Airport;34.717999;32.485699;41;AS;CY;CY-06;Paphos;yes;LCPH;PFO;;http://paphosinternationalairport.com/index_papxmas.html;https://en.wikipedia.org/wiki/Paphos_International_Airport
3982;LCRA;medium_airport;RAF Akrotiri;34.590401;32.9879;76;AS;CY;CY-XX;Akrotiri;no;LCRA;AKT;;http://www.raf.mod.uk/rafakrotiri/passengerinformation/;https://en.wikipedia.org/wiki/RAF_Akrotiri
3984;LDDU;medium_airport;Dubrovnik Ruđer Bošković Airport;42.562247;18.265543;527;EU;HR;HR-19;Čilipi;yes;LDDU;DBV;;;https://en.wikipedia.org/wiki/Dubrovnik_Airport
3986;LDOS;medium_airport;Osijek Airport;45.462355;18.811278;290;EU;HR;HR-14;Klisa;yes;LDOS;OSI;;;https://en.wikipedia.org/wiki/Osijek_Airport
3987;LDPL;medium_airport;Pula Airport;44.893501;13.9222;274;EU;HR;HR-18;Pula;yes;LDPL;PUY;;https://airport-pula.hr/en/;https://en.wikipedia.org/wiki/Pula_Airport
3989;LDRI;medium_airport;Rijeka Airport;45.2169;14.5703;278;EU;HR;HR-08;Omišalj;yes;LDRI;RJK;;https://www.rijeka-airport.hr/;https://en.wikipedia.org/wiki/Rijeka_Airport
3990;LDSB;medium_airport;Brač Airport;43.284454;16.678362;1776;EU;HR;HR-17;Gornji Humac;yes;LDSB;BWK;;;https://en.wikipedia.org/wiki/Bra%C4%8D_Airport
3991;LDSP;medium_airport;Split Airport;43.538898;16.298;79;EU;HR;HR-17;Kaštel Štafilić;yes;LDSP;SPU;;;https://en.wikipedia.org/wiki/Split_Airport
3993;LDZA;large_airport;Zagreb Franjo Tuđman International Airport;45.742901;16.0688;353;EU;HR;HR-01;Velika Gorica;yes;LDZA;ZAG;;https://www.zagreb-airport.hr/en;https://en.wikipedia.org/wiki/Zagreb_Airport
3994;LDZD;medium_airport;Zadar Airport;44.094988;15.354879;289;EU;HR;HR-13;Zemunik Donji (Zadar);yes;LDZD;ZAD;;https://www.zadar-airport.hr/en;https://en.wikipedia.org/wiki/Zadar_Airport
3996;LEAB;medium_airport;Albacete Airport / Los Llanos Air Base;38.948502;-1.86352;2302;EU;ES;ES-CM;Albacete;no;LEAB;ABC;;https://www.aena.es/en/albacete.html;https://en.wikipedia.org/wiki/Albacete_Airport
3997;LEAL;large_airport;Alicante-Elche Miguel Hernández Airport;38.2822;-0.558156;142;EU;ES;ES-VC;Alicante;yes;LEAL;ALC;;https://www.aena.es/en/alicante-elche.html;https://en.wikipedia.org/wiki/Alicante_Airport
3998;LEAM;medium_airport;Almería Airport;36.843899;-2.3701;70;EU;ES;ES-AN;Almería;yes;LEAM;LEI;;https://www.aena.es/en/almeria.html;https://en.wikipedia.org/wiki/Almer%C3%ADa_International_Airport
3999;LEAS;medium_airport;Asturias Airport;43.563599;-6.03462;416;EU;ES;ES-AS;Ranón;yes;LEAS;OVD;;https://www.aena.es/en/asturias.html;https://en.wikipedia.org/wiki/Asturias_Airport
4000;LEBA;medium_airport;Córdoba Airport;37.841999;-4.84888;297;EU;ES;ES-AN;Córdoba;no;LEBA;ODB;;https://www.aena.es/en/cordoba.html;https://en.wikipedia.org/wiki/C%C3%B3rdoba_Airport
4001;LEBB;medium_airport;Bilbao Airport;43.301102;-2.91061;138;EU;ES;ES-PV;Bilbao;yes;LEBB;BIO;;https://www.aena.es/en/bilbao.html;https://en.wikipedia.org/wiki/Bilbao_Airport
4003;LEBG;medium_airport;Burgos Airport;42.357601;-3.62076;2962;EU;ES;ES-CL;Burgos;yes;LEBG;RGS;;https://www.aena.es/en/burgos.html;https://en.wikipedia.org/wiki/Burgos_Airport
4004;LEBL;large_airport;Josep Tarradellas Barcelona-El Prat Airport;41.2971;2.07846;12;EU;ES;ES-CT;Barcelona;yes;LEBL;BCN;;https://www.aena.es/en/josep-tarradellas-barcelona-el-prat.html;https://en.wikipedia.org/wiki/Barcelona%E2%80%93El_Prat_Airport
4005;LEBZ;medium_airport;Badajoz Airport;38.8913;-6.82133;609;EU;ES;ES-EX;Badajoz;yes;LEBZ;BJZ;;https://www.aena.es/en/badajoz.html;https://en.wikipedia.org/wiki/Badajoz_Airport
300859;LECH;medium_airport;Castellón-Costa Azahar Airport;40.213889;0.073333;1182;EU;ES;ES-VC;Castellón de la Plana;yes;LECH;CDT;;https://www.aeroportcastello.com/;https://en.wikipedia.org/wiki/Castell%C3%B3n%E2%80%93Costa_Azahar_Airport
4007;LECO;medium_airport;A Coruña Airport;43.302101;-8.37726;326;EU;ES;ES-GA;Culleredo;yes;LECO;LCG;;https://www.aena.es/en/a-coruna.html;https://en.wikipedia.org/wiki/A_Coru%C3%B1a_Airport
4044;LECU;medium_airport;Madrid-Cuatro Vientos Airport;40.370701;-3.78514;2269;EU;ES;ES-MD;Madrid;no;LECU;;;https://www.aena.es/en/madrid-cuatro-vientos.html;https://en.wikipedia.org/wiki/Cuatro_Vientos_Airport
308328;LEDA;medium_airport;Lleida-Alguaire Airport;41.728185;0.535023;1152;EU;ES;ES-CT;Lleida;yes;LEDA;ILD;;http://www.aeroportlleida.cat/?L=2;https://en.wikipedia.org/wiki/Lleida-Alguaire_Airport
4009;LEGA;medium_airport;Armilla Air Base;37.133202;-3.63569;2297;EU;ES;ES-AN;Armilla;no;LEGA;;;;https://es.wikipedia.org/wiki/Base_A%C3%A9rea_de_Armilla
4010;LEGE;medium_airport;Girona-Costa Brava Airport;41.904639;2.761774;468;EU;ES;ES-CT;Girona;yes;LEGE;GRO;;https://www.aena.es/en/girona-costa-brava.html;https://en.wikipedia.org/wiki/Girona-Costa_Brava_Airport
4011;LEGR;medium_airport;F.G.L. Airport Granada-Jaén Airport;37.188702;-3.77736;1860;EU;ES;ES-AN;Granada;yes;LEGR;GRX;;https://www.aena.es/en/f.g.l.-granada-jaen.html;https://en.wikipedia.org/wiki/Federico_Garc%C3%ADa_Lorca_Airport
4012;LEGT;medium_airport;Getafe Air Base;40.29410171508789;-3.723829984664917;2031;EU;ES;ES-MD;Getafe;no;LEGT;;;;https://en.wikipedia.org/wiki/Getafe_Air_Base
4013;LEIB;large_airport;Ibiza Airport;38.872898;1.37312;24;EU;ES;ES-IB;Ibiza (Eivissa);yes;LEIB;IBZ;;https://www.aena.es/en/ibiza.html;https://en.wikipedia.org/wiki/Ibiza_Airport
4015;LEJR;medium_airport;Jerez Airport;36.744598;-6.06011;93;EU;ES;ES-AN;Jerez de la Frontera;yes;LEJR;XRY;;https://www.aena.es/en/jerez.html;https://en.wikipedia.org/wiki/Jerez_Airport
4017;LELC;medium_airport;San Javier Airport;37.775002;-0.812389;11;EU;ES;ES-MC;San Javier;no;LELC;MJV;;;https://en.wikipedia.org/wiki/Murcia-San_Javier_Airport
4018;LELN;medium_airport;León Airport;42.589001;-5.65556;3006;EU;ES;ES-CL;León;yes;LELN;LEN;;https://www.aena.es/en/leon.html;https://en.wikipedia.org/wiki/Le%C3%B3n_Airport
30083;LELO;medium_airport;Logroño-Agoncillo Airport;42.460953;-2.322235;1161;EU;ES;ES-RI;Logroño;no;LERJ;RJL;;https://www.aena.es/en/logrono-agoncillo.html;https://en.wikipedia.org/wiki/Logro%C3%B1o%E2%80%93Agoncillo_Airport
4019;LEMD;large_airport;Adolfo Suárez Madrid–Barajas Airport;40.471926;-3.56264;1998;EU;ES;ES-MD;Madrid;yes;LEMD;MAD;;https://www.aena.es/en/adolfo-suarez-madrid-barajas.html;https://en.wikipedia.org/wiki/Adolfo_Su%C3%A1rez_Madrid%E2%80%93Barajas_Airport
4020;LEMG;large_airport;Málaga-Costa del Sol Airport;36.6749;-4.49911;53;EU;ES;ES-AN;Málaga;yes;LEMG;AGP;;https://www.aena.es/en/malaga-costa-del-sol.html;https://en.wikipedia.org/wiki/M%C3%A1laga_Airport
4021;LEMH;medium_airport;Menorca Airport;39.862598;4.21865;302;EU;ES;ES-IB;Mahón (Maó);yes;LEMH;MAH;;https://www.aena.es/en/menorca.html;https://en.wikipedia.org/wiki/Menorca_Airport
308134;LEMI;medium_airport;Región de Murcia International Airport;37.803;-1.125;644;EU;ES;ES-MC;Corvera;yes;LEMI;RMU;;https://www.aena.es/en/internacional-region-de-murcia.html;https://en.wikipedia.org/wiki/Murcia-Corvera_Airport
4022;LEMO;medium_airport;Moron Air Base;37.17490005493164;-5.615940093994141;285;EU;ES;ES-AN;Morón;no;LEMO;OZP;;;https://en.wikipedia.org/wiki/Mor%C3%B3n_Air_Base
4035;LEPA;large_airport;Palma de Mallorca Airport;39.551701;2.73881;27;EU;ES;ES-IB;Palma de Mallorca;yes;LEPA;PMI;;https://www.aena.es/en/palma-de-mallorca.html;https://en.wikipedia.org/wiki/Son_Sant_Joan_Airport
4025;LEPP;medium_airport;Pamplona Airport;42.77;-1.64633;1504;EU;ES;ES-NC;Pamplona;yes;LEPP;PNA;;https://www.aena.es/en/pamplona.html;https://en.wikipedia.org/wiki/Pamplona_Airport
4027;LERI;medium_airport;Alcantarilla Air Base;37.951099;-1.23032;250;EU;ES;ES-MC;Alcantarilla;no;LERI;;;;https://es.wikipedia.org/wiki/Base_A%C3%A9rea_de_Alcantarilla
46583;LERL;medium_airport;Ciudad Real International Airport;38.856479;-3.969944;;EU;ES;ES-CM;Ciudad Real;no;LERL;CQM;;http://www.aeropuertocentralcr.com/;https://en.wikipedia.org/wiki/Ciudad_Real_International_Airport
4031;LERS;medium_airport;Reus Airport;41.1474;1.16717;233;EU;ES;ES-CT;Reus;yes;LERS;REU;;https://www.aena.es/en/reus.html;https://en.wikipedia.org/wiki/Reus_Airport
4032;LERT;medium_airport;Rota Naval Station Airport;36.645198822;-6.34946012497;86;EU;ES;ES-AN;Rota;no;LERT;ROZ;;;https://en.wikipedia.org/wiki/Naval_Station_Rota_Spain
4033;LESA;medium_airport;Salamanca Airport;40.952099;-5.50199;2595;EU;ES;ES-CL;Salamanca;yes;LESA;SLM;;https://www.aena.es/en/salamanca.html;https://en.wikipedia.org/wiki/Salamanca_Airport
4037;LESO;medium_airport;San Sebastián Airport;43.356499;-1.79061;16;EU;ES;ES-PV;Hondarribia;yes;LESO;EAS;;https://www.aena.es/en/san-sebastian.html;https://en.wikipedia.org/wiki/San_Sebasti%C3%A1n_Airport
4038;LEST;large_airport;Santiago-Rosalía de Castro Airport;42.896301;-8.41514;1213;EU;ES;ES-GA;Santiago de Compostela;yes;LEST;SCQ;;https://www.aena.es/en/santiago-rosalia-de-castro.html;https://en.wikipedia.org/wiki/Santiago_de_Compostela_Airport
316427;LETL;medium_airport;Teruel Airport;40.410269;-1.217366;3380;EU;ES;ES-AR;Teruel;no;LETL;TEV;;http://www.aeropuertodeteruel.com/en/;https://en.wikipedia.org/wiki/Teruel_Airport
4041;LETO;medium_airport;Madrid–Torrejón Airport / Torrejón Air Base;40.487875;-3.456808;2026;EU;ES;ES-MD;Madrid;no;LETO;TOJ;;;https://en.wikipedia.org/wiki/Madrid-Torrej%C3%B3n_Airport
4042;LEVC;medium_airport;Valencia Airport;39.4893;-0.481625;240;EU;ES;ES-VC;Valencia;yes;LEVC;VLC;;https://www.aena.es/en/valencia.html;https://en.wikipedia.org/wiki/Valencia_Airport
4043;LEVD;medium_airport;Valladolid Airport;41.7061;-4.85194;2776;EU;ES;ES-CL;Valladolid;yes;LEVD;VLL;;https://www.aena.es/en/valladolid.html;https://en.wikipedia.org/wiki/Valladolid_Airport
4045;LEVT;medium_airport;Vitoria Airport;42.882801;-2.72447;1682;EU;ES;ES-PV;Alava;yes;LEVT;VIT;;https://www.aena.es/en/vitoria.html;https://en.wikipedia.org/wiki/Vitoria_Airport
4046;LEVX;medium_airport;Vigo Airport;42.2318;-8.62677;856;EU;ES;ES-GA;Vigo;yes;LEVX;VGO;;https://www.aena.es/en/vigo.html;https://en.wikipedia.org/wiki/Vigo-Peinador_Airport
4047;LEXJ;medium_airport;Seve Ballesteros-Santander Airport;43.427101;-3.82001;16;EU;ES;ES-CB;Santander;yes;LEXJ;SDR;;https://www.aena.es/en/seve-ballesteros-santander.html;https://en.wikipedia.org/wiki/Santander_Airport
4048;LEZG;medium_airport;Zaragoza Airport;41.666199;-1.04155;863;EU;ES;ES-AR;Zaragoza;yes;LEZG;ZAZ;;https://www.aena.es/en/zaragoza.html;https://en.wikipedia.org/wiki/Zaragoza_Airport
4049;LEZL;medium_airport;Sevilla Airport;37.417999;-5.89311;112;EU;ES;ES-AN;Sevilla;yes;LEZL;SVQ;;https://www.aena.es/en/seville.html;https://en.wikipedia.org/wiki/San_Pablo_Airport
4050;LFAC;medium_airport;Calais-Dunkerque Airport;50.962101;1.95476;12;EU;FR;FR-HDF;Marck;no;LFAC;CQF;;http://www.aeroport.capcalaisis.fr/;https://fr.wikipedia.org/wiki/A%C3%A9roport_de_Calais_-_Dunkerque
4051;LFAG;medium_airport;Péronne Saint-Quentin Airfield;49.868871;3.029566;295;EU;FR;FR-HDF;Monchy-Lagache, Somme;no;LFAG;;;;https://en.wikipedia.org/wiki/Peronne-St_Quentin_Airfield
4055;LFAT;medium_airport;Le Touquet-Côte d'Opale Airport;50.518284;1.621656;36;EU;FR;FR-HDF;Le Touquet-Paris-Plage;no;LFAT;LTQ;;https://www.aeroport-letouquet.com/;https://en.wikipedia.org/wiki/Le_Touquet_%E2%80%93_C%C3%B4te_d%27Opale_Airport
4056;LFAV;medium_airport;Valenciennes-Denain Airfield;50.325802;3.46126;165;EU;FR;FR-HDF;Prouvy;no;LFAV;;;;https://en.wikipedia.org/wiki/Valenciennes-Denain_Airport
4057;LFAY;medium_airport;Amiens-Glisy Airfield;49.873004;2.387074;208;EU;FR;FR-HDF;Glisy, Somme;no;LFAY;;;;https://en.wikipedia.org/wiki/Amiens_%E2%80%93_Glisy_Aerodrome
4058;LFBA;medium_airport;Agen-La Garenne Airport;44.174171;0.59309;204;EU;FR;FR-NAQ;Agen/La Garenne;no;LFBA;AGF;;http://www.aeroport-agen.com/;https://en.wikipedia.org/wiki/Agen_-_La_Garenne_Aerodrome
4059;LFBC;medium_airport;Cazaux (BA 120) Air Base;44.533298;-1.125;84;EU;FR;FR-NAQ;Cazaux (La Teste-de-Buch);no;LFBC;;;;https://en.wikipedia.org/wiki/Cazaux_Air_Base
4060;LFBD;large_airport;Bordeaux-Mérignac Airport;44.8283;-0.715556;162;EU;FR;FR-NAQ;Bordeaux/Mérignac;yes;LFBD;BOD;;https://www.bordeaux.aeroport.fr/;https://en.wikipedia.org/wiki/Bordeaux%E2%80%93M%C3%A9rignac_Airport
4061;LFBE;medium_airport;Bergerac Dordogne Périgord Airport;44.825298;0.518611;171;EU;FR;FR-NAQ;Bergerac/Roumanière;yes;LFBE;EGC;;https://www.bergerac.aeroport.fr/;https://en.wikipedia.org/wiki/Bergerac_Dordogne_P%C3%A9rigord_Airport
4062;LFBF;medium_airport;Toulouse-Francazal (BA 101) Air Base;43.545601;1.3675;535;EU;FR;FR-OCC;Toulouse/Francazal;no;LFBF;;;https://www.toulouse-francazal.aeroport.fr/;https://fr.wikipedia.org/wiki/A%C3%A9roport_de_Toulouse_Francazal
4063;LFBG;medium_airport;Cognac-Châteaubernard (BA 709) Air Base;45.658298;-0.3175;102;EU;FR;FR-NAQ;Cognac/Châteaubernard;no;LFBG;CNG;;;https://en.wikipedia.org/wiki/Cognac_%E2%80%93_Ch%C3%A2teaubernard_Air_Base
4064;LFBH;medium_airport;La Rochelle-Île de Ré Airport;46.179199;-1.19528;74;EU;FR;FR-NAQ;La Rochelle/Île de Ré;yes;LFBH;LRH;;https://www.larochelle.aeroport.fr/en/;https://en.wikipedia.org/wiki/La_Rochelle_-_%C3%8Ele_de_R%C3%A9_Airport
4065;LFBI;medium_airport;Poitiers-Biard Airport;46.5877;0.306666;423;EU;FR;FR-NAQ;Poitiers/Biard;yes;LFBI;PIS;;https://www.poitiers.aeroport.fr/;https://en.wikipedia.org/wiki/Poitiers_-_Biard_Airport
4066;LFBK;medium_airport;Montluçon-Guéret Airport;46.222599;2.36396;1497;EU;FR;FR-NAQ;Lépaud, Creuse;no;LFBK;MCU;;https://aerodrome-montlucon-gueret.fr/;https://en.wikipedia.org/wiki/Montlu%C3%A7on_%E2%80%93_Gu%C3%A9ret_Airport
4067;LFBL;medium_airport;Limoges Airport;45.862801;1.17944;1300;EU;FR;FR-NAQ;Limoges/Bellegarde;yes;LFBL;LIG;;https://www.aeroportlimoges.com/en/;https://en.wikipedia.org/wiki/Limoges_-_Bellegarde_Airport
4068;LFBM;medium_airport;Mont-de-Marsan (BA 118) Air Base;43.911701;-0.5075;203;EU;FR;FR-NAQ;Mont-de-Marsan;no;LFBM;;;;https://en.wikipedia.org/wiki/Mont-de-Marsan_Air_Base
4069;LFBN;medium_airport;Niort - Marais Poitevin Airport;46.313477;-0.394529;203;EU;FR;FR-NAQ;Niort/Souché;no;LFBN;NIT;;;https://fr.wikipedia.org/wiki/A%C3%A9rodrome_de_Niort_-_Marais_Poitevin
4070;LFBO;large_airport;Toulouse-Blagnac Airport;43.629101;1.36382;499;EU;FR;FR-OCC;Toulouse/Blagnac;yes;LFBO;TLS;;http://www.toulouse.aeroport.fr/;https://en.wikipedia.org/wiki/Toulouse_Blagnac_International_Airport
4071;LFBP;medium_airport;Pau Pyrénées Airport;43.380001;-0.418611;616;EU;FR;FR-NAQ;Pau/Pyrénées (Uzein);yes;LFBP;PUF;;https://www.pau.aeroport.fr/passenger/;https://en.wikipedia.org/wiki/Pau_Pyr%C3%A9n%C3%A9es_Airport
4073;LFBT;medium_airport;Tarbes-Lourdes-Pyrénées Airport;43.178699;-0.006439;1260;EU;FR;FR-OCC;Tarbes/Lourdes/Pyrénées;yes;LFBT;LDE;;https://www.tlp.aeroport.fr/;https://en.wikipedia.org/wiki/Tarbes-Lourdes-Pyr%C3%A9n%C3%A9es_Airport
4074;LFBU;medium_airport;Angoulême-Brie-Champniers Airport;45.729198;0.221456;436;EU;FR;FR-NAQ;Angoulême/Brie/Champniers;no;LFBU;ANG;;https://angouleme-airport.com/;https://en.wikipedia.org/wiki/Angoul%C3%AAme_-_Brie_-_Champniers_Airport
4076;LFBX;medium_airport;Périgueux-Bassillac Airport;45.198101;0.815556;328;EU;FR;FR-NAQ;Périgueux/Bassillac;no;LFBX;PGX;;;https://en.wikipedia.org/wiki/P%C3%A9rigueux_Bassillac_Airport
4077;LFBZ;medium_airport;Biarritz-Anglet-Bayonne Airport;43.468333;-1.531111;245;EU;FR;FR-NAQ;Biarritz/Anglet/Bayonne;yes;LFBZ;BIQ;;https://biarritz.aeroport.fr/en/;https://en.wikipedia.org/wiki/Biarritz_-_Anglet_-_Bayonne_Airport
4078;LFCC;medium_airport;Aérodrome de Cahors-Lalbenque;44.351398;1.47528;912;EU;FR;FR-OCC;Cahors/Lalbenque;no;LFCC;ZAO;;;https://fr.wikipedia.org/wiki/A%C3%A9rodrome_de_Cahors_-_Lalbenque
4079;LFCG;medium_airport;Aérodrome de Saint-Girons - Antichan;43.007801;1.10315;1368;EU;FR;FR-OCC;Saint-Girons/Antichan;no;LFCG;;;;https://fr.wikipedia.org/wiki/A%C3%A9rodrome_de_Saint-Girons_-_Antichan
4080;LFCH;medium_airport;Aérodrome d'Arcachon-La Teste-de-Buch;44.596401;-1.11083;52;EU;FR;FR-NAQ;Arcachon/La Teste-de-Buch;no;LFCH;;;https://www.agglo-cobas.fr/mobilites/aerodrome/;https://en.wikipedia.org/wiki/Arcachon_-_La_Teste-de-Buch_Airport
4081;LFCI;medium_airport;Albi-Le Séquestre Airport;43.913898;2.11306;564;EU;FR;FR-OCC;Albi/Le Séquestre;no;LFCI;LBI;;;https://fr.wikipedia.org/wiki/A%C3%A9rodrome_d%27Albi_-_Le_Sequestre
4082;LFCK;medium_airport;Castres-Mazamet Airport;43.556301;2.28918;788;EU;FR;FR-OCC;Castres/Mazamet;yes;LFCK;DCM;;http://aeroport81.fr/;https://en.wikipedia.org/wiki/Castres-Mazamet_Airport
4086;LFCR;medium_airport;Rodez–Aveyron Airport;44.407902;2.48267;1910;EU;FR;FR-OCC;Rodez/Marcillac;yes;LFCR;RDZ;;https://www.aeroport-rodez.fr/en/;https://en.wikipedia.org/wiki/Rodez%E2%80%93Aveyron_Airport
4089;LFCY;medium_airport;Royan-Médis Airport;45.628101;-0.9725;72;EU;FR;FR-NAQ;Royan/Médis;no;LFCY;RYN;;;https://en.wikipedia.org/wiki/Royan_%E2%80%93_M%C3%A9dis_Aerodrome
4093;LFDH;medium_airport;Auch-Lamothe Airfield;43.687801;0.601667;411;EU;FR;FR-OCC;Auch/Lamothe;no;LFDH;;;http://www.auchaeroport.fr/ (dead link as of 17-sep-2017);https://fr.wikipedia.org/wiki/Aéroport_Auch_-_Gers
4097;LFDN;medium_airport;Rochefort-Saint-Agnant (BA 721) Airport;45.887798;-0.983056;60;EU;FR;FR-NAQ;Rochefort/Saint-Agnant;no;LFDN;RCO;;;https://fr.wikipedia.org/wiki/A%C3%A9roport_de_Rochefort_-_Charente-Maritime
4104;LFGA;medium_airport;Colmar-Houssen Airport;48.109901;7.35901;628;EU;FR;FR-GES;Colmar, Haut-Rhin;no;LFGA;CMR;;https://www.colmar.aeroport.fr/en/;https://en.wikipedia.org/wiki/Colmar_Airport
4107;LFGJ;medium_airport;Dole-Jura Airport;47.038955;5.427589;645;EU;FR;FR-BFC;Tavaux, Jura;yes;LFGJ;DLE;;https://www.aeroportdolejura.com/;https://en.wikipedia.org/wiki/Dole%E2%80%93Jura_Airport
4109;LFGW;medium_airport;Verdun-Le Rozelier Airfield;49.122398;5.46905;1230;EU;FR;FR-GES;Sommedieue;no;LFGW;;;;https://en.wikipedia.org/wiki/Verdun-Le-Rozelier_Airport
4110;LFHO;medium_airport;Aubenas-Ardèche Méridional Airport;44.544203;4.372192;923;EU;FR;FR-ARA;Aubenas/Ardèche Méridional;no;LFHO;OBS;;;https://en.wikipedia.org/w/index.php?title=Aubenas_-_Ard%C3%A8che_M%C3%A9ridional_Aerodrome&redirect=no
4111;LFHP;medium_airport;Le Puy-Loudes Airfield;45.0807;3.76289;2731;EU;FR;FR-ARA;Le Puy/Loudes;yes;LFHP;LPY;;;https://en.wikipedia.org/wiki/Le_Puy_-_Loudes_Airport
4120;LFJL;medium_airport;Metz-Nancy-Lorraine Airport;48.982101;6.25132;870;EU;FR;FR-GES;Goin;yes;LFJL;ETZ;;https://lorraineaeroport.com/;https://en.wikipedia.org/wiki/Metz-Nancy-Lorraine_Airport
4121;LFJR;medium_airport;Angers-Loire Airport;47.560299;-0.312222;194;EU;FR;FR-PDL;Marcé, Maine-et-Loire;no;LFJR;ANE;;https://www.angers.aeroport.fr/en;https://en.wikipedia.org/wiki/Angers_–_Loire_Airport
4123;LFKB;medium_airport;Bastia-Poretta Airport;42.55270004272461;9.48373031616211;26;EU;FR;FR-COR;Bastia/Poretta;yes;LFKB;BIA;;;https://en.wikipedia.org/wiki/Bastia_-_Poretta_Airport
4124;LFKC;medium_airport;Calvi-Sainte-Catherine Airport;42.524444;8.793056;209;EU;FR;FR-COR;Calvi/Sainte-Catherine;yes;LFKC;CLY;;http://calvi.aeroport.fr/en/;https://en.wikipedia.org/wiki/Calvi_-_Sainte-Catherine_Airport
4125;LFKF;medium_airport;Figari Sud-Corse Airport;41.500599;9.09778;85;EU;FR;FR-COR;Figari Sud-Corse;yes;LFKF;FSC;;;https://en.wikipedia.org/wiki/Figari_Sud-Corse_Airport
4126;LFKJ;medium_airport;Ajaccio-Napoléon Bonaparte Airport;41.92359924316406;8.8029203414917;18;EU;FR;FR-COR;Ajaccio/Napoléon Bonaparte;yes;LFKJ;AJA;;;https://en.wikipedia.org/wiki/Ajaccio_-_Campo_dell'Oro_Airport
4128;LFKS;medium_airport;Solenzara (BA 126) Air Base;41.9244;9.406;28;EU;FR;FR-COR;Solenzara;no;LFKS;SOZ;;;https://en.wikipedia.org/wiki/Solenzara_Air_Base
4130;LFLA;medium_airport;Auxerre-Branches Airport;47.850201;3.49711;523;EU;FR;FR-BFC;Appoigny, Yonne;no;LFLA;AUF;;https://www.auxerre.aeroport.fr/;https://en.wikipedia.org/wiki/Auxerre_%E2%80%93_Branches_Aerodrome
4131;LFLB;medium_airport;Chambéry Savoie Mont Blanc Airport;45.6381;5.88023;779;EU;FR;FR-ARA;Viviers-du-Lac;yes;LFLB;CMF;;https://www.chambery-airport.com/en;https://en.wikipedia.org/wiki/Chamb%C3%A9ry_Airport
4132;LFLC;medium_airport;Clermont-Ferrand Auvergne Airport;45.786701;3.16917;1090;EU;FR;FR-ARA;Aulnat, Puy-de-Dôme;yes;LFLC;CFE;;https://www.clermont-aeroport.com/en;https://en.wikipedia.org/wiki/Clermont-Ferrand_Auvergne_Airport
4133;LFLD;medium_airport;Bourges Airport;47.060158;2.369633;529;EU;FR;FR-CVL;Bourges, Cher;no;LFLD;BOU;;https://www.bourges.aeroport.fr/en;https://en.wikipedia.org/wiki/Bourges_Airport
4135;LFLH;medium_airport;Chalon-Champforgeuil Airfield;46.827021;4.819479;623;EU;FR;FR-BFC;Fragnes-la-Loyère, Saône-et-Loire;no;LFLH;;;;https://en.wikipedia.org/wiki/Chalon_-_Champforgeuil_Airfield
4136;LFLI;medium_airport;Annemasse Airfield;46.192001;6.26839;1620;EU;FR;FR-ARA;Annemasse;no;LFLI;;;http://www.caa.asso.fr/;https://en.wikipedia.org/wiki/Annemasse_Aerodrome
4137;LFLL;large_airport;Lyon Saint-Exupéry Airport;45.725996;5.090139;821;EU;FR;FR-ARA;Colombier-Saugnieu, Rhône;yes;LFLL;LYS;;https://www.lyonaeroports.com/;https://en.wikipedia.org/wiki/Lyon%E2%80%93Saint-Exup%C3%A9ry_Airport
4138;LFLM;medium_airport;Mâcon-Charnay Airfield;46.295131;4.795977;728;EU;FR;FR-BFC;Charnay-lès-Mâcon, Saône-et-Loire;no;LFLM;;;;https://fr.wikipedia.org/wiki/A%C3%A9rodrome_de_M%C3%A2con_-_Charnay
4139;LFLN;medium_airport;Saint-Yan Airport;46.412498;4.01326;796;EU;FR;FR-BFC;Saint-Yan;no;LFLN;SYT;;http://www.aeroportsaintyan.fr/;https://en.wikipedia.org/wiki/Saint-Yan_Airport
4140;LFLO;medium_airport;Roanne-Renaison Airport;46.053818;3.999023;1106;EU;FR;FR-ARA;Saint-Léger-sur-Roanne;no;LFLO;RNE;;;https://fr.wikipedia.org/wiki/A%C3%A9roport_de_Roanne
4141;LFLP;medium_airport;Annecy Haute-Savoie Mont Blanc Airport;45.928947;6.0987;1521;EU;FR;FR-ARA;Epagny Metz-Tessy;yes;LFLP;NCY;;https://www.annecy-airport.com/en;https://en.wikipedia.org/wiki/Annecy_-_Haute-Savoie_-_Mont_Blanc_Airport
4142;LFLS;medium_airport;Grenoble Alpes Isère Airport;45.3629;5.32937;1302;EU;FR;FR-ARA;Saint-Étienne-de-Saint-Geoirs, Isère;yes;LFLS;GNB;;https://www.grenoble-airport.com/en;https://en.wikipedia.org/wiki/Grenoble-Is%C3%A8re_Airport
4144;LFLU;medium_airport;Valence-Chabeuil Airport;44.9216;4.9699;525;EU;FR;FR-ARA;Chabeuil, Drôme;no;LFLU;VAF;;http://www.valenceaeroport.fr;https://en.wikipedia.org/wiki/Valence-Chabeuil_Airport
4145;LFLV;medium_airport;Vichy-Charmeil Airport;46.16969;3.403637;817;EU;FR;FR-ARA;Charmeil, Allier;no;LFLV;VHY;;;https://en.wikipedia.org/wiki/Vichy_%E2%80%94_Charmeil_Airport
4146;LFLW;medium_airport;Aurillac Airport;44.89139938354492;2.4219400882720947;2096;EU;FR;FR-ARA;Aurillac;yes;LFLW;AUR;;;https://en.wikipedia.org/wiki/Aurillac_Airport
4147;LFLX;medium_airport;"Châteauroux-Déols ""Marcel Dassault"" Airport";46.860278;1.721111;529;EU;FR;FR-CVL;Châteauroux/Déols;no;LFLX;CHR;;https://chateauroux.aeroport.fr/#;https://en.wikipedia.org/wiki/Ch%C3%A2teauroux-D%C3%A9ols_%22Marcel_Dassault%22_Airport
4148;LFLY;medium_airport;Lyon Bron Airport;45.727947;4.943991;659;EU;FR;FR-ARA;Chassieu, Lyon;no;LFLY;LYN;;https://www.lyonaeroports.com/en/lyon-bron;https://en.wikipedia.org/wiki/Lyon%E2%80%93Bron_Airport
4150;LFMC;medium_airport;Le Luc-Le Cannet Airfield;43.384701;6.38714;265;EU;FR;FR-PAC;Le Cannet-des-Maures, Var;no;LFMC;;;;https://en.wikipedia.org/wiki/Le_Luc_%E2%80%93_Le_Cannet_Airport
4151;LFMD;medium_airport;Cannes-Mandelieu Airport;43.547998;6.955176;13;EU;FR;FR-PAC;Cannes, Alpes-Maritimes;no;LFMD;CEQ;;https://www.cannes.aeroport.fr/;https://en.wikipedia.org/wiki/Cannes_%E2%80%93_Mandelieu_Airport
4152;LFMH;medium_airport;Saint-Étienne-Bouthéon Airport;45.5406;4.29639;1325;EU;FR;FR-ARA;Saint-Étienne/Bouthéon;no;LFMH;EBU;;https://saint-etienne.aeroport.fr/en/;https://en.wikipedia.org/wiki/Saint-%C3%89tienne_-_Bouth%C3%A9on_Airport
4153;LFMI;medium_airport;Istres Le Tubé Air Base;43.522701;4.92384;82;EU;FR;FR-PAC;Istres/Le Tubé;no;LFMI;;;;https://en.wikipedia.org/wiki/Istres-Le_Tub%C3%A9_Air_Base
4154;LFMK;medium_airport;Carcassonne Airport;43.216;2.30632;433;EU;FR;FR-OCC;Carcassonne/Salvaza;yes;LFMK;CCF;;https://www.aeroport-carcassonne.com/;https://en.wikipedia.org/wiki/Carcassonne_Salvaza_Airport
4155;LFML;large_airport;Marseille Provence Airport;43.438088;5.2125;74;EU;FR;FR-PAC;Marignane, Bouches-du-Rhône;yes;LFML;MRS;;https://www.marseille.aeroport.fr/;https://en.wikipedia.org/wiki/Marseille_Provence_Airport
4156;LFMN;large_airport;Nice-Côte d'Azur Airport;43.658401;7.21587;12;EU;FR;FR-PAC;Nice, Alpes-Maritimes;yes;LFMN;NCE;;https://www.nice.aeroport.fr/en;https://en.wikipedia.org/wiki/C%C3%B4te_d'Azur_International_Airport
4157;LFMO;medium_airport;Orange-Caritat (BA 115) Air Base;44.140499;4.86672;197;EU;FR;FR-PAC;Orange/Caritat;no;LFMO;;;;https://en.wikipedia.org/wiki/Orange-Caritat_Air_Base
4158;LFMP;medium_airport;Perpignan-Rivesaltes (Llabanère) Airport;42.740398;2.87067;144;EU;FR;FR-OCC;Perpignan/Rivesaltes;yes;LFMP;PGF;;https://www.aeroport-perpignan.com/;https://en.wikipedia.org/wiki/Perpignan_-_Rivesaltes_Airport
4159;LFMQ;medium_airport;Le Castellet Airport;43.252499;5.78519;1391;EU;FR;FR-PAC;Le Castellet, Var;no;LFMQ;CTT;;https://www.aeroportducastellet.com/en/;https://fr.wikipedia.org/wiki/A%C3%A9roport_du_Castellet
4160;LFMS;medium_airport;Aérodrome d'Alès Cévennes;44.069698;4.14212;668;EU;FR;FR-OCC;Alès/Deaux;no;LFMS;;;;https://fr.wikipedia.org/wiki/A%C3%A9rodrome_d%27Al%C3%A8s_C%C3%A9vennes
4161;LFMT;medium_airport;Montpellier-Méditerranée Airport;43.576199;3.96301;17;EU;FR;FR-OCC;Montpellier/Méditerranée;yes;LFMT;MPL;;https://www.montpellier.aeroport.fr/;https://en.wikipedia.org/wiki/Montpellier_-_M%C3%A9diterran%C3%A9e_Airport
4162;LFMU;medium_airport;Béziers-Vias Airport;43.323502;3.3539;56;EU;FR;FR-OCC;Béziers/Vias;yes;LFMU;BZR;;https://beziers.aeroport.fr/en/;https://en.wikipedia.org/wiki/B%C3%A9ziers-Agde-Vias_Airport
4163;LFMV;medium_airport;Avignon-Caumont Airport;43.907299;4.90183;124;EU;FR;FR-PAC;Avignon, Vaucluse;yes;LFMV;AVN;;https://avignon.aero/;https://en.wikipedia.org/wiki/Avignon_-_Caumont_Airport
4164;LFMY;medium_airport;Salon-de-Provence (BA 701) Air Base;43.6064;5.10925;195;EU;FR;FR-PAC;Salon;no;LFMY;;;;https://en.wikipedia.org/wiki/Salon-de-Provence_Air_Base
4166;LFNB;medium_airport;Mende-Brenoux Airfield;44.502102;3.53282;3362;EU;FR;FR-OCC;Mende/Brénoux;no;LFNB;MEN;;;https://fr.wikipedia.org/wiki/A%C3%A9rodrome_de_Mende_-_Brenoux
4168;LFOA;medium_airport;Avord (BA 702) Air Base;47.053299;2.6325;580;EU;FR;FR-CVL;Avord;no;LFOA;;;;https://en.wikipedia.org/wiki/Avord_Air_Base
4169;LFOB;medium_airport;Paris-Beauvais Airport;49.454399;2.11278;359;EU;FR;FR-HDF;Tillé;yes;LFOB;BVA;;https://www.aeroportparisbeauvais.com/;https://en.wikipedia.org/wiki/Paris_Beauvais_Till%C3%A9_Airport
4170;LFOC;medium_airport;Châteaudun;48.058102;1.37662;433;EU;FR;FR-CVL;Châteaudun;no;LFOC;;;https://airchateaudun.com/;https://en.wikipedia.org/wiki/Ch%C3%A2teaudun_Air_Base
4172;LFOE;medium_airport;Évreux-Fauville (BA 105) Air Base;49.028702;1.21986;464;EU;FR;FR-NOR;Évreux/Fauville;no;LFOE;EVX;;;https://en.wikipedia.org/wiki/%C3%89vreux-Fauville_Air_Base
4173;LFOH;medium_airport;Le Havre-Octeville Airport;49.534038;0.088406;313;EU;FR;FR-NOR;Le Havre;no;LFOH;LEH;;https://www.lehavre.aeroport.fr/;https://en.wikipedia.org/wiki/Le_Havre_Octeville_Airport
4174;LFOI;medium_airport;Abbeville-Buigny Baie de Somme Airfield;50.143501;1.831891;220;EU;FR;FR-HDF;Buigny-Saint-Maclou;no;LFOI;;;;https://fr.wikipedia.org/wiki/Aérodrome_d'Abbeville
4175;LFOJ;medium_airport;Orléans-Bricy (BA 123) Air Base;47.987801;1.76056;412;EU;FR;FR-CVL;Boulay-les-Barres, Loiret;no;LFOJ;;;;https://en.wikipedia.org/wiki/Orl%C3%A9ans_-_Bricy_Air_Base
4176;LFOK;medium_airport;Châlons-Vatry Airport;48.77333;4.20611;587;EU;FR;FR-GES;Bussy-Lettrée;yes;LFOK;XCR;;https://www.parisvatry.com/;https://en.wikipedia.org/wiki/Ch%C3%A2lons_Vatry_Airport
4177;LFOP;medium_airport;Rouen Vallée de Seine Airport;49.384887;1.179142;512;EU;FR;FR-NOR;Boos;no;LFOP;URO;;https://www.aeroport-rouen.fr/;https://en.wikipedia.org/wiki/Rouen_Airport
4179;LFOT;medium_airport;Tours Val de Loire Airport;47.432201;0.727606;357;EU;FR;FR-CVL;Tours, Indre-et-Loire;yes;LFOT;TUF;;http://www.tours.aeroport.fr/index_en.php;https://en.wikipedia.org/wiki/Tours_Val_de_Loire_Airport
4181;LFOV;medium_airport;Laval-Entrammes Airport;48.032208;-0.743999;330;EU;FR;FR-PDL;Laval, Mayenne;no;LFOV;LVA;;https://www.aeroport-laval.com/en/home/;https://fr.wikipedia.org/wiki/A%C3%A9roport_de_Laval_-_La_Mayenne
4183;LFPB;medium_airport;Paris-Le Bourget Airport;48.969398;2.44139;218;EU;FR;FR-IDF;Paris (Le Bourget, Seine-Saint-Denis);no;LFPB;LBG;;http://www.aeroportsdeparis.fr/;https://en.wikipedia.org/wiki/Le_Bourget_Airport
4184;LFPC;medium_airport;Creil Air Base;49.253502;2.51914;291;EU;FR;FR-HDF;Creil;no;LFPC;CSF;;;https://fr.wikipedia.org/wiki/Base_a%C3%A9rienne_110_Creil
4185;LFPG;large_airport;Charles de Gaulle International Airport;49.012798;2.55;392;EU;FR;FR-IDF;Paris (Roissy-en-France, Val-d'Oise);yes;LFPG;CDG;;http://www.aeroportsdeparis.fr/;https://en.wikipedia.org/wiki/Charles_de_Gaulle_Airport
4187;LFPM;medium_airport;Melun-Villaroche Airfield;48.604698;2.67112;302;EU;FR;FR-IDF;Moissy-Cramayel, Seine-et-Marne;no;LFPM;;;;https://en.wikipedia.org/wiki/Melun_Villaroche_Aerodrome
4188;LFPN;medium_airport;Toussus-le-Noble Airport;48.7519;2.10619;538;EU;FR;FR-IDF;Toussus-le-Noble, Yvelines;no;LFPN;TNF;;;https://en.wikipedia.org/wiki/Toussus-le-Noble_Airport
4189;LFPO;large_airport;Paris-Orly Airport;48.72333;2.37944;291;EU;FR;FR-IDF;Paris (Orly, Val-de-Marne);yes;LFPO;ORY;;https://www.parisaeroport.fr/orly;https://en.wikipedia.org/wiki/Orly_Airport
4190;LFPT;medium_airport;Pontoise-Cormeilles Aerodrome;49.096064;2.035543;325;EU;FR;FR-IDF;Cormeilles-en-Vexin, Val-d'Oise;no;LFPT;POX;;;https://en.wikipedia.org/wiki/Pontoise_%E2%80%93_Cormeilles_Aerodrome
4191;LFPV;medium_airport;Vélizy-Villacoublay Air Base;48.774406;2.203102;584;EU;FR;FR-IDF;Vélizy-Villacoublay, Yvelines;no;LFPV;VIY;;;https://en.wikipedia.org/wiki/V%C3%A9lizy_%E2%80%93_Villacoublay_Air_Base
4193;LFQB;medium_airport;Troyes-Barberey Airport;48.322102;4.0167;388;EU;FR;FR-GES;Barberey-Saint-Sulpice, Aube;no;LFQB;;;http://www.troyes.aeroport.fr/;https://en.wikipedia.org/wiki/Troyes_%E2%80%93_Barberey_Airport
4195;LFQE;medium_airport;Lieutenant Étienne Mantoux Air Base;49.226898;5.67222;770;EU;FR;FR-GES;Rouvres-en-Woëvre;no;LFQE;;;;https://en.wikipedia.org/wiki/Base_Lieutenant_%C3%89tienne_Mantoux
4197;LFQG;medium_airport;Nevers-Fourchambault Airport;47.002602;3.11333;602;EU;FR;FR-BFC;Nevers/Fourchambault;no;LFQG;NVS;;;https://fr.wikipedia.org/wiki/A%C3%A9roport_de_Nevers-Fourchambault
4201;LFQP;medium_airport;Phalsbourg-Bourscheid Air Base;48.766203;7.200551;1017;EU;FR;FR-GES;Bourscheid;no;LFQP;;;;https://fr.wikipedia.org/wiki/Base_a%C3%A9rienne_de_Phalsbourg-Bourscheid
4202;LFQQ;medium_airport;Lille Airport;50.563332;3.086886;157;EU;FR;FR-HDF;Lesquin;yes;LFQQ;LIL;;https://www.lille.aeroport.fr/home/;https://en.wikipedia.org/wiki/Lille_Airport
4203;LFQT;medium_airport;Merville-Calonne Airport;50.618401;2.64224;61;EU;FR;FR-HDF;Merville, Nord;no;LFQT;HZB;;https://aeroport-mervillelestrem.fr/;https://en.wikipedia.org/wiki/Merville%E2%80%93Calonne_Airport
4204;LFQV;medium_airport;Charleville-Mézières Ardennes-Etienne Riché Airfield;49.783901;4.64708;492;EU;FR;FR-GES;Charleville-Mézières;no;LFQV;;;;https://fr.wikipedia.org/wiki/A%C3%A9rodrome_de_Charleville-M%C3%A9zi%C3%A8res
4205;LFQW;medium_airport;Vesoul-Frotey Airfield;47.638588;6.204443;1249;EU;FR;FR-BFC;Frotey-lès-Vesoul, Haute-Saône;no;LFQW;;;;https://fr.wikipedia.org/wiki/A%C3%A9rodrome_de_Vesoul_-_Frotey
4206;LFRB;medium_airport;Brest Bretagne Airport;48.447899;-4.41854;325;EU;FR;FR-BRE;Brest/Guipavas;yes;LFRB;BES;;https://www.brest.aeroport.bzh;https://en.wikipedia.org/wiki/Brest_Bretagne_Airport
4207;LFRC;medium_airport;Cherbourg-Maupertus Airport;49.650101;-1.47028;459;EU;FR;FR-NOR;Gonneville-Le Theil, Manche;no;LFRC;CER;;https://www.cherbourg.aeroport.fr/;https://en.wikipedia.org/wiki/Cherbourg_-_Maupertus_Airport
4208;LFRD;medium_airport;Dinard-Pleurtuit-Saint-Malo Airport;48.5877;-2.07996;219;EU;FR;FR-BRE;Pleurtuit, Ille-et-Vilaine;yes;LFRD;DNR;;https://www.dinard.aeroport.fr/en;https://en.wikipedia.org/wiki/Dinard_-_Pleurtuit_-_Saint-Malo_Airport
4209;LFRE;medium_airport;La Baule-Escoublac Airport;47.289398;-2.34639;105;EU;FR;FR-PDL;La Baule-Escoublac;no;LFRE;LBY;;;https://fr.wikipedia.org/wiki/A%C3%A9rodrome_de_La_Baule-Escoublac
4210;LFRF;medium_airport;Granville Airport;48.883099;-1.56417;45;EU;FR;FR-NOR;Bréville-sur-Mer, Manche;no;LFRF;GFR;;;https://fr.wikipedia.org/wiki/A%C3%A9rodrome_de_Granville-Mont-Saint-Michel
4211;LFRG;medium_airport;Deauville-Normandie Airport;49.365237;0.154481;479;EU;FR;FR-NOR;Deauville, Calvados;yes;LFRG;DOL;;https://www.deauville.aeroport.fr/;https://en.wikipedia.org/wiki/Deauville_%E2%80%93_Normandie_Airport
4212;LFRH;medium_airport;Lorient South Brittany (Bretagne Sud) Airport;47.760601;-3.44;160;EU;FR;FR-BRE;Lorient/Lann/Bihoué;yes;LFRH;LRT;;https://www.lorient.aeroport.fr/en;https://en.wikipedia.org/wiki/Lorient_South_Brittany_Airport
4213;LFRI;medium_airport;La Roche-sur-Yon Airport;46.7019;-1.37863;299;EU;FR;FR-PDL;La Roche-sur-Yon/Les Ajoncs;no;LFRI;EDM;;;https://fr.wikipedia.org/wiki/A%C3%A9rodrome_de_La_Roche-sur-Yon_-_Les_Ajoncs
4214;LFRJ;medium_airport;Landivisiau Air Base;48.5303;-4.15164;348;EU;FR;FR-BRE;Landivisiau;no;LFRJ;LDV;;;https://fr.wikipedia.org/wiki/Base_d%27a%C3%A9ronautique_navale_de_Landivisiau
4215;LFRK;medium_airport;Caen-Carpiquet Airport;49.17678;-0.454883;256;EU;FR;FR-NOR;Carpiquet, Calvados;yes;LFRK;CFR;;https://www.caen.aeroport.fr/;https://en.wikipedia.org/wiki/Caen_-_Carpiquet_Airport
4216;LFRL;medium_airport;Lanvéoc-Poulmic Air Base;48.2817;-4.44502;287;EU;FR;FR-BRE;Lanvéoc/Poulmic;no;LFRL;;;;https://fr.wikipedia.org/wiki/Base_d%27a%C3%A9ronautique_navale_de_Lanv%C3%A9oc-Poulmic
4217;LFRM;medium_airport;Le Mans-Arnage Airport;47.948604;0.201702;194;EU;FR;FR-PDL;Le Mans, Sarthe;yes;LFRM;LME;;https://aeroport.lemans.sarthe.cci.fr/;https://fr.wikipedia.org/wiki/A%C3%A9roport_Le_Mans-Arnage
4218;LFRN;medium_airport;Rennes-Saint-Jacques Airport;48.0695;-1.73479;124;EU;FR;FR-BRE;Saint-Jacques-de-la-Lande, Ille-et-Vilaine;yes;LFRN;RNS;;http://www.rennes.aeroport.fr/;https://en.wikipedia.org/wiki/Rennes_-_Saint-Jacques_Airport
4219;LFRO;medium_airport;Lannion-Côte de Granit Airport;48.754398;-3.47166;290;EU;FR;FR-BRE;Lannion;no;LFRO;LAI;;http://www.lannion.aeroport.fr;https://en.wikipedia.org/wiki/Lannion_%E2%80%93_C%C3%B4te_de_Granit_Airport
4220;LFRQ;medium_airport;Quimper-Cornouaille Airport;47.973031;-4.169655;297;EU;FR;FR-BRE;Quimper/Pluguffan;no;LFRQ;UIP;;https://www.quimper.aeroport.bzh/accueil;https://en.wikipedia.org/wiki/Quimper_-_Cornouaille_Airport
4221;LFRS;medium_airport;Nantes Atlantique Airport;47.153198;-1.61073;90;EU;FR;FR-PDL;Nantes;yes;LFRS;NTE;;https://www.nantes.aeroport.fr/en;https://en.wikipedia.org/wiki/Nantes_Atlantique_Airport
4222;LFRT;medium_airport;Saint-Brieuc-Armor Airport;48.538628;-2.853518;453;EU;FR;FR-BRE;Trémuson, Côtes-d'Armor;no;LFRT;SBK;;https://www.st-brieuc.aeroport.fr/en/;https://en.wikipedia.org/wiki/Saint-Brieuc_%E2%80%93_Armor_Airport
4223;LFRU;medium_airport;Morlaix-Ploujean Airport;48.6031990051;-3.81577992439;272;EU;FR;FR-BRE;Morlaix/Ploujean;no;LFRU;MXN;;;https://en.wikipedia.org/wiki/Morlaix_%E2%80%93_Ploujean_Airport
4224;LFRV;medium_airport;Vannes-Meucon Airport;47.723301;-2.71856;446;EU;FR;FR-BRE;Vannes/Meucon;yes;LFRV;VNE;;http://www.vannes.aeroport.fr/;https://en.wikipedia.org/wiki/Meucon_Airport
4225;LFRZ;medium_airport;Saint-Nazaire-Montoir Airport;47.31142;-2.152634;13;EU;FR;FR-PDL;Saint-Nazaire/Montoir;yes;LFRZ;SNR;;;https://en.wikipedia.org/wiki/Saint-Nazaire_Montoir_Airport
4226;LFSB;large_airport;EuroAirport Basel-Mulhouse-Freiburg;47.60068;7.521117;885;EU;FR;FR-GES;Saint-Louis;yes;LFSB;BSL;;http://www.euroairport.com/;https://en.wikipedia.org/wiki/EuroAirport_Basel-Mulhouse-Freiburg
4228;LFSD;medium_airport;Dijon-Bourgogne Airport;47.268902;5.09;726;EU;FR;FR-BFC;Ouges, Côte-d'Or;yes;LFSD;DIJ;;http://www.aeroport.dijon.cci.fr/;https://fr.wikipedia.org/wiki/A%C3%A9roport_de_Dijon-Bourgogne
4230;LFSG;medium_airport;Épinal-Mirecourt Airport;48.325001;6.06998;1084;EU;FR;FR-GES;Juvaincourt, Vosges;no;LFSG;EPL;;http://www.epinal-mirecourt.aeroport.fr;https://en.wikipedia.org/wiki/%C3%89pinal_%E2%80%93_Mirecourt_Airport
4232;LFSI;medium_airport;Saint-Dizier – Robinson Air Base;48.636002;4.89942;458;EU;FR;FR-GES;Saint-Dizier;no;LFSI;;;;https://en.wikipedia.org/wiki/Saint-Dizier_%E2%80%93_Robinson_Air_Base
29001;LFSL;medium_airport;Brive-Souillac;45.039722;1.485556;1016;EU;FR;FR-NAQ;Brive la Gaillarde;yes;LFSL;BVE;;http://www.aeroport-brive-vallee-dordogne.fr;https://fr.wikipedia.org/wiki/Aéroport_de_Brive-Souillac
4233;LFSM;medium_airport;Montbéliard-Courcelles Airfield;47.487;6.79054;1041;EU;FR;FR-BFC;Courcelles-lès-Montbéliard;no;LFSM;;;;https://en.wikipedia.org/wiki/Montb%C3%A9liard_%E2%80%93_Courcelles_Aerodrome
4234;LFSN;medium_airport;Nancy-Essey Airport;48.692101;6.23046;751;EU;FR;FR-GES;Tomblaine, Meurthe-et-Moselle;no;LFSN;ENC;;https://www.nancy.aeroport.fr/;https://en.wikipedia.org/wiki/Nancy-Essey_Airport
4235;LFSO;medium_airport;Nancy-Ochey (BA 133) Air Base;48.583099;5.955;1106;EU;FR;FR-GES;Thuilley-aux-Groseilles;no;LFSO;;;;https://en.wikipedia.org/wiki/Nancy_%E2%80%93_Ochey_Air_Base
4238;LFST;medium_airport;Strasbourg Airport;48.538299560546875;7.628230094909668;505;EU;FR;FR-GES;Strasbourg;yes;LFST;SXB;;http://www.strasbourg.aeroport.fr/E/index.php;https://en.wikipedia.org/wiki/Strasbourg_Airport
4239;LFSX;medium_airport;Luxeuil-Saint-Sauveur (BA 116) Air Base;47.787747;6.353419;913;EU;FR;FR-BFC;Saint-Sauveur;no;LFSX;;;;https://en.wikipedia.org/wiki/Luxeuil_-_Saint-Sauveur_Air_Base
4241;LFTH;medium_airport;Toulon-Hyères Airport;43.097301;6.14603;7;EU;FR;FR-PAC;Hyères, Var;yes;LFTH;TLN;;http://toulon-hyeres.aeroport.fr/;https://en.wikipedia.org/wiki/Toulon-Hy%C3%A8res_Airport
316329;LFTO;medium_airport;Rize–Artvin Airport;41.179625;40.850796;16;AS;TR;TR-53;Rize;yes;LTFO;RZV;;;https://en.wikipedia.org/wiki/Rize–Artvin_Airport
4242;LFTW;medium_airport;Nîmes-Arles-Camargue Airport;43.757401;4.41635;309;EU;FR;FR-OCC;Nîmes/Garons;yes;LFTW;FNI;;https://www.nimes.aeroport.fr/en;https://en.wikipedia.org/wiki/N%C3%AEmes-Arles-Camargue_Airport
4245;LFVP;medium_airport;St Pierre Airport;46.762901306152344;-56.173099517822266;27;NA;PM;PM-SP;Saint-Pierre;yes;LFVP;FSP;;;https://en.wikipedia.org/wiki/Saint-Pierre_Airport
4246;LFXA;medium_airport;Ambérieu Air Base (BA 278);45.987301;5.32844;823;EU;FR;FR-ARA;Ambérieu;no;LFXA;;;;https://en.wikipedia.org/wiki/Amb%C3%A9rieu-en-Bugey_Air_Base
4248;LGAD;medium_airport;Andravida Air Base;37.9207;21.292601;55;EU;GR;GR-G;Andravida;no;LGAD;PYR;;https://www.haf.gr/en/structure/htaf/117-combat-wing/;https://en.wikipedia.org/wiki/Andravida_Air_Base
4250;LGAL;medium_airport;Alexandroupoli Democritus Airport;40.8559;25.956301;24;EU;GR;GR-A;Alexandroupolis;yes;LGAL;AXD;;;https://en.wikipedia.org/wiki/Alexandroupoli_Airport
4251;LGAV;large_airport;Athens Eleftherios Venizelos International Airport;37.936401;23.9445;308;EU;GR;GR-I;Spata-Artemida;yes;LGAV;ATH;;http://www.aia.gr;https://en.wikipedia.org/wiki/Athens_International_Airport
4253;LGBL;medium_airport;Nea Anchialos National Airport;39.219601;22.7943;83;EU;GR;GR-E;Nea Anchialos;yes;LGBL;VOL;;;https://en.wikipedia.org/wiki/Nea_Anchialos_National_Airport
4254;LGEL;medium_airport;Elefsis Air Base;38.063801;23.556;143;EU;GR;GR-I;Elefsina;no;LGEL;;;;https://en.wikipedia.org/wiki/Elefsina_Air_Base
4255;LGHI;medium_airport;Chios Island National Airport;38.34320068359375;26.140600204467773;15;EU;GR;GR-K;Chios Island;yes;LGHI;JKH;;http://www.hcaa-eleng.gr/chios.htm;https://en.wikipedia.org/wiki/Chios_Island_National_Airport
4257;LGIO;medium_airport;Ioannina King Pyrrhus National Airport;39.6964;20.8225;1558;EU;GR;GR-D;Ioannina;yes;LGIO;IOA;;;https://en.wikipedia.org/wiki/Ioannina_National_Airport
4258;LGIR;large_airport;Heraklion International Nikos Kazantzakis Airport;35.339699;25.1803;115;EU;GR;GR-M;Heraklion;yes;LGIR;HER;;https://www.heraklion-airport.gr/en/;https://en.wikipedia.org/wiki/Heraklion_International_Airport%2C_%22Nikos_Kazantzakis%22
4261;LGKF;medium_airport;Kefallinia Airport;38.12009811401367;20.500499725341797;59;EU;GR;GR-F;Kefallinia Island;yes;LGKF;EFL;;;https://en.wikipedia.org/wiki/Kefalonia_Island_International_Airport
4262;LGKL;medium_airport;Kalamata Airport;37.06829833984375;22.02549934387207;26;EU;GR;GR-J;Kalamata;yes;LGKL;KLX;;;https://en.wikipedia.org/wiki/Kalamata_International_Airport
4264;LGKO;medium_airport;Kos Airport;36.794523;27.09115;412;AS;GR;GR-L;Kos Island;yes;LGKO;KGS;;https://www.kgs-airport.gr/el/;https://en.wikipedia.org/wiki/Kos_Island_International_Airport
4265;LGKP;medium_airport;Karpathos Airport;35.421398;27.146;66;EU;GR;GR-L;Karpathos Island;yes;LGKP;AOK;;;https://en.wikipedia.org/wiki/Karpathos_Island_National_Airport
4266;LGKR;medium_airport;Corfu Ioannis Kapodistrias International Airport;39.601898;19.911699;6;EU;GR;GR-F;Kerkyra (Corfu);yes;LGKR;CFU;;;https://en.wikipedia.org/wiki/Corfu_International_Airport%2C_%26quot%3BIoannis_Kapodistrias%26quot%3B
4268;LGKV;medium_airport;Kavala Alexander the Great International Airport;40.9133;24.6192;18;EU;GR;GR-A;Kavala;yes;LGKV;KVA;;;https://en.wikipedia.org/wiki/Kavala_International_Airport
4269;LGKZ;medium_airport;Kozani National Airport Filippos;40.286098;21.840799;2059;EU;GR;GR-C;Kozani;yes;LGKZ;KZI;;;https://en.wikipedia.org/wiki/Kozani_National_Airport
4274;LGMK;medium_airport;Mykonos Island National Airport;37.435101;25.348101;405;EU;GR;GR-L;Mykonos;yes;LGMK;JMK;;;https://en.wikipedia.org/wiki/Mykonos_Island_National_Airport
4275;LGMT;medium_airport;Mytilene International Airport;39.057272;26.598887;60;EU;GR;GR-K;Mytilene;yes;LGMT;MJT;;;https://en.wikipedia.org/wiki/Mytilene_International_Airport
4277;LGPZ;medium_airport;Aktion National Airport;38.925499;20.765301;11;EU;GR;GR-D;Preveza;yes;LGPZ;PVK;;https://www.pvk-airport.gr/en;https://en.wikipedia.org/wiki/Aktion_National_Airport
4279;LGRP;medium_airport;Diagoras Airport;36.405399;28.086201;17;AS;GR;GR-L;Rhodes;yes;LGRP;RHO;;https://www.rho-airport.gr/el/;https://en.wikipedia.org/wiki/Rhodes_International_Airport
4280;LGRX;medium_airport;Patras Araxos Agamemnon Airport;38.1511;21.4256;46;EU;GR;GR-G;Patras;yes;LGRX;GPA;;http://www.araxos-airport.gr/;https://en.wikipedia.org/wiki/Araxos_Airport
4281;LGSA;medium_airport;Chania International Airport;35.5317;24.1497;490;EU;GR;GR-M;Souda;yes;LGSA;CHQ;;;https://en.wikipedia.org/wiki/Chania_International_Airport
4282;LGSK;medium_airport;Skiathos Island National Airport;39.177101;23.5037;54;EU;GR;GR-E;Skiathos;yes;LGSK;JSI;;;https://en.wikipedia.org/wiki/Skiathos_Island_National_Airport
4283;LGSM;medium_airport;Samos Airport;37.689999;26.911699;19;EU;GR;GR-K;Samos Island;yes;LGSM;SMI;;;https://en.wikipedia.org/wiki/Samos_International_Airport
4286;LGSR;medium_airport;Santorini Airport;36.399200439453125;25.479299545288086;127;EU;GR;GR-L;Santorini Island;yes;LGSR;JTR;;;https://en.wikipedia.org/wiki/Santorini_(Thira)_National_Airport
4287;LGST;medium_airport;Sitia Airport;35.21609878540039;26.101299285888672;376;EU;GR;GR-M;Crete Island;yes;LGST;JSH;;;https://en.wikipedia.org/wiki/Sitia_Public_Airport
4290;LGTG;medium_airport;Tanagra Air Base;38.339802;23.565001;495;EU;GR;GR-H;Tanagra;no;LGTG;;;;https://en.wikipedia.org/wiki/Tanagra_Air_Base
4293;LGTS;large_airport;Thessaloniki Macedonia International Airport;40.51928;22.970009;22;EU;GR;GR-B;Thessaloniki;yes;LGTS;SKG;;https://www.skg-airport.gr/en;https://en.wikipedia.org/wiki/Thessaloniki_International_Airport%2C_%22Macedonia%22
4295;LGZA;medium_airport;Zakynthos International Airport Dionysios Solomos;37.7509;20.8843;12;EU;GR;GR-F;Zakynthos;yes;LGZA;ZTH;;https://www.zth-airport.gr;https://en.wikipedia.org/wiki/Zakynthos_International_Airport
4296;LHBP;large_airport;Budapest Liszt Ferenc International Airport;47.43018;19.262393;495;EU;HU;HU-BU;Budapest;yes;LHBP;BUD;;http://www.bud.hu/english;https://en.wikipedia.org/wiki/Budapest_Ferenc_Liszt_International_Airport
4297;LHDC;medium_airport;Debrecen International Airport;47.488899;21.615299;359;EU;HU;HU-HB;Debrecen;yes;LHDC;DEB;;http://www.airportdebrecen.hu/;https://en.wikipedia.org/wiki/Debrecen_International_Airport
4299;LHKE;medium_airport;Kecskemét Air Base;46.9175;19.749201;376;EU;HU;HU-BK;Kecskemét;no;LHKE;;;;https://en.wikipedia.org/wiki/Kecskem%C3%A9t_Air_Base
4302;LHPP;medium_airport;Pécs-Pogány Airport;45.988891;18.242044;651;EU;HU;HU-BA;Pogány;yes;LHPP;PEV;;http://www.airport-pecs.hu/;https://en.wikipedia.org/wiki/P%C3%A9cs-Pog%C3%A1ny_International_Airport
4303;LHPR;medium_airport;Győr-Pér International Airport;47.628436;17.804718;424;EU;HU;HU-GS;Pér;yes;LHPR;;;http://www.gyor-perairport.hu/index.php?displang=eng;https://en.wikipedia.org/wiki/Gy%C5%91r-P%C3%A9r_International_Airport
4305;LHSM;medium_airport;Hévíz–Balaton Airport;46.686391;17.159084;408;EU;HU;HU-ZA;Sármellék;yes;LHSM;SOB;;http://www.flybalaton.com/?null&lang=en;https://en.wikipedia.org/wiki/S%C3%A1rmell%C3%A9k_International_Airport
4306;LHSN;medium_airport;Szolnok Air Base;47.122897;20.2355;322;EU;HU;HU-JN;Szolnok;no;LHSN;;;;https://en.wikipedia.org/wiki/Szolnok_Air_Base
30003;LHTA;medium_airport;Taszár Air Base;46.393101;17.9175;531;EU;HU;HU-SO;Taszár;no;LHTA;;;;https://en.wikipedia.org/wiki/Tasz%C3%A1r_Air_Base
30488;LHTL;medium_airport;Tököl Airport;47.345299;18.980801;318;EU;HU;HU-PE;Tököl;no;LHTL;;;http://www.lhtl.hu/;https://hu.wikipedia.org/wiki/T%C3%B6k%C3%B6li_rep%C3%BCl%C5%91t%C3%A9r
4308;LIBA;medium_airport;Amendola Air Base;41.541401;15.7181;183;EU;IT;IT-75;San Giovanni Rotondo (FG);no;LIBA;;FG06;;https://en.wikipedia.org/wiki/Amendola_Air_Base
4309;LIBC;medium_airport;Crotone Sant'Anna Pythagoras Airport;38.9972;17.0802;522;EU;IT;IT-78;Isola di Capo Rizzuto (KR);yes;LIBC;CRV;KR01;http://www.aeroporto.kr.it/cartaservizi_eng.asp;https://en.wikipedia.org/wiki/Crotone_Airport
4310;LIBD;large_airport;Bari Karol Wojtyła International Airport;41.138901;16.760599;193;EU;IT;IT-75;Bari;yes;LIBD;BRI;BA02;http://www.seap-puglia.it/default.asp?idlingua=2&idcontenuto=25;https://en.wikipedia.org/wiki/Bari_Karol_Wojty%C5%82a_Airport
4311;LIBF;medium_airport;Foggia Gino Lisa Airport;41.433596;15.534566;265;EU;IT;IT-75;Foggia (FG);yes;LIBF;FOG;FG05;;https://en.wikipedia.org/wiki/Foggia_%22Gino_Lisa%22_Airport
4312;LIBG;medium_airport;Taranto-Grottaglie Marcello Arlotta Airport;40.517502;17.4032;215;EU;IT;IT-75;Grottaglie;no;LIBG;TAR;TA02;;https://en.wikipedia.org/wiki/Taranto-Grottaglie_Airport
4313;LIBN;medium_airport;Lecce Galatina Air Base / Galatina Fortunato Cesari Airport;40.239201;18.133301;156;EU;IT;IT-75;Galatina (LE);no;LIBN;LCC;LE08;;https://en.wikipedia.org/wiki/Lecce_Galatina_Air_Base
4314;LIBP;medium_airport;Abruzzo Airport;42.431702;14.1811;48;EU;IT;IT-65;Pescara;yes;LIBP;PSR;PE01;http://www.abruzzo-airport.it/eng/index.php;https://en.wikipedia.org/wiki/Abruzzo_Airport
4315;LIBR;large_airport;Brindisi Airport;40.6576;17.947001;47;EU;IT;IT-75;Brindisi;yes;LIBR;BDS;BR03;http://www.seap-puglia.it/default.asp?idlingua=2&idcontenuto=29;https://en.wikipedia.org/wiki/Brindisi_Airport
4316;LIBV;medium_airport;Gioia del Colle Antonio Ramirez Air Base;40.767799;16.9333;1187;EU;IT;IT-75;Gioia del Colle (BA);no;LIBV;;BA07;;https://en.wikipedia.org/wiki/Gioia_del_Colle_Air_Base
4317;LICA;medium_airport;Lamezia Terme Sant'Eufemia International Airport;38.905197;16.243762;39;EU;IT;IT-78;Lamezia Terme (CZ);yes;LICA;SUF;CZ02;;https://en.wikipedia.org/wiki/Lamezia_Terme_International_Airport
298716;LICB;medium_airport;Comiso Airport;36.99583;14.60889;756;EU;IT;IT-82;Comiso;yes;LICB;CIY;RG06;http://www.aeroportodicomiso.it/;https://en.wikipedia.org/wiki/Comiso_Airport
4318;LICC;large_airport;Catania-Fontanarossa Airport;37.466801;15.0664;39;EU;IT;IT-82;Catania;yes;LICC;CTA;CT03;http://www.aeroporto.catania.it/;https://en.wikipedia.org/wiki/Catania-Fontanarossa_Airport
4319;LICD;medium_airport;Lampedusa Airport;35.497898;12.6181;70;EU;IT;IT-82;Lampedusa;yes;LICD;LMP;AG01;;https://en.wikipedia.org/wiki/Lampedusa_Airport
4320;LICG;medium_airport;Pantelleria Airport;36.816502;11.9689;628;EU;IT;IT-82;Pantelleria (TP);yes;LICG;PNL;TP02;;https://en.wikipedia.org/wiki/Pantelleria_Airport
4321;LICJ;large_airport;Falcone–Borsellino Airport;38.175999;13.091;65;EU;IT;IT-82;Palermo;yes;LICJ;PMO;PA03;http://www.gesap.it/index.php;https://en.wikipedia.org/wiki/Falcone%E2%80%93Borsellino_Airport
4322;LICP;medium_airport;Palermo-Boccadifalco Airport;38.110802;13.3133;345;EU;IT;IT-82;Palermo;no;LICP;;PA04;;https://en.wikipedia.org/wiki/Palermo%E2%80%93Boccadifalco_Airport
4323;LICR;medium_airport;Reggio Calabria Airport;38.071201;15.6516;96;EU;IT;IT-78;Reggio Calabria;yes;LICR;REG;RC01;;https://en.wikipedia.org/wiki/Reggio_Calabria_Airport
4324;LICT;medium_airport;Vincenzo Florio Airport Trapani-Birgi;37.9114;12.488;25;EU;IT;IT-82;Trapani (TP);yes;LICT;TPS;TP01;;https://en.wikipedia.org/wiki/Vincenzo_Florio_Airport_Trapani%E2%80%93Birgi
4325;LICZ;medium_airport;Sigonella Navy Air Base;37.401699;14.9224;79;EU;IT;IT-82;Sigonella (CT);no;LICZ;NSY;CT04;;https://en.wikipedia.org/wiki/Naval_Air_Station_Sigonella
4329;LIDT;medium_airport;Trento-Mattarello Airport;46.0214;11.1242;610;EU;IT;IT-32;Trento (TN);no;LIDT;;TN01;http://www.aeroportocaproni.it/;http://it.wikipedia.org/wiki/Aeroporto_di_Trento-Mattarello
4330;LIEA;medium_airport;Alghero-Fertilia Airport;40.632099;8.29077;87;EU;IT;IT-88;Alghero;yes;LIEA;AHO;SS02;http://www.aeroportodialghero.it/home_en.asp;https://en.wikipedia.org/wiki/Alghero-Fertilia_Airport
4331;LIED;medium_airport;Decimomannu Air Base;39.354198;8.97248;100;EU;IT;IT-88;Decimomannu;no;LIED;DCI;CA12;;https://en.wikipedia.org/wiki/Decimomannu_Air_Base
4332;LIEE;large_airport;Cagliari Elmas Airport;39.251499;9.05428;13;EU;IT;IT-88;Cagliari;yes;LIEE;CAG;CA07;http://www.cagliariairport.it/en/;https://en.wikipedia.org/wiki/Cagliari_Elmas_Airport
4333;LIEO;medium_airport;Olbia Costa Smeralda Airport;40.898701;9.51763;37;EU;IT;IT-88;Olbia (SS);yes;LIEO;OLB;SS03;;https://en.wikipedia.org/wiki/Olbia_Costa_Smeralda_Airport
4334;LIET;medium_airport;Tortolì Airport;39.9188;9.68298;23;EU;IT;IT-88;Arbatax;no;LIET;TTB;NU01;;https://en.wikipedia.org/wiki/Tortol%C3%AC_Airport
4335;LILE;medium_airport;Biella-Cerrione Airfield;45.4953;8.10278;920;EU;IT;IT-21;Cerrione (BI);no;LILE;;BI03;http://www.aeroportobiella.it/;https://en.wikipedia.org/wiki/Biella-Cerrione_Airfield
29428;LILI;medium_airport;Vercelli Airfield;45.309935;8.417931;417;EU;IT;IT-21;Vercelli (VC);no;LILI;;VC04;http://www.aeroclubvercelli.it/;https://it.wikipedia.org/wiki/Aeroporto_di_Vercelli
4337;LILN;medium_airport;Varese-Venegono Airport;45.742199;8.888233;1100;EU;IT;IT-25;Venegono Superiore (VA);no;LILN;;VA02;http://www.aeroclubvarese.it/;https://en.wikipedia.org/wiki/Varese-Venegono_Airport
4338;LIMA;medium_airport;Torino-Aeritalia Airport;45.086399;7.60337;943;EU;IT;IT-21;Torino (TO);no;LIMA;;TO12;http://www.aeroclubtorino.it/index.php;https://en.wikipedia.org/wiki/Torino-Aeritalia_Airport
4340;LIMC;large_airport;Milan Malpensa International Airport;45.6306;8.72811;768;EU;IT;IT-25;Ferno (VA);yes;LIMC;MXP;MI12;http://www.sea-aeroportimilano.it/en/malpensa/index.phtml;https://en.wikipedia.org/wiki/Malpensa_Airport
4341;LIME;large_airport;Milan Bergamo Airport / Antonio Locatelli Air Base;45.670725;9.709223;782;EU;IT;IT-25;Orio al Serio (BG);yes;LIME;BGY;BG01;http://www.sacbo.it/;https://en.wikipedia.org/wiki/Orio_al_Serio_International_Airport
4342;LIMF;large_airport;Turin Airport;45.200802;7.64963;989;EU;IT;IT-21;Caselle Torinese (TO);yes;LIMF;TRN;TO11;http://www.aeroportoditorino.it/;https://en.wikipedia.org/wiki/Turin_International_Airport
4343;LIMG;medium_airport;Riviera Villanova d'Albenga International Airport;44.050598;8.12743;148;EU;IT;IT-42;Villanova d'Albenga (SV);no;LIMG;ALL;SV01;http://www.rivierairport.it/;https://en.wikipedia.org/wiki/Villanova_d'Albenga_International_Airport
4344;LIMJ;medium_airport;Genoa Cristoforo Colombo Airport;44.412039;8.840732;13;EU;IT;IT-42;Genova (GE);yes;LIMJ;GOA;GE01;http://www.aeroportodigenova.com/en/home/index.php;https://en.wikipedia.org/wiki/Genoa_Cristoforo_Colombo_Airport
4345;LIML;medium_airport;Milano Linate Airport;45.445099;9.27674;353;EU;IT;IT-25;Segrate (MI);yes;LIML;LIN;MI11;http://www.sea-aeroportimilano.it/en/;https://en.wikipedia.org/wiki/Linate_Airport
4346;LIMN;medium_airport;Cameri Air Base [MIL];45.529598;8.66922;586;EU;IT;IT-21;Cameri (NO);no;LIMN;;NO08;http://web.archive.org/web/20070617100034/www.aeronautica.difesa.it/CSA/CBR/53Stormo/Cennistorici.asp;http://it.wikipedia.org/wiki/Aeroporto_di_Cameri
4347;LIMP;medium_airport;Parma Airport;44.826351;10.29705;161;EU;IT;IT-45;Parma (PR);yes;LIMP;PMF;PR03;;https://en.wikipedia.org/wiki/Parma_Airport
30196;LIMR;medium_airport;Novi Ligure Eugenio Mossi Airfield;44.779999;8.78639;607;EU;IT;IT-21;Novi Ligure (AL);no;LIMR;;AL05;http://www.voloavelanovi.it/;https://it.wikipedia.org/wiki/Aeroporto_di_Novi_Ligure
4348;LIMS;medium_airport;Piacenza San Damiano Air Base;44.913102;9.723322;456;EU;IT;IT-45;San Damiano (PC);no;LIMS;;PC08;;https://en.wikipedia.org/wiki/Piacenza-San_Damiano_Air_Base
4349;LIMW;medium_airport;Aosta Corrado Gex Airport;45.738552;7.3683;1791;EU;IT;IT-23;Saint-Christophe (AO);no;LIMW;AOT;AO01;http://www.avda-aosta.it/;https://en.wikipedia.org/wiki/Aosta_Airport
4350;LIMZ;medium_airport;Cuneo International Airport;44.547001;7.62322;1267;EU;IT;IT-21;Levaldigi (CN);yes;LIMZ;CUF;CN03;http://www.aeroporto.cuneo.it/;https://en.wikipedia.org/wiki/Cuneo_International_Airport
29443;LIPA;medium_airport;Aviano Air Base;46.031898;12.596503;410;EU;IT;IT-36;Aviano (PN);no;LIPA;AVB;;http://www.aviano.af.mil/;https://en.wikipedia.org/wiki/Aviano_Air_Base
4352;LIPB;medium_airport;Bolzano Airport;46.460201;11.3264;789;EU;IT;IT-32;Bolzano (BZ);yes;LIPB;BZO;BZ01;http://www.abd-airport.it/en/home.htm;https://en.wikipedia.org/wiki/Bolzano_Airport
4353;LIPC;medium_airport;Cervia Air Base;44.224201;12.3072;18;EU;IT;IT-45;Cervia (RA);no;LIPC;;RA08;;https://en.wikipedia.org/wiki/Cervia_Air_Base
4354;LIPE;large_airport;Bologna Guglielmo Marconi Airport;44.5354;11.2887;123;EU;IT;IT-45;Bologna;yes;LIPE;BLQ;BO08;http://www.bologna-airport.it/?LN=UK;https://en.wikipedia.org/wiki/Bologna_Airport
4355;LIPH;medium_airport;Treviso Antonio Canova Airport;45.648399;12.1944;59;EU;IT;IT-34;Treviso (TV);yes;LIPH;TSF;TV01;http://www.trevisoairport.it/tsf/index.jsp?_requestid=677517&language=en;https://en.wikipedia.org/wiki/Treviso_Airport
4356;LIPI;medium_airport;Udine-Rivolto Air Base;45.978699;13.0493;179;EU;IT;IT-36;Codroipo (UD);no;LIPI;;UD16;;http://it.wikipedia.org/wiki/Aeroporto_di_Rivolto
4357;LIPK;medium_airport;Forlì Luigi Ridolfi Airport;44.194801;12.0701;97;EU;IT;IT-45;Forlì (FC);yes;LIPK;FRL;FC03;;https://en.wikipedia.org/wiki/Forl%C3%AC_Airport
4358;LIPL;medium_airport;Ghedi Air Base;45.432551;10.268612;333;EU;IT;IT-25;Ghedi (BS);no;LIPL;;BS12;;https://en.wikipedia.org/wiki/Ghedi_Air_Base
4360;LIPO;medium_airport;Brescia Gabriele d'Annunzio Airport;45.428902;10.3306;355;EU;IT;IT-25;Montichiari (BS);yes;LIPO;VBS;BS04;http://www.aeroportobrescia.it/en/business_t6/;https://en.wikipedia.org/wiki/Brescia_Airport
4361;LIPQ;medium_airport;Trieste–Friuli Venezia Giulia Airport;45.827499;13.4722;39;EU;IT;IT-36;Ronchi dei Legionari (GO);yes;LIPQ;TRS;GO02;http://www.aeroporto.fvg.it/;https://en.wikipedia.org/wiki/Trieste_%E2%80%93_Friuli_Venezia_Giulia_Airport
4362;LIPR;medium_airport;Federico Fellini International Airport;44.020302;12.6117;40;EU;IT;IT-45;Rimini (RN);yes;LIPR;RMI;RN01;http://www.riminiairport.com/english/;https://en.wikipedia.org/wiki/Federico_Fellini_International_Airport
4363;LIPS;medium_airport;Istrana Air Base;45.684358;12.087107;137;EU;IT;IT-34;Istrana (TV);no;LIPS;;TV16;;https://en.wikipedia.org/wiki/Istrana_Air_Base
4365;LIPU;medium_airport;Padova Gino Allegri Airfield;45.395316;11.847124;44;EU;IT;IT-34;Padova (PD);no;LIPU;;PD11;;https://en.wikipedia.org/wiki/Padua_Airport
4366;LIPX;large_airport;Verona Villafranca Valerio Catullo Airport;45.394955;10.887303;239;EU;IT;IT-34;Caselle (VR);yes;LIPX;VRN;VR10;http://www.aeroportoverona.it/;https://en.wikipedia.org/wiki/Verona_Airport
4367;LIPY;medium_airport;Marche Airport;43.616299;13.3623;49;EU;IT;IT-57;Falconara Marittima (AN);yes;LIPY;AOI;AN01;http://www.aeroportomarche.com/index.php?lang=english;https://en.wikipedia.org/wiki/Marche_Airport
4368;LIPZ;large_airport;Venice Marco Polo Airport;45.505299;12.3519;7;EU;IT;IT-34;Venezia (VE);yes;LIPZ;VCE;VE05;http://www.veniceairport.com/core/index.jsp?_requestid=37300&language=en;https://en.wikipedia.org/wiki/Venice_Marco_Polo_Airport
4369;LIQS;medium_airport;Siena-Ampugnano Airport;43.256302;11.255;634;EU;IT;IT-52;Ampugnano (SI);no;LIQS;SAY;SI01;;https://en.wikipedia.org/wiki/Siena-Ampugnano_Airport
29441;LIQW;medium_airport;Sarzana-Luni Air Base;44.088001;9.98795;45;EU;IT;IT-42;Sarzana (SP);no;LIQW;;SP01;;http://it.wikipedia.org/wiki/Aeroporto_di_Sarzana-Luni
4370;LIRA;medium_airport;Ciampino–G. B. Pastine International Airport;41.7994;12.5949;427;EU;IT;IT-62;Rome;yes;LIRA;CIA;RM12;;https://en.wikipedia.org/wiki/Ciampino%E2%80%93G._B._Pastine_International_Airport
4371;LIRE;medium_airport;Pratica Di Mare Air Base;41.654499;12.4452;41;EU;IT;IT-62;Pomezia;no;LIRE;;RM22;;https://en.wikipedia.org/wiki/Pratica_di_Mare_Air_Base
4372;LIRF;large_airport;Rome–Fiumicino Leonardo da Vinci International Airport;41.804532;12.251998;13;EU;IT;IT-62;Rome;yes;LIRF;FCO;RM11;http://www.adr.it/portal/portal/adr/Fiumicino/Leonardo_da_vinci/Header_Window?action=2;https://en.wikipedia.org/wiki/Leonardo_da_Vinci%E2%80%93Fiumicino_Airport
4373;LIRG;medium_airport;Guidonia Air Base;41.990299;12.7408;289;EU;IT;IT-62;Guidonia;no;LIRG;;RM13;;https://it.wikipedia.org/wiki/Aeroporto_di_Guidonia
4374;LIRI;medium_airport;Salerno Costa d'Amalfi Airport;40.620399;14.9113;119;EU;IT;IT-72;Salerno;no;LIRI;QSR;SA02;http://www.aeroportosalerno.it/;https://en.wikipedia.org/wiki/Salerno_Costa_d%27Amalfi_Airport
4375;LIRJ;medium_airport;Marina di Campo Airport;42.760871;10.239811;31;EU;IT;IT-52;Campo nell'Elba (LI);yes;LIRJ;EBA;LI04;;https://en.wikipedia.org/wiki/Marina_di_Campo_Airport
4376;LIRL;medium_airport;Latina Air Base;41.5424;12.909;94;EU;IT;IT-62;Latina;no;LIRL;;LT02;;https://it.wikipedia.org/wiki/Aeroporto_di_Latina
4377;LIRM;medium_airport;Grazzanise Air Base;41.060799;14.0819;29;EU;IT;IT-72;Caserta;no;LIRM;;CE07;;http://it.wikipedia.org/wiki/Aeroporto_di_Caserta-Grazzanise
4378;LIRN;large_airport;Naples International Airport;40.886002;14.2908;294;EU;IT;IT-72;Napoli;yes;LIRN;NAP;NA01;http://www.portal.gesac.it/;https://en.wikipedia.org/wiki/Naples_International_Airport
4379;LIRP;large_airport;Pisa International Airport;43.683899;10.3927;6;EU;IT;IT-52;Pisa (PI);yes;LIRP;PSA;PI05;http://www.pisa-airport.com/;https://en.wikipedia.org/wiki/Pisa_International_Airport
4380;LIRQ;medium_airport;Florence Airport, Peretola;43.808558;11.202822;142;EU;IT;IT-52;Firenze (FI);yes;LIRQ;FLR;FI04;http://www.aeroporto.firenze.it/;https://en.wikipedia.org/wiki/Florence_Airport,_Peretola
4381;LIRS;medium_airport;Grosseto Corrado Baccarini Air Base / Grosseto Airport;42.759701;11.0719;17;EU;IT;IT-52;Grosseto (GR);no;LIRS;GRS;GR06;;https://en.wikipedia.org/wiki/Grosseto_Airport
4382;LIRU;medium_airport;Rome Urbe Airport;41.952096;12.502231;55;EU;IT;IT-62;Rome;no;LIRU;;RM10;;https://en.wikipedia.org/wiki/Rome_Urbe_Airport
4383;LIRV;medium_airport;Viterbo Airport;42.430199;12.0642;992;EU;IT;IT-62;Viterbo;no;LIRV;;VT03;;https://en.wikipedia.org/wiki/Rome_Viterbo_Airport
4384;LIRZ;medium_airport;Perugia San Francesco d'Assisi – Umbria International Airport;43.095901;12.5132;697;EU;IT;IT-55;Perugia (PG);yes;LIRZ;PEG;PG10;http://www.airport.umbria.it/;https://en.wikipedia.org/wiki/Perugia_San_Francesco_d%27Assisi_%E2%80%93_Umbria_International_Airport
4385;LJCE;medium_airport;Cerklje ob Krki Air Base;45.900002;15.5302;510;EU;SI;SI-009;Cerklje ob Krki;no;LJCE;;;;https://en.wikipedia.org/wiki/Cerklje_ob_Krki_Airport
4386;LJLJ;large_airport;Ljubljana Jože Pučnik Airport;46.223701;14.4576;1273;EU;SI;SI-012;Zgornji Brnik;yes;LJLJ;LJU;;http://www.lju-airport.si/;https://en.wikipedia.org/wiki/Ljubljana_Jo%C5%BEe_Pu%C4%8Dnik_Airport
4387;LJMB;medium_airport;Maribor Edvard Rusjan Airport;46.4799;15.6861;876;EU;SI;SI-160;Orehova Vas;no;LJMB;MBX;;;https://en.wikipedia.org/wiki/Maribor_Airport
4388;LJPZ;medium_airport;Portorož Airport;45.47201;13.615951;7;EU;SI;SI-090;Sečovlje;no;LJPZ;POW;;http://www.portoroz-airport.si/;https://en.wikipedia.org/wiki/Portoro%C5%BE_Airport
4394;LKCV;medium_airport;Čáslav Air Base;49.939701;15.3818;794;EU;CZ;CZ-ST;Chotusice;no;LKCV;;;;https://cs.wikipedia.org/wiki/Leti%C5%A1t%C4%9B_%C4%8C%C3%A1slav
4397;LKKB;medium_airport;Kbely Air Base;50.121399;14.5436;939;EU;CZ;CZ-PR;Prague;no;LKKB;;;;https://en.wikipedia.org/wiki/Prague%E2%80%93Kbely_Airport
4398;LKKU;medium_airport;Kunovice Airport;49.0294;17.439699;581;EU;CZ;CZ-ZL;Uherské Hradiště;no;LKKU;UHE;;;https://en.wikipedia.org/wiki/Kunovice_Airport
4399;LKKV;medium_airport;Karlovy Vary Airport;50.202999;12.915;1989;EU;CZ;CZ-KA;Karlovy Vary;yes;LKKV;KLV;;http://www.airport-k-vary.cz/indexEN.php;https://en.wikipedia.org/wiki/Karlovy_Vary_Airport
4400;LKLN;medium_airport;Plzeň-Líně Airport;49.675201;13.2746;1188;EU;CZ;CZ-PL;Plzen;no;LKLN;;;;https://cs.wikipedia.org/wiki/Leti%C5%A1t%C4%9B_Plze%C5%88-L%C3%ADn%C4%9B
4402;LKMT;medium_airport;Ostrava Leos Janáček Airport;49.696301;18.111099;844;EU;CZ;CZ-MO;Mošnov;yes;LKMT;OSR;;http://www.airport-ostrava.cz/en/;https://en.wikipedia.org/wiki/Ostrava_Leos_Janacek_Airport
4403;LKNA;medium_airport;Náměšť Air Base;49.166272;16.123981;1548;EU;CZ;CZ-VY;Sedlec;no;LKNA;;;;https://cs.wikipedia.org/wiki/Leti%C5%A1t%C4%9B_N%C3%A1m%C4%9B%C5%A1%C5%A5
4405;LKPD;medium_airport;Pardubice Airport;50.01340103149414;15.73859977722168;741;EU;CZ;CZ-PA;Pardubice;yes;LKPD;PED;;http://www.airport-pardubice.cz/?lang=en;https://en.wikipedia.org/wiki/Pardubice_Airport
4407;LKPO;medium_airport;Přerov Air Base;49.4258;17.404699;676;EU;CZ;CZ-OL;Přerov;no;LKPO;PRV;;;https://cs.wikipedia.org/wiki/Leti%C5%A1t%C4%9B_P%C5%99erov
4408;LKPR;large_airport;Václav Havel Airport Prague;50.100874;14.259911;1247;EU;CZ;CZ-PR;Prague;yes;LKPR;PRG;;http://www.prg.aero;https://en.wikipedia.org/wiki/Václav_Havel_Airport_Prague
4409;LKTB;medium_airport;Brno-Tuřany Airport;49.15129852294922;16.694400787353516;778;EU;CZ;CZ-JM;Brno;yes;LKTB;BRQ;;http://www.airport-brno.cz/index.php?id=0&lang=en;https://en.wikipedia.org/wiki/Brno-Tu%C5%99any_Airport
4410;LKVO;medium_airport;Vodochody Airport;50.216599;14.3958;919;EU;CZ;CZ-ST;Vodochody;no;LKVO;VOD;;http://www.lkvo.cz;https://en.wikipedia.org/wiki/Vodochody_Airport
4411;LLBG;large_airport;Ben Gurion International Airport;32.011398;34.8867;135;AS;IL;IL-M;Tel Aviv;yes;LLBG;TLV;;http://www.iaa.gov.il/Rashat/en-US/Airports/BenGurion/;https://en.wikipedia.org/wiki/Ben_Gurion_International_Airport
4413;LLEK;medium_airport;Tel Nof Air Base;31.8395004272;34.8218002319;193;AS;IL;IL-M;Rehovot;no;LLEK;;;;https://en.wikipedia.org/wiki/Tel_Nof_Airbase
330388;LLER;large_airport;Ramon International Airport;29.727009;35.014116;288;AS;IL;IL-D;Eilat;yes;LLER;ETM;;;https://en.wikipedia.org/wiki/Ramon_Airport#Airlines_and_destinations
4417;LLHA;medium_airport;Haifa International Airport;32.80939865112305;35.04309844970703;28;AS;IL;IL-HA;Haifa;yes;LLHA;HFA;;http://www.iaa.gov.il/Rashat/en-US/Airports/Haifa/;https://en.wikipedia.org/wiki/Haifa_Airport
4419;LLIB;medium_airport;Rosh Pina Airport;32.980999;35.571899;884;AS;IL;IL-Z;Rosh Pina;no;LLIB;RPN;;;https://en.wikipedia.org/wiki/Rosh_Pina_Airport
4421;LLMZ;medium_airport;Bar Yehuda Airfield;31.328199;35.388599;-1266;AS;IL;IL-D;Masada;no;LLMZ;MTZ;;;https://en.wikipedia.org/wiki/Bar_Yehuda_Airfield
4422;LLNV;medium_airport;Nevatim Air Base;31.208299636799996;35.012298584;1330;AS;IL;IL-D;Beersheba;no;LLNV;VTM;;;https://en.wikipedia.org/wiki/Nevatim_Airbase
4424;LLRD;medium_airport;Ramat David Air Base;32.66510009765625;35.179500579833984;185;AS;IL;IL-Z;Haifa;no;LLRD;;;;https://en.wikipedia.org/wiki/Ramat_David_Airbase
4425;LLRM;medium_airport;Ramon Air Base;30.776100158691406;34.66669845581055;2126;AS;IL;IL-D;Beersheba;no;LLRM;MIP;;;https://en.wikipedia.org/wiki/Ramon_Airbase
4427;LMML;large_airport;Malta International Airport;35.857498;14.4775;300;EU;MT;MT-25;Valletta;yes;LMML;MLA;;http://www.maltairport.com/en/home.htm;https://en.wikipedia.org/wiki/Malta_International_Airport
4428;LOAN;medium_airport;Wiener Neustadt East Airport;47.8433;16.260099;896;EU;AT;AT-3;Wiener Neustadt;no;LOAN;;;http://www.loan-airport.at/;https://en.wikipedia.org/wiki/Wiener_Neustadt_East_Airport
4430;LOWG;medium_airport;Graz Airport;46.9911;15.4396;1115;EU;AT;AT-6;Feldkirchen bei Graz;yes;LOWG;GRZ;;http://www.flughafen-graz.at/;https://en.wikipedia.org/wiki/Graz_Airport
4431;LOWI;medium_airport;Innsbruck Airport;47.260201;11.344;1907;EU;AT;AT-7;Innsbruck;yes;LOWI;INN;;http://www.innsbruck-airport.com/;https://en.wikipedia.org/wiki/Innsbruck_Airport
4435;LOWK;medium_airport;Klagenfurt Airport;46.642502;14.3377;1472;EU;AT;AT-2;Klagenfurt am Wörthersee;yes;LOWK;KLU;;http://www.klagenfurt-airport.com/;https://en.wikipedia.org/wiki/Klagenfurt_Airport
4432;LOWL;medium_airport;Linz-Hörsching Airport / Vogler Air Base;48.2332;14.1875;980;EU;AT;AT-4;Linz;yes;LOWL;LNZ;;http://www.flughafen-linz.at/;https://en.wikipedia.org/wiki/Linz_Airport
4433;LOWS;medium_airport;Salzburg Airport;47.793301;13.0043;1411;EU;AT;AT-5;Salzburg;yes;LOWS;SZG;;http://www.salzburg-airport.com/;https://en.wikipedia.org/wiki/Salzburg_Airport
4434;LOWW;large_airport;Vienna International Airport;48.110298;16.5697;600;EU;AT;AT-9;Vienna;yes;LOWW;VIE;;http://www.viennaairport.com/en/;https://en.wikipedia.org/wiki/Vienna_International_Airport
4436;LOXZ;medium_airport;Hinterstoisser Air Base;47.202801;14.7442;2264;EU;AT;AT-6;Zeltweg;no;LOXZ;;;;https://en.wikipedia.org/wiki/Zeltweg_Air_Base
4437;LPAR;medium_airport;Alverca Air Base;38.883301;-9.0301;11;EU;PT;PT-11;Vila Franca de Xira;no;LPAR;AVR;;;https://de.wikipedia.org/wiki/Milit%C3%A4rflugplatz_Alverca
4439;LPAZ;medium_airport;Santa Maria Airport;36.97140121459961;-25.17060089111328;308;EU;PT;PT-20;Vila do Porto;yes;LPAZ;SMA;;;https://en.wikipedia.org/wiki/Santa_Maria_Airport
4440;LPBG;medium_airport;Bragança Airport;41.8578;-6.70713;2241;EU;PT;PT-04;Bragança;yes;LPBG;BGC;;;https://en.wikipedia.org/wiki/Bragan%C3%A7a_Airport
4441;LPBJ;medium_airport;Beja Airport / Airbase;38.078899;-7.9324;636;EU;PT;PT-02;Beja;no;LPBJ;BYJ;;http://www.ana.pt/en-US/Aeroportos/alentejo/Beja/Pages/BejaHomepage.aspx;https://en.wikipedia.org/wiki/Beja_Airbase
4442;LPBR;medium_airport;Braga Municipal Aerodrome;41.5871009827;-8.445139884949999;247;EU;PT;PT-03;Braga;no;LPBR;BGZ;;http://www.pelicano.com.pt/zp_braga.html;http://pt.wikipedia.org/wiki/Aer%C3%B3dromo_de_Braga
315898;LPCB;medium_airport;Aerodromo de Castelo Branco;39.847022;-7.44111;1300;EU;PT;PT-05;Castelo Branco;no;LPCB;;;;https://pt.wikipedia.org/wiki/Aer%C3%B3dromo_de_Castelo_Branco
4443;LPCO;medium_airport;Aerodromo Municipal de Coimbra;40.158758;-8.470815;587;EU;PT;PT-06;Coimbra;no;LPCO;CBP;;;https://en.wikipedia.org/wiki/Coimbra_Airport
4444;LPCS;medium_airport;Cascais Airport;38.724998;-9.35523;325;EU;PT;PT-11;Cascais;yes;LPCS;CAT;;http://aerodromo-cascais.pt/?lang=en;https://en.wikipedia.org/wiki/Cascais_Aerodrome
4446;LPEV;medium_airport;Évora Airfield;38.533501;-7.88964;807;EU;PT;PT-07;Évora;no;LPEV;;;;https://en.wikipedia.org/wiki/%C3%89vora_Airport
4447;LPFL;medium_airport;Flores Airport;39.455299377441406;-31.131399154663086;112;EU;PT;PT-20;Santa Cruz das Flores;yes;LPFL;FLW;;;https://en.wikipedia.org/wiki/Flores_Airport
4448;LPFR;large_airport;Faro Airport;37.0144004822;-7.96590995789;24;EU;PT;PT-08;Faro;yes;LPFR;FAO;;http://www.ana.pt/en-US/Aeroportos/algarve/Faro/Pages/HomeFaro.aspx;https://en.wikipedia.org/wiki/Faro_Airport_(Portugal)
4449;LPGR;medium_airport;Graciosa Airport;39.092201232910156;-28.029800415039062;86;EU;PT;PT-20;Santa Cruz da Graciosa;yes;LPGR;GRW;;;https://en.wikipedia.org/wiki/Graciosa_Airport
4450;LPHR;medium_airport;Horta Airport;38.519901275634766;-28.715900421142578;118;EU;PT;PT-20;Horta;yes;LPHR;HOR;;;https://en.wikipedia.org/wiki/Horta_Airport
4451;LPLA;medium_airport;Lajes Airport;38.761799;-27.090799;180;EU;PT;PT-20;Praia da Vitória;yes;LPLA;TER;;http://aerogarelajes.azores.gov.pt;https://en.wikipedia.org/wiki/Lajes_Field
4452;LPMA;large_airport;Madeira International Airport Cristiano Ronaldo;32.697899;-16.7745;192;EU;PT;PT-30;Funchal;yes;LPMA;FNC;;http://www.ana.pt/en-US/Aeroportos/Madeira/Funchal/Pages/default.aspx;https://en.wikipedia.org/wiki/Madeira_Airport
4453;LPMR;medium_airport;Monte Real Air Base;39.828335;-8.8875;187;EU;PT;PT-10;;no;LPMR;QLR;;;https://en.wikipedia.org/wiki/Monte_Real_Air_Base
4454;LPMT;medium_airport;Montijo Air Base;38.70929;-9.03368;46;EU;PT;PT-15;Montijo;no;LPMT;;;;https://en.wikipedia.org/wiki/Montijo_Air_Base
4455;LPOV;medium_airport;Ovar Air Base;40.915901;-8.64592;56;EU;PT;PT-01;Ovar;no;LPOV;;;;https://de.wikipedia.org/wiki/Milit%C3%A4rflugplatz_Ovar
4456;LPPD;large_airport;João Paulo II Airport;37.7411994934;-25.6979007721;259;EU;PT;PT-20;Ponta Delgada;yes;LPPD;PDL;;http://www.ana.pt/en-US/Aeroportos/acores/PontaDelgada/Pages/Homepage-PontaDelgada.aspx;https://en.wikipedia.org/wiki/Jo%C3%A3o_Paulo_II_Airport
4457;LPPI;medium_airport;Pico Airport;38.554298;-28.441299;109;EU;PT;PT-20;Pico Island;yes;LPPI;PIX;;;https://en.wikipedia.org/wiki/Pico_Airport
4458;LPPM;medium_airport;Portimão Airport;37.1493;-8.58396;5;EU;PT;PT-08;Portimão;yes;LPPM;PRM;;;https://en.wikipedia.org/wiki/Portim%C3%A3o_Airport
4459;LPPR;large_airport;Francisco de Sá Carneiro Airport;41.2481002808;-8.68138980865;228;EU;PT;PT-13;Porto;yes;LPPR;OPO;;http://www.ana.pt/en-US/Aeroportos/porto/Porto/Pages/Homepage-Porto.aspx;https://en.wikipedia.org/wiki/Francisco_S%C3%A1_Carneiro_Airport
4460;LPPS;medium_airport;Porto Santo Airport;33.0733985901;-16.3500003815;341;EU;PT;PT-30;Vila Baleira;yes;LPPS;PXO;;http://www.anam.pt/Porto-Santo-411.aspx;https://en.wikipedia.org/wiki/Porto_Santo_Airport
4461;LPPT;large_airport;Humberto Delgado Airport (Lisbon Portela Airport);38.7813;-9.13592;374;EU;PT;PT-11;Lisbon;yes;LPPT;LIS;;http://www.ana.pt/en-US/Aeroportos/lisboa/Lisboa/Pages/HomeLisboa.aspx;https://en.wikipedia.org/wiki/Lisbon_Portela_Airport
4462;LPSJ;medium_airport;São Jorge Airport;38.665501;-28.1758;311;EU;PT;PT-20;Velas;yes;LPSJ;SJZ;;;https://en.wikipedia.org/wiki/S%C3%A3o_Jorge_Airport
317032;LPSO;medium_airport;Aeródromo Municipal de Ponte de Sor;39.211559;-8.056542;390;EU;PT;PT-12;Ponte de Sor;no;LPSO;;;https://aerodromo.cm-pontedesor.pt;
4463;LPST;medium_airport;Sintra Air Base;38.8311;-9.33955;440;EU;PT;PT-11;Sintra;no;LPST;;;;https://en.wikipedia.org/wiki/Sintra_Air_Base
4464;LPTN;medium_airport;Tancos Airbase;39.475101;-8.36458;266;EU;PT;PT-14;Tancos;no;LPTN;;;;https://pt.wikipedia.org/wiki/Aer%C3%B3dromo_Militar_de_Tancos
29493;LPVL;medium_airport;Vilar de Luz Airfield;41.27729;-8.516209;762;EU;PT;PT-13;Maia;no;LPVL;;;;https://en.wikipedia.org/wiki/Maia_Airport
4465;LPVR;medium_airport;Vila Real Airport;41.2743;-7.72047;1805;EU;PT;PT-17;Vila Real;yes;LPVR;VRL;;;https://en.wikipedia.org/wiki/Vila_Real_Airport
4466;LPVZ;medium_airport;Aerodromo Goncalves Lobato (Viseu Airport);40.725498;-7.88899;2060;EU;PT;PT-18;Viseu;yes;LPVZ;VSE;;;https://en.wikipedia.org/wiki/Viseu_Airport
4467;LQBK;medium_airport;Banja Luka International Airport;44.94139862060547;17.297500610351562;400;EU;BA;BA-SRP;Banja Luka;yes;LQBK;BNX;;http://www.banjaluka-airport.com/;https://en.wikipedia.org/wiki/Banja_Luka_International_Airport
4468;LQMO;medium_airport;Mostar International Airport;43.282901763916016;17.84589958190918;156;EU;BA;BA-BIH;Mostar;yes;LQMO;OMO;;http://www.mostar-airport.ba/;https://en.wikipedia.org/wiki/Mostar_International_Airport
4469;LQSA;medium_airport;Sarajevo International Airport;43.8246;18.331499;1708;EU;BA;BA-BIH;Sarajevo;yes;LQSA;SJJ;;http://www.sarajevo-airport.ba/;https://en.wikipedia.org/wiki/Sarajevo_International_Airport
4470;LQTZ;medium_airport;Tuzla International Airport;44.458698;18.7248;784;EU;BA;BA-BIH;Dubrave Gornje;yes;LQTZ;TZL;;http://www.tuzla-airport.ba/;https://en.wikipedia.org/wiki/Tuzla_International_Airport
4471;LRAR;medium_airport;Arad International Airport;46.176601;21.261999;352;EU;RO;RO-AR;Arad;yes;LRAR;ARW;;;https://en.wikipedia.org/wiki/Arad_International_Airport
4472;LRBC;medium_airport;Bacău George Enescu International  Airport;46.5219;26.910299;607;EU;RO;RO-BC;Bacău;yes;LRBC;BCM;;http://www.bacauairport.ro/;https://en.wikipedia.org/wiki/Bac%C4%83u_International_Airport
4473;LRBM;medium_airport;Maramureș International Airport;47.658444;23.464445;605;EU;RO;RO-MM;Tăuții-Măgherăuș;yes;LRBM;BAY;;https://aimm.eu/;https://en.wikipedia.org/wiki/Maramureș_Airport
4474;LRBS;medium_airport;Bucharest Băneasa Aurel Vlaicu International Airport;44.503201;26.1021;297;EU;RO;RO-B;Bucharest;yes;LRBS;BBU;;http://www.baneasa-airport.ro/;https://en.wikipedia.org/wiki/Aurel_Vlaicu_International_Airport
4475;LRCK;medium_airport;Mihail Kogălniceanu International Airport;44.362202;28.4883;353;EU;RO;RO-CT;Mihail Kogălniceanu;yes;LRCK;CND;;;https://en.wikipedia.org/wiki/Mihail_Kog%C4%83lniceanu_International_Airport
4476;LRCL;medium_airport;Cluj Avram Iancu International Airport;46.787425;23.684292;1039;EU;RO;RO-CJ;Cluj-Napoca;yes;LRCL;CLJ;;http://www.airportcluj.ro/;https://en.wikipedia.org/wiki/Cluj_International_Airport
4477;LRCS;medium_airport;Caransebeş Airport;45.420142;22.252507;866;EU;RO;RO-CS;Caransebeş;no;LRCS;CSB;;;https://en.wikipedia.org/wiki/Caransebe%C5%9F_Airport
4478;LRCT;medium_airport;Câmpia Turzii Air Base;46.50230026245117;23.885900497436523;1083;EU;RO;RO-CJ;Câmpia Turzii;no;LRCT;;;http://www.roaf.ro/en/unitati/bz71_en.php;https://en.wikipedia.org/wiki/RoAF_71st_Air_Base
4479;LRCV;medium_airport;Craiova International Airport;44.3181;23.888599;626;EU;RO;RO-DJ;Craiova;yes;LRCV;CRA;;http://www.aeroportcraiova.ro/;https://en.wikipedia.org/wiki/Craiova_International_Airport
4480;LRIA;medium_airport;Iaşi Airport;47.180278;27.620833;411;EU;RO;RO-IS;Iaşi;yes;LRIA;IAS;;http://www.aeroport.ro/;https://en.wikipedia.org/wiki/Ia%C5%9Fi_International_Airport
4481;LROD;medium_airport;Oradea International Airport;47.025299072265625;21.90250015258789;465;EU;RO;RO-BH;Oradea;yes;LROD;OMR;;;https://en.wikipedia.org/wiki/Oradea_International_Airport
4482;LROP;large_airport;Bucharest Henri Coandă International Airport;44.572127;26.103396;314;EU;RO;RO-IF;Otopeni;yes;LROP;OTP;;http://www.bucharestairports.ro/en/;https://en.wikipedia.org/wiki/Henri_Coand%C4%83_International_Airport
333670;LROV;medium_airport;Brașov-Ghimbav International Airport;45.70558;25.522871;1740;EU;RO;RO-BV;Brașov (Ghimbav);yes;LRBV;GHV;;https://brasovairport.ro/;https://en.wikipedia.org/wiki/Brașov-Ghimbav_International_Airport
4483;LRSB;medium_airport;Sibiu International Airport;45.785841;24.086666;1496;EU;RO;RO-SB;Sibiu;yes;LRSB;SBZ;;http://www.sibiuairport.ro/;https://en.wikipedia.org/wiki/Sibiu_International_Airport
4484;LRSM;medium_airport;Satu Mare International Airport;47.7033;22.8857;405;EU;RO;RO-SM;Satu Mare;yes;LRSM;SUJ;;;https://en.wikipedia.org/wiki/Satu_Mare_International_Airport
4485;LRSV;medium_airport;Suceava Stefan cel Mare Airport;47.6875;26.35409927368164;1375;EU;RO;RO-SV;Suceava;yes;LRSV;SCV;;http://www.aeroportsuceava.ro/index_en.html;https://en.wikipedia.org/wiki/Suceava_Airport
4486;LRTC;medium_airport;Tulcea Danube Delta Airport;45.0625;28.7143;200;EU;RO;RO-TL;Mihail Kogălniceanu;no;LRTC;TCE;;;https://en.wikipedia.org/wiki/Tulcea_Airport
4487;LRTM;medium_airport;Târgu Mureş Transilvania International Airport;46.467701;24.4125;963;EU;RO;RO-MS;Recea;yes;LRTM;TGM;;https://www.aeroportultransilvania.ro/en/;https://en.wikipedia.org/wiki/T%C3%A2rgu_Mure%C5%9F_International_Airport
4488;LRTR;medium_airport;Timişoara Traian Vuia Airport;45.809898;21.3379;348;EU;RO;RO-TM;Timişoara;yes;LRTR;TSR;;http://www.aerotim.ro/;https://en.wikipedia.org/wiki/Traian_Vuia_International_Airport
4489;LSGC;medium_airport;Les Eplatures Airport;47.083900451699996;6.792840003970001;3368;EU;CH;CH-NE;La Chaux-de-Fonds;no;LSGC;;;http://www.leseplaturesairport.ch;https://en.wikipedia.org/wiki/Les_Eplatures_Airport
4490;LSGG;large_airport;Geneva Cointrin International Airport;46.238098;6.10895;1411;EU;CH;CH-GE;Geneva;yes;LSGG;GVA;;http://www.gva.ch/;https://en.wikipedia.org/wiki/Geneva_Cointrin_International_Airport
4492;LSGS;medium_airport;Sion Airport;46.219166;7.326944;1582;EU;CH;CH-VS;Sion;no;LSGS;SIR;;http://www.sionairport.ch;https://en.wikipedia.org/wiki/Sion_Airport
4493;LSMA;medium_airport;Alpnach Air Base;46.943901;8.28417;1460;EU;CH;CH-OW;Alpnach;no;LSMA;;;;https://en.wikipedia.org/wiki/Alpnach_Air_Base
4494;LSMD;medium_airport;Dübendorf Air Base;47.398602;8.64823;1470;EU;CH;CH-ZH;Zurich;no;LSMD;;;;https://en.wikipedia.org/wiki/D%C3%BCbendorf_Air_Base
4495;LSME;medium_airport;Emmen Air Base;47.092444;8.305184;1400;EU;CH;CH-LU;Emmen;no;LSME;EML;;https://saf.hermannkeist.ch/emmen.html;https://en.wikipedia.org/wiki/Milit%C3%A4rflugplatz_Emmen
4498;LSMP;medium_airport;Payerne Air Base;46.8432;6.91506;1465;EU;CH;CH-FR;Payerne;no;LSMP;VIP;;;https://en.wikipedia.org/wiki/Payerne_Airport
4502;LSZA;medium_airport;Lugano Airport;46.004299;8.91058;915;EU;CH;CH-TI;Agno;yes;LSZA;LUG;;https://www.luganoairport.ch/en/;https://en.wikipedia.org/wiki/Lugano_Airport
4503;LSZB;medium_airport;Bern Airport;46.912868;7.498512;1671;EU;CH;CH-BE;Bern;yes;LSZB;BRN;;https://www.bernairport.ch/de/;https://en.wikipedia.org/wiki/Bern_Airport
4504;LSZG;medium_airport;Grenchen Airfield;47.181599;7.41719;1411;EU;CH;CH-SO;Grenchen;no;LSZG;;;http://www.airport-grenchen.ch/;https://en.wikipedia.org/wiki/Grenchen_Airport
4505;LSZH;large_airport;Zürich Airport;47.458056;8.548056;1417;EU;CH;CH-ZH;Zurich;yes;LSZH;ZRH;;http://www.zurich-airport.com/;https://en.wikipedia.org/wiki/Zurich_Airport
4506;LSZR;medium_airport;Sankt Gallen Altenrhein Airport;47.485001;9.56077;1306;EU;CH;CH-SG;St. Gallen;yes;LSZR;ACH;;https://www.peoples.ch/lszr;https://en.wikipedia.org/wiki/St._Gallen-Altenrhein_Airport
4507;LSZS;medium_airport;Samedan Airport;46.5341;9.88411;5600;EU;CH;CH-GR;Samedan;no;LSZS;SMV;;https://www.engadin-airport.ch/;https://en.wikipedia.org/wiki/Samedan_Airport
4509;LTAC;large_airport;Esenboğa International Airport;40.128101;32.995098;3125;AS;TR;TR-06;Ankara;yes;LTAC;ESB;;https://esenbogaairport.com/;https://en.wikipedia.org/wiki/Esenbo%C4%9Fa_International_Airport
4510;LTAD;medium_airport;Etimesgut Air Base;39.949798584;32.6885986328;2653;AS;TR;TR-06;Ankara;no;LTAD;ANK;;;https://en.wikipedia.org/wiki/Etimesgut_Air_Base
4511;LTAE;medium_airport;Akıncı Air Base;40.078899383499994;32.5656013489;2767;AS;TR;TR-06;Ankara;no;LTAE;;;;https://en.wikipedia.org/wiki/Ak%C4%B1nc%C4%B1_Air_Base
4512;LTAF;medium_airport;Adana Şakirpaşa Airport;36.982201;35.280399;65;AS;TR;TR-01;Seyhan;yes;LTAF;ADA;;;https://en.wikipedia.org/wiki/Adana_%C5%9Eakirpa%C5%9Fa_Airport
4513;LTAG;medium_airport;İncirlik Air Base;37.002102;35.4259;238;AS;TR;TR-01;Sarıçam;no;LTAG;UAB;;;https://en.wikipedia.org/wiki/Incirlik_Air_Base
4514;LTAH;medium_airport;Afyon Air Base;38.726398;30.601101;3310;AS;TR;TR-03;Afyonkarahisar;no;LTAH;AFY;;;https://en.wikipedia.org/wiki/Afyon_Airport
4515;LTAI;large_airport;Antalya International Airport;36.898701;30.800501;177;AS;TR;TR-07;Antalya;yes;LTAI;AYT;;http://www.antalya.dhmi.gov.tr/havaalanlari/default.aspx?hv=4;https://en.wikipedia.org/wiki/Antalya_Airport
4516;LTAJ;medium_airport;Gaziantep International Airport;36.947201;37.478699;2315;AS;TR;TR-27;Gaziantep;yes;LTAJ;GZT;;;https://en.wikipedia.org/wiki/O%C4%9Fuzeli_Airport
30013;LTAL;medium_airport;Kastamonu Airport;41.314201;33.795799;3520;AS;TR;TR-37;Kastamonu;no;LTAL;KFS;;https://www.dhmi.gov.tr/Sayfalar/Havalimani/Kastamonu/AnaSayfa.aspx;https://en.wikipedia.org/wiki/Kastamonu_Airport
4518;LTAN;medium_airport;Konya Airport;37.979;32.561901;3392;AS;TR;TR-42;Konya;yes;LTAN;KYA;;http://www.konya.dhmi.gov.tr/havaalanlari/default.aspx?hv=28;https://en.wikipedia.org/wiki/Konya_Airport
30585;LTAS;medium_airport;Zonguldak Çaycuma Airport;41.506401;32.0886;44;AS;TR;TR-67;Zonguldak;yes;LTAS;ONQ;;;https://en.wikipedia.org/wiki/Zonguldak_Airport
4522;LTAT;medium_airport;Malatya Erhaç Airport;38.435298919699996;38.0909996033;2828;AS;TR;TR-44;Malatya;yes;LTAT;MLX;;;https://en.wikipedia.org/wiki/Erha%C3%A7_Airport
4523;LTAU;medium_airport;Kayseri Erkilet Airport;38.770401001;35.4953994751;3463;AS;TR;TR-38;Kayseri;yes;LTAU;ASR;;;https://en.wikipedia.org/wiki/Erkilet_Airport
4524;LTAV;medium_airport;Sivrihisar Airport;39.451499938964844;31.365299224853516;3185;AS;TR;TR-26;Sivrihisar;no;LTAV;;;;
4525;LTAW;medium_airport;Tokat Airport;40.32472;36.39056;1859;AS;TR;TR-60;Tokat;yes;LTAW;TJK;;;https://en.wikipedia.org/wiki/Tokat_Airport
4526;LTAY;medium_airport;Çardak Airport;37.7855987549;29.7012996674;2795;AS;TR;TR-20;Denizli;yes;LTAY;DNZ;;;https://en.wikipedia.org/wiki/%C3%87ardak_Airport
4528;LTBA;large_airport;İstanbul Atatürk Airport;40.971913;28.823714;163;EU;TR;TR-34;Bakırköy, Istanbul;yes;LTBA;ISL;;http://www.ataturkairport.com/eng/;https://en.wikipedia.org/wiki/Istanbul_Atat%C3%BCrk_Airport
4529;LTBF;medium_airport;Balıkesir Airport;39.619301;27.926001;340;AS;TR;TR-10;Balıkesir;yes;LTBF;BZI;;;https://en.wikipedia.org/wiki/Bal%C4%B1kesir_Airport
4530;LTBG;medium_airport;Bandırma Airport;40.318001;27.977699;170;AS;TR;TR-10;Bandırma;no;LTBG;BDM;;;https://en.wikipedia.org/wiki/Band%C4%B1rma_Airport
4531;LTBH;medium_airport;Çanakkale Airport;40.1376991272;26.4267997742;23;AS;TR;TR-17;Çanakkale;yes;LTBH;CKZ;;;https://en.wikipedia.org/wiki/%C3%87anakkale_Airport
4532;LTBI;medium_airport;Eskişehir Air Base;39.7840995789;30.582099914599997;2581;AS;TR;TR-26;;no;LTBI;ESK;;;https://en.wikipedia.org/wiki/Eski%C5%9Fehir_Airport
4533;LTBJ;large_airport;Adnan Menderes International Airport;38.2924;27.157;412;AS;TR;TR-35;Gaziemir;yes;LTBJ;ADB;;http://www.adnanmenderesairport.com;https://en.wikipedia.org/wiki/Adnan_Menderes_Airport
4535;LTBL;medium_airport;Çiğli Airport;38.513;27.010099;16;AS;TR;TR-35;Çiğli;no;LTBL;IGL;;;https://en.wikipedia.org/wiki/%C3%87i%C4%9Fli_Air_Base
4538;LTBO;medium_airport;Uşak Airport;38.681499;29.471701;2897;AS;TR;TR-64;Uşak;no;LTBO;USQ;;https://www.dhmi.gov.tr/Sayfalar/Havalimani/Usak/AnaSayfa.aspx;https://en.wikipedia.org/wiki/U%C5%9Fak_Airport
4540;LTBQ;medium_airport;Cengiz Topel Airport;40.735001;30.0833;182;AS;TR;TR-41;Kartepe;no;LTBQ;KCO;;;https://en.wikipedia.org/wiki/Cengiz_Topel_Naval_Air_Station
4541;LTBR;medium_airport;Bursa Yenişehir Airport;40.255199;29.562599;764;AS;TR;TR-16;Yenişehir;yes;LTBR;YEI;;;https://en.wikipedia.org/wiki/Yeni%C5%9Fehir_Airport
4542;LTBS;large_airport;Dalaman International Airport;36.7131004333;28.7924995422;20;AS;TR;TR-48;Dalaman;yes;LTBS;DLM;;;https://en.wikipedia.org/wiki/Dalaman_Airport
4543;LTBT;medium_airport;Akhisar Airport / Akhisar Air Base;38.808899;27.8339;263;AS;TR;TR-45;Akhisar;no;LTBT;;;;
4544;LTBU;medium_airport;Tekirdağ Çorlu Airport;41.13819885253906;27.919099807739258;574;EU;TR;TR-59;Çorlu;yes;LTBU;TEQ;;;https://en.wikipedia.org/wiki/Tekirda%C4%9F_%C3%87orlu_Airport
4546;LTBX;medium_airport;İstanbul Samandıra Army Air Base;40.993;29.216499;400;AS;TR;TR-34;Ümraniye, Istanbul;no;LTBX;;;;https://en.wikipedia.org/wiki/Istanbul_Samand%C4%B1ra_Army_Air_Base
4547;LTBY;medium_airport;Anadolu Airport;39.809898;30.5194;2588;AS;TR;TR-26;Eskişehir;yes;LTBY;AOE;;;https://en.wikipedia.org/wiki/Anadolu_Airport
4548;LTCA;medium_airport;Elazığ Airport;38.597974;39.28348;2927;AS;TR;TR-23;Elazığ;yes;LTCA;EZS;;;https://en.wikipedia.org/wiki/Elaz%C4%B1%C4%9F_Airport
44789;LTCB;medium_airport;Ordu–Giresun Airport;40.966872;38.085995;11;AS;TR;TR-52;Ordu;yes;LTCB;OGU;OGU;http://www.dhmi.gov.tr/havaalanlari.aspx?hv=54;https://en.wikipedia.org/wiki/Ordu%E2%80%93Giresun_Airport
4549;LTCC;medium_airport;Diyarbakır Airport;37.893902;40.201;2251;AS;TR;TR-21;Diyarbakır;yes;LTCC;DIY;;;https://en.wikipedia.org/wiki/Diyarbak%C4%B1r_Airport
4550;LTCD;medium_airport;Erzincan Airport;39.7102012634;39.527000427199994;3783;AS;TR;TR-24;Erzincan;yes;LTCD;ERC;;;https://en.wikipedia.org/wiki/Erzincan_Airport
4551;LTCE;medium_airport;Erzurum International Airport;39.956501;41.1702;5763;AS;TR;TR-25;Erzurum;yes;LTCE;ERZ;;;https://en.wikipedia.org/wiki/Erzurum_Airport
4552;LTCF;medium_airport;Kars Airport;40.562198638916016;43.1150016784668;5889;AS;TR;TR-36;Kars;yes;LTCF;KSY;;;https://en.wikipedia.org/wiki/Kars_Airport
4553;LTCG;medium_airport;Trabzon International Airport;40.995098;39.7897;104;AS;TR;TR-61;Trabzon;yes;LTCG;TZX;;;https://en.wikipedia.org/wiki/Trabzon_Airport
4555;LTCI;medium_airport;Van Ferit Melen Airport;38.46820068359375;43.332298278808594;5480;AS;TR;TR-65;Van;yes;LTCI;VAN;;;https://en.wikipedia.org/wiki/Ferit_Melen_Airport
4556;LTCJ;medium_airport;Batman Airport;37.929000854499996;41.1166000366;1822;AS;TR;TR-72;Batman;yes;LTCJ;BAL;;;https://en.wikipedia.org/wiki/Batman_Airport
4557;LTCK;medium_airport;Muş Airport;38.747798919677734;41.66120147705078;4157;AS;TR;TR-49;Muş;yes;LTCK;MSR;;;https://en.wikipedia.org/wiki/Mu%C5%9F_Airport
4558;LTCL;medium_airport;Siirt Airport;37.97890090942383;41.84040069580078;2001;AS;TR;TR-56;Siirt;no;LTCL;SXZ;;;https://en.wikipedia.org/wiki/Siirt_Airport
30418;LTCM;medium_airport;Sinop Airport;42.018313;35.071774;20;AS;TR;TR-57;Sinop;yes;LTCM;NOP;;;https://en.wikipedia.org/wiki/Sinop_Airport
4559;LTCN;medium_airport;Kahramanmaraş Airport;37.5388259888;36.9535217285;1723;AS;TR;TR-46;Kahramanmaraş;yes;LTCN;KCM;;;https://en.wikipedia.org/wiki/Kahramanmara%C5%9F_Airport
4560;LTCO;medium_airport;Ağrı Airport;39.655642;43.025742;5462;AS;TR;TR-04;Ağrı;yes;LTCO;AJI;;;https://en.wikipedia.org/wiki/A%C4%9Fr%C4%B1_Airport
4561;LTCP;medium_airport;Adıyaman Airport;37.7314;38.468899;2216;AS;TR;TR-02;Adıyaman;yes;LTCP;ADF;;;https://en.wikipedia.org/wiki/Ad%C4%B1yaman_Airport
4562;LTCR;medium_airport;Mardin Airport;37.223300933800004;40.6316986084;1729;AS;TR;TR-47;Mardin;yes;LTCR;MQM;;;https://en.wikipedia.org/wiki/Mardin_Airport
44491;LTCS;medium_airport;Şanlıurfa GAP Airport;37.445663;38.895592;2708;AS;TR;TR-63;Şanlıurfa;yes;LTCS;GNY;;http://gap.dhmi.gov.tr/havaalanlari/home.aspx?hv=36;https://en.wikipedia.org/wiki/Şanlıurfa_GAP_Airport
44790;LTCT;medium_airport;Iğdır Airport;39.976627;43.876648;3101;AS;TR;TR-76;Iğdır;yes;LTCT;IGD;;http://igdır.dhmi.gov.tr/;https://en.wikipedia.org/wiki/Iğdır_Airport
316546;LTCV;medium_airport;Şırnak Şerafettin Elçi Airport;37.3647;42.0582;2038;AS;TR;TR-73;Şırnak;yes;LTCV;NKT;;;https://en.wikipedia.org/wiki/%C5%9E%C4%B1rnak_Airport
317863;LTCW;medium_airport;Hakkari Yüksekova Airport;37.5497;44.2381;6400;AS;TR;TR-30;Hakkari;yes;LTCW;YKO;;;https://en.wikipedia.org/wiki/Hakkari_Y%C3%BCksekova_Airport
44484;LTDA;medium_airport;Hatay Airport;36.362778;36.282223;269;AS;TR;TR-31;Antakya;yes;LTDA;HTY;;;https://en.wikipedia.org/wiki/Hatay_Airport
4565;LTFC;medium_airport;Süleyman Demirel International Airport;37.8554;30.368401;2835;AS;TR;TR-32;Isparta;yes;LTFC;ISE;;http://www.dhmi.gov.tr/dosyalar/limanvemeydanlar/sdemirel/sdemirel.asp;https://en.wikipedia.org/wiki/S%C3%BCleyman_Demirel_Airport
4566;LTFD;medium_airport;Balıkesir Koca Seyit Airport;39.5546;27.0138;50;AS;TR;TR-10;Edremit;yes;LTFD;EDO;;;https://en.wikipedia.org/wiki/Bal%C4%B1kesir_Koca_Seyit_Airport
4567;LTFE;large_airport;Milas Bodrum International Airport;37.250599;27.664301;21;AS;TR;TR-48;Bodrum;yes;LTFE;BJV;;;https://en.wikipedia.org/wiki/Milas-Bodrum_Airport
44487;LTFG;medium_airport;Gazipaşa-Alanya Airport;36.299217;32.300598;92;AS;TR;TR-07;Gazipaşa;yes;LTFG;GZP;;http://www.gzpairport.com/;https://en.wikipedia.org/wiki/Gazipa%C5%9Fa_Airport
4568;LTFH;medium_airport;Samsun-Çarşamba Airport;41.26556;36.54861;18;AS;TR;TR-55;Samsun;yes;LTFH;SZF;;http://www.carsamba.dhmi.gov.tr/havaalanlari/default.aspx?hv=32;https://en.wikipedia.org/wiki/%C3%87ar%C5%9Famba_Airport
4569;LTFJ;large_airport;Istanbul Sabiha Gökçen International Airport;40.898602;29.3092;312;AS;TR;TR-34;Pendik, Istanbul;yes;LTFJ;SAW;;http://www.sgairport.com/;https://en.wikipedia.org/wiki/Istanbul_Sabiha_G%C3%B6k%C3%A7en_International_Airport
317457;LTFM;large_airport;İstanbul Airport;41.261297;28.741951;325;EU;TR;TR-34;Arnavutköy, Istanbul;yes;LTFM;IST;;http://www.igairport.com/en;https://en.wikipedia.org/wiki/Istanbul_Airport
4570;LUBL;medium_airport;Bălți International Airport;47.837666;27.781108;758;EU;MD;MD-RS;Bălți;no;LUBL;BZY;;;https://en.wikipedia.org/wiki/Bălți_International_Airport
4630;LUBM;medium_airport;Mărculești Air Base;47.862701;28.212799;312;EU;MD;MD-FR;Mărculeşti;no;LUBM;;;;https://en.wikipedia.org/wiki/Mărculești_Air_Force_Base
44412;LUCH;medium_airport;Cahul International Airport;45.8438;28.2637;652;EU;MD;MD-CH;Cahul;no;LUCH;;;;https://en.wikipedia.org/wiki/Cahul_International_Airport
4571;LUKK;medium_airport;Chişinău International Airport;46.9277;28.931;399;EU;MD;MD-CU;Chişinău;yes;LUKK;RMO;;http://www.airport.md/;https://en.wikipedia.org/wiki/Chi%C5%9Fin%C4%83u_International_Airport
31864;LUTR;medium_airport;Tiraspol Airport;46.868099;29.590599;141;EU;MD;MD-SN;Tiraspol;no;LUTR;;;;https://en.wikipedia.org/wiki/Tiraspol_Airport
4572;LWOH;medium_airport;Ohrid St. Paul the Apostle Airport;41.18;20.7423;2313;EU;MK;MK-003;Ohrid;yes;LWOH;OHD;;http://ohd.airports.com.mk/;https://en.wikipedia.org/wiki/Ohrid_Airport
4573;LWSK;large_airport;Skopje International Airport;41.958087;21.622581;781;EU;MK;MK-008;Ilinden;yes;LWSK;SKP;;http://skp.airports.com.mk/;https://en.wikipedia.org/wiki/Skopje_Airport
4574;LXGB;large_airport;Gibraltar Airport;36.151199;-5.34966;12;EU;GI;GI-U-A;Gibraltar;yes;LXGB;GIB;;https://www.gibraltarairport.gi/;https://en.wikipedia.org/wiki/Gibraltar_Airport
4610;LYBE;large_airport;Belgrade Nikola Tesla Airport;44.818401;20.309099;335;EU;RS;RS-00;Belgrade;yes;LYBE;BEG;;http://www.beg.aero/;https://en.wikipedia.org/wiki/Belgrade_Nikola_Tesla_Airport
4611;LYBT;medium_airport;Batajnica Air Base;44.935299;20.2575;265;EU;RS;RS-00;Zemun;no;LYBT;BJY;;;https://en.wikipedia.org/wiki/Batajnica_Air_Base
31872;LYKV;medium_airport;Morava Airport;43.817519;20.586662;686;EU;RS;RS-18;Kraljevo;yes;LYKV;KVO;;;https://en.wikipedia.org/wiki/Morava_Airport
4612;LYNI;medium_airport;Niš Constantine the Great Airport;43.337009;21.85451;648;EU;RS;RS-20;Niš;yes;LYNI;INI;;;https://en.wikipedia.org/wiki/Ni%C5%A1_Constantine_the_Great_Airport
4613;LYPG;large_airport;Podgorica Airport / Podgorica Golubovci Airbase;42.359402;19.2519;141;EU;ME;ME-16;Podgorica;yes;LYPG;TGD;;https://montenegroairports.com/en/podgorica-airport/;https://en.wikipedia.org/wiki/Podgorica_Airport
4615;LYTV;medium_airport;Tivat Airport;42.404701232910156;18.72330093383789;20;EU;ME;ME-19;Tivat;yes;LYTV;TIV;;http://www.montenegroairports.com/?menu=3;https://en.wikipedia.org/wiki/Tivat_Airport
4617;LZIB;large_airport;M. R. Štefánik Airport;48.1702;17.2127;436;EU;SK;SK-BL;Bratislava;yes;LZIB;BTS;;;https://en.wikipedia.org/wiki/M._R._%C5%A0tef%C3%A1nik_Airport
4618;LZKZ;medium_airport;Košice International Airport;48.663101;21.2411;755;EU;SK;SK-KI;Košice;yes;LZKZ;KSC;;;https://en.wikipedia.org/wiki/Ko%C5%A1ice_International_Airport
4619;LZMC;medium_airport;Malacky/Kuchyňa Air Base;48.402;17.118401;679;EU;SK;SK-BL;Kuchyňa;no;LZMC;;;;https://en.wikipedia.org/wiki/Malacky_Air_Base
4620;LZPP;medium_airport;Piešťany Airport;48.62519836425781;17.828399658203125;545;EU;SK;SK-TA;Piešťany;no;LZPP;PZY;;http://www.ba.psg.sk/prezenta/airport-piestany/;https://en.wikipedia.org/wiki/Pie%C5%A1%C5%A5any_Airport
4621;LZSL;medium_airport;Sliač Airport;48.63779830932617;19.13409996032715;1043;EU;SK;SK-BC;Sliač;yes;LZSL;SLD;;http://www.airportsliac.sk/home-engle.html;https://en.wikipedia.org/wiki/Slia%C4%8D_Airport
4623;LZTT;medium_airport;Poprad-Tatry Airport;49.073601;20.2411;2356;EU;SK;SK-PV;Poprad;yes;LZTT;TAT;;https://www.popradtatry.aero/;https://en.wikipedia.org/wiki/Poprad-Tatry_Airport
4624;LZZI;medium_airport;Žilina-Dolný Hričov Airport;49.233292;18.613386;1020;EU;SK;SK-ZI;Dolný Hričov;no;LZZI;ILZ;;;https://en.wikipedia.org/wiki/%C5%BDilina_Airport
4626;MBGT;medium_airport;JAGS McCartney International Airport;21.4445;-71.142303;13;NA;TC;TC-GT;Cockburn Town;yes;MBGT;GDT;;;https://en.wikipedia.org/wiki/JAGS_McCartney_International_Airport
4627;MBNC;medium_airport;North Caicos Airport;21.916094;-71.942954;10;NA;TC;TC-NC;North Caicos;yes;MBNC;NCA;;;https://en.wikipedia.org/wiki/North_Caicos_Airport
4628;MBPV;large_airport;Providenciales International Airport;21.773697;-72.268321;15;NA;TC;TC-PR;Providenciales;yes;MBPV;PLS;;;https://en.wikipedia.org/wiki/Providenciales_International_Airport
4629;MBSC;medium_airport;South Caicos Airport;21.515699;-71.528503;6;NA;TC;TC-SC;South Caicos;yes;MBSC;XSC;;;https://en.wikipedia.org/wiki/South_Caicos_Airport
4632;MDBH;medium_airport;Maria Montez International Airport;18.25149917602539;-71.12039947509766;10;NA;DO;DO-04;Barahona;yes;MDBH;BRX;;;https://en.wikipedia.org/wiki/Mar%C3%ADa_Montez_International_Airport
4633;MDCR;medium_airport;Cabo Rojo Airport;17.929000854492188;-71.6447982788086;262;NA;DO;DO-16;Cabo Rojo;no;MDCR;CBJ;;;https://en.wikipedia.org/wiki/Cabo_Rojo_Airport
30673;MDCY;medium_airport;Samaná El Catey International Airport;19.269259;-69.737405;30;NA;DO;DO-20;Samana;yes;MDCY;AZS;;;https://en.wikipedia.org/wiki/Saman%C3%A1_El_Catey_International_Airport
4634;MDJB;medium_airport;La Isabela International Airport;18.572500228881836;-69.98560333251953;98;NA;DO;DO-01;La Isabela;yes;MDJB;JBQ;;;https://en.wikipedia.org/wiki/La_Isabela_International_Airport
4635;MDLR;large_airport;Casa De Campo International Airport;18.452222;-68.911111;213;NA;DO;DO-12;La Romana;yes;MDLR;LRM;;http://romanaairport.com;https://en.wikipedia.org/wiki/La_Romana_International_Airport
4636;MDPC;large_airport;Punta Cana International Airport;18.5674;-68.363403;47;NA;DO;DO-11;Punta Cana;yes;MDPC;PUJ;;https://www.puntacanainternationalairport.com/;https://en.wikipedia.org/wiki/Punta_Cana_International_Airport
4637;MDPP;medium_airport;Gregorio Luperon International Airport;19.7579;-70.57;15;NA;DO;DO-18;Puerto Plata;yes;MDPP;POP;;https://aeropuertopuertoplata.com/?q=en;https://en.wikipedia.org/wiki/Gregorio_Luper%C3%B3n_International_Airport
4638;MDSD;large_airport;Las Américas International Airport;18.42970085144;-69.668899536133;59;NA;DO;DO-01;Santo Domingo;yes;MDSD;SDQ;;http://www.aerodom.com/app/do/lasamericas.aspx;https://en.wikipedia.org/wiki/Las_Am%C3%A9ricas_International_Airport
4639;MDSI;medium_airport;San Isidro Air Base;18.503700256347656;-69.76170349121094;111;NA;DO;DO-01;San Isidro;no;MDSI;;;;https://en.wikipedia.org/wiki/San_Isidro_Air_Base
4640;MDST;medium_airport;Cibao International Airport;19.406099319458008;-70.60469818115234;565;NA;DO;DO-25;Santiago;yes;MDST;STI;;;https://en.wikipedia.org/wiki/Cibao_International_Airport
4643;MGCB;medium_airport;Coban Airport;15.469;-90.4067;4339;NA;GT;GT-AV;Coban;no;MGCB;CBV;;;https://en.wikipedia.org/wiki/Cob%C3%A1n_Airport
4644;MGGT;large_airport;La Aurora Airport;14.5833;-90.527496;4952;NA;GT;GT-GU;Guatemala City;yes;MGGT;GUA;;;https://en.wikipedia.org/wiki/La_Aurora_International_Airport
4645;MGPB;medium_airport;Puerto Barrios Airport;15.7309;-88.583801;33;NA;GT;GT-IZ;Puerto Barrios;yes;MGPB;PBR;;;https://en.wikipedia.org/wiki/Puerto_Barrios_Airport
4646;MGRB;medium_airport;Rubelsanto Airport;15.992;-90.445297;426;NA;GT;GT-AV;Rubelsanto;no;MGRB;RUV;;;https://en.wikipedia.org/wiki/Rubelsanto_Airport
4647;MGRT;medium_airport;Retalhuleu Airport;14.521431;-91.697001;656;NA;GT;GT-RE;Retalhuleu;no;MGRT;RER;;;https://en.wikipedia.org/wiki/Retalhuleu_Airport
4648;MGSJ;medium_airport;San José Airport;13.936200141899999;-90.83580017090001;29;NA;GT;GT-ES;Puerto San José;yes;MGSJ;GSJ;;;https://en.wikipedia.org/wiki/San_Jos%C3%A9_Airport
4649;MGTK;medium_airport;Mundo Maya International Airport;16.913799;-89.866402;427;NA;GT;GT-PE;San Benito;yes;MGMM;FRS;;;https://en.wikipedia.org/wiki/Mundo_Maya_International_Airport
4660;MHLC;medium_airport;Goloson International Airport;15.7425;-86.852997;39;NA;HN;HN-AT;La Ceiba;yes;MHLC;LCE;;;https://en.wikipedia.org/wiki/Golos%C3%B3n_International_Airport
4661;MHLM;medium_airport;Ramón Villeda Morales International Airport;15.4526;-87.923599;91;NA;HN;HN-CR;San Pedro Sula;yes;MHLM;SAP;;;https://en.wikipedia.org/wiki/Ram%C3%B3n_Villeda_Morales_International_Airport
4662;MHNJ;medium_airport;La Laguna Airport;16.4454;-85.906601;49;NA;HN;HN-IB;Guanaja;yes;MHNJ;GJA;;;https://en.wikipedia.org/wiki/Guanaja_Airport
4663;MHRO;medium_airport;Juan Manuel Gálvez International Airport;16.316799;-86.523003;39;NA;HN;HN-IB;Coxen Hole;yes;MHRO;RTB;;;https://en.wikipedia.org/wiki/Juan_Manuel_G%C3%A1lvez_International_Airport
4664;MHSC;medium_airport;Palmerola International Airport / José Enrique Soto Cano Air Base;14.3824;-87.621201;2061;NA;HN;HN-CM;Palmerola;yes;MHPR;XPL;;;https://en.wikipedia.org/wiki/Comayagua_International_Airport
4665;MHTE;medium_airport;Tela Airport;15.7759;-87.4758;7;NA;HN;HN-AT;Tela;no;MHTE;TEA;;;https://en.wikipedia.org/wiki/Tela_Airport
4666;MHTG;medium_airport;Toncontín International Airport;14.0609;-87.217201;3294;NA;HN;HN-FM;Tegucigalpa;yes;MHTG;TGU;;;https://en.wikipedia.org/wiki/Toncont%C3%ADn_International_Airport
4667;MHTJ;medium_airport;Trujillo Airport;15.926599;-85.938573;3;NA;HN;HN-CL;Trujillo;no;MHTJ;TJI;;;https://en.wikipedia.org/wiki/Trujillo_Airport
4679;MKBS;medium_airport;Ian Fleming International Airport;18.404079;-76.969754;90;NA;JM;JM-05;Boscobel;yes;MKBS;OCJ;;http://www.aaj.com.jm/ourairports/index.php#boscobel;https://en.wikipedia.org/wiki/Ian_Fleming_International_Airport
4680;MKJP;large_airport;Norman Manley International Airport;17.935699462890625;-76.7874984741211;10;NA;JM;JM-01;Kingston;yes;MKJP;KIN;;;https://en.wikipedia.org/wiki/Norman_Manley_International_Airport
4681;MKJS;medium_airport;Sangster International Airport;18.5037;-77.913399;4;NA;JM;JM-08;Montego Bay;yes;MKJS;MBJ;;https://www.mbjairport.com/;https://en.wikipedia.org/wiki/Sangster_International_Airport
4682;MKKJ;medium_airport;Ken Jones Airport;18.1987991333;-76.53450012210001;20;NA;JM;JM-04;Ken Jones;no;MKKJ;POT;;;https://en.wikipedia.org/wiki/Ken_Jones_Aerodrome
4683;MKTP;medium_airport;Tinson Pen Airport;17.98859977722168;-76.82379913330078;16;NA;JM;JM-02;Tinson Pen;yes;MKTP;KTP;;;https://en.wikipedia.org/wiki/Tinson_Pen_Airport
4688;MMAA;medium_airport;Aeropuerto Internacional Juan N. Álvarez;16.757126;-99.753113;16;NA;MX;MX-GRO;Ciudad de Acapulco;yes;MMAA;ACA;;;https://en.wikipedia.org/wiki/General_Juan_N._%C3%81lvarez_International_Airport
4690;MMAN;medium_airport;Del Norte International Airport;25.865601;-100.237;1476;NA;MX;MX-NLE;Monterrey;no;MMAN;NTR;ADN;;https://en.wikipedia.org/wiki/Del_Norte_International_Airport
4691;MMAS;medium_airport;Aeropuerto Internacional Jesús Terán Peredo;21.699589;-102.318372;6112;NA;MX;MX-AGU;Aguascalientes;yes;MMAS;AGU;;https://www.aeropuertosgap.com.mx/es/aguascalientes.html;https://en.wikipedia.org/wiki/Lic._Jes%C3%BAs_Ter%C3%A1n_Peredo_International_Airport
4692;MMBT;medium_airport;Bahías de Huatulco International Airport;15.774909;-96.260319;464;NA;MX;MX-OAX;Huatulco;yes;MMBT;HUX;HU1;;https://en.wikipedia.org/wiki/Bah%C3%ADas_de_Huatulco_International_Airport
4693;MMCB;medium_airport;Aeropuerto Internacional Mariano Matamoros;18.833922;-99.261818;4277;NA;MX;MX-MOR;Temixco;no;MMCB;CVJ;;;https://en.wikipedia.org/wiki/General_Mariano_Matamoros_Airport
4694;MMCE;medium_airport;Ciudad del Carmen International Airport;18.65369987487793;-91.79900360107422;10;NA;MX;MX-CAM;Ciudad del Carmen;yes;MMCE;CME;;;https://en.wikipedia.org/wiki/Ciudad_del_Carmen_International_Airport
4697;MMCL;medium_airport;Bachigualato Federal International Airport;24.76504;-107.475228;108;NA;MX;MX-SIN;Culiacán;yes;MMCL;CUL;;;https://en.wikipedia.org/wiki/Bachigualato_Federal_International_Airport
4698;MMCM;medium_airport;Aeropuerto Internacional de Chetumal;18.5047;-88.326797;39;NA;MX;MX-ROO;Chetumal;yes;MMCM;CTM;;http://chetumal.asa.gob.mx/wb/webasa/chetumal_aeropuertos;https://en.wikipedia.org/wiki/Chetumal_International_Airport
4699;MMCN;medium_airport;Ciudad Obregón International Airport;27.39259910583496;-109.83300018310547;243;NA;MX;MX-SON;Ciudad Obregón;yes;MMCN;CEN;;http://obregon.asa.gob.mx/wb/webasa/obregon_aeropuertos;https://en.wikipedia.org/wiki/Ciudad_Obreg%C3%B3n_International_Airport
4700;MMCP;medium_airport;Ingeniero Alberto Acuña Ongay International Airport;19.816799163800003;-90.5002975464;34;NA;MX;MX-CAM;Campeche;yes;MMCP;CPE;;;https://en.wikipedia.org/wiki/Ing._Alberto_Acu%C3%B1a_Ongay_International_Airport
4701;MMCS;medium_airport;Abraham González International Airport;31.63610076904297;-106.42900085449219;3904;NA;MX;MX-CHH;Ciudad Juárez;yes;MMCS;CJS;;;https://en.wikipedia.org/wiki/Abraham_Gonz%C3%A1lez_International_Airport
4703;MMCU;medium_airport;General Roberto Fierro Villalobos International Airport;28.702899932900003;-105.964996338;4462;NA;MX;MX-CHH;Chihuahua;yes;MMCU;CUU;;;https://en.wikipedia.org/wiki/General_Roberto_Fierro_Villalobos_International_Airport
4704;MMCV;medium_airport;General Pedro Jose Mendez International Airport;23.7033004761;-98.9564971924;761;NA;MX;MX-TAM;Ciudad Victoria;yes;MMCV;CVM;;;https://en.wikipedia.org/wiki/General_Pedro_J._M%C3%A9ndez_International_Airport
4705;MMCY;medium_airport;Aeropuerto Nacional Captain Rogelio Castillo;20.545687;-100.886722;5709;NA;MX;MX-GUA;Celaya;no;MMCY;CYW;CYA;;https://en.wikipedia.org/wiki/Captain_Rogelio_Castillo_National_Airport
4706;MMCZ;large_airport;Aeropuerto Internacional de Cozumel;20.511425;-86.930287;15;NA;MX;MX-ROO;Ciudad de Cozumel;yes;MMCZ;CZM;;http://www.asur.com.mx/;https://en.wikipedia.org/wiki/Cozumel_International_Airport
4707;MMDO;large_airport;Aeropuerto Internacional General Guadalupe Victoria;24.125908;-104.533904;6104;NA;MX;MX-DUR;Ciudad de Durango;yes;MMDO;DGO;;;https://en.wikipedia.org/wiki/General_Guadalupe_Victoria_International_Airport
4708;MMEP;medium_airport;Amado Nervo National Airport;21.419833;-104.842472;3020;NA;MX;MX-NAY;Tepic;yes;MMEP;TPQ;TNY;http://tepic.asa.gob.mx/wb/webasa/tepic_aeropuertos;https://en.wikipedia.org/wiki/Amado_Nervo_National_Airport
4710;MMGL;large_airport;Guadalajara International Airport;20.523342;-103.310108;5016;NA;MX;MX-JAL;Guadalajara;yes;MMGL;GDL;GDL;https://www.aeropuertosgap.com.mx/es/guadalajara;https://en.wikipedia.org/wiki/Don_Miguel_Hidalgo_y_Costilla_International_Airport
4711;MMGM;medium_airport;General José María Yáñez International Airport;27.9689998626709;-110.92500305175781;59;NA;MX;MX-SON;Guaymas;yes;MMGM;GYM;;http://guaymas.asa.gob.mx/wb/webasa/guaymas_aeropuertos;https://en.wikipedia.org/wiki/General_Jos%C3%A9_Mar%C3%ADa_Y%C3%A1%C3%B1ez_International_Airport
4713;MMHO;medium_airport;General Ignacio P. Garcia International Airport;29.093527;-111.049891;627;NA;MX;MX-SON;Hermosillo;yes;MMHO;HMO;;;https://en.wikipedia.org/wiki/General_Ignacio_Pesqueira_Garcia_International_Airport
4714;MMIA;medium_airport;Aeropuerto Internacional Licenciado Miguel de la Madrid;19.277;-103.577002;2467;NA;MX;MX-COL;Colima;yes;MMIA;CLQ;COL;;https://en.wikipedia.org/wiki/Lic._Miguel_de_la_Madrid_Airport
4716;MMIO;medium_airport;Plan De Guadalupe International Airport;25.544145;-100.930195;4778;NA;MX;MX-COA;Saltillo;no;MMIO;SLW;;;https://en.wikipedia.org/wiki/Plan_de_Guadalupe_International_Airport
4717;MMIT;medium_airport;Aeropuerto Nacional General Antonio Cárdenas Rodríguez;16.438915;-95.090328;164;NA;MX;MX-OAX;Ixtepec;yes;MMIT;IZT;;;https://en.wikipedia.org/wiki/Ixtepec_Airport
4718;MMJA;medium_airport;El Lencero Airport;19.4751;-96.797501;3127;NA;MX;MX-VER;Xalapa;no;MMJA;JAL;;;https://en.wikipedia.org/wiki/El_Lencero_Airport
4720;MMLC;medium_airport;Lázaro Cárdenas Airport;18.001672;-102.220316;39;NA;MX;MX-MIC;Lázaro Cárdenas;no;MMLC;LZC;;;https://en.wikipedia.org/wiki/L%C3%A1zaro_C%C3%A1rdenas_Airport
4721;MMLM;medium_airport;Valle del Fuerte International Airport;25.685447;-109.081055;16;NA;MX;MX-SIN;Los Mochis;yes;MMLM;LMM;;http://aeropuertosgap.com.mx/english/index-site.html;https://en.wikipedia.org/wiki/Federal_del_Valle_del_Fuerte_International_Airport
4722;MMLO;medium_airport;Aeropuerto Internacional del Bajío;20.992695;-101.480284;5956;NA;MX;MX-GUA;Silao;yes;MMLO;BJX;BJ1;;https://en.wikipedia.org/wiki/Del_Baj%C3%ADo_International_Airport
4723;MMLP;medium_airport;Manuel Márquez de León International Airport;24.072700500499998;-110.361999512;69;NA;MX;MX-BCS;La Paz;yes;MMLP;LAP;;http://aeropuertosgap.com.mx/aeropuertos/lapaz?lang=eng;https://en.wikipedia.org/wiki/Manuel_M%C3%A1rquez_de_Le%C3%B3n_International_Airport
4724;MMLT;medium_airport;Loreto International Airport;25.989200592041016;-111.3479995727539;34;NA;MX;MX-BCS;Loreto;yes;MMLT;LTO;;;https://en.wikipedia.org/wiki/Loreto_International_Airport
4725;MMMA;medium_airport;General Servando Canales International Airport;25.7698993683;-97.5252990723;25;NA;MX;MX-TAM;Matamoros;yes;MMMA;MAM;;;https://en.wikipedia.org/wiki/General_Servando_Canales_International_Airport
4726;MMMD;large_airport;Aeropuerto Internacional Manuel Crescencio Rejón;20.933384;-89.662621;38;NA;MX;MX-YUC;Ciudad de Mérida;yes;MMMD;MID;;;https://en.wikipedia.org/wiki/Manuel_Crescencio_Rej%C3%B3n_International_Airport
4727;MMML;medium_airport;Aeropuerto Internacional Gral. Rodolfo Sánchez Taboada;32.630629;-115.242805;74;NA;MX;MX-BCN;Mexicali;yes;MMML;MXL;M1L;http://aeropuertosgap.com.mx/aeropuertos/mexicali?lang=eng;https://en.wikipedia.org/wiki/General_Rodolfo_S%C3%A1nchez_Taboada_International_Airport
4728;MMMM;medium_airport;General Francisco J. Mujica International Airport;19.849899;-101.025002;6033;NA;MX;MX-MIC;Morelia;yes;MMMM;MLM;;;https://en.wikipedia.org/wiki/General_Francisco_J._Mujica_International_Airport
4729;MMMT;medium_airport;Minatitlán/Coatzacoalcos International Airport;18.103399;-94.580704;36;NA;MX;MX-VER;Cosoleacaque;yes;MMMT;MTT;;http://www.asur.com.mx/asur/ingles/aeropuertos/minatitlan/minatitlan.asp;https://en.wikipedia.org/wiki/Minatitl%C3%A1n/Coatzacoalcos_International_Airport
4730;MMMV;medium_airport;Monclova International Airport;26.9557;-101.470001;1864;NA;MX;MX-COA;Monclova;no;MMMV;LOV;MOV;;https://en.wikipedia.org/wiki/Venustiano_Carranza_International_Airport
4731;MMMX;large_airport;Benito Juárez International Airport;19.435137;-99.071328;7316;NA;MX;MX-DIF;Ciudad de México;yes;MMMX;MEX;ME1;https://www.aicm.com.mx;https://en.wikipedia.org/wiki/Mexico_City_International_Airport
4732;MMMY;large_airport;Monterrey International Airport;25.778521;-100.106989;1278;NA;MX;MX-NLE;Monterrey;yes;MMMY;MTY;;https://aeropuertomonterrey.oma.aero/es/;https://en.wikipedia.org/wiki/General_Mariano_Escobedo_International_Airport
4733;MMMZ;large_airport;General Rafael Buelna International Airport;23.161474;-106.264572;38;NA;MX;MX-SIN;Mazatlàn;yes;MMMZ;MZT;;;https://en.wikipedia.org/wiki/Mazatl%C3%A1n_International_Airport
4735;MMNL;medium_airport;Quetzalcóatl International Airport;27.443899;-99.570503;484;NA;MX;MX-TAM;Nuevo Laredo;yes;MMNL;NLD;;;https://en.wikipedia.org/wiki/Quetzalc%C3%B3atl_International_Airport
4736;MMOX;medium_airport;Aeropuerto Internacional Xoxocotlán;17.000814;-96.72197;4989;NA;MX;MX-OAX;Oaxaca;yes;MMOX;OAX;;http://www.asur.com.mx/asur/ingles/aeropuertos/oaxaca/oaxaca.asp;https://en.wikipedia.org/wiki/Xoxocotl%C3%A1n_International_Airport
4737;MMPA;medium_airport;El Tajín National Airport;20.6026992798;-97.46080017090001;497;NA;MX;MX-VER;Poza Rica;yes;MMPA;PAZ;;;https://en.wikipedia.org/wiki/El_Taj%C3%ADn_National_Airport
4738;MMPB;medium_airport;Aeropuerto Internacional Hermanos Serdán;19.158465;-98.371582;7361;NA;MX;MX-PUE;Puebla;yes;MMPB;PBC;;http://www.aeropuertopuebla.com/;https://en.wikipedia.org/wiki/Hermanos_Serd%C3%A1n_International_Airport
4741;MMPG;medium_airport;Piedras Negras International Airport;28.627873;-100.53524;901;NA;MX;MX-COA;Piedras Negras;yes;MMPG;PDS;PNG;;https://en.wikipedia.org/wiki/Piedras_Negras_International_Airport
4742;MMPN;medium_airport;Uruapan - Licenciado y General Ignacio Lopez Rayon International Airport;19.3967;-102.039001;5258;NA;MX;MX-MIC;Uruapan;yes;MMPN;UPN;;;https://en.wikipedia.org/wiki/Uruapan_International_Airport
4745;MMPR;large_airport;Puerto Vallarta International Airport;20.679913;-105.254391;23;NA;MX;MX-JAL;Puerto Vallarta;yes;MMPR;PVR;;https://thepuertovallartaairport.com/;https://en.wikipedia.org/wiki/Lic._Gustavo_D%C3%ADaz_Ordaz_International_Airport
4746;MMPS;medium_airport;Aeropuerto Internacional de Puerto Escondido;15.874859;-97.091868;294;NA;MX;MX-OAX;Puerto Escondido;yes;MMPS;PXM;P1M;;https://en.wikipedia.org/wiki/Puerto_Escondido_International_Airport
4747;MMQT;medium_airport;Querétaro Intercontinental Airport;20.6173;-100.185997;6296;NA;MX;MX-QUE;Querétaro;yes;MMQT;QRO;QET;http://www.aiq.com.mx/;https://en.wikipedia.org/wiki/Quer%C3%A9taro_International_Airport
4748;MMRX;medium_airport;General Lucio Blanco International Airport;26.0089;-98.2285;139;NA;MX;MX-TAM;Reynosa;yes;MMRX;REX;REI;;https://en.wikipedia.org/wiki/General_Lucio_Blanco_International_Airport
4750;MMSD;large_airport;Aeropuerto Internacional de Los Cabos;23.151919;-109.720731;374;NA;MX;MX-BCS;San José del Cabo;yes;MMSD;SJD;;https://www.loscabosairport.com/;https://en.wikipedia.org/wiki/Los_Cabos_International_Airport
4751;MMSF;large_airport;Aeropuerto Internacional San Felipe;30.931996;-114.80847;148;NA;MX;MX-BCN;Mexicali;no;MMSF;SFH;SFE;;https://en.wikipedia.org/wiki/San_Felipe_International_Airport
4869;MMSL;medium_airport;Cabo San Lucas International Airport;22.948211;-109.938155;459;NA;MX;MX-BCS;Cabo San Lucas;yes;MMSL;;CSL;https://www.cabosanlucas.net/fast-facts/cabo-san-lucas-airport;https://en.wikipedia.org/wiki/Cabo_San_Lucas_International_Airport
31923;MMSM;large_airport;Aeropuerto Internacional General Felipe Ángeles;19.7357;-99.0257;7369;NA;MX;MX-MEX;Mexico City;yes;MMSM;NLU;SLM;https://www.gob.mx/nuevoaeropuertofelipeangeles;https://en.wikipedia.org/wiki/Mexico_City_Santa_Lucía_Airport
4752;MMSP;medium_airport;Ponciano Arriaga International Airport;22.254299163800003;-100.930999756;6035;NA;MX;MX-SLP;San Luis Potosí;yes;MMSP;SLP;;;https://en.wikipedia.org/wiki/Ponciano_Arriaga_International_Airport
4754;MMTB;medium_airport;Terán Air Base;16.739901;-93.173301;1909;NA;MX;MX-CHP;Tuxtla Gutiérrez;no;MMTB;;TGM;;http://es.wikipedia.org/wiki/Base_A%C3%A9rea_No._6_Ter%C3%A1n
4755;MMTC;medium_airport;Francisco Sarabia Tinoco International Airport;25.5683;-103.411003;3688;NA;MX;MX-COA;Torreón;yes;MMTC;TRC;;;https://en.wikipedia.org/wiki/Francisco_Sarabia_International_Airport
43048;MMTG;medium_airport;Angel Albino Corzo International Airport;16.5636005402;-93.02249908450001;1499;NA;MX;MX-CHP;Tuxtla Gutiérrez;yes;MMTG;TGZ;TGZ;http://www.chiapas.aero/index.html;https://en.wikipedia.org/wiki/Angel_Albino_Corzo_International_Airport
4757;MMTJ;large_airport;Aeropuerto Internacional Gral. Abelardo Rodriguez;32.545963;-116.975856;489;NA;MX;MX-BCN;Ciudad de Tijuana;yes;MMTJ;TIJ;;http://aeropuertosgap.com.mx/english/airports/tijuana-airport;https://en.wikipedia.org/wiki/General_Abelardo_L._Rodr%C3%ADguez_International_Airport
520012;MMTL;medium_airport;Felipe Carrillo Puerto International Airport;20.172098;-87.660272;66;NA;MX;MX-ROO;Tulum;yes;MMTL;TQO;;https://aitulum.com/en;https://en.wikipedia.org/wiki/Tulum_International_Airport
4758;MMTM;medium_airport;General Francisco Javier Mina International Airport;22.2964000702;-97.8658981323;80;NA;MX;MX-TAM;Tampico;yes;MMTM;TAM;;;https://en.wikipedia.org/wiki/General_Francisco_Javier_Mina_International_Airport
4760;MMTO;medium_airport;Adolfo López Mateos International Airport;19.3369;-99.56583;8466;NA;MX;MX-MEX;Toluca;yes;MMTO;TLC;;;https://en.wikipedia.org/wiki/Lic._Adolfo_L%C3%B3pez_Mateos_International_Airport
4761;MMTP;medium_airport;Aeropuerto Internacional de Tapachula;14.790371;-92.36883;97;NA;MX;MX-CHP;Tapachula;yes;MMTP;TAP;;http://www.asur.com.mx/asur/Ingles/aeropuertos/tapachula/tapachula.asp;https://en.wikipedia.org/wiki/Tapachula_International_Airport
4762;MMUN;large_airport;Aeropuerto Internacional de Cancún;21.039444;-86.874304;22;NA;MX;MX-ROO;Cancún;yes;MMUN;CUN;;http://www.asur.com.mx/asur/ingles/aeropuertos/cancun/cancun.asp;https://en.wikipedia.org/wiki/Canc%C3%BAn_International_Airport
4763;MMVA;medium_airport;Carlos Rovirosa Pérez International Airport;17.996999740600586;-92.81739807128906;46;NA;MX;MX-TAB;Villahermosa;yes;MMVA;VSA;;;https://en.wikipedia.org/wiki/Carlos_Rovirosa_P%C3%A9rez_International_Airport
4764;MMVR;medium_airport;General Heriberto Jara International Airport;19.1459007263;-96.1873016357;90;NA;MX;MX-VER;Veracruz;yes;MMVR;VER;;http://www.asur.com.mx/asur/ingles/aeropuertos/veracruz/veracruz.asp;https://en.wikipedia.org/wiki/General_Heriberto_Jara_International_Airport
4765;MMZC;medium_airport;Aeropuerto Internacional General Leobardo C. Ruiz;22.8971;-102.686996;7141;NA;MX;MX-ZAC;Zacatecas;yes;MMZC;ZCL;;http://www.oma.aero/es/aeropuertos/zacatecas/;https://en.wikipedia.org/wiki/General_Leobardo_C._Ruiz_International_Airport
4766;MMZH;medium_airport;Aeropuerto Internacional de Zihuatanejo;17.601771;-101.460629;26;NA;MX;MX-GRO;Ixtapa;yes;MMZH;ZIH;;;https://en.wikipedia.org/wiki/Ixtapa-Zihuatanejo_International_Airport
4768;MMZO;medium_airport;Aeropuerto Internacional Playa de Oro;19.1448;-104.558998;30;NA;MX;MX-COL;Manzanillo;yes;MMZO;ZLO;;http://manzanillo.aeropuertosgap.com.mx/index.php?lang=eng;https://en.wikipedia.org/wiki/Playa_de_Oro_International_Airport
4770;MNBL;medium_airport;Bluefields Airport;11.991;-83.774101;20;NA;NI;NI-AS;Bluefileds;yes;MNBL;BEF;;;https://en.wikipedia.org/wiki/Bluefields_Airport
4774;MNMG;medium_airport;Augusto C. Sandino (Managua) International Airport;12.141500473022461;-86.16819763183594;194;NA;NI;NI-MN;Managua;yes;MNMG;MGA;;;https://en.wikipedia.org/wiki/Augusto_C._Sandino_International_Airport
4776;MNPC;medium_airport;Puerto Cabezas Airport;14.047200202941895;-83.38670349121094;52;NA;NI;NI-AN;Puerto Cabezas;yes;MNPC;PUZ;;;https://en.wikipedia.org/wiki/Puerto_Cabezas_Airport
4786;MPBO;medium_airport;Bocas del Toro International Airport;9.34085;-82.250801;10;NA;PA;PA-1;Isla Colón;yes;MPBO;BOC;;;https://en.wikipedia.org/wiki/Bocas_del_Toro_%22Isla_Colón%22_International_Airport
4787;MPCE;medium_airport;Alonso Valderrama Airport;7.98784;-80.409837;33;NA;PA;PA-6;Chitré;yes;MPCE;CTD;;;https://en.wikipedia.org/wiki/Chitré_Alonso_Valderrama_Airport
4788;MPCH;medium_airport;Changuinola Captain Manuel Niño International Airport;9.458962;-82.515062;19;NA;PA;PA-1;Changuinola;yes;MPCH;CHX;;;https://en.wikipedia.org/wiki/Changuinola_%22Capit%C3%A1n_Manuel_Ni%C3%B1o%22_International_Airport
4789;MPDA;medium_airport;Enrique Malek International Airport;8.391;-82.434998;89;NA;PA;PA-4;David;yes;MPDA;DAV;;;https://en.wikipedia.org/wiki/Enrique_Malek_International_Airport
4790;MPEJ;medium_airport;Enrique Adolfo Jimenez Airport;9.35664;-79.867401;25;NA;PA;PA-3;Colón;yes;MPEJ;ONX;;;https://en.wikipedia.org/wiki/Enrique_Adolfo_Jim%C3%A9nez_Airport
4791;MPMG;medium_airport;Marcos A. Gelabert International Airport;8.97334;-79.555603;31;NA;PA;PA-8;Albrook;yes;MPMG;PAC;;;https://en.wikipedia.org/wiki/Albrook_%22Marcos_A._Gelabert%22_International_Airport
4792;MPSA;medium_airport;Ruben Cantu Airport;8.085599899291992;-80.94529724121094;272;NA;PA;PA-9;Santiago;no;MPSA;SYP;;;https://en.wikipedia.org/wiki/Ruben_Cantu_Airport
4793;MPTO;large_airport;Tocumen International Airport;9.07136;-79.383499;135;NA;PA;PA-8;Tocumen;yes;MPTO;PTY;;https://www.tocumenpanama.aero/;https://en.wikipedia.org/wiki/Tocumen_International_Airport
4795;MRAO;medium_airport;Aerotortuguero Airport;10.42;-83.6095;92;NA;CR;CR-L;Roxana;yes;MRAO;;;;
4796;MRBA;medium_airport;Buenos Aires Airport;9.163949;-83.330171;1214;NA;CR;CR-P;Punta Arenas;no;MRBA;BAI;;;https://en.wikipedia.org/wiki/Buenos_Aires_Airport_(Costa_Rica)
4797;MRBC;medium_airport;Barra del Colorado Airport;10.7687;-83.585602;3;NA;CR;CR-L;Pococi;no;MRBC;BCL;;;https://en.wikipedia.org/wiki/Barra_del_Colorado_Airport
4798;MRCC;medium_airport;Coto 47 Airport;8.60156;-82.968754;26;NA;CR;CR-P;Corredores;no;MRCC;OTR;;;https://en.wikipedia.org/wiki/Coto_47_Airport
4804;MRGF;medium_airport;Golfito Airport;8.65401;-83.182198;49;NA;CR;CR-P;Golfito;yes;MRGF;GLF;;;https://en.wikipedia.org/wiki/Golfito_Airport
4805;MRGP;medium_airport;Guapiles Airport;10.2172002792;-83.79699707030001;883;NA;CR;CR-L;Pococi;no;MRGP;GPL;;;https://en.wikipedia.org/wiki/Gu%C3%A1piles_Airport
4806;MRLB;large_airport;Guanacaste Airport;10.5933;-85.544403;270;NA;CR;CR-G;Liberia;yes;MRLB;LIR;;;https://en.wikipedia.org/wiki/Daniel_Oduber_Quir%C3%B3s_International_Airport
4807;MRLC;medium_airport;Los Chiles Airport;11.0353;-84.7061;131;NA;CR;CR-A;Los Chiles;no;MRLC;LSL;;;https://en.wikipedia.org/wiki/Los_Chiles_Airport
4808;MRLM;medium_airport;Limon International Airport;9.95796012878418;-83.02200317382812;7;NA;CR;CR-L;Puerto Limon;yes;MRLM;LIO;;;https://en.wikipedia.org/wiki/Lim%C3%B3n_International_Airport
4809;MRNS;medium_airport;Nosara Airport;9.976490020750001;-85.65299987790002;33;NA;CR;CR-G;Nicoya;yes;MRNS;NOB;;;https://en.wikipedia.org/wiki/Nosara_Airport
4810;MROC;medium_airport;Juan Santamaría International Airport;9.99386;-84.208801;3021;NA;CR;CR-A;San José (Alajuela);yes;MROC;SJO;;https://www.sjoairport.com/;https://en.wikipedia.org/wiki/Juan_Santamar%C3%ADa_International_Airport
32160;MRPJ;medium_airport;Puerto Jimenez Airport;8.533329963684082;-83.30000305175781;7;NA;CR;CR-P;Puerto Jimenez;yes;MRPJ;PJM;;http://www.natureair.com/destinations/jimenez_costa_rica.html;https://en.wikipedia.org/wiki/Puerto_Jimenez_Airport
4812;MRPM;medium_airport;Palmar Sur Airport;8.95103;-83.468597;49;NA;CR;CR-P;Palmar Sur;yes;MRPM;PMZ;;;https://en.wikipedia.org/wiki/Palmar_Sur_Airport
4813;MRPV;medium_airport;Tobías Bolaños International Airport;9.95705;-84.139801;3287;NA;CR;CR-SJ;San Jose;yes;MRPV;SYQ;;;https://en.wikipedia.org/wiki/Tob%C3%ADas_Bola%C3%B1os_International_Airport
4814;MRQP;medium_airport;Quepos Managua Airport;9.44316;-84.129799;85;NA;CR;CR-P;Quepos;yes;MRQP;XQP;;;https://en.wikipedia.org/wiki/Quepos_Managua_Airport
4817;MRUP;medium_airport;Upala Airport;10.8922;-85.016197;184;NA;CR;CR-A;Upala;no;MRUP;UPL;;https://www.facebook.com/UpalaAeropuerto;https://en.m.wikipedia.org/wiki/Upala_Airport
4820;MSLP;large_airport;Monseñor Óscar Arnulfo Romero International Airport;13.4409;-89.055702;101;NA;SV;SV-PA;San Salvador (San Luis Talpa);yes;MSLP;SAL;;;https://en.wikipedia.org/wiki/Monse%C3%B1or_%C3%93scar_Arnulfo_Romero_International_Airport
4821;MSSS;medium_airport;Ilopango International Airport;13.6995;-89.119904;2027;NA;SV;SV-SS;San Salvador;no;MSSS;ILS;;;https://en.wikipedia.org/wiki/Ilopango_International_Airport
4822;MTCA;medium_airport;Les Cayes Airport;18.271099090576172;-73.78829956054688;203;NA;HT;HT-SD;Les Cayes;yes;MTCA;CYA;;;https://en.wikipedia.org/wiki/Les_Cayes_Airport
4823;MTCH;medium_airport;Cap Haitien International Airport;19.726734;-72.199576;10;NA;HT;HT-ND;Cap Haitien;yes;MTCH;CAP;;;https://en.wikipedia.org/wiki/Cap-Ha%C3%AFtien_International_Airport
4824;MTJA;medium_airport;Jacmel Airport;18.2411;-72.518501;167;NA;HT;HT-SE;Jacmel;no;MTJA;JAK;;;https://en.wikipedia.org/wiki/Jacmel_Airport
31696;MTJE;medium_airport;Jérémie Airport;18.66309928894043;-74.17030334472656;147;NA;HT;HT-GA;Jeremie;yes;MTJE;JEE;;;https://en.wikipedia.org/wiki/J%C3%A9r%C3%A9mie_Airport
4825;MTPP;large_airport;Toussaint Louverture International Airport;18.58;-72.292503;122;NA;HT;HT-OU;Port-au-Prince;yes;MTPP;PAP;;;https://en.wikipedia.org/wiki/Toussaint_Louverture_International_Airport
32146;MTPX;medium_airport;Port-de-Paix Airport;19.934045;-72.84801;9;NA;HT;HT-NO;Port-de-Paix;no;MTPX;PAX;;;https://en.wikipedia.org/wiki/Port-de-Paix_Airport
4826;MUBA;medium_airport;Gustavo Rizo Airport;20.365299224853516;-74.5062026977539;26;NA;CU;CU-14;Baracoa;yes;MUBA;BCA;;;https://en.wikipedia.org/wiki/Gustavo_Rizo_Airport
4828;MUBY;medium_airport;Carlos Manuel de Cespedes Airport;20.3964;-76.621399;203;NA;CU;CU-12;Bayamo;yes;MUBY;BYM;;;https://en.wikipedia.org/wiki/Carlos_Manuel_C%C3%A9spedes_Airport
4829;MUCA;medium_airport;Máximo Gómez Airport;22.0271;-78.789597;335;NA;CU;CU-08;Ciro Redondo;yes;MUCA;AVI;;;https://en.wikipedia.org/wiki/M%C3%A1ximo_G%C3%B3mez_Airport
4831;MUCC;medium_airport;Jardines Del Rey Airport;22.461000442499998;-78.32839965820001;13;NA;CU;CU-08;Cayo Coco;yes;MUCC;CCC;;;https://en.wikipedia.org/wiki/Jardines_del_Rey_Airport
4832;MUCF;medium_airport;Jaime Gonzalez Airport;22.149999618530273;-80.41419982910156;102;NA;CU;CU-06;Cienfuegos;yes;MUCF;CFG;;;https://en.wikipedia.org/wiki/Jaime_Gonz%C3%A1lez_Airport
4833;MUCL;medium_airport;Vilo Acuña International Airport;21.6165008545;-81.5459976196;10;NA;CU;CU-99;Cayo Largo del Sur;yes;MUCL;CYO;;;https://en.wikipedia.org/wiki/Vilo_Acu%C3%B1a_Airport
4834;MUCM;medium_airport;Ignacio Agramonte International Airport;21.420299530029297;-77.84750366210938;413;NA;CU;CU-09;Camaguey;yes;MUCM;CMW;;;https://en.wikipedia.org/wiki/Ignacio_Agramonte_International_Airport
4835;MUCU;medium_airport;Antonio Maceo International Airport;19.96980094909668;-75.83540344238281;249;NA;CU;CU-13;Santiago;yes;MUCU;SCU;;;https://en.wikipedia.org/wiki/Antonio_Maceo_Airport
4837;MUGM;medium_airport;Leeward Point Field;19.9065;-75.2071;56;NA;CU;CU-14;Guantanamo Bay Naval Station;no;MUGM;NBW;;;https://en.wikipedia.org/wiki/Leeward_Point_Field
4838;MUGT;medium_airport;Mariana Grajales Airport;20.0853;-75.158302;56;NA;CU;CU-14;Guantánamo;no;MUGT;GAO;;;https://en.wikipedia.org/wiki/Mariana_Grajales_Airport
4839;MUHA;large_airport;José Martí International Airport;22.989200592041016;-82.40910339355469;210;NA;CU;CU-03;Havana;yes;MUHA;HAV;;;https://en.wikipedia.org/wiki/Jos%C3%A9_Mart%C3%AD_International_Airport
4840;MUHG;medium_airport;Frank Pais International Airport;20.785600662231445;-76.31510162353516;361;NA;CU;CU-11;Holguin;yes;MUHG;HOG;;;https://en.wikipedia.org/wiki/Frank_Pa%C3%ADs_Airport
4841;MUKW;medium_airport;Kawama Airport;23.124001;-81.301598;16;NA;CU;CU-04;Santa Marta;no;MUKW;VRO;;;https://en.wikipedia.org/wiki/Kawama_Airport
4843;MULM;medium_airport;La Coloma Airport;22.3361;-83.641899;131;NA;CU;CU-01;Pinar del Rio;no;MULM;LCL;;;https://en.wikipedia.org/wiki/La_Coloma_Airport
4846;MUMO;medium_airport;Orestes Acosta Airport;20.653900146484375;-74.92220306396484;16;NA;CU;CU-11;Moa;no;MUMO;MOA;;;https://en.wikipedia.org/wiki/Orestes_Acosta_Airport
4847;MUMZ;medium_airport;Sierra Maestra International Airport;20.288605;-77.087545;112;NA;CU;CU-12;Manzanillo;yes;MUMZ;MZO;;;https://en.wikipedia.org/wiki/Sierra_Maestra_Airport
4848;MUNB;medium_airport;San Nicolás de Bari Airport;22.756514;-81.920743;49;NA;CU;CU-16;San Nicolás de Bari;no;MUNB;;;;https://en.wikipedia.org/wiki/San_Nicol%C3%A1s_de_Bari_Airport
4849;MUNG;medium_airport;Rafael Cabrera Airport;21.834699630737305;-82.78379821777344;79;NA;CU;CU-99;Nueva Gerona;yes;MUNG;GER;;;https://en.wikipedia.org/wiki/Rafael_P%C3%A9rez_Airport
4851;MUPB;medium_airport;Playa Baracoa Airport;23.032801;-82.579399;102;NA;CU;CU-15;Havana;no;MUPB;UPB;;;https://en.wikipedia.org/wiki/Playa_Baracoa_Airport
4854;MUSC;medium_airport;Abel Santamaria Airport;22.492201;-79.943604;338;NA;CU;CU-05;Santa Clara;yes;MUSC;SNU;;;https://en.wikipedia.org/wiki/Abel_Santa_Mar%C3%ADa_Airport
32336;MUSJ;medium_airport;San Julián Air Base;22.100525;-84.157376;98;NA;CU;CU-01;Sandino;no;MUSJ;SNJ;;;https://en.wikipedia.org/wiki/San_Juli%C3%A1n_Air_Base
4856;MUSN;medium_airport;Siguanea Airport;21.6425;-82.955101;39;NA;CU;CU-99;Isla de la Juventud;no;MUSN;SZJ;;;https://en.wikipedia.org/wiki/Siguanea_Airport
4858;MUTD;medium_airport;Alberto Delgado Airport;21.7883;-79.9972;125;NA;CU;CU-07;Trinidad;yes;MUTD;TND;;;https://en.wikipedia.org/wiki/Alberto_Delgado_Airport
4859;MUVR;large_airport;Juan Gualberto Gomez International Airport;23.034401;-81.435303;210;NA;CU;CU-04;Matanzas;yes;MUVR;VRA;;;https://en.wikipedia.org/wiki/Juan_Gualberto_G%C3%B3mez_Airport
4860;MUVT;medium_airport;Hermanos Ameijeiras Airport;20.9876;-76.935799;328;NA;CU;CU-10;Las Tunas;yes;MUVT;VTU;;;https://en.wikipedia.org/wiki/Hermanos_Ameijeiras_Airport
4861;MWCB;medium_airport;Charles Kirkconnell International Airport;19.687;-79.882797;8;NA;KY;KY-CB;West End;yes;MWCB;CYB;;;https://en.wikipedia.org/wiki/Gerrard_Smith_International_Airport
31977;MWCL;medium_airport;Edward Bodden Little Cayman Airfield;19.660161;-80.088826;3;NA;KY;KY-LC;Blossom Village;no;MWCL;LYB;;;https://en.wikipedia.org/wiki/Edward_Bodden_Airfield
4862;MWCR;large_airport;Owen Roberts International Airport;19.292801;-81.357697;8;NA;KY;KY-GC;George Town;yes;MWCR;GCM;;;https://en.wikipedia.org/wiki/Owen_Roberts_International_Airport
4924;MYAB;medium_airport;Clarence A. Bain Airport;24.287701;-77.684601;19;NA;BS;BS-SA;Mangrove Cay;no;MYAB;MAY;;;https://en.wikipedia.org/wiki/Clarence_A._Bain_Airport
4925;MYAF;medium_airport;Andros Town Airport;24.697900772094727;-77.79560089111328;5;NA;BS;BS-NS;;no;MYAF;ASD;;;https://en.wikipedia.org/wiki/Andros_Town_International_Airport
4926;MYAK;medium_airport;Congo Town Airport;24.158701;-77.589798;15;NA;BS;BS-SA;Andros;yes;MYAK;TZN;COX;;https://en.wikipedia.org/wiki/South_Andros_Airport
4927;MYAM;medium_airport;Leonard M Thompson International Airport;26.510711;-77.084262;6;NA;BS;BS-CO;Marsh Harbour;yes;MYAM;MHH;;;https://en.wikipedia.org/wiki/Marsh_Harbour_Airport
4928;MYAN;medium_airport;San Andros Airport;25.053800582885742;-78.04900360107422;5;NA;BS;BS-NS;Andros Island;yes;MYAN;SAQ;;;https://en.wikipedia.org/wiki/San_Andros_Airport
4929;MYAP;medium_airport;Spring Point Airport;22.441799;-73.970901;11;NA;BS;BS-AK;Spring Point;yes;MYAP;AXP;;;https://en.wikipedia.org/wiki/Spring_Point_Airport
4931;MYAT;medium_airport;Treasure Cay Airport;26.745300293;-77.3912963867;8;NA;BS;BS-CO;Treasure Cay;yes;MYAT;TCB;;;https://en.wikipedia.org/wiki/Treasure_Cay_Airport
4933;MYBC;medium_airport;Chub Cay Airport;25.41710090637207;-77.88089752197266;5;NA;BS;BS-NS;;yes;MYBC;CCZ;;;https://en.wikipedia.org/wiki/Chub_Cay_International_Airport
4934;MYBG;medium_airport;Great Harbour Cay Airport;25.7383;-77.840103;18;NA;BS;BS-BY;Bullocks Harbour;no;MYBG;GHC;;;https://en.wikipedia.org/wiki/Great_Harbour_Cay_Airport
4935;MYBS;medium_airport;South Bimini Airport;25.6998996735;-79.2647018433;10;NA;BS;BS-BI;South Bimini;yes;MYBS;BIM;;;https://en.wikipedia.org/wiki/South_Bimini_Airport
4936;MYCA;medium_airport;Arthur's Town Airport;24.6294;-75.673797;18;NA;BS;BS-CI;Arthur's Town;yes;MYCA;ATC;;;https://en.wikipedia.org/wiki/Arthur's_Town_Airport
4937;MYCB;medium_airport;New Bight Airport;24.3153;-75.452301;5;NA;BS;BS-CI;Cat Island;yes;MYCB;TBI;;;https://en.wikipedia.org/wiki/New_Bight_Airport
4938;MYCI;medium_airport;Colonel Hill Airport;22.7456;-74.182404;5;NA;BS;BS-CK;Colonel Hill;yes;MYCI;CRI;;;https://en.wikipedia.org/wiki/Colonial_Hill_Airport
4939;MYEF;medium_airport;Exuma International Airport;23.562599;-75.877998;9;NA;BS;BS-EX;Moss Town;yes;MYEF;GGT;;;https://en.wikipedia.org/wiki/Exuma_International_Airport
4941;MYEH;medium_airport;North Eleuthera Airport;25.474899292;-76.6835021973;13;NA;BS;BS-HI;North Eleuthera;yes;MYEH;ELH;;;https://en.wikipedia.org/wiki/North_Eleuthera_Airport
4942;MYEM;medium_airport;Governor's Harbour Airport;25.2847;-76.331001;26;NA;BS;BS-CE;Governor's Harbour;yes;MYEM;GHB;;;https://en.wikipedia.org/wiki/Governor's_Harbour_Airport
4943;MYEN;medium_airport;Normans Cay Airport;24.594299;-76.820198;8;NA;BS;BS-EX;Normans Cay;no;MYEN;NMC;;;https://en.wikipedia.org/wiki/Norman%27s_Cay_Airport
4944;MYER;medium_airport;Rock Sound Airport;24.8950787333;-76.1768817902;10;NA;BS;BS-SE;Rock Sound;no;MYER;RSD;;;https://en.wikipedia.org/wiki/Rock_Sound_International_Airport
4945;MYES;medium_airport;Staniel Cay Airport;24.1691;-76.439102;5;NA;BS;BS-EX;;no;MYES;TYM;;;https://en.wikipedia.org/wiki/Staniel_Cay_Airport
4946;MYGF;medium_airport;Grand Bahama International Airport;26.5587005615;-78.695602417;7;NA;BS;BS-FP;Freeport;yes;MYGF;FPO;;;https://en.wikipedia.org/wiki/Grand_Bahama_International_Airport
4947;MYIG;medium_airport;Inagua Airport;20.975000381469727;-73.66690063476562;8;NA;BS;BS-IN;Matthew Town;yes;MYIG;IGA;;;https://en.wikipedia.org/wiki/Inagua_Airport
4948;MYLD;medium_airport;Deadman's Cay Airport;23.1790008545;-75.09359741210001;9;NA;BS;BS-LI;Deadman's Cay;yes;MYLD;LGI;;;https://en.wikipedia.org/wiki/Deadman's_Cay_Airport
326433;MYLR;medium_airport;Hard Bargain Airport;23.011194;-74.905889;;NA;BS;BS-LI;;no;MYLR;;;;https://en.wikipedia.org/wiki/Hard_Bargain_Airport
4949;MYLS;medium_airport;Stella Maris Airport;23.582317;-75.268621;10;NA;BS;BS-LI;Stella Maris;yes;MYLS;SML;;;https://en.wikipedia.org/wiki/Stella_Maris_Airport
4950;MYMM;medium_airport;Mayaguana Airport;22.379499;-73.013494;11;NA;BS;BS-MG;Abrahams Bay;yes;MYMM;MYG;;;https://en.wikipedia.org/wiki/Mayaguana_Airport
4951;MYNN;large_airport;Lynden Pindling International Airport;25.039;-77.466202;16;NA;BS;BS-NP;Nassau;yes;MYNN;NAS;;http://www.nas.bs/;https://en.wikipedia.org/wiki/Lynden_Pindling_International_Airport
4952;MYRD;medium_airport;Duncan Town Airport;22.181801;-75.7295;6;NA;BS;BS-RI;;no;MYRD;DCT;;;https://en.wikipedia.org/wiki/Duncan_Town_Airport
4954;MYSM;medium_airport;San Salvador Airport;24.063299;-74.524002;24;NA;BS;BS-SS;San Salvador;yes;MYSM;ZSA;;;https://en.wikipedia.org/wiki/San_Salvador_Airport
4956;MZBZ;large_airport;Philip S. W. Goldson International Airport;17.539951;-88.303556;15;NA;BZ;BZ-BZ;Belize City;yes;MZBZ;BZE;;http://www.pgiabelize.com/;https://en.wikipedia.org/wiki/Philip_S._W._Goldson_International_Airport
4958;NCRG;medium_airport;Rarotonga International Airport;-21.2027;-159.806;19;OC;CK;CK-U-A;Avarua;yes;NCRG;RAR;;;https://en.wikipedia.org/wiki/Rarotonga_International_Airport
4959;NFFN;medium_airport;Nadi International Airport;-17.755399703979492;177.4429931640625;59;OC;FJ;FJ-W;Nadi;yes;NFFN;NAN;;;https://en.wikipedia.org/wiki/Nadi_International_Airport
4960;NFNA;medium_airport;Nausori International Airport;-18.04330062866211;178.5590057373047;17;OC;FJ;FJ-C;Nausori;yes;NFNA;SUV;;;https://en.wikipedia.org/wiki/Nausori_International_Airport
4961;NFNL;medium_airport;Labasa Airport;-16.4667;179.339996;44;OC;FJ;FJ-N;Labasa;yes;NFNL;LBS;;;https://en.wikipedia.org/wiki/Lambasa_Airport
4962;NFTF;medium_airport;Fua'amotu International Airport;-21.241199493408203;-175.14999389648438;126;OC;TO;TO-04;Nuku'alofa;yes;NFTF;TBU;;;https://en.wikipedia.org/wiki/Fua'amotu_International_Airport
4963;NFTL;medium_airport;Lifuka Island Airport;-19.777000427246094;-174.34100341796875;31;OC;TO;TO-02;Lifuka;yes;NFTL;HPA;;;https://en.wikipedia.org/wiki/Lifuka_Island_Airport
4964;NFTV;medium_airport;Vava'u International Airport;-18.58530044555664;-173.96200561523438;236;OC;TO;TO-05;Vava'u Island;yes;NFTV;VAV;;;https://en.wikipedia.org/wiki/Vava'u_International_Airport
44571;NGFU;medium_airport;Funafuti International Airport;-8.525;179.195999;9;OC;TV;TV-FUN;Funafuti;yes;NGFU;FUN;;;https://en.wikipedia.org/wiki/Funafuti_International_Airport
4972;NGTA;medium_airport;Bonriki International Airport;1.38164;173.147003;9;OC;KI;KI-G;Tarawa;yes;NGTA;TRW;;;https://en.wikipedia.org/wiki/Bonriki_International_Airport
4973;NGTE;medium_airport;Tabiteuea North Airport;-1.22447;174.776001;7;OC;KI;KI-G;;no;NGTE;TBF;;;https://en.wikipedia.org/wiki/Tabiteuea_North_Airport
4974;NIUE;medium_airport;Niue International Airport;-19.079030990600586;-169.92559814453125;209;OC;NU;NU-U-A;Alofi;yes;NIUE;IUE;;;https://en.wikipedia.org/wiki/Niue_International_Airport
4975;NLWW;medium_airport;Hihifo Airport;-13.2383003235;-176.199005127;79;OC;WF;WF-U-A;Wallis Island;yes;NLWW;WLS;;;https://en.wikipedia.org/wiki/Hihifo_Airport
4976;NSFA;medium_airport;Faleolo International Airport;-13.829999923706055;-172.00799560546875;58;OC;WS;WS-AA;Apia;yes;NSFA;APW;;;https://en.wikipedia.org/wiki/Faleolo_International_Airport
4978;NSTU;medium_airport;Pago Pago International Airport;-14.331;-170.710007;32;OC;AS;AS-WT;Pago Pago;yes;NSTU;PPG;PPG;;https://en.wikipedia.org/wiki/Pago_Pago_International_Airport
4979;NTAA;large_airport;Faa'a International Airport;-17.553699;-149.606995;5;OC;PF;PF-U-A;Papeete;yes;NTAA;PPT;;https://www.aeroports-voyages.fr/en/airport/tahiti-island/PPT;https://en.wikipedia.org/wiki/Faa'a_International_Airport
4980;NTAR;medium_airport;Rurutu Airport;-22.434099197387695;-151.36099243164062;18;OC;PF;PF-U-A;;yes;NTAR;RUR;;;https://en.wikipedia.org/wiki/Rurutu_Airport
4981;NTAT;medium_airport;Tubuai Airport;-23.365400314331055;-149.5240020751953;7;OC;PF;PF-U-A;;yes;NTAT;TUB;;;https://en.wikipedia.org/wiki/Tubuai_-_Mataura_Airport
4983;NTGA;medium_airport;Anaa Airport;-17.3526;-145.509995;10;OC;PF;PF-U-A;Anaa;yes;NTGA;AAA;;;https://en.wikipedia.org/wiki/Anaa_Airport
4984;NTGB;medium_airport;Fangatau Airport;-15.820044;-140.888071;9;OC;PF;PF-U-A;Fangatau;yes;NTGB;FGU;;;https://en.wikipedia.org/wiki/Fangatau_Airport
4985;NTGC;medium_airport;Tikehau Airport;-15.119600296020508;-148.2310028076172;6;OC;PF;PF-U-A;;yes;NTGC;TIH;;;https://en.wikipedia.org/wiki/Tikehau_Airport
4986;NTGE;medium_airport;Reao Airport;-18.46652;-136.43855;12;OC;PF;PF-U-A;Reao;no;NTGE;REA;;;https://en.wikipedia.org/wiki/Reao_Airport
4987;NTGF;medium_airport;Fakarava Airport;-16.054100036621094;-145.65699768066406;13;OC;PF;PF-U-A;;yes;NTGF;FAV;;;https://en.wikipedia.org/wiki/Fakarava_Airport
4988;NTGI;medium_airport;Manihi Airport;-14.436800003051758;-146.07000732421875;14;OC;PF;PF-U-A;;yes;NTGI;XMH;;;https://en.wikipedia.org/wiki/Manihi_Airport
4989;NTGJ;medium_airport;Totegegie Airport;-23.07990074157715;-134.88999938964844;7;OC;PF;PF-U-A;;yes;NTGJ;GMR;;;https://en.wikipedia.org/wiki/Totegegie_Airport
4990;NTGK;medium_airport;Kaukura Airport;-15.6633;-146.884995;11;OC;PF;PF-U-A;Raitahiti;yes;NTGK;KKR;;;https://en.wikipedia.org/wiki/Kaukura_Airport
4991;NTGM;medium_airport;Makemo Airport;-16.5839;-143.658005;3;OC;PF;PF-U-A;Makemo;yes;NTGM;MKP;;;https://en.wikipedia.org/wiki/Makemo_Airport
4993;NTGT;medium_airport;Takapoto Airport;-14.709500312805176;-145.24600219726562;12;OC;PF;PF-U-A;;yes;NTGT;TKP;;;https://en.wikipedia.org/wiki/Takapoto_Airport
4994;NTGU;medium_airport;Arutua Airport;-15.248299598693848;-146.61700439453125;9;OC;PF;PF-U-A;;yes;NTGU;AXR;;;https://en.wikipedia.org/wiki/Arutua_Airport
4995;NTGV;medium_airport;Mataiva Airport;-14.8681001663208;-148.7169952392578;11;OC;PF;PF-U-A;;yes;NTGV;MVT;;;https://en.wikipedia.org/wiki/Mataiva_Airport
4997;NTHE;medium_airport;Ahe Airport;-14.428099632263184;-146.2570037841797;11;OC;PF;PF-U-A;Ahe Atoll;yes;NTHE;AHE;;http://www.sia.aviation-civile.gouv.fr/aip/enligne/PDF_AIPparSSection/AIP%20PAC-P/AD/2/0703_AD%202.NTHE.pdf;https://en.wikipedia.org/wiki/Ahe_Airport
5000;NTKR;medium_airport;Takaroa Airport;-14.45580005645752;-145.02499389648438;13;OC;PF;PF-U-A;;yes;NTKR;TKX;;;https://en.wikipedia.org/wiki/Takaroa_Airport
5001;NTMD;medium_airport;Nuku Hiva Airport;-8.7956;-140.229004;220;OC;PF;PF-U-A;Nuku Hiva;yes;NTMD;NHV;;;https://en.wikipedia.org/wiki/Nuku_Hiva_Airport
5002;NTMN;medium_airport;Hiva Oa-Atuona Airport;-9.76879024506;-139.011001587;1481;OC;PF;PF-U-A;Hiva Oa Island;yes;NTMN;AUQ;;;https://en.wikipedia.org/wiki/Atuona_Airport
5003;NTTB;medium_airport;Bora Bora Airport;-16.444400787353516;-151.75100708007812;10;OC;PF;PF-U-A;Motu Mute;yes;NTTB;BOB;;;https://en.wikipedia.org/wiki/Bora_Bora_Airport
5004;NTTG;medium_airport;Rangiroa Airport;-14.954299926757812;-147.66099548339844;10;OC;PF;PF-U-A;;yes;NTTG;RGI;;;https://en.wikipedia.org/wiki/Rangiroa_Airport
5005;NTTH;medium_airport;Huahine-Fare Airport;-16.687084;-151.021593;7;OC;PF;PF-U-A;Fare;yes;NTTH;HUH;;;https://en.wikipedia.org/wiki/Huahine_-_Fare_Airport
5006;NTTM;medium_airport;Moorea Temae Airport;-17.48979;-149.761777;9;OC;PF;PF-U-A;Moorea-Maiao;yes;NTTM;MOZ;;;https://en.wikipedia.org/wiki/Moorea_Airport
5007;NTTO;medium_airport;Hao Airport;-18.0748;-140.945999;10;OC;PF;PF-U-A;Otepa;yes;NTTO;HOI;;;https://en.wikipedia.org/wiki/Hao_Airport
5008;NTTP;medium_airport;Maupiti Airport;-16.42650032043457;-152.24400329589844;15;OC;PF;PF-U-A;;yes;NTTP;MAU;;;https://en.wikipedia.org/wiki/Maupiti_Airport
5009;NTTR;medium_airport;Raiatea Airport;-16.7229;-151.466003;3;OC;PF;PF-U-A;Uturoa;yes;NTTR;RFP;;;https://en.wikipedia.org/wiki/Raiatea_Airport
35158;NVSQ;medium_airport;Gaua Island Airport;-14.218099594099998;167.587005615;100;OC;VU;VU-TOB;Gaua Island;yes;NVSQ;ZGU;;;https://en.wikipedia.org/wiki/Gaua_Airport
5010;NVSS;medium_airport;Santo Pekoa International Airport;-15.505000114399998;167.220001221;184;OC;VU;VU-SAM;Luganville;yes;NVSS;SON;;http://www.airports.vu/Santo%20Pekoa/Santo%20Pekoa.htm;https://en.wikipedia.org/wiki/Santo-Pekoa_International_Airport
5011;NVVV;large_airport;Bauerfield International Airport;-17.699301;168.320007;70;OC;VU;VU-SEE;Port Vila;yes;NVVV;VLI;;;https://en.wikipedia.org/wiki/Bauerfield_International_Airport
5012;NVVW;medium_airport;Tanna Airport;-19.45509910583496;169.2239990234375;19;OC;VU;VU-TAE;;yes;NVVW;TAH;;;https://en.wikipedia.org/wiki/White_Grass_Airport
32439;NWWA;medium_airport;Tiga Airport;-21.096099853515625;167.8040008544922;128;OC;NC;NC-U-A;Tiga;yes;NWWA;TGJ;;;https://en.wikipedia.org/wiki/Tiga_Airport
5013;NWWD;medium_airport;Koné Airport;-21.053551;164.838768;23;OC;NC;NC-U-A;Koné;yes;NWWD;KNQ;;;https://en.wikipedia.org/wiki/Kon%C3%A9_Airport
5014;NWWE;medium_airport;Île des Pins Airport;-22.588899612426758;167.45599365234375;315;OC;NC;NC-U-A;Île des Pins;yes;NWWE;ILP;;;https://en.wikipedia.org/wiki/%C3%8Ele_des_Pins_Airport
5016;NWWL;medium_airport;Lifou Airport;-20.774799346923828;167.24000549316406;92;OC;NC;NC-U-A;Lifou;yes;NWWL;LIF;;;https://en.wikipedia.org/wiki/Lifou_Airport
5017;NWWM;medium_airport;Nouméa Magenta Airport;-22.25812;166.472783;10;OC;NC;NC-U-A;Nouméa;yes;NWWM;GEA;;;https://en.wikipedia.org/wiki/Noum%C3%A9a_Magenta_Airport
5018;NWWR;medium_airport;Maré Airport;-21.481700897216797;168.03799438476562;141;OC;NC;NC-U-A;Maré;yes;NWWR;MEE;;;https://en.wikipedia.org/wiki/Mar%C3%A9_Airport
5019;NWWU;medium_airport;Touho Airport;-20.790127;165.259524;10;OC;NC;NC-U-A;Touho;yes;NWWU;TOU;;;https://en.wikipedia.org/wiki/Touho_Airport
5020;NWWV;medium_airport;Ouvéa Airport;-20.640600204467773;166.572998046875;23;OC;NC;NC-U-A;Ouvéa;yes;NWWV;UVE;;;https://en.wikipedia.org/wiki/Ouv%C3%A9a_Airport
5021;NWWW;medium_airport;La Tontouta International Airport;-22.014601;166.212997;52;OC;NC;NC-U-A;Nouméa (La Tontouta);yes;NWWW;NOU;;http://www.cci-nc.com/tontouta/index.php;https://en.wikipedia.org/wiki/La_Tontouta_International_Airport
5023;NZAA;large_airport;Auckland International Airport;-37.01199;174.786331;23;OC;NZ;NZ-AUK;Auckland;yes;NZAA;AKL;;http://www.auckland-airport.co.nz/;https://en.wikipedia.org/wiki/Auckland_International_Airport
5024;NZAP;medium_airport;Taupo Airport;-38.73970031738281;176.08399963378906;1335;OC;NZ;NZ-WKO;Taupo;yes;NZAP;TUO;;;https://en.wikipedia.org/wiki/Taupo_Airport
5025;NZAR;medium_airport;Ardmore Airport;-37.029701232910156;174.97300720214844;111;OC;NZ;NZ-AUK;Manurewa;no;NZAR;AMZ;;http://www.nzar.co.nz/;https://en.wikipedia.org/wiki/Ardmore_Airport
5026;NZCH;large_airport;Christchurch International Airport;-43.48939895629883;172.53199768066406;123;OC;NZ;NZ-CAN;Christchurch;yes;NZCH;CHC;;http://www.christchurchairport.co.nz/;https://en.wikipedia.org/wiki/Christchurch_International_Airport
5027;NZCI;medium_airport;Chatham Islands / Tuuta Airport;-43.81189;-176.46514;43;OC;NZ;NZ-WGN;Te One;yes;NZCI;CHT;;;https://en.wikipedia.org/wiki/Chatham_Islands_/_Tuuta_Airport
5028;NZDN;medium_airport;Dunedin International Airport;-45.928101;170.197998;4;OC;NZ;NZ-OTA;Dunedin;yes;NZDN;DUD;;http://www.dnairport.co.nz/;https://en.wikipedia.org/wiki/Dunedin_International_Airport
5030;NZGS;medium_airport;Gisborne Airport;-38.6633;177.977997;15;OC;NZ;NZ-GIS;Gisborne;yes;NZGS;GIS;;https://gisborneairport.nz/;https://en.wikipedia.org/wiki/Gisborne_Airport
5031;NZGT;medium_airport;Glentanner Airport;-43.906700134277344;170.1280059814453;1824;OC;NZ;NZ-CAN;Glentanner Station;no;NZGT;GTN;;;https://en.wikipedia.org/wiki/Glentanner_Aerodrome
5032;NZHK;medium_airport;Hokitika Airfield;-42.713600158691406;170.98500061035156;146;OC;NZ;NZ-WTC;;yes;NZHK;HKK;;;https://en.wikipedia.org/wiki/Hokitika_Airport
5033;NZHN;medium_airport;Hamilton International Airport;-37.8666992188;175.332000732;172;OC;NZ;NZ-WKO;Hamilton;yes;NZHN;HLZ;;http://www.hamiltonairport.co.nz/;https://en.wikipedia.org/wiki/Hamilton_International_Airport
5036;NZKK;medium_airport;Kerikeri Airport;-35.259148;173.913317;492;OC;NZ;NZ-NTL;Kerikeri;yes;NZKK;KKE;;http://www.kerikeri-airport.co.nz/;https://en.wikipedia.org/wiki/Kerikeri_Airport
5037;NZKT;medium_airport;Kaitaia Airport;-35.069837;173.287053;270;OC;NZ;NZ-NTL;Awanui;yes;NZKT;KAT;;;https://en.wikipedia.org/wiki/Kaitaia_Airport
5038;NZLX;medium_airport;Alexandra Aerodrome;-45.210495;169.371113;752;OC;NZ;NZ-OTA;Alexandra;no;NZLX;ALR;;;https://en.wikipedia.org/wiki/Alexandra_Aerodrome
5039;NZMC;medium_airport;Mount Cook Airport;-43.764999;170.132996;2153;OC;NZ;NZ-CAN;;no;NZMC;MON;;;https://en.wikipedia.org/wiki/Mount_Cook_Aerodrome
5040;NZMO;medium_airport;Manapouri Airport;-45.5331;167.649994;687;OC;NZ;NZ-STL;;no;NZMO;TEU;;;https://en.wikipedia.org/wiki/Te_Anau_Airport
5041;NZMS;medium_airport;Hood Airport;-40.974634;175.63454;364;OC;NZ;NZ-WGN;Masterton;no;NZMS;MRO;;http://www.svas.org.nz/pages/hood_aerodrome_location.htm;https://en.wikipedia.org/wiki/Hood_Aerodrome
5042;NZNP;medium_airport;New Plymouth Airport;-39.00859832763672;174.1790008544922;97;OC;NZ;NZ-TKI;New Plymouth;yes;NZNP;NPL;;;https://en.wikipedia.org/wiki/New_Plymouth_Airport
5043;NZNR;medium_airport;Hawke's Bay Airport;-39.465801;176.869995;6;OC;NZ;NZ-HKB;Napier;yes;NZNR;NPE;;http://www.hawkesbay-airport.co.nz/;https://en.wikipedia.org/wiki/Napier_Airport
5044;NZNS;medium_airport;Nelson Airport;-41.298302;173.220993;17;OC;NZ;NZ-NSN;Nelson;yes;NZNS;NSN;;http://www.nelsonairport.co.nz/;https://en.wikipedia.org/wiki/Nelson_Airport_(New_Zealand)
5045;NZNV;medium_airport;Invercargill Airport;-46.41239929199219;168.31300354003906;5;OC;NZ;NZ-STL;Invercargill;yes;NZNV;IVC;;http://www.invercargillairport.co.nz/index.htm;https://en.wikipedia.org/wiki/Invercargill_Airport
5046;NZOH;medium_airport;RNZAF Base Ohakea;-40.20600128173828;175.38800048828125;164;OC;NZ;NZ-MWT;;no;NZOH;OHA;;http://www.airforce.mil.nz/about/hqbases/boh.htm;https://en.wikipedia.org/wiki/RNZAF_Base_Ohakea
5047;NZOU;medium_airport;Oamaru Airport;-44.970001220703125;171.08200073242188;99;OC;NZ;NZ-OTA;;yes;NZOU;OAM;;;https://en.wikipedia.org/wiki/Oamaru_Aerodrome
5049;NZPM;medium_airport;Palmerston North Airport;-40.320599;175.617004;151;OC;NZ;NZ-MWT;Palmerston North;yes;NZPM;PMR;;http://www.pnairport.co.nz/index.php;https://en.wikipedia.org/wiki/Palmerston_North_International_Airport
5050;NZPP;medium_airport;Paraparaumu Airport;-40.904701232910156;174.98899841308594;22;OC;NZ;NZ-WGN;;no;NZPP;PPQ;;;https://en.wikipedia.org/wiki/Paraparaumu_Airport
5051;NZQN;medium_airport;Queenstown International Airport;-45.021099;168.738998;1171;OC;NZ;NZ-OTA;Queenstown;yes;NZQN;ZQN;;https://www.queenstownairport.co.nz/;https://en.wikipedia.org/wiki/Queenstown_International_Airport
5052;NZRO;medium_airport;Rotorua Regional Airport;-38.1092;176.317001;935;OC;NZ;NZ-BOP;Rotorua;yes;NZRO;ROT;;https://www.rotorua-airport.co.nz/;https://en.wikipedia.org/wiki/Rotorua_Regional_Airport
5055;NZTG;medium_airport;Tauranga Airport;-37.67190170288086;176.1959991455078;13;OC;NZ;NZ-BOP;Tauranga;yes;NZTG;TRG;;;https://en.wikipedia.org/wiki/Tauranga_Airport
5056;NZTU;medium_airport;Timaru Airport;-44.302799224853516;171.22500610351562;89;OC;NZ;NZ-CAN;;yes;NZTU;TIU;;;https://en.wikipedia.org/wiki/Richard_Pearse_Airport
5057;NZUK;medium_airport;Pukaki Airport;-44.2350006104;170.117996216;1575;OC;NZ;NZ-CAN;Twitzel;no;NZUK;TWZ;;;https://en.wikipedia.org/wiki/Pukaki_Airport
5058;NZWB;medium_airport;Woodbourne Airport;-41.5182991027832;173.8699951171875;109;OC;NZ;NZ-MBH;Blenheim;yes;NZWB;BHE;;;https://en.wikipedia.org/wiki/Woodbourne_Airport
5060;NZWF;medium_airport;Wanaka Airport;-44.722954;169.248419;1142;OC;NZ;NZ-OTA;Wanaka;yes;NZWF;WKA;;;https://en.wikipedia.org/wiki/Wanaka_Airport
5062;NZWK;medium_airport;Whakatane Airport;-37.92060089111328;176.91400146484375;20;OC;NZ;NZ-BOP;;yes;NZWK;WHK;;;https://en.wikipedia.org/wiki/Whakatane_Airport
5063;NZWN;large_airport;Wellington International Airport;-41.3272018433;174.804992676;41;OC;NZ;NZ-WGN;Wellington;yes;NZWN;WLG;;http://www.wellingtonairport.co.nz/;https://en.wikipedia.org/wiki/Wellington_International_Airport
5064;NZWO;medium_airport;Wairoa Airport;-39.012118;177.404395;42;OC;NZ;NZ-HKB;Wairoa;no;NZWO;WIR;;;https://en.wikipedia.org/wiki/Wairoa_Aerodrome
5065;NZWP;medium_airport;RNZAF Base Auckland-Whenuapai;-36.78779983520508;174.6300048828125;100;OC;NZ;NZ-AUK;;no;NZWP;;;http://www.airforce.mil.nz/about-us/hq-and-bases/auckland.htm;https://en.wikipedia.org/wiki/RNZAF_Base_Auckland
5066;NZWR;medium_airport;Whangarei Airport;-35.769253;174.363713;133;OC;NZ;NZ-NTL;Whangarei;yes;NZWR;WRE;;;https://en.wikipedia.org/wiki/Whangarei_Airport
5067;NZWS;medium_airport;Westport Airport;-41.737111;171.579033;13;OC;NZ;NZ-WTC;Westport;yes;NZWS;WSZ;;;https://en.wikipedia.org/wiki/Westport_Airport_(New_Zealand)
5068;NZWU;medium_airport;Wanganui Airport;-39.96220016479492;175.02499389648438;27;OC;NZ;NZ-MWT;Wanganui;yes;NZWU;WAG;;;https://en.wikipedia.org/wiki/Wanganui_Airport
5069;OAHR;medium_airport;Herat - Khwaja Abdullah Ansari International Airport;34.209999;62.228298;3206;AS;AF;AF-HER;Guzara;yes;OAHR;HEA;;;https://en.wikipedia.org/wiki/Herat_International_Airport
5070;OAIX;medium_airport;Bagram Airfield;34.946098;69.264999;4895;AS;AF;AF-PAR;Bagram;no;OAIX;OAI;;;https://en.wikipedia.org/wiki/Bagram_Airfield
5071;OAJL;medium_airport;Jalalabad Airport;34.399799;70.498596;1814;AS;AF;AF-NAN;Jalalabad;no;OAJL;JAA;;;https://en.wikipedia.org/wiki/Jalalabad_Airport
5072;OAKB;medium_airport;Kabul International Airport;34.565899;69.212303;5877;AS;AF;AF-KAB;Kabul;yes;OAKB;KBL;;;https://en.wikipedia.org/wiki/Kabul_International_Airport
5073;OAKN;medium_airport;Ahmad Shah Baba International Airport / Kandahar Airfield;31.5058;65.847801;3337;AS;AF;AF-KAN;Khvoshab;yes;OAKN;KDH;;;https://en.wikipedia.org/wiki/Kandahar_International_Airport
5074;OAMN;medium_airport;Maymana Zahiraddin Faryabi Airport;35.930801;64.760902;2743;AS;AF;AF-FYB;Maymana;yes;OAMN;MMZ;;;https://en.wikipedia.org/wiki/Maymana_Airport
5075;OAMS;medium_airport;Mazar-i-Sharif International Airport;36.706902;67.209702;1284;AS;AF;AF-BAL;Mazar-i-Sharif;yes;OAMS;MZR;;;https://en.wikipedia.org/wiki/Mazar-i-Sharif_International_Airport
5078;OAUZ;medium_airport;Kunduz Airport;36.6651;68.910797;1457;AS;AF;AF-KDZ;Kunduz;no;OAUZ;UND;;;https://en.wikipedia.org/wiki/Kunduz_Airport
5079;OBBI;large_airport;Bahrain International Airport;26.267295;50.63764;6;AS;BH;BH-15;Manama;yes;OBBI;BAH;;https://www.bahrainairport.bh/;https://en.wikipedia.org/wiki/Bahrain_International_Airport
5080;OBBS;medium_airport;Sheik Isa Air Base;25.918399810791016;50.590599060058594;136;AS;BH;BH-14;Sitrah;no;OBBS;;;;https://en.wikipedia.org/wiki/Shaikh_Isa_Air_Base
5082;OEAB;medium_airport;Abha International Airport;18.2404;42.656601;6858;AS;SA;SA-14;Abha;yes;OEAB;AHB;;;https://en.wikipedia.org/wiki/Abha_International_Airport
5083;OEAH;medium_airport;Al-Ahsa International Airport;25.285299;49.485199;588;AS;SA;SA-04;Hofuf;yes;OEAH;HOF;;;https://en.wikipedia.org/wiki/Al-Ahsa_Domestic_Airport
5084;OEBA;medium_airport;King Saud Bin Abdulaziz (Al Baha) Airport;20.298506;41.636153;5486;AS;SA;SA-11;Al-Baha;yes;OEBA;ABT;;;https://en.wikipedia.org/wiki/Al-Baha_Domestic_Airport
5085;OEBH;medium_airport;Bisha Airport;19.9844;42.620899;3887;AS;SA;SA-14;Bisha;yes;OEBH;BHH;;;https://en.wikipedia.org/wiki/Bisha_Domestic_Airport
5087;OEDF;large_airport;King Fahd International Airport;26.471201;49.797901;72;AS;SA;SA-04;Ad Dammam;yes;OEDF;DMM;;https://kfia.gov.sa/;https://en.wikipedia.org/wiki/King_Fahd_International_Airport
5088;OEDM;medium_airport;King Salman Abdulaziz Airport;24.4499;44.121201;3026;AS;SA;SA-01;Dawadmi;yes;OEDM;DWD;;;https://en.wikipedia.org/wiki/Dawadmi_Domestic_Airport
5089;OEDR;large_airport;King Abdulaziz Air Base;26.2654;50.152;84;AS;SA;SA-04;Dhahran;no;OEDR;DHA;;;https://en.wikipedia.org/wiki/King_Abdulaziz_Air_Base
5090;OEGN;medium_airport;Jizan Regional Airport / King Abdullah bin Abdulaziz Airport;16.9011;42.5858;20;AS;SA;SA-09;Jizan;yes;OEGN;GIZ;;;https://en.wikipedia.org/wiki/Jizan_Regional_Airport
5091;OEGS;medium_airport;Gassim Airport;26.302799;43.774399;2126;AS;SA;SA-05;Buraidah;yes;OEGS;ELQ;;;https://en.wikipedia.org/wiki/Gassim_Regional_Airport
5092;OEGT;medium_airport;Gurayat Domestic Airport;31.412413;37.278898;1672;AS;SA;SA-12;Gurayat;yes;OEGT;URY;;;https://en.wikipedia.org/wiki/Gurayat_Domestic_Airport
5093;OEHL;medium_airport;Ha'il Airport;27.437901;41.686298;3331;AS;SA;SA-06;Ha'il;yes;OEHL;HAS;;;https://en.wikipedia.org/wiki/Ha'il_Regional_Airport
5095;OEJB;medium_airport;Jubail Airport;27.039;49.405102;26;AS;SA;SA-04;Jubail;no;OEJB;QJB;;;https://en.wikipedia.org/wiki/Jubail_Airport
5096;OEJF;medium_airport;King Faisal Naval Base;21.348100662231445;39.17300033569336;7;AS;SA;SA-02;Jeddah;no;OEJF;;;;
5097;OEJN;large_airport;King Abdulaziz International Airport;21.6796;39.156502;48;AS;SA;SA-02;Jeddah;yes;OEJN;JED;;http://www.jed-airport.com/;https://en.wikipedia.org/wiki/King_Abdulaziz_International_Airport
5098;OEKK;medium_airport;King Khaled Military City Airport;27.9009;45.528198;1352;AS;SA;SA-04;King Khaled Military City;yes;OEKK;KMC;;;https://en.wikipedia.org/wiki/King_Khaled_Military_City_Airport
5099;OEKM;medium_airport;King Khalid Air Base;18.2973;42.803501;6778;AS;SA;SA-14;Khamis Mushait;no;OEKM;KMX;;;https://en.wikipedia.org/wiki/King_Khalid_Air_Base
5101;OEMA;large_airport;Prince Mohammad Bin Abdulaziz Airport;24.5534;39.705101;2151;AS;SA;SA-03;Medina;yes;OEMA;MED;;http://www.tibahairports.com/en-EN/Pages/Main.aspx;https://en.wikipedia.org/wiki/Prince_Mohammad_Bin_Abdulaziz_Airport
5102;OENG;medium_airport;Najran Domestic Airport;17.611401;44.419201;3982;AS;SA;SA-10;Najran;yes;OENG;EAM;;;https://en.wikipedia.org/wiki/Najran_Domestic_Airport
332512;OENN;medium_airport;Neom Bay Airport;27.927598;35.28874;29;AS;SA;SA-07;Sharma;yes;OENN;NUM;;;https://en.wikipedia.org/wiki/Neom_Airport
5103;OEPA;medium_airport;Al Qaisumah/Hafr Al Batin Airport;28.335199;46.125099;1174;AS;SA;SA-04;Qaisumah;yes;OEPA;AQI;;;https://en.wikipedia.org/wiki/Al_Qaisumah/Hafr_Al_Batin_Airport
5109;OEPS;medium_airport;Prince Sultan Air Base;24.0627;47.580502;1651;AS;SA;SA-01;;no;OEPS;AKH;;;https://en.wikipedia.org/wiki/Prince_Sultan_Air_Base
5111;OERF;medium_airport;Rafha Domestic Airport;29.626399993896484;43.4906005859375;1474;AS;SA;SA-08;Rafha;yes;OERF;RAH;;;https://en.wikipedia.org/wiki/Rafha_Domestic_Airport
5112;OERK;large_airport;King Khaled International Airport;24.9576;46.698799;2049;AS;SA;SA-01;Riyadh;yes;OERK;RUH;;https://www.kkia.sa/en/Pages/default.aspx;https://en.wikipedia.org/wiki/King_Khalid_International_Airport
5113;OERM;medium_airport;Ras Mishab Airport;28.079599;48.611;13;AS;SA;SA-04;Al Mishab;no;OERM;;;;https://en.wikipedia.org/wiki/Ras_Mishab_Airport
5114;OERR;medium_airport;Arar Domestic Airport;30.906600952148438;41.13819885253906;1813;AS;SA;SA-08;Arar;yes;OERR;RAE;;;https://en.wikipedia.org/wiki/Arar_Domestic_Airport
5115;OERT;medium_airport;Ras Tanura Airport;26.723101;50.0308;6;AS;SA;SA-04;Ras Tanura;no;OERT;;;;https://en.wikipedia.org/wiki/Ras_Tanura_Airport
5116;OERY;medium_airport;Riyadh Air Base;24.725725;46.722336;2082;AS;SA;SA-01;Riyadh;no;OERY;;;;https://en.wikipedia.org/wiki/Riyadh_Air_Base
5118;OESH;medium_airport;Sharurah Domestic Airport;17.4669;47.121399;2363;AS;SA;SA-10;Sharurah;yes;OESH;SHW;;;https://en.wikipedia.org/wiki/Sharurah_Domestic_Airport
5119;OESK;medium_airport;Al-Jawf Domestic Airport;29.78510093688965;40.099998474121094;2261;AS;SA;SA-12;Al-Jawf;yes;OESK;AJF;;;https://en.wikipedia.org/wiki/Al-Jawf_Domestic_Airport
5121;OETB;medium_airport;Tabuk Airport;28.3654;36.6189;2551;AS;SA;SA-07;Tabuk;yes;OETB;TUU;;;https://en.wikipedia.org/wiki/Tabuk_Regional_Airport
5122;OETF;medium_airport;Ta’if Regional Airport;21.483001;40.543442;4848;AS;SA;SA-02;Ta’if;yes;OETF;TIF;;;https://en.wikipedia.org/wiki/Ta%E2%80%99if_Regional_Airport
5124;OETN;medium_airport;Ras Tanajib Airport;27.8678;48.7691;30;AS;SA;SA-04;As Saffaniyah;no;OETN;;;;https://en.wikipedia.org/wiki/Ras_Tanajib_Airport
5125;OETR;medium_airport;Turaif Domestic Airport;31.692188;38.731544;2803;AS;SA;SA-08;Turaif;yes;OETR;TUI;;;https://en.wikipedia.org/wiki/Turaif_Domestic_Airport
5127;OEWD;medium_airport;Wadi Al Dawasir Domestic Airport;20.504299;45.1996;2062;AS;SA;SA-01;Wadi Al Dawasir;yes;OEWD;WAE;;;https://en.wikipedia.org/wiki/Wadi_al-Dawasir_Domestic_Airport
5128;OEWJ;medium_airport;Al Wajh Domestic Airport;26.198601;36.476398;66;AS;SA;SA-07;Al Wajh;yes;OEWJ;EJH;;;https://en.wikipedia.org/wiki/Al_Wajh_Domestic_Airport
5129;OEYN;medium_airport;Prince Abdul Mohsin bin Abdulaziz International Airport / Yanbu Airport;24.144199;38.0634;26;AS;SA;SA-03;Yanbu;yes;OEYN;YNB;;https://gaca.gov.sa/web/en-gb/airport/prince-abdulmohsin-bin-abdulaziz-airport;https://en.wikipedia.org/wiki/Yanbu_Airport
5130;OIAA;medium_airport;Abadan Airport;30.367887;48.230075;10;AS;IR;IR-06;Abadan;yes;OIAA;ABD;;;https://en.wikipedia.org/wiki/Abadan_Airport
5131;OIAD;medium_airport;Dezful Airport;32.434399;48.397598;474;AS;IR;IR-06;Dezful;yes;OIAD;DEF;;;https://en.wikipedia.org/wiki/Dezful_Airport
5132;OIAG;medium_airport;Aghajari Airport;30.7444;49.6772;88;AS;IR;IR-06;Aghajari;no;OIAG;AKW;;;https://en.wikipedia.org/wiki/Aghajari_Airport
5133;OIAH;medium_airport;Gachsaran Airport;30.333869;50.833796;2414;AS;IR;IR-17;Gachsaran;yes;OIAH;GCH;;;https://en.wikipedia.org/wiki/Gachsaran_Airport
5134;OIAI;medium_airport;Shahid Asiyaee Airport;32.001719;49.268599;1206;AS;IR;IR-06;Masjed Soleyman;no;OIAI;QMJ;;;
5136;OIAM;medium_airport;Mahshahr Airport;30.5562;49.151901;8;AS;IR;IR-06;Mahshahr;yes;OIAM;MRX;;;https://en.wikipedia.org/wiki/Mahshahr_Airport
5137;OIAW;medium_airport;Lieutenant General Qasem Soleimani International Airport;31.3374;48.762001;66;AS;IR;IR-06;Ahvaz;yes;OIAW;AWZ;;;https://en.wikipedia.org/wiki/Ahvaz_International_Airport
5138;OIBA;medium_airport;Abu Musa Island Airport;25.8757;55.033001;23;AS;IR;IR-22;Abu Musa;yes;OIBA;AEU;;;https://en.wikipedia.org/wiki/Abu_Musa_Airport
5139;OIBB;medium_airport;Bushehr Airport;28.9447994232;50.8345985413;68;AS;IR;IR-18;Bushehr;yes;OIBB;BUZ;;;https://en.wikipedia.org/wiki/Bushehr_Airport
5142;OIBJ;medium_airport;Jam Airport;27.820499;52.3522;2173;AS;IR;IR-18;Jam;no;OIBJ;KNR;;;https://en.wikipedia.org/wiki/Jam_Airport
5143;OIBK;medium_airport;Kish International Airport;26.5261993408;53.980201721200004;101;AS;IR;IR-22;Kish Island;yes;OIBK;KIH;;;https://en.wikipedia.org/wiki/Kish_Airport
5144;OIBL;medium_airport;Bandar Lengeh International Airport;26.532283;54.82484;67;AS;IR;IR-22;Bandar Lengeh;yes;OIBL;BDH;;;https://en.wikipedia.org/wiki/Bandar_Lengeh_Airport
5145;OIBP;medium_airport;Persian Gulf International Airport;27.379601;52.737701;27;AS;IR;IR-18;Khiyaroo;yes;OIBP;PGU;;;https://en.wikipedia.org/wiki/Persian_Gulf_Airport
5146;OIBQ;medium_airport;Khark Airport;29.260503;50.322193;17;AS;IR;IR-18;Khark;no;OIBQ;KHK;;;https://en.wikipedia.org/wiki/Kharg_Airport
5147;OIBS;medium_airport;Siri Airport;25.908899;54.539398;43;AS;IR;IR-22;Siri;no;OIBS;SXI;;;https://en.wikipedia.org/wiki/Sirri_Island_Airport
5148;OIBV;medium_airport;Lavan Airport;26.810742;53.354302;76;AS;IR;IR-22;Lavan Airport;no;OIBV;LVP;;;https://en.wikipedia.org/wiki/Lavan_Airport
5149;OICC;medium_airport;Shahid Ashrafi Esfahani Airport;34.3459014893;47.1581001282;4307;AS;IR;IR-05;Kermanshah;yes;OICC;KSH;;;https://en.wikipedia.org/wiki/Shahid_Ashrafi_Esfahani_Airport
5150;OICI;medium_airport;Ilam Airport;33.58660125732422;46.40480041503906;4404;AS;IR;IR-16;Ilam;no;OICI;IIL;;;https://en.wikipedia.org/wiki/Ilam_Airport
5151;OICK;medium_airport;Khoram Abad Airport;33.43539810180664;48.282901763916016;3782;AS;IR;IR-15;;yes;OICK;KHD;;;https://en.wikipedia.org/wiki/Khorramabad_Airport
5152;OICS;medium_airport;Sanandaj Airport;35.24589920043945;47.00920104980469;4522;AS;IR;IR-12;;yes;OICS;SDG;;;https://en.wikipedia.org/wiki/Sanandaj_Airport
5155;OIFK;medium_airport;Kashan Airport;33.895302;51.577;3465;AS;IR;IR-10;Kashan;yes;OIFK;KKS;;;https://en.wikipedia.org/wiki/Kashan_Airport
5156;OIFM;medium_airport;Isfahan Shahid Beheshti International Airport;32.750755;51.861483;5059;AS;IR;IR-10;Isfahan;yes;OIFM;IFN;;;https://en.wikipedia.org/wiki/Isfahan_International_Airport
5157;OIFP;medium_airport;Badr Air Base;32.621101;51.696999;5242;AS;IR;IR-10;Esfahan;no;OIFP;;;;
5158;OIFS;medium_airport;Shahrekord Airport;32.2971992493;50.842201232899995;6723;AS;IR;IR-14;Shahrekord;no;OIFS;CQD;;;https://en.wikipedia.org/wiki/Shahrekord_Airport
5159;OIGG;medium_airport;Sardar-e-Jangal Airport;37.323333;49.617778;-40;AS;IR;IR-01;Rasht;yes;OIGG;RAS;;http://rasht.airport.ir/HomePage.aspx?site=rasht.airport&lang=fa-IR&tabid=0;https://en.wikipedia.org/wiki/Rasht_Airport
5160;OIHH;medium_airport;Hamadan Airport;34.869202;48.552502;5755;AS;IR;IR-13;Hamadan;yes;OIHH;HDM;;;https://en.wikipedia.org/wiki/Hamadan_International_Airport
5162;OIHS;medium_airport;Nojeh Air Base;35.211601;48.6534;5609;AS;IR;IR-13;Amirabad;no;OIHS;NUJ;;;https://en.wikipedia.org/wiki/Hamadan_Airbase
5166;OIIE;large_airport;Imam Khomeini International Airport;35.416099548339844;51.152198791503906;3305;AS;IR;IR-23;Tehran;yes;OIIE;IKA;;http://www.ikia.ir/;https://en.wikipedia.org/wiki/Imam_Khomeini_International_Airport
5168;OIII;large_airport;Mehrabad International Airport;35.68920135498047;51.31340026855469;3962;AS;IR;IR-23;Tehran;yes;OIII;THR;;;https://en.wikipedia.org/wiki/Mehrabad_International_Airport
5169;OIIK;medium_airport;Qazvin Airport;36.240101;50.0471;4184;AS;IR;IR-26;Qazvin;no;OIIK;GZW;;;https://en.wikipedia.org/wiki/Qazvin_Airport
5170;OIIM;medium_airport;Naja Airport;35.776299;50.881001;4040;AS;IR;IR-30;Karaj;no;OIIM;;;;
5171;OIIP;medium_airport;Payam Karaj International Airport;35.7761;50.826698;4170;AS;IR;IR-30;Karaj;yes;OIIP;PYK;;;https://en.wikipedia.org/wiki/Payam_International_Airport
5172;OIKB;medium_airport;Bandar Abbas International Airport;27.218299865722656;56.37779998779297;22;AS;IR;IR-22;Bandar Abbas;yes;OIKB;BND;;;https://en.wikipedia.org/wiki/Bandar_Abbas_International_Airport
5173;OIKJ;medium_airport;Jiroft Airport;28.723519;57.675037;2663;AS;IR;IR-08;Jiroft;no;OIKJ;JYR;;;https://en.wikipedia.org/wiki/Jiroft_Airport
5174;OIKK;medium_airport;Ayatollah Hashemi Rafsanjani International Airport;30.271276;56.949692;5741;AS;IR;IR-08;Kerman;yes;OIKK;KER;;;https://en.wikipedia.org/wiki/Ayatollah_Hashemi_Rafsanjani_Airport
5175;OIKM;medium_airport;Bam Airport;29.0842;58.450001;3231;AS;IR;IR-08;Bam;yes;OIKM;BXR;;;https://en.wikipedia.org/wiki/Bam_Airport
5178;OIKR;medium_airport;Rafsanjan Airport;30.298345;56.048979;5298;AS;IR;IR-08;Rafsanjan;yes;OIKR;RJN;;;https://en.wikipedia.org/wiki/Rafsanjan_Airport
5179;OIKY;medium_airport;Sirjan Airport;29.5509;55.672699;5846;AS;IR;IR-08;Sirjan;no;OIKY;SYJ;;;https://en.wikipedia.org/wiki/Sirjan_Airport
5180;OIMB;medium_airport;Birjand International Airport;32.896525;59.281258;4952;AS;IR;IR-29;Birjand;yes;OIMB;XBJ;;;https://en.wikipedia.org/wiki/Birjand_Airport
5181;OIMC;medium_airport;Sarakhs Airport;36.501202;61.064899;945;AS;IR;IR-09;Sarakhs;no;OIMC;CKT;;;https://en.wikipedia.org/wiki/Sarakhs_Airport
5183;OIMM;large_airport;Mashhad International Airport;36.235198974609375;59.64099884033203;3263;AS;IR;IR-09;Mashhad;yes;OIMM;MHD;;;https://en.wikipedia.org/wiki/Mashhad_International_Airport
5184;OIMN;medium_airport;Bojnord Airport;37.49300003051758;57.30820083618164;3499;AS;IR;IR-28;Bojnord;yes;OIMN;BJB;;;https://en.wikipedia.org/wiki/Bojnourd_Airport
5185;OIMS;medium_airport;Sabzevar National Airport;36.16809844970703;57.59519958496094;3010;AS;IR;IR-09;Sabzevar;yes;OIMS;AFZ;;;https://en.wikipedia.org/wiki/Sabzevar_Airport
5186;OIMT;medium_airport;Tabas Airport;33.667801;56.8927;2312;AS;IR;IR-21;Tabas;no;OIMT;TCX;;;https://en.wikipedia.org/wiki/Tabas_Airport
5188;OING;medium_airport;Gorgan Airport;36.909400939899996;54.4012985229;-24;AS;IR;IR-27;Gorgan;no;OING;GBT;;;https://en.wikipedia.org/wiki/Gorgan_Airport
5190;OINN;medium_airport;Nowshahr Airport;36.664286;51.46273;-61;AS;IR;IR-02;Nowshahr;yes;OINN;NSH;;;https://en.wikipedia.org/wiki/Noshahr_Airport
5191;OINR;medium_airport;Ramsar Airport;36.90701;50.687316;-70;AS;IR;IR-02;Ramsar;yes;OINR;RZR;;;https://en.wikipedia.org/wiki/Ramsar_Airport
5192;OINZ;medium_airport;Sari Dasht-e Naz International Airport;36.644408;53.188761;35;AS;IR;IR-02;Sari;yes;OINZ;SRY;;;https://en.wikipedia.org/wiki/Dasht-e_Naz_Airport
5193;OISF;medium_airport;Fasa Airport;28.8918;53.723301;4261;AS;IR;IR-07;Fasa;no;OISF;FAZ;;;https://en.wikipedia.org/wiki/Fasa_Airport
5195;OISL;medium_airport;Lar Airport;27.6747;54.383301;2641;AS;IR;IR-07;Lar;yes;OISL;LRR;;;https://en.wikipedia.org/wiki/Larestan_International_Airport
5196;OISR;medium_airport;Lamerd Airport;27.3727;53.188801;1337;AS;IR;IR-07;Lamerd;yes;OISR;LFM;;;https://en.wikipedia.org/wiki/Lamerd_Airport
5197;OISS;large_airport;Shiraz Shahid Dastghaib International Airport;29.5392;52.589802;4927;AS;IR;IR-07;Shiraz;yes;OISS;SYZ;;http://shirazairport.ir/;https://en.wikipedia.org/wiki/Shiraz_International_Airport
5198;OISY;medium_airport;Yasuj Airport;30.702238;51.542988;5939;AS;IR;IR-17;Yasuj;no;OISY;YES;;;https://en.wikipedia.org/wiki/Yasuj_Airport
5200;OITL;medium_airport;Ardabil Airport;38.3256988525;48.4244003296;4315;AS;IR;IR-24;Ardabil;yes;OITL;ADU;;;https://en.wikipedia.org/wiki/Ardabil_Airport
5203;OITR;medium_airport;Urmia Airport;37.6680984497;45.0686988831;4343;AS;IR;IR-04;Urmia;yes;OITR;OMH;;;https://en.wikipedia.org/wiki/Urmia_Airport
5204;OITT;medium_airport;Tabriz International Airport;38.1339;46.235001;4459;AS;IR;IR-03;Tabriz;yes;OITT;TBZ;;http://www.tabrizairport.ir/;https://en.wikipedia.org/wiki/Tabriz_International_Airport
42526;OITU;medium_airport;Maku National Airport;39.191293;44.928505;3136;AS;IR;IR-04;Showt;no;OITU;IMQ;;;https://en.wikipedia.org/wiki/Maku_International_Airport
5205;OITZ;medium_airport;Zanjan Airport;36.7737007141;48.3594017029;5382;AS;IR;IR-19;Zanjan;no;OITZ;JWN;;;https://en.wikipedia.org/wiki/Zanjan_Airport
5206;OIYY;medium_airport;Shahid Sadooghi Airport;31.9048995972;54.2765007019;4054;AS;IR;IR-21;Yazd;yes;OIYY;AZD;;;https://en.wikipedia.org/wiki/Shahid_Sadooghi_Airport
5207;OIZB;medium_airport;Zabol Airport;31.098301;61.5439;1628;AS;IR;IR-11;Zabol;no;OIZB;ACZ;;;https://en.wikipedia.org/wiki/Zabol_Airport
5208;OIZC;medium_airport;Chabahar Konarak International Airport;25.44319;60.382167;13;AS;IR;IR-11;Konarak;yes;OIZC;ZBR;ZBR;;https://en.wikipedia.org/wiki/Chabahar_Konarak_Airport
5209;OIZH;medium_airport;Zahedan International Airport;29.47570037841797;60.90620040893555;4564;AS;IR;IR-11;Zahedan;yes;OIZH;ZAH;;;https://en.wikipedia.org/wiki/Zahedan_International_Airport
5210;OIZI;medium_airport;Iranshahr Airport;27.236099;60.720001;2040;AS;IR;IR-11;Iranshahr;no;OIZI;IHR;;;https://en.wikipedia.org/wiki/Iranshahr_Airport
5212;OJAI;large_airport;Queen Alia International Airport;31.7226009369;35.9931983948;2395;AS;JO;JO-AM;Amman;yes;OJAI;AMM;;;https://en.wikipedia.org/wiki/Queen_Alia_International_Airport
5213;OJAM;medium_airport;Amman Civil (Marka International) Airport;31.9727;35.9916;2555;AS;JO;JO-AM;Amman;yes;OJAM;ADJ;;;https://en.wikipedia.org/wiki/Amman_Civil_Airport
5214;OJAQ;medium_airport;Aqaba King Hussein International Airport;29.611600875854492;35.01810073852539;175;AS;JO;JO-AQ;Aqaba;yes;OJAQ;AQJ;;;https://en.wikipedia.org/wiki/Aqaba_Airport
3354;OJMS;medium_airport;Muwaffaq Salti Air Base;31.8256;36.782001;1706;AS;JO;JO-AZ;Al Azraq;no;OJMS;;OJ40;;https://en.wikipedia.org/wiki/Muwaffaq_Salti_Air_Base
32108;OKAJ;medium_airport;Ahmed Al Jaber Air Base;28.9347991943;47.791900634799994;409;AS;KW;KW-AH;Ahmed Al Jaber AB;no;OKAJ;XIJ;;;https://en.wikipedia.org/wiki/Ahmed_Al_Jaber_Air_Base
5219;OKAS;medium_airport;Ali Al Salem Air Base;29.344632;47.511215;472;AS;KW;KW-JA;Al Damaikhi;no;OKAS;;;;https://en.wikipedia.org/wiki/Ali_Al_Salem_Air_Base
5220;OKBK;large_airport;Kuwait International Airport;29.226601;47.968899;206;AS;KW;KW-FA;Kuwait City;yes;OKKK;KWI;;https://www.kuwaitairport.gov.kw/en/;https://en.wikipedia.org/wiki/Kuwait_International_Airport
5222;OLBA;large_airport;Beirut Rafic Hariri International Airport;33.820899963378906;35.488399505615234;87;AS;LB;LB-JL;Beirut;yes;OLBA;BEY;;http://www.beirutairport.gov.lb/;https://en.wikipedia.org/wiki/Beirut_Rafic_Hariri_International_Airport
5223;OLKA;medium_airport;Rene Mouawad Air Base / Kleyate Airport;34.589298;36.011299;75;AS;LB;LB-AS;Tripoli;no;OLKA;KYE;;;https://en.wikipedia.org/wiki/Rene_Mouawad_Air_Base
5224;OLRA;medium_airport;Rayak Air Base;33.850799560546875;35.987701416015625;3018;AS;LB;LB-BI;Rayak;no;OLRA;;;;https://en.wikipedia.org/wiki/Rayak_Air_Base
5226;OMAA;large_airport;Zayed International Airport;24.443764;54.651718;88;AS;AE;AE-AZ;Abu Dhabi;yes;OMAA;AUH;;http://www.abudhabiairport.ae/;https://en.wikipedia.org/wiki/Abu_Dhabi_International_Airport
5227;OMAD;medium_airport;Al Bateen Executive Airport;24.428301;54.458099;16;AS;AE;AE-AZ;Abu Dhabi;no;OMAD;AZI;;;https://en.wikipedia.org/wiki/Al_Bateen_Executive_Airport
5230;OMAL;medium_airport;Al Ain International Airport;24.261699676513672;55.60919952392578;869;AS;AE;AE-AZ;Al Ain;yes;OMAL;AAN;;;https://en.wikipedia.org/wiki/Al_Ain_International_Airport
5231;OMAM;medium_airport;Al Dhafra Air Base;24.248199462900004;54.547698974599996;77;AS;AE;AE-AZ;;no;OMAM;DHF;;https://www.dhafra.af.mil/;https://en.wikipedia.org/wiki/Al_Dhafra_Air_Base
315653;OMBY;medium_airport;Sir Bani Yas Airport;24.283611;52.580278;25;AS;AE;AE-AZ;Sir Bani Yas;no;OMBY;XSB;OMBY;;https://en.wikipedia.org/wiki/Sir_Bani_Yas_Airport
5235;OMDB;large_airport;Dubai International Airport;25.2527999878;55.3643989563;62;AS;AE;AE-DU;Dubai;yes;OMDB;DXB;;http://www.dubaiairport.com/dia/english/home/;https://en.wikipedia.org/wiki/Dubai_International_Airport
5236;OMDM;medium_airport;Al Minhad Air Base;25.0268001556;55.3661994934;165;AS;AE;AE-DU;Dubai;no;OMDM;NHD;;;https://en.wikipedia.org/wiki/Al_Minhad_Air_Base
300320;OMDW;large_airport;Al Maktoum International Airport;24.896356;55.161389;114;AS;AE;AE-DU;Jebel Ali;yes;OMDW;DWC;;https://www.dubaiairports.ae/;https://en.wikipedia.org/wiki/Al_Maktoum_International_Airport
5237;OMFJ;medium_airport;Fujairah International Airport;25.1122;56.324001;152;AS;AE;AE-FU;Fujairah;yes;OMFJ;FJR;;;https://en.wikipedia.org/wiki/Fujairah_International_Airport
5238;OMRK;medium_airport;Ras Al Khaimah International Airport;25.613500595092773;55.93880081176758;102;AS;AE;AE-RK;Ras Al Khaimah;yes;OMRK;RKT;;;https://en.wikipedia.org/wiki/Ras_Al_Khaimah_International_Airport
5239;OMSJ;large_airport;Sharjah International Airport;25.3286;55.5172;111;AS;AE;AE-SH;Sharjah;yes;OMSJ;SHJ;;https://www.sharjahairport.ae/en/;https://en.wikipedia.org/wiki/Sharjah_International_Airport
5240;OOKB;medium_airport;Khasab Airport;26.171;56.240601;100;AS;OM;OM-MU;Khasab;yes;OOKB;KHS;;;https://en.wikipedia.org/wiki/Khasab_Airport
5241;OOMA;medium_airport;RAFO Masirah;20.6754;58.890499;64;AS;OM;OM-SH;Masirah;no;OOMA;MSH;;;https://en.wikipedia.org/wiki/RAFO_Masirah
5242;OOMS;large_airport;Muscat International Airport;23.5933;58.284401;48;AS;OM;OM-MA;Muscat;yes;OOMS;MCT;;https://www.muscatairport.co.om/;https://en.wikipedia.org/wiki/Seeb_International_Airport
5244;OOSA;medium_airport;Salalah Airport;17.038700103759766;54.09130096435547;73;AS;OM;OM-ZU;Salalah;yes;OOSA;SLL;;http://www.dgcam.gov.om/str/airsalah.htm;https://en.wikipedia.org/wiki/Salalah_Airport
5245;OOTH;medium_airport;Thumrait Air Base;17.666;54.024601;1570;AS;OM;OM-ZU;Thumrait;no;OOTH;TTH;;;https://en.wikipedia.org/wiki/RAFO_Thumrait
5247;OPBW;medium_airport;Bahawalpur Airport;29.348100662231445;71.71800231933594;392;AS;PK;PK-PB;Bahawalpur;yes;OPBW;BHV;;;https://en.wikipedia.org/wiki/Bahawalpur_Airport
5248;OPCH;medium_airport;Chitral Airport;35.886213;71.799922;4920;AS;PK;PK-KP;Chitral;yes;OPCH;CJL;;;https://en.wikipedia.org/wiki/Chitral_Airport
5249;OPDG;medium_airport;Dera Ghazi Khan Airport;29.961000442504883;70.48590087890625;492;AS;PK;PK-PB;Dera Ghazi Khan;yes;OPDG;DEA;;;https://en.wikipedia.org/wiki/Dera_Ghazi_Khan_Airport
5250;OPDI;medium_airport;Dera Ismael Khan Airport;31.909400939941406;70.89659881591797;594;AS;PK;PK-KP;Dera Ismael Khan;yes;OPDI;DSK;;;https://en.wikipedia.org/wiki/Dera_Ismail_Khan_Airport
5251;OPFA;medium_airport;Faisalabad International Airport;31.364999771118164;72.99479675292969;591;AS;PK;PK-PB;Faisalabad;yes;OPFA;LYP;;;https://en.wikipedia.org/wiki/Faisalabad_International_Airport
5252;OPGD;medium_airport;Gwadar International Airport;25.232391;62.327671;36;AS;PK;PK-BA;Gwadar;yes;OPGD;GWD;;;https://en.wikipedia.org/wiki/Gwadar_International_Airport
5253;OPGT;medium_airport;Gilgit Airport;35.918800354003906;74.33360290527344;4796;AS;PK;PK-GB;Gilgit;yes;OPGT;GIL;;;https://en.wikipedia.org/wiki/Gilgit_Airport
333692;OPIS;large_airport;Islamabad International Airport;33.549;72.82566;1761;AS;PK;PK-PB;Attock;yes;OPIS;ISB;;http://www.islamabadairport.com.pk/;https://en.wikipedia.org/wiki/Islamabad_International_Airport
5254;OPJA;medium_airport;Shahbaz Air Base;28.28420066833496;68.44969940185547;185;AS;PK;PK-SD;Jacobabad;no;OPJA;JAG;;;https://en.wikipedia.org/wiki/Jacobabad_Airbase
5255;OPKC;large_airport;Jinnah International Airport;24.9065;67.160797;100;AS;PK;PK-SD;Karachi;yes;OPKC;KHI;;;https://en.wikipedia.org/wiki/Jinnah_International_Airport
5257;OPLA;large_airport;Allama Iqbal International Airport;31.521601;74.403603;712;AS;PK;PK-PB;Lahore;yes;OPLA;LHE;;;https://en.wikipedia.org/wiki/Allama_Iqbal_International_Airport
5258;OPLH;medium_airport;Walton Airport;31.494323;74.346914;679;AS;PK;PK-PB;Lahore;no;OPLH;;;;https://en.wikipedia.org/wiki/Walton_Airport
5259;OPMA;medium_airport;Mangla Airport;33.05009841918945;73.63839721679688;902;AS;PK;PK-PB;Mangla;no;OPMA;XJM;;;https://en.wikipedia.org/wiki/Mangla_Airport
5260;OPMF;medium_airport;Muzaffarabad Airport;34.3390007019043;73.50859832763672;2691;AS;PK;PK-JK;Muzaffarabad;yes;OPMF;MFG;;;https://en.wikipedia.org/wiki/Muzaffarabad_Airport
5261;OPMI;medium_airport;Mianwali Air Base;32.5630989074707;71.5707015991211;690;AS;PK;PK-PB;Mianwali;no;OPMI;MWD;;;https://en.wikipedia.org/wiki/Dhamial_Army_Airbase
5262;OPMJ;medium_airport;Moenjodaro Airport;27.3351993560791;68.14309692382812;154;AS;PK;PK-SD;Moenjodaro;yes;OPMJ;MJD;;;https://en.wikipedia.org/wiki/Moenjodaro_Airport
5263;OPMR;medium_airport;Masroor Air Base;24.893600463867188;66.93879699707031;35;AS;PK;PK-SD;Karachi;no;OPMR;;;;https://en.wikipedia.org/wiki/Masroor_Airbase
32124;OPMS;medium_airport;Minhas Air Base;33.8690986633;72.4009017944;1023;AS;PK;PK-PB;Kamra;no;OPMS;ATG;;;https://en.wikipedia.org/wiki/Minhas_Airbase
5264;OPMT;medium_airport;Multan International Airport;30.20319938659668;71.41909790039062;403;AS;PK;PK-PB;Multan;yes;OPMT;MUX;;;https://en.wikipedia.org/wiki/Multan_International_Airport
5265;OPNH;medium_airport;Shaheed Benazirabad Airport;26.2194;68.390099;95;AS;PK;PK-SD;Nawabashah;yes;OPNH;WNS;;;https://en.wikipedia.org/wiki/Nawabshah_Airport
5268;OPPG;medium_airport;Panjgur Airport;26.954500198364258;64.13249969482422;3289;AS;PK;PK-BA;Panjgur;yes;OPPG;PJG;;;https://en.wikipedia.org/wiki/Panjgur_Airport
5269;OPPI;medium_airport;Pasni Airport;25.29050064086914;63.34510040283203;33;AS;PK;PK-BA;Pasni;yes;OPPI;PSI;;;https://en.wikipedia.org/wiki/Pasni_Airport
5270;OPPS;medium_airport;Peshawar International Airport;33.993900299072266;71.51460266113281;1158;AS;PK;PK-KP;Peshawar;yes;OPPS;PEW;;;https://en.wikipedia.org/wiki/Peshawar_International_Airport
5272;OPQT;medium_airport;Quetta International Airport;30.251399993896484;66.93779754638672;5267;AS;PK;PK-BA;Quetta;yes;OPQT;UET;;;https://en.wikipedia.org/wiki/Quetta_International_Airport
5273;OPRK;medium_airport;Shaikh Zaid Airport;28.383899688720703;70.27960205078125;271;AS;PK;PK-PB;Rahim Yar Khan;yes;OPRK;RYK;;;https://en.wikipedia.org/wiki/Shaikh_Zayed_International_Airport
32125;OPRQ;medium_airport;Rafiqui Air Base;30.758100509643555;72.28250122070312;492;AS;PK;PK-PB;Shorkot;no;OPRQ;;;;https://en.wikipedia.org/wiki/Rafiqui_Airbase
5275;OPRS;medium_airport;Risalpur Air Base;34.08110046386719;71.97260284423828;1050;AS;PK;PK-KP;Risalpur;no;OPRS;;;;https://en.wikipedia.org/wiki/Risalpur_Airbase
5276;OPRT;medium_airport;Rawalakot Airport;33.849700927734375;73.79810333251953;5479;AS;PK;PK-JK;Rawalakot;yes;OPRT;RAZ;;;https://en.wikipedia.org/wiki/Rawalakot_Airport
5277;OPSD;medium_airport;Skardu Airport;35.33549880981445;75.53600311279297;7316;AS;PK;PK-GB;Skardu;yes;OPSD;KDU;;;https://en.wikipedia.org/wiki/Skardu_Airport
5278;OPSF;medium_airport;Faisal Air Base;24.87420082092285;67.11849975585938;29;AS;PK;PK-SD;Karachi;no;OPSF;;;;https://en.wikipedia.org/wiki/Faisal_Airbase
5279;OPSK;medium_airport;Sukkur Airport;27.722000122070312;68.79170227050781;196;AS;PK;PK-SD;Mirpur Khas;yes;OPSK;SKZ;;;https://en.wikipedia.org/wiki/Sukkur_Airport
30590;OPSN;medium_airport;Sehwan Sharif Airport;26.473100662231445;67.71720123291016;121;AS;PK;PK-SD;Sehwan Sharif;yes;OPSN;SYW;;;https://en.wikipedia.org/wiki/Sehwan_Sharif_Airport
32290;OPSR;medium_airport;Mushaf Air Base;32.04859924316406;72.66500091552734;614;AS;PK;PK-PB;Sargodha;no;OPSR;SGI;;;https://en.wikipedia.org/wiki/Mushaf_Airbase
5280;OPSS;medium_airport;Saidu Sharif Airport;34.8135986328125;72.35279846191406;3183;AS;PK;PK-KP;Saidu Sharif;yes;OPSS;SDT;;;https://en.wikipedia.org/wiki/Saidu_Sharif_Airport
41624;OPST;medium_airport;Sialkot International Airport;32.535557;74.363892;837;AS;PK;PK-PB;Sialkot;yes;OPST;SKT;;;https://en.wikipedia.org/wiki/Sialkot_International_Airport
5281;OPSU;medium_airport;Sui Airport;28.645099639892578;69.1769027709961;763;AS;PK;PK-BA;Sui;no;OPSU;SUL;;;https://en.wikipedia.org/wiki/Sui_Airport
5283;OPTU;medium_airport;Turbat International Airport;25.986400604248047;63.03020095825195;498;AS;PK;PK-BA;Turbat;yes;OPTU;TUK;;;https://en.wikipedia.org/wiki/Turbat_Airport
5285;OPZB;medium_airport;Zhob Airport;31.358400344848633;69.4636001586914;4728;AS;PK;PK-BA;Fort Sandeman;yes;OPZB;PZH;;;https://en.wikipedia.org/wiki/Zhob_Airport
5286;ORAA;medium_airport;Al Asad Air Base;33.7855987549;42.4412002563;618;AS;IQ;IQ-AN;Hīt;no;ORAA;IQA;;;https://en.wikipedia.org/wiki/Al_Asad_Airbase
5287;ORAT;medium_airport;Al Taqaddum Air Base;33.33810043335;43.597099304199;275;AS;IQ;IQ-AN;Al Habbaniyah;no;ORAT;TQD;;;https://en.wikipedia.org/wiki/Al_Taqaddum
5288;ORBD;medium_airport;Balad Southeast Airport / Joint Base Balad;33.940201;44.361599;161;AS;IQ;IQ-SD;Al Bakr;no;ORBD;;OR9;;https://en.wikipedia.org/wiki/Joint_Base_Balad
5289;ORBI;large_airport;Baghdad International Airport / New Al Muthana Air Base;33.262501;44.2346;114;AS;IQ;IQ-BG;Baghdad;yes;ORBI;BGW;;;https://en.wikipedia.org/wiki/Baghdad_International_Airport
5290;ORBM;medium_airport;Mosul International Airport;36.305801;43.1474;719;AS;IQ;IQ-NI;Mosul;no;ORBM;OSM;;;https://en.wikipedia.org/wiki/Mosul_International_Airport
5292;ORER;medium_airport;Erbil International Airport;36.23759841918945;43.963199615478516;1341;AS;IQ;IQ-AR;Arbil;yes;ORER;EBL;;;https://en.wikipedia.org/wiki/Erbil_International_Airport
5293;ORKK;medium_airport;Kirkuk Air Base;35.469501;44.3489;1061;AS;IQ;IQ-TS;Kirkuk;no;ORKK;KIK;;;https://en.wikipedia.org/wiki/Kirkuk_International_Airport
5294;ORMM;medium_airport;Basra International Airport;30.549101;47.662102;11;AS;IQ;IQ-BA;Basra;yes;ORMM;BSR;;http://www.basrainternationalairport.com;https://en.wikipedia.org/wiki/Basra_International_Airport
311028;ORNI;medium_airport;Al Najaf International Airport;31.989853;44.404317;103;AS;IQ;IQ-NA;Najaf;yes;ORNI;NJF;;http://www.alnajafairport.net/;https://en.wikipedia.org/wiki/Al_Najaf_International_Airport
5295;ORQW;medium_airport;Qayyarah West Airport;35.7672;43.125099;749;AS;IQ;IQ-NI;Qayyarah;no;ORQW;RQW;;;https://en.wikipedia.org/wiki/Qayyarah_Airfield_West
5296;ORSH;medium_airport;Al Sahra Army Air Field;34.673199;43.542999;451;AS;IQ;IQ-SD;Tikrit;no;ORSH;;;;https://en.wikipedia.org/wiki/Camp_Speicher
5297;ORSU;medium_airport;Sulaymaniyah International Airport;35.5617485046;45.316738128699996;2494;AS;IQ;IQ-SW;Sulaymaniyah;yes;ORSU;ISU;OSO;;https://en.wikipedia.org/wiki/Sulaimaniyah_International_Airport
5298;ORTF;medium_airport;Tall Afar Army Air Field;36.2831;42.403;996;AS;IQ;IQ-NI;Tall Afar;no;ORTF;;;;https://en.wikipedia.org/wiki/Tal_Afar_Air_Base
5299;ORTI;medium_airport;Al Taji Army Air Field;33.52389907836914;44.25669860839844;121;AS;IQ;IQ-BG;Taji;no;ORTI;;;;https://en.wikipedia.org/wiki/Taji,_Iraq#Camp_Taji
5300;ORTL;medium_airport;Ali Air Base;30.935801;46.090099;20;AS;IQ;IQ-DQ;Nasiriyah;no;ORTL;XNH;;;https://en.wikipedia.org/wiki/Ali_Air_Base
5301;ORUB;medium_airport;Ubaydah Bin Al Jarrah Airport;32.481998;45.757099;68;AS;IQ;IQ-WA;Al Kut;no;ORUB;;;;
5302;OSAP;medium_airport;Aleppo International Airport;36.180698;37.2244;1276;AS;SY;SY-HL;Aleppo;yes;OSAP;ALP;;http://www.aleppo-airport.com/en/;https://en.wikipedia.org/wiki/Aleppo_International_Airport
5303;OSDI;large_airport;Damascus International Airport;33.4114990234375;36.51559829711914;2020;AS;SY;SY-DI;Damascus;yes;OSDI;DAM;;;https://en.wikipedia.org/wiki/Damascus_International_Airport
5304;OSDZ;medium_airport;Deir ez-Zor Airport;35.2854;40.175999;700;AS;SY;SY-DY;Deir ez-Zor;no;OSDZ;DEZ;;;https://en.wikipedia.org/wiki/Deir_ez-Zor_Airport
5305;OSKL;medium_airport;Qamishli Airport;37.020599;41.191399;1480;AS;SY;SY-HA;Qamishly;yes;OSKL;KAC;;;https://en.wikipedia.org/wiki/Qamishli_Airport
5306;OSLK;medium_airport;Hmeimim Air Base;35.4011;35.9487;157;AS;SY;SY-LA;Latakia;no;OSLK;LTK;;;https://en.wikipedia.org/wiki/Bassel_Al-Assad_International_Airport
5307;OSPR;medium_airport;Palmyra Airport;34.5574;38.316898;1322;AS;SY;SY-HI;Tadmur;no;OSPR;PMS;;;https://en.wikipedia.org/wiki/Palmyra_Airport
5308;OTBD;medium_airport;Doha International Airport;25.261101;51.565102;35;AS;QA;QA-DA;Doha;no;OTBD;DIA;;http://www.dohaairport.com/;https://en.wikipedia.org/wiki/Doha_International_Airport
5309;OTBH;medium_airport;Al Udeid Air Base;25.1173000336;51.3149986267;130;AS;QA;QA-RA;Ar Rayyan;no;OTBH;XJD;;;https://en.wikipedia.org/wiki/Al_Udeid_Air_Base
44686;OTHH;large_airport;Hamad International Airport;25.273056;51.608056;13;AS;QA;QA-DA;Doha;yes;OTHH;DOH;;http://dohahamadairport.com/;https://en.wikipedia.org/wiki/Hamad_International_Airport
5311;OYAA;medium_airport;Aden International Airport;12.8295;45.028801;7;AS;YE;YE-AD;Aden;yes;OYAA;ADE;;;https://en.wikipedia.org/wiki/Aden_International_Airport
5312;OYAT;medium_airport;Ataq Airport;14.5513;46.826199;3735;AS;YE;YE-SH;Ataq;no;OYAT;AXK;;;https://en.wikipedia.org/wiki/Ataq_Airport
5315;OYGD;medium_airport;Al Ghaydah International Airport;16.193341;52.174186;134;AS;YE;YE-MR;Al Ghaydah;yes;OYGD;AAY;;;https://en.wikipedia.org/wiki/Al_Ghaydah_Airport
5316;OYHD;medium_airport;Hodeidah International Airport;14.753000259399414;42.97629928588867;41;AS;YE;YE-HU;Hodeida;yes;OYHD;HOD;;;https://en.wikipedia.org/wiki/Hodeida_International_Airport
5317;OYRN;medium_airport;Riyan Mukalla International Airport;14.6626;49.375;54;AS;YE;YE-HD;Riyan;yes;OYRN;RIY;;;https://en.m.wikipedia.org/wiki/Riyan_International_Airport
5318;OYSN;medium_airport;Sana'a International Airport;15.476300239562988;44.21969985961914;7216;AS;YE;YE-SN;Sana'a;yes;OYSN;SAH;;;https://en.wikipedia.org/wiki/Sana'a_International_Airport
5319;OYSQ;medium_airport;Socotra International Airport;12.63070011138916;53.905799865722656;146;AS;YE;YE-HD;Socotra Islands;yes;OYSQ;SCT;;;https://en.wikipedia.org/wiki/Socotra_Airport
5320;OYSY;medium_airport;Seiyun Hadhramaut International Airport;15.9661;48.7883;2097;AS;YE;YE-HD;Seiyun;yes;OYSY;GXF;;;https://en.wikipedia.org/wiki/Sayun_Airport
5321;OYTZ;medium_airport;Ta'izz International Airport;13.6859998703;44.139099121099996;4838;AS;YE;YE-TA;Ta'izz;yes;OYTZ;TAI;;;https://en.wikipedia.org/wiki/Ta'izz_International_Airport
5336;PAAQ;medium_airport;"Warren ""Bud"" Woods Palmer Municipal Airport";61.594898;-149.08901;242;NA;US;US-AK;Palmer;no;PAAQ;PAQ;PAQ;;https://en.wikipedia.org/wiki/Palmer_Municipal_Airport
5337;PABA;medium_airport;Barter Island Long Range Radar Station Airport;70.134003;-143.582001;2;NA;US;US-AK;Barter Island;yes;PABA;BTI;BTI;;https://en.wikipedia.org/wiki/Barter_Island_LRRS_Airport
5338;PABE;medium_airport;Bethel Airport;60.77980042;-161.8379974;126;NA;US;US-AK;Bethel;yes;PABE;BET;BET;;https://en.wikipedia.org/wiki/Bethel_Airport
5339;PABI;medium_airport;Allen Army Airfield;63.9944992065;-145.722000122;1291;NA;US;US-AK;Delta Junction Ft Greely;no;PABI;BIG;BIG;;https://en.wikipedia.org/wiki/Allen_Army_Airfield00000000000000
5342;PABR;medium_airport;Wiley Post Will Rogers Memorial Airport;71.285402;-156.766008;44;NA;US;US-AK;Utqiaġvik;yes;PABR;BRW;BRW;;https://en.wikipedia.org/wiki/Wiley_Post-Will_Rogers_Memorial_Airport
5344;PABV;medium_airport;Birchwood Airport;61.4165;-149.507004;83;NA;US;US-AK;Birchwood;no;PABV;;BCV;;https://en.wikipedia.org/wiki/Birchwood_Airport
5345;PACD;medium_airport;Cold Bay Airport;55.207871;-162.725029;96;NA;US;US-AK;Cold Bay;yes;PACD;CDB;CDB;;https://en.wikipedia.org/wiki/Cold_Bay_Airport
5346;PACL;medium_airport;Clear Airport;64.299738;-149.117432;552;NA;US;US-AK;Clear;no;PACL;;Z84;;https://en.wikipedia.org/wiki/Clear_Airport
5348;PACV;medium_airport;Merle K (Mudhole) Smith Airport;60.491798;-145.477997;54;NA;US;US-AK;Cordova;yes;PACV;CDV;CDV;;https://en.wikipedia.org/wiki/Merle_K._(Mudhole)_Smith_Airport
5349;PACZ;medium_airport;Cape Romanzof LRRS Airport;61.78030014;-166.0390015;464;NA;US;US-AK;Cape Romanzof;no;PACZ;CZF;CZF;;https://en.wikipedia.org/wiki/Cape_Romanzof_LRRS_Airport
5350;PADE;medium_airport;Deering Airport;66.068901;-162.766914;21;NA;US;US-AK;Deering;yes;PADE;DRG;DEE;;https://en.wikipedia.org/wiki/Deering_Airport
16092;PADK;medium_airport;Adak Airport;51.883564;-176.642783;18;NA;US;US-AK;Adak;yes;PADK;ADK;ADK;;https://en.wikipedia.org/wiki/Adak_Airport
5351;PADL;medium_airport;Dillingham Airport;59.04470062;-158.5050049;81;NA;US;US-AK;Dillingham;yes;PADL;DLG;DLG;;https://en.wikipedia.org/wiki/Dillingham_Airport
5353;PADQ;medium_airport;Kodiak Airport;57.75;-152.4940033;78;NA;US;US-AK;Kodiak;yes;PADQ;ADQ;ADQ;;https://en.wikipedia.org/wiki/Kodiak_Airport
5354;PADU;medium_airport;Tom Madsen (Dutch Harbor) Airport;53.89881;-166.544996;22;NA;US;US-AK;Unalaska;yes;PADU;DUT;DUT;;https://en.wikipedia.org/wiki/Unalaska_Airport
5355;PAED;medium_airport;Elmendorf Air Force Base;61.251709;-149.807097;212;NA;US;US-AK;Anchorage;no;PAED;EDF;EDF;;https://en.wikipedia.org/wiki/Elmendorf_Air_Force_Base
5356;PAEH;medium_airport;Cape Newenham LRRS Airport;58.646400451699996;-162.06300354;541;NA;US;US-AK;Cape Newenham;no;PAEH;EHM;EHM;;https://en.wikipedia.org/wiki/Cape_Newenham_LRRS_Airport
5357;PAEI;medium_airport;Eielson Air Force Base;64.66570282;-147.102005;547;NA;US;US-AK;Fairbanks;no;PAEI;EIL;EIL;;https://en.wikipedia.org/wiki/Eielson_Air_Force_Base
5358;PAEM;medium_airport;Emmonak Airport;62.78609848;-164.4909973;13;NA;US;US-AK;Emmonak;yes;PAEM;EMK;ENM;;https://en.wikipedia.org/wiki/Emmonak_Airport
5359;PAEN;medium_airport;Kenai Municipal Airport;60.570946;-151.245174;99;NA;US;US-AK;Kenai;yes;PAEN;ENA;ENA;;https://en.wikipedia.org/wiki/Kenai_Municipal_Airport
5360;PAFA;medium_airport;Fairbanks International Airport;64.815102;-147.856003;439;NA;US;US-AK;Fairbanks;yes;PAFA;FAI;FAI;;https://en.wikipedia.org/wiki/Fairbanks_International_Airport
5361;PAFB;medium_airport;Ladd Army Airfield;64.837502;-147.613998;454;NA;US;US-AK;Fairbanks;no;PAFB;FBK;FBK;;https://en.wikipedia.org/wiki/Ladd_Army_Airfield
5362;PAFE;medium_airport;Kake Airport;56.961312;-133.910202;172;NA;US;US-AK;Kake;no;PAFE;;AFE;;https://en.wikipedia.org/wiki/Kake_Airport
5363;PAFM;medium_airport;Ambler Airport;67.105529;-157.855339;334;NA;US;US-AK;Ambler;yes;PAFM;ABL;AFM;;https://en.wikipedia.org/wiki/Ambler_Airport
5365;PAGA;medium_airport;Edward G. Pitka Sr Airport;64.736198;-156.936997;153;NA;US;US-AK;Galena;yes;PAGA;GAL;GAL;;https://en.wikipedia.org/wiki/Edward_G._Pitka_Sr._Airport
5367;PAGK;medium_airport;Gulkana Airport;62.155859;-145.454662;1586;NA;US;US-AK;Gulkana;yes;PAGK;GKN;GKN;;https://en.wikipedia.org/wiki/Gulkana_Airport
5368;PAGM;medium_airport;Gambell Airport;63.767694;-171.733303;27;NA;US;US-AK;Gambell;yes;PAGM;GAM;GAM;;https://en.wikipedia.org/wiki/Gambell_Airport
5369;PAGS;medium_airport;Gustavus Airport;58.4253006;-135.7070007;35;NA;US;US-AK;Gustavus;yes;PAGS;GST;GST;;https://en.wikipedia.org/wiki/Gustavus_Airport
17619;PAHC;medium_airport;Holy Cross Airport;62.18830108642578;-159.77499389648438;70;NA;US;US-AK;Holy Cross;yes;PAHC;HCR;HCA;;https://en.wikipedia.org/wiki/Holy_Cross_Airport
5370;PAHL;medium_airport;Huslia Airport;65.697899;-156.350998;220;NA;US;US-AK;Huslia;yes;PAHL;HSL;HLA;;https://en.wikipedia.org/wiki/Huslia_Airport
5372;PAHN;medium_airport;Haines Airport;59.243921;-135.523925;15;NA;US;US-AK;Haines;yes;PAHN;HNS;HNS;;https://en.wikipedia.org/wiki/Haines_Airport
5373;PAHO;medium_airport;Homer Airport;59.644456;-151.479235;84;NA;US;US-AK;Homer;yes;PAHO;HOM;HOM;;https://en.wikipedia.org/wiki/Homer_Airport
5375;PAII;medium_airport;Egegik Airport;58.184386;-157.374873;92;NA;US;US-AK;Egegik;yes;PAII;EGX;EII;;https://en.wikipedia.org/wiki/Egegik_Airport
5376;PAIK;medium_airport;Bob Baker Memorial Airport;66.976128;-160.439014;166;NA;US;US-AK;Kiana;yes;PAIK;IAN;IAN;;https://en.wikipedia.org/wiki/Bob_Baker_Memorial_Airport
5377;PAIL;medium_airport;Iliamna Airport;59.754398;-154.910996;192;NA;US;US-AK;Iliamna;yes;PAIL;ILI;ILI;;https://en.wikipedia.org/wiki/Iliamna_Airport
5378;PAIM;medium_airport;Indian Mountain LRRS Airport;65.992798;-153.703995;1273;NA;US;US-AK;Utopia Creek;yes;PAIM;UTO;UTO;;https://en.wikipedia.org/wiki/Indian_Mountain_LRRS_Airport
5379;PAJN;medium_airport;Juneau International Airport;58.355;-134.576004;21;NA;US;US-AK;Juneau;yes;PAJN;JNU;JNU;https://juneau.org/airport;https://en.wikipedia.org/wiki/Juneau_International_Airport
5380;PAKN;medium_airport;King Salmon Airport;58.677845;-156.651965;73;NA;US;US-AK;King Salmon;yes;PAKN;AKN;AKN;;https://en.wikipedia.org/wiki/King_Salmon_Airport
5381;PAKP;medium_airport;Anaktuvuk Pass Airport;68.133598;-151.742996;2102;NA;US;US-AK;Anaktuvuk Pass;yes;PAKP;AKP;AKP;;https://en.wikipedia.org/wiki/Anaktuvuk_Pass_Airport
5382;PAKT;medium_airport;Ketchikan International Airport;55.35559845;-131.7140045;89;NA;US;US-AK;Ketchikan;yes;PAKT;KTN;KTN;;https://en.wikipedia.org/wiki/Ketchikan_International_Airport
5383;PAKW;medium_airport;Klawock Airport;55.579201;-133.076004;80;NA;US;US-AK;Klawock;yes;PAKW;KLW;AKW;;https://en.wikipedia.org/wiki/Klawock_Airport
5385;PALU;medium_airport;Cape Lisburne LRRS Airport;68.875099;-166.110001;16;NA;US;US-AK;Cape Lisburne;yes;PALU;LUR;LUR;;https://en.wikipedia.org/wiki/Cape_Lisburne_LRRS_Airport
21844;PAMC;medium_airport;McGrath Airport;62.95289993;-155.6060028;341;NA;US;US-AK;McGrath;yes;PAMC;MCG;MCG;;https://en.wikipedia.org/wiki/McGrath_Airport
5386;PAMR;medium_airport;Merrill Field;61.212792;-149.843988;137;NA;US;US-AK;Anchorage;yes;PAMR;MRI;MRI;;https://en.wikipedia.org/wiki/Merrill_Field
5387;PAMY;medium_airport;Mekoryuk Airport;60.372338;-166.269751;48;NA;US;US-AK;Mekoryuk;yes;PAMY;MYU;MYU;;https://en.wikipedia.org/wiki/Mekoryuk_Airport
5388;PANC;large_airport;Ted Stevens Anchorage International Airport;61.179004;-149.992561;152;NA;US;US-AK;Anchorage;yes;PANC;ANC;ANC;https://dot.alaska.gov/anc/;https://en.wikipedia.org/wiki/Ted_Stevens_Anchorage_International_Airport
16291;PANI;medium_airport;Aniak Airport;61.581600189208984;-159.54299926757812;88;NA;US;US-AK;Aniak;yes;PANI;ANI;ANI;;https://en.wikipedia.org/wiki/Aniak_Airport
5390;PANN;medium_airport;Nenana Municipal Airport;64.548772;-149.074516;362;NA;US;US-AK;Nenana;no;PANN;ENN;ENN;;https://en.wikipedia.org/wiki/Nenana_Municipal_Airport
5391;PANT;medium_airport;Annette Island Airport;55.037663;-131.572609;119;NA;US;US-AK;Metlakatla;no;PANT;ANN;ANN;;https://en.wikipedia.org/wiki/Annette_Island_Airport
5392;PANV;medium_airport;Anvik Airport;62.646702;-160.190994;291;NA;US;US-AK;Anvik;yes;PANV;ANV;ANV;;https://en.wikipedia.org/wiki/Anvik_Airport
5393;PAOM;medium_airport;Nome Airport;64.51219940185547;-165.44500732421875;37;NA;US;US-AK;Nome;yes;PAOM;OME;OME;;https://en.wikipedia.org/wiki/Nome_Airport
5394;PAOR;medium_airport;Northway Airport;62.9613;-141.929001;1715;NA;US;US-AK;Northway;yes;PAOR;ORT;ORT;;https://en.wikipedia.org/wiki/Northway_Airport
5395;PAOT;medium_airport;Ralph Wien Memorial Airport;66.88469696;-162.598999;14;NA;US;US-AK;Kotzebue;yes;PAOT;OTZ;OTZ;;https://en.wikipedia.org/wiki/Ralph_Wien_Memorial_Airport
5396;PAPB;medium_airport;St George Airport;56.577345;-169.663823;125;NA;US;US-AK;St George;yes;PAPB;STG;PBV;;https://en.wikipedia.org/wiki/St._George_Airport_(Alaska)
5397;PAPC;medium_airport;Port Clarence Coast Guard Station;65.2537002563;-166.85899353;10;NA;US;US-AK;Port Clarence;no;PAPC;KPC;KPC;;https://en.wikipedia.org/wiki/Port_Clarence_Coast_Guard_Station
5398;PAPG;medium_airport;Petersburg James A Johnson Airport;56.80170059;-132.9450073;111;NA;US;US-AK;Petersburg;yes;PAPG;PSG;PSG;;https://en.wikipedia.org/wiki/Petersburg_James_A._Johnson_Airport
5399;PAPH;medium_airport;Port Heiden Airport;56.957893;-158.630219;95;NA;US;US-AK;Port Heiden;yes;PAPH;PTH;PTH;;https://en.wikipedia.org/wiki/Port_Heiden_Airport
5400;PAPM;medium_airport;Platinum Airport;59.017675;-161.827927;15;NA;US;US-AK;Platinum;yes;PAPM;PTU;PTU;;https://en.wikipedia.org/wiki/Platinum_Airport
5401;PAQT;medium_airport;Nuiqsut Airport;70.209999;-151.005998;38;NA;US;US-AK;Nuiqsut;yes;PAQT;NUI;AQT;;https://en.wikipedia.org/wiki/Nuiqsut_Airport
5402;PARC;medium_airport;Arctic Village Airport;68.1147;-145.578995;2092;NA;US;US-AK;Arctic Village;yes;PARC;ARC;ARC;;https://en.wikipedia.org/wiki/Arctic_Village_Airport
5403;PARY;medium_airport;Ruby Airport;64.727203;-155.470001;658;NA;US;US-AK;Ruby;yes;PARY;RBY;RBY;;https://en.wikipedia.org/wiki/Ruby_Airport
5404;PASA;medium_airport;Savoonga Airport;63.686401;-170.492996;53;NA;US;US-AK;Savoonga;yes;PASA;SVA;SVA;;https://en.wikipedia.org/wiki/Savoonga_Airport
5405;PASC;medium_airport;Deadhorse Airport;70.19470215;-148.4649963;65;NA;US;US-AK;Deadhorse;yes;PASC;SCC;SCC;;https://en.wikipedia.org/wiki/Deadhorse_Airport
5406;PASD;medium_airport;Sand Point Airport;55.313908;-160.522099;21;NA;US;US-AK;Sand Point;yes;PASD;SDP;SDP;;https://en.wikipedia.org/wiki/Sand_Point_Airport
5408;PASI;medium_airport;Sitka Rocky Gutierrez Airport;57.04710006713867;-135.36199951171875;21;NA;US;US-AK;Sitka;yes;PASI;SIT;SIT;;https://en.wikipedia.org/wiki/Sitka_Rocky_Gutierrez_Airport
5410;PASN;medium_airport;St Paul Island Airport;57.166311;-170.222555;63;NA;US;US-AK;St Paul Island;yes;PASN;SNP;SNP;;https://en.wikipedia.org/wiki/St._Paul_Island_Airport
5411;PASV;medium_airport;Sparrevohn LRRS Airport;61.09740067;-155.5740051;1585;NA;US;US-AK;Sparrevohn;no;PASV;SVW;SVW;;https://en.wikipedia.org/wiki/Sparrevohn_LRRS_Airport
5412;PASX;medium_airport;Soldotna Airport;60.474935;-151.038471;113;NA;US;US-AK;Soldotna;no;PASX;SXQ;SXQ;;https://en.wikipedia.org/wiki/Soldotna_Airport
5413;PASY;medium_airport;Eareckson Air Station;52.71229935;174.1139984;95;NA;US;US-AK;Shemya;no;PASY;SYA;SYA;;https://en.wikipedia.org/wiki/Eareckson_Air_Station
24910;PATK;medium_airport;Talkeetna Airport;62.320499420166;-150.09399414062;358;NA;US;US-AK;Talkeetna;no;PATK;TKA;TKA;;https://en.wikipedia.org/wiki/Talkeetna_Airport
5415;PATL;medium_airport;Tatalina LRRS Airport;62.894401550299996;-155.977005005;964;NA;US;US-AK;Takotna;no;PATL;TLJ;TLJ;;https://en.wikipedia.org/wiki/Tatalina_LRRS_Airport
5416;PATQ;medium_airport;Atqasuk Edward Burnell Sr Memorial Airport;70.46704;-157.436013;96;NA;US;US-AK;Atqasuk;yes;PATQ;ATK;ATK;;https://en.wikipedia.org/wiki/Atqasuk_Edward_Burnell_Sr._Memorial_Airport
5389;PAUN;medium_airport;Unalakleet Airport;63.888401;-160.798996;27;NA;US;US-AK;Unalakleet;yes;PAUN;UNK;UNK;;https://en.wikipedia.org/wiki/Unalakleet_Airport
5418;PAVD;medium_airport;Valdez Pioneer Field;61.132712;-146.246567;121;NA;US;US-AK;Valdez;yes;PAVD;VDZ;VDZ;;https://en.wikipedia.org/wiki/Valdez_Airport
5420;PAWD;medium_airport;Seward Airport;60.130478;-149.418612;22;NA;US;US-AK;Seward;no;PAWD;SWD;SWD;;https://en.wikipedia.org/wiki/Seward_Airport
5421;PAWG;medium_airport;Wrangell Airport;56.48429871;-132.3699951;49;NA;US;US-AK;Wrangell;yes;PAWG;WRG;WRG;;https://en.wikipedia.org/wiki/Wrangell_Airport
5422;PAWI;medium_airport;Wainwright Airport;70.638;-159.994995;41;NA;US;US-AK;Wainwright;yes;PAWI;AIN;AWI;;https://en.wikipedia.org/wiki/Wainwright_Airport_(Alaska)
5424;PAWS;medium_airport;Wasilla Airport;61.571701;-149.539993;354;NA;US;US-AK;Wasilla;no;PAWS;WWA;IYS;;https://en.wikipedia.org/wiki/Wasilla_Airport
26343;PAYA;medium_airport;Yakutat Airport;59.508717;-139.660435;33;NA;US;US-AK;Yakutat;yes;PAYA;YAK;YAK;;https://en.wikipedia.org/wiki/Yakutat_Airport
5426;PCIS;medium_airport;Canton Island Airport;-2.7681200504300003;-171.710006714;9;OC;KI;KI-P;Abariringa;no;PCIS;CIS;;;https://en.wikipedia.org/wiki/Canton_Island_Airport
5429;PFYU;medium_airport;Fort Yukon Airport;66.571651;-145.249987;433;NA;US;US-AK;Fort Yukon;yes;PFYU;FYU;FYU;;https://en.wikipedia.org/wiki/Fort_Yukon_Airport
5430;PGRO;medium_airport;Rota International Airport;14.1743;145.242996;607;OC;MP;MP-U-A;Rota Island;yes;PGRO;ROP;GRO;;https://en.wikipedia.org/wiki/Rota_International_Airport
5431;PGSN;medium_airport;Saipan International Airport;15.119;145.729004;215;OC;MP;MP-U-A;I Fadang, Saipan;yes;PGSN;SPN;GSN;;https://en.wikipedia.org/wiki/Saipan_International_Airport
5432;PGUA;medium_airport;Andersen Air Force Base;13.584;144.929998;627;OC;GU;GU-U-A;Yigo;no;PGUA;UAM;UAM;http://www.andersen.af.mil/;https://en.wikipedia.org/wiki/Andersen_Air_Force_Base
5433;PGUM;large_airport;Antonio B. Won Pat International Airport;13.4834;144.796005;298;OC;GU;GU-U-A;Hagåtña;yes;PGUM;GUM;GUM;http://www.guamairport.com/;https://en.wikipedia.org/wiki/Antonio_B._Won_Pat_International_Airport
5434;PGWT;medium_airport;Tinian International Airport;14.998101;145.61923;271;OC;MP;MP-U-A;Tinian Island;yes;PGWT;TIQ;TNI;;https://en.wikipedia.org/wiki/Tinian_International_Airport
5441;PHBK;medium_airport;Barking Sands Airport;22.0228;-159.785004;23;OC;US;US-HI;Kekaha;no;PHBK;BKH;BKH;;https://en.wikipedia.org/wiki/Pacific_Missile_Range_Facility
5444;PHHN;medium_airport;Hana Airport;20.795601;-156.014008;78;OC;US;US-HI;Hana;yes;PHHN;HNM;HNM;;https://en.wikipedia.org/wiki/Hana_Airport
335883;PHIK;medium_airport;Hickam Air Force Base;21.335278;-157.948333;13;OC;US;US-HI;Honolulu;no;PHIK;HIK;HIK;https://www.hickam.af.mil;https://en.wikipedia.org/wiki/Hickam_Air_Force_Base
5446;PHJH;medium_airport;Kapalua Airport;20.9629;-156.673004;256;OC;US;US-HI;Lahaina;yes;PHJH;JHM;JHM;;https://en.wikipedia.org/wiki/Kapalua_Airport
5447;PHJR;medium_airport;Kalaeloa Airport;21.3074;-158.070009;30;OC;US;US-HI;Kapolei;no;PHJR;JRF;JRF;http://airports.hawaii.gov/jrf/;https://en.wikipedia.org/wiki/Kalaeloa_Airport
5448;PHKO;medium_airport;Ellison Onizuka Kona International Airport at Keahole;19.738783;-156.045603;47;NA;US;US-HI;Kailua-Kona;yes;PHKO;KOA;KOA;https://airports.hawaii.gov/koa/;https://en.wikipedia.org/wiki/Kona_International_Airport
5449;PHLI;medium_airport;Lihue Airport;21.976;-159.339005;153;OC;US;US-HI;Lihue;yes;PHLI;LIH;LIH;;https://en.wikipedia.org/wiki/Lihu'e_Airport
5450;PHMK;medium_airport;Molokai Airport;21.152901;-157.095993;454;OC;US;US-HI;Kaunakakai;yes;PHMK;MKK;MKK;;https://en.wikipedia.org/wiki/Molokai_Airport
5451;PHMU;medium_airport;Waimea Kohala Airport;20.001301;-155.667999;2671;OC;US;US-HI;Waimea (Kamuela);yes;PHMU;MUE;MUE;;https://en.wikipedia.org/wiki/Waimea-Kohala_Airport
5452;PHNG;medium_airport;Kaneohe Bay MCAS (Marion E. Carl Field) Airport;21.4505;-157.768005;24;OC;US;US-HI;Kaneohe;no;PHNG;NGF;NGF;http://www.mcbhawaii.marines.mil/Units/SubordinateCommands/MarineCorpsAirStation.aspx;https://en.wikipedia.org/wiki/Marine_Corps_Air_Station_Kaneohe_Bay
5453;PHNL;large_airport;Daniel K Inouye International Airport;21.32062;-157.924228;13;OC;US;US-HI;Honolulu;yes;PHNL;HNL;HNL;http://airports.hawaii.gov/hnl/;https://en.wikipedia.org/wiki/Daniel_K._Inouye_International_Airport
5454;PHNY;medium_airport;Lanai Airport;20.785675;-156.951324;1308;OC;US;US-HI;Lanai City;yes;PHNY;LNY;LNY;;https://en.wikipedia.org/wiki/Lanai_Airport
5455;PHOG;large_airport;Kahului International Airport;20.896263;-156.431837;54;NA;US;US-HI;Kahului;yes;PHOG;OGG;OGG;https://airports.hawaii.gov/ogg/;https://en.wikipedia.org/wiki/Kahului_Airport
5457;PHTO;medium_airport;Hilo International Airport;19.721399;-155.048004;38;OC;US;US-HI;Hilo;yes;PHTO;ITO;ITO;;https://en.wikipedia.org/wiki/Hilo_International_Airport
5488;PKMJ;medium_airport;Marshall Islands International Airport;7.06476;171.272003;6;OC;MH;MH-MAJ;Majuro Atoll;yes;PKMJ;MAJ;MAJ;;https://en.wikipedia.org/wiki/Marshall_Islands_International_Airport
43226;PKSA;medium_airport;Kaieteur International Airport;5.17275476456;-59.491481781;1520;SA;GY;GY-PT;Kaieteur Falls;yes;SYKA;KAI;;;https://en.wikipedia.org/wiki/Kaieteur_International_Airport
5490;PKWA;medium_airport;Bucholz Army Air Field;8.720120429992676;167.73199462890625;9;OC;MH;MH-KWA;Kwajalein;yes;PKWA;KWA;KWA;;https://en.wikipedia.org/wiki/Bucholz_Army_Airfield
5493;PLCH;medium_airport;Cassidy International Airport;1.986278;-157.350011;5;OC;KI;KI-L;Kiritimati;yes;PLCH;CXI;;;https://en.wikipedia.org/wiki/Cassidy_International_Airport
5494;PMDY;medium_airport;Henderson Field;28.2017;-177.380997;13;OC;UM;UM-71;Sand Island;no;PMDY;MDY;MDY;;https://en.wikipedia.org/wiki/Henderson_Field_(Midway_Atoll)
5495;PPIZ;medium_airport;Point Lay LRRS Airport;69.732903;-163.005005;22;NA;US;US-AK;Point Lay;yes;PPIZ;PIZ;PIZ;;https://en.wikipedia.org/wiki/Point_Lay_LRRS_Airport
5499;PTKK;medium_airport;Chuuk International Airport;7.461870193481445;151.84300231933594;11;OC;FM;FM-TRK;Weno Island;yes;PTKK;TKK;TKK;;https://en.wikipedia.org/wiki/Chuuk_International_Airport
5500;PTPN;medium_airport;Pohnpei International Airport;6.985099792480469;158.20899963378906;10;OC;FM;FM-PNI;Pohnpei Island;yes;PTPN;PNI;PNI;;https://en.wikipedia.org/wiki/Pohnpei_International_Airport
5501;PTRO;medium_airport;Babelthuap Airport;7.36731;134.544236;176;OC;PW;PW-004;Babelthuap Island;yes;PTRO;ROR;ROR;;https://en.wikipedia.org/wiki/Palau_International_Airport
5502;PTSA;medium_airport;Kosrae International Airport;5.35698;162.957993;11;OC;FM;FM-KSA;Okat;yes;PTSA;KSA;TTK;;https://en.wikipedia.org/wiki/Kosrae_International_Airport
5503;PTYA;medium_airport;Yap International Airport;9.49891;138.082993;91;OC;FM;FM-YAP;Yap Island;yes;PTYA;YAP;T11;;https://en.wikipedia.org/wiki/Yap_International_Airport
5506;PWAK;medium_airport;Wake Island Airfield;19.282437;166.636637;14;OC;UM;UM-79;Wake Island;yes;PWAK;AWK;AWK;;https://en.wikipedia.org/wiki/Wake_Island_Airfield
5509;RCAY;medium_airport;Gangshan Air Force Base;22.782499;120.263;34;AS;TW;TW-KHH;Kaohsiung (Gangshan);no;RCAY;;;;
5510;RCBS;medium_airport;Kinmen Airport;24.4279;118.359001;93;AS;TW;TW-X-KM;Shang-I;yes;RCBS;KNH;;http://www.kma.gov.tw/;https://en.wikipedia.org/wiki/Kinmen_Airport
5511;RCDC;medium_airport;Pingtung South Airport;22.672399520874023;120.46199798583984;78;AS;TW;TW-PIF;Pingtung;no;RCDC;;;;https://en.wikipedia.org/wiki/Pingtung_Airport
5512;RCDI;medium_airport;Longtan Air Base;24.853588;121.236392;790;AS;TW;TW-TAO;Longtan;no;RCDI;;;;
5513;RCFG;medium_airport;Matsu Nangan Airport;26.1598;119.958;232;AS;TW;TW-X-LK;Matsu (Nangan);yes;RCFG;LZN;;http://www.tsa.gov.tw/tsaLZN/zh/home.aspx;https://en.wikipedia.org/wiki/Matsu_Nangan_Airport
5514;RCFN;medium_airport;Taitung Airport;22.7549991607666;121.10199737548828;143;AS;TW;TW-TTT;Taitung City;yes;RCFN;TTT;;;https://en.wikipedia.org/wiki/Taitung_Airport
5516;RCKH;large_airport;Kaohsiung International Airport;22.577101;120.349998;31;AS;TW;TW-KHH;Kaohsiung (Xiaogang);yes;RCKH;KHH;;http://www.kia.gov.tw/english/e_index.asp;https://en.wikipedia.org/wiki/Kaohsiung_International_Airport
5517;RCKU;medium_airport;Chiayi Airport;23.46179962158203;120.39299774169922;85;AS;TW;TW-CYQ;Chiayi City;yes;RCKU;CYI;;http://www.cya.gov.tw/web/english/index.asp;https://en.wikipedia.org/wiki/Chiayi_Airport
5518;RCKW;medium_airport;Hengchun Airport;22.041099548339844;120.7300033569336;46;AS;TW;TW-PIF;Hengchung;yes;RCKW;HCN;;;https://en.wikipedia.org/wiki/Hengchun_Airport
5519;RCLY;medium_airport;Lanyu Airport;22.027000427246094;121.53500366210938;44;AS;TW;TW-TTT;Orchid Island;yes;RCLY;KYD;;;https://en.wikipedia.org/wiki/Lanyu_Airport
5520;RCMQ;medium_airport;Taichung International Airport / Ching Chuang Kang Air Base;24.2647;120.621002;663;AS;TW;TW-TXG;Taichung (Qingshui);yes;RCMQ;RMQ;;http://www.tca.gov.tw/English/Introduction.htm;https://en.wikipedia.org/wiki/Taichung_Airport
5521;RCMT;medium_airport;Matsu Beigan Airport;26.224199;120.002998;41;AS;TW;TW-X-LK;Matsu (Beigan);yes;RCMT;MFK;;http://www.tsa.gov.tw/tsaMFK/en/page.aspx?id=1174;https://en.wikipedia.org/wiki/Matsu_Beigan_Airport
5522;RCNN;medium_airport;Tainan International Airport / Tainan Air Base;22.950399;120.206001;63;AS;TW;TW-TNN;Tainan (Rende);yes;RCNN;TNN;;http://www.tna.gov.tw/;https://en.wikipedia.org/wiki/Tainan_Airport
5523;RCPO;medium_airport;Hsinchu Air Base;24.8180007935;120.939002991;26;AS;TW;TW-HSZ;Hsinchu City;no;RCPO;HSZ;;;https://en.wikipedia.org/wiki/Hsinchu_Air_Base
5524;RCQC;medium_airport;Penghu Magong Airport;23.568701;119.627998;103;AS;TW;TW-PEN;Huxi;yes;RCQC;MZG;;http://www.mkport.gov.tw/english/;https://en.wikipedia.org/wiki/Penghu_Airport
5525;RCQS;medium_airport;Chihhang Air Base;22.7931;121.181999;121;AS;TW;TW-TTT;Taitung City;no;RCQS;;;;https://en.wikipedia.org/wiki/Chihhang_Air_Base
5526;RCSQ;medium_airport;Pingtung North Airport;22.700199127197266;120.48200225830078;97;AS;TW;TW-PIF;Pingtung;yes;RCSQ;PIF;;;https://en.wikipedia.org/wiki/Pingtung_Airport
5527;RCSS;medium_airport;Taipei Songshan Airport;25.069400787353516;121.552001953125;18;AS;TW;TW-TPE;Taipei City;yes;RCSS;TSA;;http://www.tsa.gov.tw/;https://en.wikipedia.org/wiki/Taipei_Songshan_Airport
5528;RCTP;large_airport;Taiwan Taoyuan International Airport;25.0777;121.233002;106;AS;TW;TW-TAO;Taoyuan;yes;RCTP;TPE;;http://www.taoyuan-airport.com/;https://zh.wikipedia.org/wiki/%E8%87%BA%E7%81%A3%E6%A1%83%E5%9C%92%E5%9C%8B%E9%9A%9B%E6%A9%9F%E5%A0%B4
5530;RCYU;medium_airport;Hualien Airport;24.023099899291992;121.61799621582031;52;AS;TW;TW-HUA;Hualien City;yes;RCYU;HUN;;http://www.hulairport.gov.tw/;https://en.wikipedia.org/wiki/Hualien_Airport
5531;RJAA;large_airport;Narita International Airport;35.764702;140.386002;141;AS;JP;JP-12;Narita;yes;RJAA;NRT;;https://www.narita-airport.jp/en/;https://en.wikipedia.org/wiki/Narita_International_Airport
5532;RJAF;medium_airport;Shinshu-Matsumoto Airport;36.166801;137.923004;2182;AS;JP;JP-20;Matsumoto;yes;RJAF;MMJ;;http://www.matsumoto-airport.co.jp/;https://en.wikipedia.org/wiki/Matsumoto_Airport
5533;RJAH;medium_airport;Ibaraki Airport / JASDF Hyakuri Air Base;36.181099;140.414993;105;AS;JP;JP-08;Omitama;yes;RJAH;IBR;;;https://en.wikipedia.org/wiki/Hyakuri_Airfield
5535;RJAW;medium_airport;Ioto (Iwo Jima) Airbase;24.784153;141.32261;384;AS;JP;JP-13;Ogasawara;no;RJAW;IWO;;;https://en.wikipedia.org/wiki/Central_Field_(Iwo_Jima)
5536;RJBB;large_airport;Kansai International Airport;34.427299;135.244003;26;AS;JP;JP-27;Osaka;yes;RJBB;KIX;;http://www.kansai-airport.or.jp/en/index.asp;https://en.wikipedia.org/wiki/Kansai_International_Airport
5537;RJBD;medium_airport;Nanki Shirahama Airport;33.6622009277;135.363998413;298;AS;JP;JP-30;Shirahama;yes;RJBD;SHM;;;https://en.wikipedia.org/wiki/Nanki-Shirahama_Airport
5538;RJBE;medium_airport;Kobe Airport;34.6328010559082;135.2239990234375;22;AS;JP;JP-28;Kobe;yes;RJBE;UKB;;;https://en.wikipedia.org/wiki/Kobe_Airport
5541;RJBT;medium_airport;Konotori Tajima Airport;35.512798;134.787003;584;AS;JP;JP-28;Toyooka;yes;RJBT;TJH;;;https://en.wikipedia.org/wiki/Tajima_Airport
5543;RJCB;medium_airport;Tokachi-Obihiro Airport;42.7332992554;143.216995239;505;AS;JP;JP-01;Obihiro;yes;RJCB;OBO;;;https://en.wikipedia.org/wiki/Obihiro_Airport
5544;RJCC;large_airport;New Chitose Airport;42.7752;141.692001;82;AS;JP;JP-01;Sapporo;yes;RJCC;CTS;;http://www.new-chitose-airport.jp/language/english/;https://en.wikipedia.org/wiki/New_Chitose_Airport
5545;RJCH;medium_airport;Hakodate Airport;41.77;140.822006;151;AS;JP;JP-01;Hakodate;yes;RJCH;HKD;;;https://en.wikipedia.org/wiki/Hakodate_Airport
5546;RJCJ;medium_airport;JASDF Chitose Air Base;42.794498;141.666;87;AS;JP;JP-01;Chitose;no;RJCJ;;;;https://en.wikipedia.org/wiki/Chitose_Air_Base
5547;RJCK;medium_airport;Kushiro Airport;43.041;144.192993;327;AS;JP;JP-01;Kushiro;yes;RJCK;KUH;;https://www.kushiro-airport.co.jp/;https://en.wikipedia.org/wiki/Kushiro_Airport
5548;RJCM;medium_airport;Memanbetsu Airport;43.8805999756;144.164001465;135;AS;JP;JP-01;Ōzora;yes;RJCM;MMB;;;https://en.wikipedia.org/wiki/Memanbetsu_Airport
5549;RJCN;medium_airport;Nakashibetsu Airport;43.5774993896;144.960006714;234;AS;JP;JP-01;Nakashibetsu;yes;RJCN;SHB;;;https://en.wikipedia.org/wiki/Nakashibetsu_Airport
5550;RJCO;medium_airport;Sapporo Okadama Airport;43.117447;141.38134;25;AS;JP;JP-01;Sapporo;yes;RJCO;OKD;;;https://en.wikipedia.org/wiki/Okadama_Airport
323825;RJCS;medium_airport;JASDF Kenebetsu Airfield;43.425154;144.741354;;AS;JP;JP-01;Betsukai;no;RJCS;;;;https://en.wikipedia.org/wiki/Kenebetsu_Air_Base
5551;RJCT;medium_airport;Tokachi Airport;42.890499;143.158005;281;AS;JP;JP-01;Obihiro;no;RJCT;;;;https://en.wikipedia.org/wiki/Tokachi_Airfield
5552;RJCW;medium_airport;Wakkanai Airport;45.4042015076;141.800994873;30;AS;JP;JP-01;Wakkanai;yes;RJCW;WKJ;;;https://en.wikipedia.org/wiki/Wakkanai_Airport
5554;RJDB;medium_airport;Iki Airport;33.7490005493;129.785003662;41;AS;JP;JP-42;Iki;yes;RJDB;IKI;;;https://en.wikipedia.org/wiki/Iki_Airport
5555;RJDC;medium_airport;Yamaguchi Ube Airport;33.930000305200004;131.279006958;23;AS;JP;JP-35;Ube;yes;RJDC;UBJ;;;https://en.wikipedia.org/wiki/Yamaguchi_Ube_Airport
5556;RJDT;medium_airport;Tsushima Airport;34.2849006653;129.330993652;213;AS;JP;JP-42;Tsushima;yes;RJDT;TSJ;;;https://en.wikipedia.org/wiki/Tsushima_Airport
5557;RJEB;medium_airport;Monbetsu Airport;44.303901672399995;143.404006958;80;AS;JP;JP-01;Monbetsu;yes;RJEB;MBE;;;https://en.wikipedia.org/wiki/Monbetsu_Airport
5558;RJEC;medium_airport;Asahikawa Airport;43.670799;142.447006;721;AS;JP;JP-01;Higashikagura;yes;RJEC;AKJ;;;https://en.wikipedia.org/wiki/Asahikawa_Airport
5559;RJEO;medium_airport;Okushiri Airport;42.0717010498;139.432998657;161;AS;JP;JP-01;Okushiri Island;yes;RJEO;OIR;;;https://en.wikipedia.org/wiki/Okushiri_Airport
5560;RJER;medium_airport;Rishiri Airport;45.2420005798;141.186004639;112;AS;JP;JP-01;Rishiri;yes;RJER;RIS;;;https://en.wikipedia.org/wiki/Rishiri_Airport
5561;RJFA;medium_airport;JASDF Ashiya Air Base;33.883099;130.653;98;AS;JP;JP-40;Ashiya;no;RJFA;;;;https://en.wikipedia.org/wiki/Ashiya_Air_Field
5562;RJFC;medium_airport;Yakushima Airport;30.385599;130.658997;124;AS;JP;JP-46;Yakushima;yes;RJFC;KUM;;;https://en.wikipedia.org/wiki/Yakushima_Airport
5563;RJFE;medium_airport;Fukue Airport;32.666302;128.832993;273;AS;JP;JP-42;Goto;yes;RJFE;FUJ;;;https://en.wikipedia.org/wiki/Fukue_Airport
5564;RJFF;large_airport;Fukuoka Airport;33.585899353027344;130.4510040283203;32;AS;JP;JP-40;Fukuoka;yes;RJFF;FUK;;http://www.fuk-ab.co.jp/english/frame_index.html;https://en.wikipedia.org/wiki/Fukuoka_Airport
5565;RJFG;medium_airport;New Tanegashima Airport;30.605100631699997;130.990997314;768;AS;JP;JP-46;Tanegashima;yes;RJFG;TNE;;;https://en.wikipedia.org/wiki/New_Tanegashima_Airport
5566;RJFK;large_airport;Kagoshima Airport;31.8034;130.718994;906;AS;JP;JP-46;Kagoshima;yes;RJFK;KOJ;;https://www.koj-ab.co.jp/en/;https://en.wikipedia.org/wiki/Kagoshima_Airport
5567;RJFM;medium_airport;Miyazaki Airport;31.877199173;131.449005127;20;AS;JP;JP-45;Miyazaki;yes;RJFM;KMI;;;https://en.wikipedia.org/wiki/Miyazaki_Airport
5569;RJFO;medium_airport;Oita Airport;33.479400634799994;131.736999512;19;AS;JP;JP-44;Oita;yes;RJFO;OIT;;;https://en.wikipedia.org/wiki/Oita_Airport
5570;RJFR;medium_airport;Kitakyushu Airport;33.845901;131.035004;21;AS;JP;JP-40;Kitakyushu;yes;RJFR;KKJ;;;https://en.wikipedia.org/wiki/New_Kitakyushu_Airport
5571;RJFS;medium_airport;Saga Airport;33.149700164799995;130.302001953;6;AS;JP;JP-41;Saga;yes;RJFS;HSG;;;https://en.wikipedia.org/wiki/Saga_Airport
5572;RJFT;medium_airport;Kumamoto Airport;32.83729934692383;130.85499572753906;642;AS;JP;JP-43;Kumamoto;yes;RJFT;KMJ;;;https://en.wikipedia.org/wiki/Kumamoto_Airport
5573;RJFU;medium_airport;Nagasaki Airport;32.916901;129.914001;15;AS;JP;JP-42;Nagasaki;yes;RJFU;NGS;;https://nagasaki-airport.jp/en/;https://en.wikipedia.org/wiki/Nagasaki_Airport
5574;RJFY;medium_airport;JMSDF Kanoya Air Base;31.36672;130.838805;214;AS;JP;JP-46;Kanoya;no;RJFY;;;;https://en.wikipedia.org/wiki/Kanoya_Air_Field
5575;RJFZ;medium_airport;JASDF Tsuiki Air Base;33.685001;131.039993;55;AS;JP;JP-40;Tsuiki;no;RJFZ;;;;https://en.wikipedia.org/wiki/Tsuiki_Air_Field
5576;RJGG;large_airport;Chubu Centrair International Airport;34.858398;136.804993;15;AS;JP;JP-23;Tokoname;yes;RJGG;NGO;;https://www.centrair.jp/en/index.html;https://en.wikipedia.org/wiki/Ch%C5%ABbu_Centrair_International_Airport
5577;RJKA;medium_airport;Amami Airport;28.430599212646484;129.71299743652344;27;AS;JP;JP-46;Amami;yes;RJKA;ASJ;;;https://en.wikipedia.org/wiki/Amami_Airport
5578;RJKB;medium_airport;Okinoerabu Airport;27.425501;128.701004;101;AS;JP;JP-46;Wadomari;yes;RJKB;OKE;;;https://en.wikipedia.org/wiki/Okinoerabu_Airport
5579;RJKI;medium_airport;Kikai Airport;28.321300506599997;129.927993774;21;AS;JP;JP-46;Kikai;yes;RJKI;KKX;;;https://en.wikipedia.org/wiki/Kikai_Airport
5580;RJKN;medium_airport;Tokunoshima Airport;27.836399;128.880997;17;AS;JP;JP-46;Amagi;yes;RJKN;TKN;;;https://en.wikipedia.org/wiki/Tokunoshima_Airport
5581;RJNA;medium_airport;Nagoya Airport / JASDF Komaki Air Base;35.255759;136.924095;52;AS;JP;JP-23;Nagoya;yes;RJNA;NKM;;;https://en.wikipedia.org/wiki/Nagoya_Airfield
5582;RJNF;medium_airport;Fukui Airport;36.1427993774;136.223999023;19;AS;JP;JP-18;;no;RJNF;FKJ;;;https://en.wikipedia.org/wiki/Fukui_Airport
5583;RJNG;medium_airport;Gifu Airport;35.3941;136.869995;128;AS;JP;JP-21;Gifu;no;RJNG;QGU;;;https://en.wikipedia.org/wiki/Gifu_Air_Field
5584;RJNH;medium_airport;JASDF Hamamatsu Air Base;34.750198;137.703003;150;AS;JP;JP-22;Hamamatsu;no;RJNH;;;;https://en.wikipedia.org/wiki/Hamamatsu_Air_Base
5585;RJNK;medium_airport;Komatsu Airport / JASDF Komatsu Air Base;36.3946;136.406998;36;AS;JP;JP-17;Kanazawa;yes;RJNK;KMQ;;;https://en.wikipedia.org/wiki/Komatsu_Airport
5586;RJNO;medium_airport;Oki Global Geopark Airport;36.178388;133.323566;311;AS;JP;JP-32;Okinoshima;yes;RJNO;OKI;;;https://en.wikipedia.org/wiki/Oki_Airport
299238;rjns;medium_airport;Mount Fuji Shizuoka Airport;34.796043;138.187752;433;AS;JP;JP-22;Makinohara / Shimada;yes;RJNS;FSZ;;http://www.mtfuji-shizuokaairport.jp/english/index.html;https://en.wikipedia.org/wiki/Shizuoka_Airport
5587;RJNT;medium_airport;Toyama Airport;36.64830017089844;137.18800354003906;95;AS;JP;JP-16;Toyama;yes;RJNT;TOY;;;https://en.wikipedia.org/wiki/Toyama_Airport
5588;RJNW;medium_airport;Noto Satoyama Airport;37.293098;136.962006;718;AS;JP;JP-17;Wajima;yes;RJNW;NTQ;;;https://en.wikipedia.org/wiki/Noto_Airport
5589;RJNY;medium_airport;JASDF Shizuhama Air Base;34.812801;138.298004;23;AS;JP;JP-22;Yaizu;no;RJNY;;;;https://en.wikipedia.org/wiki/Shizuhama_Air_Base
5590;RJOA;medium_airport;Hiroshima Airport;34.4361;132.919006;1088;AS;JP;JP-34;Hiroshima;yes;RJOA;HIJ;;;https://en.wikipedia.org/wiki/Hiroshima_Airport
5591;RJOB;medium_airport;Okayama Momotaro Airport;34.756901;133.854996;806;AS;JP;JP-33;Okayama;yes;RJOB;OKJ;;;https://en.wikipedia.org/wiki/Okayama_Airport
5592;RJOC;medium_airport;Izumo Enmusubi Airport;35.413601;132.889999;15;AS;JP;JP-32;Izumo;yes;RJOC;IZO;;;https://en.wikipedia.org/wiki/Izumo_Airport
5593;RJOF;medium_airport;JASDF Hofu Airfield;34.034746;131.548716;7;AS;JP;JP-35;Hofu;no;RJOF;;;;https://en.wikipedia.org/wiki/H%C5%8Dfu_Air_Field
5594;RJOH;medium_airport;Yonago Kitaro Airport / JASDF Miho Air Base;35.492199;133.235992;20;AS;JP;JP-31;Yonago;yes;RJOH;YGJ;;;https://en.wikipedia.org/wiki/Miho-Yonago_Airport
5595;RJOI;medium_airport;Iwakuni Kintaikyo Airport / Marine Corps Air Station Iwakuni;34.146333;132.247238;7;AS;JP;JP-35;Iwakuni;yes;RJOI;IWK;;http://www.iwakuni-airport.jp/;https://en.wikipedia.org/wiki/Marine_Corps_Air_Station_Iwakuni
5596;RJOK;medium_airport;Kochi Ryoma Airport;33.546101;133.669006;42;AS;JP;JP-39;Nankoku;yes;RJOK;KCZ;;;https://en.wikipedia.org/wiki/K%C5%8Dchi_Airport
5597;RJOM;medium_airport;Matsuyama Airport;33.82720184326172;132.6999969482422;25;AS;JP;JP-38;Matsuyama;yes;RJOM;MYJ;;;https://en.wikipedia.org/wiki/Matsuyama_Airport
5598;RJOO;large_airport;Osaka International Airport;34.7855;135.438004;50;AS;JP;JP-27;Osaka;yes;RJOO;ITM;;https://www.osaka-airport.co.jp/en/;https://en.wikipedia.org/wiki/Osaka_International_Airport
5599;RJOR;medium_airport;Tottori Sand Dunes Conan Airport;35.530102;134.167007;65;AS;JP;JP-31;Tottori;yes;RJOR;TTJ;;;https://en.wikipedia.org/wiki/Tottori_Airport
5600;RJOS;medium_airport;Tokushima Awaodori Airport / JMSDF Tokushima Air Base;34.132801;134.606995;26;AS;JP;JP-36;Tokushima;yes;RJOS;TKS;;;https://en.wikipedia.org/wiki/Tokushima_Airport
5601;RJOT;medium_airport;Takamatsu Airport;34.214199066199996;134.01600647;607;AS;JP;JP-37;Takamatsu;yes;RJOT;TAK;;;https://en.wikipedia.org/wiki/Takamatsu_Airport
5602;RJOW;medium_airport;Iwami Airport;34.676399231;131.789993286;184;AS;JP;JP-32;Masuda;yes;RJOW;IWJ;;;https://en.wikipedia.org/wiki/Iwami_Airport
5603;RJOY;medium_airport;Yao Airport;34.59629821777344;135.60299682617188;39;AS;JP;JP-27;Yao;no;RJOY;;;;https://en.wikipedia.org/wiki/Yao_Airport
5605;RJSA;medium_airport;Aomori Airport;40.73469924926758;140.6909942626953;664;AS;JP;JP-02;Aomori;yes;RJSA;AOJ;;;https://en.wikipedia.org/wiki/Aomori_Airport
5606;RJSC;medium_airport;Yamagata Airport;38.4119;140.371002;353;AS;JP;JP-06;Higashine;yes;RJSC;GAJ;;;https://en.wikipedia.org/wiki/Yamagata_Airport
5607;RJSD;medium_airport;Sado Airport;38.0601997375;138.414001465;88;AS;JP;JP-15;Sado;yes;RJSD;SDS;;;https://en.wikipedia.org/wiki/Sado_Airport
5608;RJSF;medium_airport;Fukushima Airport;37.22740173339844;140.43099975585938;1221;AS;JP;JP-07;Sukagawa;yes;RJSF;FKS;;http://www.fks-ab.co.jp/;https://en.wikipedia.org/wiki/Fukushima_Airport
5609;RJSH;medium_airport;JMSDF Hachinohe Air Base / Hachinohe Airport;40.551181;141.465428;152;AS;JP;JP-02;Hachinohe;no;RJSH;HHE;;;https://en.wikipedia.org/wiki/JMSDF_Hachinohe_Air_Base
5610;RJSI;medium_airport;Iwate Hanamaki Airport;39.4286;141.134995;297;AS;JP;JP-03;Hanamaki;yes;RJSI;HNA;;;https://en.wikipedia.org/wiki/Hanamaki_Airport
5611;RJSK;medium_airport;Akita Airport;39.615601;140.218994;313;AS;JP;JP-05;Akita;yes;RJSK;AXT;;;https://en.wikipedia.org/wiki/Akita_Airport
5612;RJSM;medium_airport;Misawa Airport / Misawa Air Base;40.703201;141.367996;119;AS;JP;JP-02;Misawa;yes;RJSM;MSJ;;;https://en.wikipedia.org/wiki/Misawa_Air_Base
5613;RJSN;medium_airport;Niigata Airport;37.9558982849;139.121002197;29;AS;JP;JP-15;Niigata;yes;RJSN;KIJ;;;https://en.wikipedia.org/wiki/Niigata_Airport
5614;RJSR;medium_airport;Odate Noshiro Airport;40.191898;140.371002;292;AS;JP;JP-05;Kitaakita;yes;RJSR;ONJ;;;https://en.wikipedia.org/wiki/Odate-Noshiro_Airport
5615;RJSS;large_airport;Sendai Airport;38.139702;140.917007;15;AS;JP;JP-04;Natori;yes;RJSS;SDJ;;;https://en.wikipedia.org/wiki/Sendai_Airport
5616;RJST;medium_airport;JASDF Matsushima Air Base;38.4049;141.220001;7;AS;JP;JP-04;Ishinomaki;no;RJST;;;http://www.mod.go.jp/asdf/matsushima/;https://en.wikipedia.org/wiki/Matsushima_Air_Field
5617;RJSY;medium_airport;Shonai Airport;38.812199;139.787003;86;AS;JP;JP-06;Shonai;yes;RJSY;SYO;;;https://en.wikipedia.org/wiki/Shonai_Airport
5618;RJTA;medium_airport;JMSDF Atsugi Air Base / Naval Air Facility Atsugi;35.454601;139.449997;205;AS;JP;JP-14;Ayase / Yamato;no;RJTA;NJA;;;https://en.wikipedia.org/wiki/Naval_Air_Facility_Atsugi
5619;RJTE;medium_airport;JMSDF Tateyama Air Base;34.987099;139.828995;10;AS;JP;JP-12;Tateyama;no;RJTE;;;;https://en.wikipedia.org/wiki/JMSDF_Tateyama_Air_Base
29783;RJTF;medium_airport;Chofu Airport;35.6717;139.528;141;AS;JP;JP-13;Chofu;yes;RJTF;;;;https://en.wikipedia.org/wiki/Chofu_Airport
5620;RJTH;medium_airport;Hachijojima Airport;33.115002;139.785995;303;AS;JP;JP-13;Hachijojima;yes;RJTH;HAC;;https://hachijoapo.net/;https://en.wikipedia.org/wiki/Hachijojima_Airport
5621;RJTJ;medium_airport;Iruma Air Base;35.8419;139.410995;295;AS;JP;JP-13;Sayama;no;RJTJ;;;;https://en.wikipedia.org/wiki/Iruma_Air_Base
5622;RJTK;medium_airport;JGSDF Kisarazu Airfield;35.3983;139.910004;10;AS;JP;JP-12;Kisarazu;no;RJTK;;;;https://en.wikipedia.org/wiki/Kisarazu_Air_Field
5623;RJTL;medium_airport;JMSDF Shimofusa Air Base;35.798901;140.011002;98;AS;JP;JP-12;Matsudo;no;RJTL;;;;https://en.wikipedia.org/wiki/Shimofusa_Air_Base
5624;RJTO;medium_airport;Oshima Airport;34.782001495399996;139.36000061;130;AS;JP;JP-13;Izu Oshima;yes;RJTO;OIM;;;https://en.wikipedia.org/wiki/Oshima_Airport
5625;RJTQ;medium_airport;Miyakejima Airport;34.073600769;139.559997559;67;AS;JP;JP-13;Miyakejima;yes;RJTQ;MYE;;;https://en.wikipedia.org/wiki/Miyakejima_Airport
5627;RJTT;large_airport;Tokyo Haneda International Airport;35.552299;139.779999;35;AS;JP;JP-13;Tokyo;yes;RJTT;HND;;http://www.haneda-airport.jp/;https://en.wikipedia.org/wiki/Tokyo_International_Airport
5628;RJTU;medium_airport;Utsunomiya Airport;36.5145;139.87101;334;AS;JP;JP-09;Utsunomiya;no;RJTU;;;;https://en.wikipedia.org/wiki/Utsunomiya_Air_Field
5629;RJTY;large_airport;Yokota Air Base;35.748501;139.348007;463;AS;JP;JP-13;Fussa;no;RJTY;OKO;;;https://en.wikipedia.org/wiki/Yokota_Air_Base
302303;RKJB;large_airport;Muan International Airport;34.991406;126.382814;35;AS;KR;KR-46;Muan (Piseo-ri);yes;RKJB;MWX;;http://muan.airport.co.kr/doc/muan_eng/;https://en.wikipedia.org/wiki/Muan_International_Airport
5630;RKJJ;medium_airport;Gwangju Airport;35.123173;126.805444;39;AS;KR;KR-29;Gwangju;yes;RKJJ;KWJ;;http://gwangju.airport.co.kr/doc/gwangju/index.jsp;https://en.wikipedia.org/wiki/Gwangju_Airport
5631;RKJK;medium_airport;Gunsan Airport / Gunsan Air Base;35.903801;126.615997;29;AS;KR;KR-45;Gunsan;yes;RKJK;KUV;;;https://en.wikipedia.org/wiki/Gunsan_Airport
5634;RKJY;medium_airport;Yeosu Airport;34.84230041503906;127.61699676513672;53;AS;KR;KR-46;Yeosu;yes;RKJY;RSU;;;https://en.wikipedia.org/wiki/Yeosu_Airport
5636;RKNN;medium_airport;Gangneung Airport (K-18);37.753601;128.943915;35;AS;KR;KR-42;Gangneung;no;RKNN;KAG;;;https://en.wikipedia.org/wiki/Gangneung_Air_Base
5637;RKNW;medium_airport;Wonju Airport / Hoengseong Air Base (K-38/K-46);37.437113;127.960051;329;AS;KR;KR-42;Wonju;yes;RKNW;WJU;;http://wonju.airport.co.kr/;https://en.wikipedia.org/wiki/Wonju_Airport
5638;RKNY;medium_airport;Yangyang International Airport;38.061298;128.669006;241;AS;KR;KR-42;Gonghang-ro;yes;RKNY;YNY;;;https://en.wikipedia.org/wiki/Yangyang_International_Airport
5639;RKPC;large_airport;Jeju International Airport;33.512058;126.492548;118;AS;KR;KR-49;Jeju City;yes;RKPC;CJU;;https://www.airport.co.kr/jejueng/index.do;https://en.wikipedia.org/wiki/Jeju_International_Airport
5640;RKPD;medium_airport;Jeongseok Airport;33.3996009827;126.711997986;1171;AS;KR;KR-49;Jeju Island;no;RKPD;JDG;;;https://en.wikipedia.org/wiki/Jeongseok_Airport
5642;RKPK;large_airport;Gimhae International Airport;35.179501;128.938004;6;AS;KR;KR-26;Busan;yes;RKPK;PUS;;https://www.airport.co.kr/gimhaeeng/index.do;https://en.wikipedia.org/wiki/Gimhae_International_Airport
5643;RKPS;medium_airport;Sacheon Airport / Sacheon Air Base;35.088591;128.071747;25;AS;KR;KR-48;Sacheon;yes;RKPS;HIN;;;https://en.wikipedia.org/wiki/Sacheon_Airport
5644;RKPU;medium_airport;Ulsan Airport;35.59349823;129.352005005;45;AS;KR;KR-31;Ulsan;yes;RKPU;USN;;;https://en.wikipedia.org/wiki/Ulsan_Airport
5652;RKSG;medium_airport;Camp Humphreys (A-511) Desiderio Army Airfield;36.962363;127.031126;51;AS;KR;KR-41;Pyeongtaek;no;RKSG;;;;https://en.wikipedia.org/wiki/Camp_Humphreys
5653;RKSI;large_airport;Incheon International Airport;37.469101;126.450996;23;AS;KR;KR-28;Seoul;yes;RKSI;ICN;;https://www.airport.kr/ap/en/index.do;https://en.wikipedia.org/wiki/Incheon_International_Airport
5654;RKSM;medium_airport;Seoul Air Base (K-16);37.444744;127.112718;92;AS;KR;KR-41;Seongnam;no;RKSM;SSN;;;https://en.wikipedia.org/wiki/Seoul_Air_Base
5655;RKSO;medium_airport;Osan Air Base;37.091457;127.029448;38;AS;KR;KR-41;Pyeongtaek;no;RKSO;OSN;;;https://en.wikipedia.org/wiki/Osan_Air_Base
5656;RKSS;large_airport;Gimpo International Airport;37.5583;126.791;59;AS;KR;KR-11;Seoul;yes;RKSS;GMP;;http://gimpo.airport.co.kr/eng/index.jsp;https://en.wikipedia.org/wiki/Gimpo_International_Airport
5657;RKSW;medium_airport;Suwon Airport;37.239399;127.007004;88;AS;KR;KR-41;Suwon;no;RKSW;SWU;;;https://en.wikipedia.org/wiki/Suwon_Air_Base
5659;RKTH;medium_airport;Pohang Airport (G-815/K-3);35.987955;129.420383;70;AS;KR;KR-47;Pohang;yes;RKTH;KPO;;http://pohang.airport.co.kr/;https://en.wikipedia.org/wiki/Pohang_Airport
5660;RKTI;medium_airport;Jungwon Air Base/Chungju Airport;37.03024;127.886353;281;AS;KR;KR-43;Gimseang-ro;no;RKTI;JWO;RKTV;;https://en.wikipedia.org/wiki/Jungwon_Air_Base
5661;RKTN;medium_airport;Daegu Airport;35.896872;128.65531;116;AS;KR;KR-27;Daegu;yes;RKTN;TAE;;;https://en.wikipedia.org/wiki/Daegu_Airport
5663;RKTU;medium_airport;Cheongju International Airport/Cheongju Air Base (K-59/G-513);36.717008;127.498741;191;AS;KR;KR-43;Cheongju;yes;RKTU;CJJ;;http://cheongju.airport.co.kr/doc/cheongju_eng/;https://en.wikipedia.org/wiki/Cheongju_Airport
5664;RKTY;medium_airport;Yecheon Airbase;36.630373;128.34971;354;AS;KR;KR-47;Yecheon-ri;no;RKTY;YEC;;;https://en.wikipedia.org/wiki/Yecheon_Air_Base
5671;ROAH;large_airport;Naha Airport / JASDF Naha Air Base;26.195801;127.646004;12;AS;JP;JP-47;Naha;yes;ROAH;OKA;;http://www.naha-airport.co.jp/;https://en.wikipedia.org/wiki/Naha_Airport
5673;RODN;large_airport;Kadena Air Base;26.351667;127.769444;143;AS;JP;JP-47;;no;RODN;DNA;;;https://en.wikipedia.org/wiki/Kadena_Air_Base
5675;ROKJ;medium_airport;Kumejima Airport;26.363445;126.71384;23;AS;JP;JP-47;Kumejima;yes;ROKJ;UEO;;;https://en.wikipedia.org/wiki/Kumejima_Airport
5676;ROMD;medium_airport;Minamidaito Airport;25.8465;131.263;167;AS;JP;JP-47;Minamidaito;yes;ROMD;MMD;;;https://en.wikipedia.org/wiki/Minami-Daito_Airport#Airlines
5677;ROMY;medium_airport;Miyako Airport;24.782800674399997;125.294998169;150;AS;JP;JP-47;Miyako City;yes;ROMY;MMY;;;https://en.wikipedia.org/wiki/Miyako_Airport
5678;RORE;medium_airport;Iejima Airport;26.722537;127.786801;246;AS;JP;JP-47;Ie;no;RORE;IEJ;;;https://en.wikipedia.org/wiki/Iejima_Airport
5679;RORK;medium_airport;Kitadaito Airport;25.9447002411;131.32699585;80;AS;JP;JP-47;Kitadaitōjima;yes;RORK;KTD;;;https://en.wikipedia.org/wiki/Kitadaito_Airport
5680;RORS;medium_airport;Miyako Shimojishima Airport;24.8267;125.144997;54;AS;JP;JP-47;Miyakojima;no;RORS;SHI;;https://shimojishima.jp/;https://en.wikipedia.org/wiki/Shimojishima_Airport
5681;RORT;medium_airport;Tarama Airport;24.653900146499996;124.675003052;36;AS;JP;JP-47;Tarama;yes;RORT;TRA;;;https://en.wikipedia.org/wiki/Tarama_Airport
5682;RORY;medium_airport;Yoron Airport;27.044001;128.401993;52;AS;JP;JP-46;Yoron;yes;RORY;RNJ;;;https://en.wikipedia.org/wiki/Yoron_Airport
5683;ROTM;medium_airport;Futenma Marine Corps Air Station;26.2743;127.755997;247;AS;JP;JP-47;;no;ROTM;;;;https://en.wikipedia.org/wiki/Marine_Corps_Air_Station_Futenma
5684;ROYN;medium_airport;Yonaguni Airport;24.467298;122.979827;70;AS;JP;JP-47;Yonaguni;yes;ROYN;OGN;;;https://en.wikipedia.org/wiki/Yonaguni_Airport
5686;RPLB;medium_airport;Subic Bay International Airport / Naval Air Station Cubi Point;14.7944;120.271004;64;AS;PH;PH-ZMB;Olongapo;yes;RPLB;SFS;;;https://en.wikipedia.org/wiki/Subic_Bay_International_Airport
5687;RPLC;medium_airport;Clark International Airport / Clark Air Base;15.186;120.559998;484;AS;PH;PH-PAM;Mabalacat;yes;RPLC;CRK;;http://www.clarkairport.com/;https://en.wikipedia.org/wiki/Clark_International_Airport
5688;RPLI;medium_airport;Laoag International Airport;18.176121;120.531034;25;AS;PH;PH-ILN;Laoag City;yes;RPLI;LAO;;;https://en.wikipedia.org/wiki/Laoag_International_Airport
5689;RPLL;large_airport;Ninoy Aquino International Airport;14.5086;121.019997;75;AS;PH;PH-00;Manila (Pasay);yes;RPLL;MNL;;;https://en.wikipedia.org/wiki/Ninoy_Aquino_International_Airport
5691;RPLS;medium_airport;Danilo Atienza Air Base;14.4954;120.903999;8;AS;PH;PH-CAV;Cavite;no;RPLS;SGL;;;https://en.wikipedia.org/wiki/Danilo_Atienza_Air_Base
32221;RPLT;medium_airport;Itbayat Jorge Abad Airport;20.722521;121.809969;328;AS;PH;PH-BTN;Itbayat;yes;RPLT;;;;https://en.wikipedia.org/wiki/Jorge_Abad_Airport
5692;RPLU;medium_airport;Lubang Airport;13.8554;120.105003;43;AS;PH;PH-MDC;;no;RPLU;LBX;;;https://en.wikipedia.org/wiki/Lubang_Airport
5694;RPMA;medium_airport;Allah Valley Airport;6.367903;124.752431;659;AS;PH;PH-SCO;Surallah;no;RPMA;AAV;;;https://en.wikipedia.org/wiki/Allah_Valley_Airport
5695;RPMB;medium_airport;Rajah Buayan Air Base;6.10644;125.235001;28;AS;PH;PH-SCO;General Santos City;no;RPMB;;;;https://en.wikipedia.org/wiki/Rajah_Buayan_Air_Station
5696;RPMC;medium_airport;Cotabato (Awang) Airport;7.164753;124.209938;189;AS;PH;PH-MDN;Datu Odin Sinsuat;yes;RPMC;CBO;;;https://en.wikipedia.org/wiki/Cotabato_Airport
5697;RPMD;large_airport;Francisco Bangoy International Airport;7.12552;125.646004;96;AS;PH;PH-DAS;Davao;yes;RPMD;DVO;;;https://en.wikipedia.org/wiki/Francisco_Bangoy_International_Airport
5698;RPME;medium_airport;Bancasi Airport;8.9515;125.4788;141;AS;PH;PH-AGN;Butuan;yes;RPME;BXU;;;https://en.wikipedia.org/wiki/Bancasi_Airport
5699;RPMF;medium_airport;Bislig Airport;8.195052;126.321015;12;AS;PH;PH-SUR;Bislig;no;RPMF;BPH;;;https://en.wikipedia.org/wiki/Bislig_Airport
5700;RPMG;medium_airport;Dipolog Airport;8.601983;123.341875;12;AS;PH;PH-ZAN;Dipolog;yes;RPMG;DPL;;http://www.dipologcity.com/AccommodationsDipolog%20Airport.htm;https://en.wikipedia.org/wiki/Dipolog_Airport
5701;RPMH;medium_airport;Camiguin Airport;9.253894;124.709115;53;AS;PH;PH-CAM;Mambajao;yes;RPMH;CGM;;;https://en.wikipedia.org/wiki/Camiguin_Airport
5703;RPMJ;medium_airport;Jolo Airport;6.0536699295043945;121.01100158691406;118;AS;PH;PH-SLU;;yes;RPMJ;JOL;;;https://en.wikipedia.org/wiki/Jolo_Airport
5705;RPMN;medium_airport;Sanga Sanga Airport;5.048196;119.743338;15;AS;PH;PH-TAW;Bongao;yes;RPMN;TWT;;;https://en.wikipedia.org/wiki/Sanga-Sanga_Airport
5706;RPMO;medium_airport;Labo Airport;8.17851;123.842003;75;AS;PH;PH-MSC;Ozamiz;yes;RPMO;OZC;;;https://en.wikipedia.org/wiki/Labo_Airport
5707;RPMP;medium_airport;Pagadian Airport;7.825632;123.459635;5;AS;PH;PH-ZAS;Pagadian;yes;RPMP;PAG;;;https://en.wikipedia.org/wiki/Pagadian_Airport
5708;RPMQ;medium_airport;Mati National Airport;6.949091;126.27368;156;AS;PH;PH-DAO;Mati;no;RPMQ;MXI;;;https://en.wikipedia.org/wiki/Mati_Airport
5709;RPMR;medium_airport;General Santos International Airport;6.05800008774;125.096000671;505;AS;PH;PH-SCO;General Santos;yes;RPMR;GES;;;https://en.wikipedia.org/wiki/General_Santos_International_Airport
5710;RPMS;medium_airport;Surigao Airport;9.755838325629998;125.480947495;20;AS;PH;PH-SUN;Surigao City;yes;RPMS;SUG;;;https://en.wikipedia.org/wiki/Surigao_Airport
5711;RPMW;medium_airport;Tandag Airport;9.072002;126.17132;16;AS;PH;PH-SUR;Tandag;yes;RPMW;TDG;;;https://en.wikipedia.org/wiki/Tandag_Airport
5712;RPMZ;medium_airport;Zamboanga International Airport;6.922420024871826;122.05999755859375;33;AS;PH;PH-ZAS;Zamboanga City;yes;RPMZ;ZAM;;http://www.zamboanga.net/airportinsert.htm;https://en.wikipedia.org/wiki/Zamboanga_International_Airport
336116;RPSP;medium_airport;Bohol-Panglao International Airport;9.573045;123.770143;42;AS;PH;PH-BOH;Panglao;yes;RPSP;TAG;;;https://en.wikipedia.org/wiki/Bohol%E2%80%93Panglao_International_Airport
5715;RPUB;medium_airport;Loakan Airport;16.375099182128906;120.62000274658203;4251;AS;PH;PH-BEN;Baguio City;yes;RPUB;BAG;;;https://en.wikipedia.org/wiki/Loakan_Airport
5716;RPUD;medium_airport;Daet Airport;14.1292;122.980003;10;AS;PH;PH-CAN;Daet;no;RPUD;DTE;;;https://en.wikipedia.org/wiki/Bagasbas_Airport
5719;RPUH;medium_airport;San Jose Airport;12.361499786399998;121.04699707;14;AS;PH;PH-MDC;San Jose;yes;RPUH;SJI;;;https://en.wikipedia.org/wiki/McGuire_Field
5721;RPUM;medium_airport;Mamburao Airport;13.208048;120.605457;13;AS;PH;PH-MDC;Mamburao;no;RPUM;MBO;;;https://en.wikipedia.org/wiki/Mamburao_Airport
5722;RPUN;medium_airport;Naga Airport;13.58489990234375;123.2699966430664;142;AS;PH;PH-CAS;Naga;yes;RPUN;WNP;;;https://en.wikipedia.org/wiki/Naga_Airport
5723;RPUO;medium_airport;Basco Airport;20.4513;121.980003;291;AS;PH;PH-BTN;Basco;yes;RPUO;BSO;;;https://en.wikipedia.org/wiki/Basco_Airport
5725;RPUR;medium_airport;Dr Juan C Angara Airport;15.729309;121.500034;108;AS;PH;PH-AUR;Baler;yes;RPUR;BQA;;;https://en.wikipedia.org/wiki/Dr._Juan_C._Angara_Airport
5726;RPUS;medium_airport;San Fernando Airport;16.595600128173828;120.3030014038086;13;AS;PH;PH-LUN;;yes;RPUS;SFE;;;https://en.wikipedia.org/wiki/San_Fernando_Airport
5727;RPUT;medium_airport;Tuguegarao Airport;17.6433676823;121.733150482;70;AS;PH;PH-CAG;Tuguegarao City;yes;RPUT;TUG;;;https://en.wikipedia.org/wiki/Tuguegarao_Airport
5728;RPUV;medium_airport;Virac Airport;13.576399803161621;124.20600128173828;121;AS;PH;PH-CAT;Virac;yes;RPUV;VRC;;;https://en.wikipedia.org/wiki/Virac_Airport
5729;RPUW;medium_airport;Marinduque Airport;13.361000061035156;121.82599639892578;32;AS;PH;PH-MAD;Gasan;no;RPUW;MRQ;;;https://en.wikipedia.org/wiki/Marinduque_Airport
5730;RPUY;medium_airport;Cauayan Airport;16.9298992157;121.752998352;200;AS;PH;PH-ISA;Cauayan City;yes;RPUY;CYZ;;;https://en.wikipedia.org/wiki/Cauayan_Airport
5732;RPVA;medium_airport;Daniel Z. Romualdez Airport;11.227761;125.027783;10;AS;PH;PH-LEY;Tacloban City;yes;RPVA;TAC;DZR;;https://en.wikipedia.org/wiki/Daniel_Z._Romualdez_Airport
35178;RPVB;medium_airport;Bacolod-Silay Airport;10.7764;123.014999;82;AS;PH;PH-NEC;Bacolod City;yes;RPVB;BCD;;http://www.bacolod-silayairport.com/;https://en.wikipedia.org/wiki/Bacolod%E2%80%93Silay_Airport
5734;RPVC;medium_airport;Calbayog Airport;12.072699546813965;124.54499816894531;12;AS;PH;PH-WSA;Calbayog City;yes;RPVC;CYP;;;https://en.wikipedia.org/wiki/Calbayog_Airport
5735;RPVD;medium_airport;Sibulan Airport;9.334183;123.30191;15;AS;PH;PH-NER;Dumaguete City;yes;RPVD;DGT;;https://dumaguete.com/dumaguete-airport-sibulan/;https://en.wikipedia.org/wiki/Sibulan_Airport
5736;RPVE;medium_airport;Godofredo P. Ramos Airport;11.9245;121.954002;7;AS;PH;PH-AKL;Caticlan;yes;RPVE;MPH;;;https://en.wikipedia.org/wiki/Godofredo_P._Ramos_Airport
5737;RPVF;medium_airport;Catarman National Airport;12.50161;124.635258;6;AS;PH;PH-NSA;Catarman;yes;RPVF;CRM;;;https://en.wikipedia.org/wiki/Catarman_National_Airport
5739;RPVI;medium_airport;Iloilo International Airport;10.833017;122.493358;27;AS;PH;PH-ILI;Cabatuan;yes;RPVI;ILO;;;https://en.wikipedia.org/wiki/Iloilo_International_Airport
5740;RPVJ;medium_airport;Moises R. Espinosa Airport;12.369682;123.630095;49;AS;PH;PH-MAS;Masbate;yes;RPVJ;MBT;;;https://en.wikipedia.org/wiki/Masbate_Airport
5741;RPVK;medium_airport;Kalibo International Airport;11.679400444;122.375999451;14;AS;PH;PH-AKL;Kalibo;yes;RPVK;KLO;;;https://en.wikipedia.org/wiki/Kalibo_International_Airport
5742;RPVM;large_airport;Mactan Cebu International Airport;10.309261;123.97974;31;AS;PH;PH-CEB;Lapu-Lapu City;yes;RPVM;CEB;;http://www.mactan-cebuairport.com.ph/;https://en.wikipedia.org/wiki/Mactan-Cebu_International_Airport
5743;RPVO;medium_airport;Ormoc Airport;11.057715;124.565622;83;AS;PH;PH-LEY;Ormoc City;no;RPVO;OMC;;;https://en.wikipedia.org/wiki/Ormoc_Airport
5744;RPVP;medium_airport;Puerto Princesa International Airport / PAF Antonio Bautista Air Base;9.74212;118.759003;71;AS;PH;PH-PLW;Puerto Princesa;yes;RPVP;PPS;;;https://en.wikipedia.org/wiki/Puerto_Princesa_Airport
5745;RPVR;medium_airport;Roxas Airport;11.597700119018555;122.75199890136719;10;AS;PH;PH-CAP;Roxas City;yes;RPVR;RXS;;;https://en.wikipedia.org/wiki/Roxas_Airport
5746;RPVS;medium_airport;Evelio Javier Airport;10.766644;121.932506;23;AS;PH;PH-ANT;San Jose;no;RPVS;EUQ;;;https://en.wikipedia.org/wiki/Evelio_Javier_Airport
5748;RPVU;medium_airport;Tugdan Airport;12.3109998703;122.084999084;10;AS;PH;PH-ROM;Tablas Island;yes;RPVU;TBH;;;https://en.wikipedia.org/wiki/Tugdan_Airport
5749;RPVV;medium_airport;Francisco B. Reyes (Busuanga) Airport;12.121865;120.100801;148;AS;PH;PH-PLW;Coron;yes;RPVV;USU;;;https://en.wikipedia.org/wiki/Busuanga_Airport
5764;SAAC;medium_airport;Comodoro Pierrestegui Airport;-31.2969;-57.9966;112;SA;AR;AR-E;Concordia;no;SAAC;COC;DIA;;https://en.wikipedia.org/wiki/Comodoro_Pierrestegui_Airport
5765;SAAG;medium_airport;Gualeguaychu Airport;-33.005567;-58.612833;75;SA;AR;AR-E;Gualeguaychu;no;SAAG;GHU;GUA;;https://en.wikipedia.org/wiki/Gualeguaych%C3%BA_Airport
5768;SAAP;medium_airport;General Urquiza Airport;-31.7948;-60.4804;242;SA;AR;AR-E;Parana;yes;SAAP;PRA;PAR;;https://en.wikipedia.org/wiki/General_Urquiza_Airport
5769;SAAR;medium_airport;Rosario Islas Malvinas International Airport;-32.9036;-60.785;85;SA;AR;AR-S;Rosario;yes;SAAR;ROS;ROS;;https://en.wikipedia.org/wiki/Rosario_International_Airport
5770;SAAV;medium_airport;Sauce Viejo Airport;-31.7117;-60.8117;55;SA;AR;AR-S;Santa Fe;yes;SAAV;SFN;SVO;;https://en.wikipedia.org/wiki/Sauce_Viejo_Airport
5771;SABE;large_airport;Jorge Newbery Airpark;-34.5592;-58.4156;18;SA;AR;AR-C;Buenos Aires;yes;SABE;AEP;AER;;https://en.wikipedia.org/wiki/Aeroparque_Jorge_Newbery
5773;SACO;medium_airport;Ingeniero Ambrosio Taravella Airport;-31.323601;-64.208;1604;SA;AR;AR-X;Cordoba;yes;SACO;COR;CBA;;https://en.wikipedia.org/wiki/Ingeniero_Ambrosio_L.V._Taravella_International_Airport
5775;SADF;medium_airport;San Fernando Airport;-34.4532;-58.5896;10;SA;AR;AR-B;San Fernando;no;SADF;;FDO;;https://en.wikipedia.org/wiki/San_Fernando_Airport_(Argentina)
5777;SADL;medium_airport;La Plata Airport;-34.9722;-57.8947;72;SA;AR;AR-B;La Plata;no;SADL;LPG;PTA;;https://en.wikipedia.org/wiki/La_Plata_Airport
5780;SADP;medium_airport;El Palomar Airport;-34.6099;-58.6126;59;SA;AR;AR-B;El Palomar;no;SADP;EPA;PAL;;https://en.wikipedia.org/wiki/El_Palomar_Airport
5781;SAEZ;large_airport;Minister Pistarini International Airport;-34.8222;-58.5358;67;SA;AR;AR-B;Buenos Aires (Ezeiza);yes;SAEZ;EZE;EZE;http://www.aa2000.com.ar/index.php;https://en.wikipedia.org/wiki/Ministro_Pistarini_International_Airport
5784;SAHS;medium_airport;Rincon De Los Sauces Airport;-37.390598;-68.904198;1968;SA;AR;AR-Q;Rincon de los Sauces;no;SAHS;RDS;RIN;;https://en.wikipedia.org/wiki/Rinc%C3%B3n_de_los_Sauces_Airport
5785;SAHZ;medium_airport;Zapala Airport;-38.975498;-70.113602;3330;SA;AR;AR-Q;Zapala;no;SAHZ;APZ;ZAP;;https://en.wikipedia.org/wiki/Zapala_Airport
5786;SAME;medium_airport;El Plumerillo Airport;-32.8316993713;-68.7929000854;2310;SA;AR;AR-M;Mendoza;yes;SAME;MDZ;DOZ;;https://en.wikipedia.org/wiki/Governor_Francisco_Gabrielli_International_Airport
5787;SAMM;medium_airport;Comodoro D.R. Salomón Airport;-35.493599;-69.574303;4685;SA;AR;AR-M;Malargue;no;SAMM;LGS;MLG;;https://en.wikipedia.org/wiki/Comodoro_D._Ricardo_Salom%C3%B3n_Airport
5788;SAMR;medium_airport;Suboficial Ay Santiago Germano Airport;-34.588299;-68.4039;2470;SA;AR;AR-M;San Rafael;yes;SAMR;AFA;SRA;;https://en.wikipedia.org/wiki/San_Rafael_Airport_(Argentina)
5789;SANC;medium_airport;Coronel Felipe Varela International Airport;-28.593117;-65.7512;1522;SA;AR;AR-K;Catamarca;yes;SANC;CTC;CAT;;https://en.wikipedia.org/wiki/Coronel_Felipe_Varela_International_Airport
5790;SANE;medium_airport;Vicecomodoro Angel D. La Paz Aragonés Airport;-27.765556335399996;-64.3099975586;656;SA;AR;AR-G;Santiago del Estero;yes;SANE;SDE;SDE;;https://en.wikipedia.org/wiki/Santiago_del_Estero_Airport
5792;SANL;medium_airport;Capitan V A Almonacid Airport;-29.381599;-66.795799;1437;SA;AR;AR-F;La Rioja;yes;SANL;IRJ;LAR;;https://en.wikipedia.org/wiki/Capit%C3%A1n_Vicente_Almandos_Almonacid_Airport
318304;SANR;medium_airport;Termas de Río Hondo international Airport;-27.4966;-64.93595;935;SA;AR;AR-G;Termas de Río Hondo;yes;SANR;RHD;TRH;;https://en.wikipedia.org/wiki/Las_Termas_Airport
5794;SANT;medium_airport;Teniente Benjamin Matienzo Airport;-26.8409;-65.104897;1493;SA;AR;AR-T;San Miguel de Tucumán;yes;SANT;TUC;TUC;;https://en.wikipedia.org/wiki/Benjam%C3%ADn_Matienzo_International_Airport
5795;SANU;medium_airport;Domingo Faustino Sarmiento Airport;-31.571501;-68.418198;1958;SA;AR;AR-J;San Juan;yes;SANU;UAQ;JUA;;https://en.wikipedia.org/wiki/Domingo_Faustino_Sarmiento_Airport
5796;SAOC;medium_airport;Area De Material Airport;-33.085098;-64.261299;1380;SA;AR;AR-X;Rio Cuarto;no;SAOC;RCU;TRC;;https://en.wikipedia.org/wiki/Las_Higueras_Airport
5797;SAOD;medium_airport;Villa Dolores Airport;-31.9452;-65.146301;1847;SA;AR;AR-X;Villa Dolores;no;SAOD;VDR;LDR;;https://en.wikipedia.org/wiki/Villa_Dolores_Airport
5800;SAOR;medium_airport;Villa Reynolds Airport;-33.7299003601;-65.3873977661;1591;SA;AR;AR-D;Villa Mercedes;no;SAOR;VME;RYD;;https://en.wikipedia.org/wiki/Villa_Reynolds_Airport
5802;SAOU;medium_airport;Brigadier Mayor D Cesar Raul Ojeda Airport;-33.273201;-66.3564;2328;SA;AR;AR-D;San Luis;yes;SAOU;LUQ;UIS;;https://en.wikipedia.org/wiki/Brigadier_Mayor_C%C3%A9sar_Ra%C3%BAl_Ojeda_Airport
318502;SAOV;medium_airport;Presidente Néstor Kirchner Regional Airport;-32.3201;-63.22663;670;SA;AR;AR-X;Villa Maria;yes;SAOV;;VMR;;https://es.wikipedia.org/wiki/Aeropuerto_Regional_Presidente_N%C3%A9stor_Kirchner
5803;SARC;medium_airport;Corrientes Airport;-27.4455;-58.7619;202;SA;AR;AR-W;Corrientes;yes;SARC;CNQ;CRR;;https://en.wikipedia.org/wiki/Doctor_Fernando_Piragine_Niveyro_International_Airport
5804;SARE;medium_airport;Resistencia International Airport;-27.45;-59.0561;173;SA;AR;AR-H;Resistencia;yes;SARE;RES;SIS;;https://en.wikipedia.org/wiki/Resistencia_International_Airport
5805;SARF;medium_airport;Aeropuerto Nacional de Formosa;-26.2127;-58.2281;193;SA;AR;AR-P;Formosa;yes;SARF;FMA;FSA;;https://en.wikipedia.org/wiki/Formosa_International_Airport
5806;SARI;medium_airport;Cataratas Del Iguazú International Airport;-25.737301;-54.4734;916;SA;AR;AR-N;Puerto Iguazu;yes;SARI;IGR;IGU;http://www.aa2000.com.ar/iguazu;https://en.wikipedia.org/wiki/Cataratas_del_Iguaz%C3%BA_International_Airport
5807;SARL;medium_airport;Paso De Los Libres Airport;-29.6894;-57.1521;230;SA;AR;AR-W;Paso de los Libres;no;SARL;AOL;LIB;;https://en.wikipedia.org/wiki/Paso_de_los_Libres_Airport
5808;SARM;medium_airport;Monte Caseros Airport;-30.2719;-57.6402;170;SA;AR;AR-W;Monte Caseros;no;SARM;MCS;MCS;;https://en.wikipedia.org/wiki/Monte_Caseros_Airport
5809;SARP;medium_airport;Libertador Gral D Jose De San Martin Airport;-27.3858;-55.9707;430;SA;AR;AR-N;Posadas;yes;SARP;PSS;POS;;https://en.wikipedia.org/wiki/Libertador_General_Jos%C3%A9_de_San_Mart%C3%ADn_Airport
5811;SASA;medium_airport;Martin Miguel De Guemes International Airport;-24.856000900299996;-65.4861984253;4088;SA;AR;AR-A;Salta;yes;SASA;SLA;SAL;;https://en.wikipedia.org/wiki/Mart%C3%ADn_Miguel_de_G%C3%BCemes_Airport
5812;SASJ;medium_airport;Gobernador Horacio Guzman International Airport;-24.392799;-65.097801;3019;SA;AR;AR-Y;San Salvador de Jujuy;yes;SASJ;JUJ;JUJ;;https://en.wikipedia.org/wiki/Gobernador_Horacio_Guzm%C3%A1n_International_Airport
5813;SASO;medium_airport;Orán Airport;-23.1528;-64.329201;1171;SA;AR;AR-A;Orán;no;SASO;ORA;ORA;;https://en.wikipedia.org/wiki/Or%C3%A1n_Airport
5815;SAST;medium_airport;General Enrique Mosconi Airport;-22.6196;-63.793701;1472;SA;AR;AR-A;Tartagal;yes;SAST;TTG;TAR;;
5817;SATG;medium_airport;Goya Airport;-29.1058;-59.2189;128;SA;AR;AR-W;Goya;no;SATG;OYA;GOY;;https://en.wikipedia.org/wiki/Goya_Airport
5819;SATR;medium_airport;Reconquista Airport;-29.2103;-59.68;160;SA;AR;AR-S;Reconquista;no;SATR;RCQ;RTA;;https://en.wikipedia.org/wiki/Reconquista_Airport
5820;SATU;medium_airport;Curuzu Cuatia Airport;-29.7706;-57.9789;229;SA;AR;AR-W;Curuzu Cuatia;no;SATU;UZU;CCA;;https://en.wikipedia.org/wiki/Curuz%C3%BA_Cuati%C3%A1_Airport
5821;SAVB;medium_airport;El Bolson Airport;-41.943199;-71.532303;1141;SA;AR;AR-R;El Bolson;no;SAVB;EHL;BOL;;https://en.wikipedia.org/wiki/El_Bols%C3%B3n_Airport
5822;SAVC;medium_airport;General E. Mosconi Airport;-45.7853;-67.4655;189;SA;AR;AR-U;Comodoro Rivadavia;yes;SAVC;CRD;CRV;;https://en.wikipedia.org/wiki/General_Enrique_Mosconi_International_Airport
5823;SAVE;medium_airport;Brigadier Antonio Parodi Airport;-42.908000946;-71.139503479;2621;SA;AR;AR-U;Esquel;yes;SAVE;EQS;ESQ;;http://es.wikipedia.org/wiki/Aeropuerto_Brigadier_General_Antonio_Parodi
5824;SAVH;medium_airport;Las Heras Airport;-46.538517;-68.965323;1082;SA;AR;AR-Z;Las Heras;yes;SAVH;LHS;CLH;;https://en.wikipedia.org/wiki/Colonia_Las_Heras_Airport
5827;SAVT;medium_airport;Almirante Marco Andres Zar Airport;-43.2105;-65.2703;141;SA;AR;AR-U;Rawson;yes;SAVT;REL;TRE;;https://en.wikipedia.org/wiki/Almirante_Marco_Andr%C3%A9s_Zar_Airport
5828;SAVV;medium_airport;Gobernador Castello Airport;-40.8692;-63.0004;20;SA;AR;AR-R;Viedma / Carmen de Patagones;yes;SAVV;VDM;VIE;;https://en.wikipedia.org/wiki/Gobernador_Edgardo_Castello_Airport
5829;SAVY;medium_airport;El Tehuelche Airport;-42.7592;-65.1027;427;SA;AR;AR-U;Puerto Madryn;yes;SAVY;PMY;DRY;;https://en.wikipedia.org/wiki/El_Tehuelche_Airport
5831;SAWC;medium_airport;El Calafate - Commander Armando Tola International Airport;-50.2803;-72.053101;669;SA;AR;AR-Z;El Calafate;yes;SAWC;FTE;ECA;http://www.aeropuertoelcalafate.com/en/;https://en.wikipedia.org/wiki/Comandante_Armando_Tola_International_Airport
5832;SAWD;medium_airport;Puerto Deseado Airport;-47.7353;-65.9041;268;SA;AR;AR-Z;Puerto Deseado;yes;SAWD;PUD;ADO;;https://en.wikipedia.org/wiki/Puerto_Deseado_Airport
5833;SAWE;medium_airport;Gobernador Ramón Trejo Noel International Airport;-53.7777;-67.7494;65;SA;AR;AR-V;Rio Grande;yes;SAWE;RGA;GRA;;https://en.wikipedia.org/wiki/Hermes_Quijada_Airport
5834;SAWG;medium_airport;Piloto Civil N. Fernández Airport;-51.6089;-69.3126;61;SA;AR;AR-Z;Rio Gallegos;yes;SAWG;RGL;GAL;;https://en.wikipedia.org/wiki/Piloto_Civil_Norberto_Fern%C3%A1ndez_International_Airport
5835;SAWH;medium_airport;Malvinas Argentinas Airport;-54.8433;-68.2958;102;SA;AR;AR-V;Ushuaia;yes;SAWH;USH;USU;;https://en.wikipedia.org/wiki/Ushuaia_International_Airport
5836;SAWJ;medium_airport;Capitan D Daniel Vazquez Airport;-49.306816;-67.802596;203;SA;AR;AR-Z;San Julian;yes;SAWJ;ULA;SJU;;https://en.wikipedia.org/wiki/Capit%C3%A1n_Jos%C3%A9_Daniel_Vazquez_Airport
5838;SAWP;medium_airport;Perito Moreno Airport;-46.537899;-70.978699;1410;SA;AR;AR-Z;Perito Moreno;yes;SAWP;PMQ;PTM;;https://en.wikipedia.org/wiki/Perito_Moreno_Airport
5839;SAWU;medium_airport;Santa Cruz Airport;-50.0165;-68.5792;364;SA;AR;AR-Z;Puerto Santa Cruz;yes;SAWU;RZA;SCZ;;https://en.wikipedia.org/wiki/Santa_Cruz_Airport_(Argentina)
5840;SAZB;medium_airport;Comandante Espora Airport;-38.725;-62.1693;246;SA;AR;AR-B;Bahia Blanca;yes;SAZB;BHI;BCA;https://www.aeropuertobahiablanca.com/;https://en.wikipedia.org/wiki/Comandante_Espora_Airport
5843;SAZG;medium_airport;General Pico Airport;-35.696201;-63.758301;459;SA;AR;AR-L;General Pico;no;SAZG;GPO;GPI;;https://en.wikipedia.org/wiki/General_Pico_Airport
5844;SAZH;medium_airport;Tres Arroyos Airport;-38.3869;-60.3297;400;SA;AR;AR-B;Tres Arroyos;no;SAZH;OYO;YOS;;https://en.wikipedia.org/wiki/Tres_Arroyos_Airport
5846;SAZL;medium_airport;Santa Teresita Airport;-36.5423;-56.7218;9;SA;AR;AR-B;Santa Teresita;yes;SAZL;SST;STR;;https://en.wikipedia.org/wiki/Santa_Teresita_Airport
5847;SAZM;medium_airport;Ástor Piazzola International Airport;-37.9342;-57.5733;72;SA;AR;AR-B;Mar del Plata;yes;SAZM;MDQ;MDP;;https://en.wikipedia.org/wiki/%C3%81stor_Piazzola_International_Airport
5848;SAZN;medium_airport;Presidente Peron Airport;-38.949001;-68.155701;895;SA;AR;AR-Q;Neuquen;yes;SAZN;NQN;NEU;;https://en.wikipedia.org/wiki/Presidente_Per%C3%B3n_International_Airport
5849;SAZO;medium_airport;Necochea Airport;-38.490746;-58.816337;72;SA;AR;AR-B;Necochea;yes;SAZO;NEC;NEC;;https://en.wikipedia.org/wiki/Necochea_Airport
5850;SAZP;medium_airport;Comodoro Pedro Zanni Airport;-35.8446;-61.8576;278;SA;AR;AR-B;Pehuajó;no;SAZP;PEH;PEH;;https://en.wikipedia.org/wiki/Comodoro_P._Zanni_Airport
5851;SAZR;medium_airport;Santa Rosa Airport;-36.588299;-64.275703;630;SA;AR;AR-L;Santa Rosa;yes;SAZR;RSA;OSA;;https://en.wikipedia.org/wiki/Santa_Rosa_Airport_(Argentina)
5852;SAZS;medium_airport;San Carlos De Bariloche Airport;-41.151199;-71.157501;2774;SA;AR;AR-R;San Carlos de Bariloche;yes;SAZS;BRC;BAR;http://www.aa2000.com.ar/bariloche;https://en.wikipedia.org/wiki/San_Carlos_de_Bariloche_Airport
5853;SAZT;medium_airport;Héroes De Malvinas Airport;-37.234634;-59.228647;574;SA;AR;AR-B;Tandil;no;SAZT;TDL;DIL;;https://en.wikipedia.org/wiki/Tandil_Airport
5854;SAZV;medium_airport;Villa Gesell Airport;-37.2354;-57.0292;32;SA;AR;AR-B;Villa Gesell;no;SAZV;VLG;GES;;https://en.wikipedia.org/wiki/Villa_Gesell_Airport
5855;SAZW;medium_airport;Cutral-Co Airport;-38.939701;-69.264603;2132;SA;AR;AR-Q;Cutral-Co;no;SAZW;CUT;CUT;;https://en.wikipedia.org/wiki/Cutral_C%C3%B3_Airport
5856;SAZY;medium_airport;Aviador C. Campos Airport;-40.075401;-71.137299;2569;SA;AR;AR-Q;Chapelco/San Martin de los Andes;yes;SAZY;CPC;CHP;;https://en.wikipedia.org/wiki/Aviador_Carlos_Campos_Airport
5857;SBAA;medium_airport;Conceição do Araguaia Airport;-8.34835;-49.301498;653;SA;BR;BR-PA;Conceição do Araguaia;no;SBAA;CDJ;PA0008;;https://en.wikipedia.org/wiki/Concei%C3%A7%C3%A3o_do_Araguaia_Airport
275;SBAC;medium_airport;Aracati Dragão do Mar Regional Airport;-4.568896;-37.805135;128;SA;BR;BR-CE;Aracati;no;SBAC;ARX;CE0004;https://www.ceara.gov.br/2021/06/25/aeroporto-de-aracati-retoma-voos-comerciais-em-julho/;https://en.wikipedia.org/wiki/Aracati_Airport
5858;SBAF;medium_airport;Campo Délio Jardim de Mattos Airport;-22.875099;-43.384701;110;SA;BR;BR-RJ;Rio de Janeiro;no;SBAF;;RJ9002;;https://en.wikipedia.org/wiki/Afonsos_Air_Force_Base
5860;SBAN;medium_airport;Base Aérea Airport;-16.2292;-48.964298;3731;SA;BR;BR-GO;Anápolis;no;SBAN;;GO9001;;http://pt.wikipedia.org/wiki/Base_A%C3%A9rea_de_An%C3%A1polis
5861;SBAQ;medium_airport;Araraquara Airport;-21.812;-48.132999;2334;SA;BR;BR-SP;Araraquara;yes;SBAQ;AQA;SP0012;http://www.daesp.sp.gov.br/aeroporto-estadual-de-araraquara-bartolomeu-de-gusmao/;https://en.wikipedia.org/wiki/Araraquara_Airport
5862;SBAR;medium_airport;Aracaju - Santa Maria International Airport;-10.984;-37.070301;139;SA;BR;BR-SE;Aracaju;yes;SBAR;AJU;SE0001;https://www.aenabrasil.com.br/pt/aeroportos/aeroporto-internacional-santa-maria-aracaju/index.html;https://en.wikipedia.org/wiki/Santa_Maria_Airport_(Sergipe)
5864;SBAT;medium_airport;Piloto Osvaldo Marques Dias Airport;-9.866389;-56.106298;948;SA;BR;BR-MT;Alta Floresta;yes;SBAT;AFL;MT0003;;https://en.wikipedia.org/wiki/Alta_Floresta_Airport
5865;SBAU;medium_airport;Araçatuba Airport;-21.141479;-50.424575;1361;SA;BR;BR-SP;Araçatuba;yes;SBAU;ARU;SP0009;http://www.daesp.sp.gov.br/aeroporto-estadual-de-aracatuba-dario-guarita/;https://en.wikipedia.org/wiki/Ara%C3%A7atuba_Airport
5866;SBAX;medium_airport;Romeu Zema Airport;-19.5632;-46.9604;3276;SA;BR;BR-MG;Araxá;yes;SBAX;AAX;MG0008;;https://en.wikipedia.org/wiki/Arax%C3%A1_Airport
5867;SBBE;large_airport;Val de Cans/Júlio Cezar Ribeiro International Airport;-1.379279;-48.476207;54;SA;BR;BR-PA;Belém;yes;SBBE;BEL;PA0001;http://www.infraero.gov.br/index.php/br/aeroportos/para/aeroporto-internacional-de-belem.html;https://en.wikipedia.org/wiki/Val_de_Cans_International_Airport
5868;SBBG;medium_airport;Comandante Gustavo Kraemer Airport;-31.390499;-54.112202;600;SA;BR;BR-RS;Bagé;no;SBBG;BGX;RS0010;https://www4.infraero.gov.br/aeroportos/aeroporto-internacional-de-bage-comandante-gustavo-kraemer/;https://en.wikipedia.org/wiki/Comandante_Gustavo_Kraemer_Airport
5869;SBBH;medium_airport;Pampulha - Carlos Drummond de Andrade Airport;-19.8512;-43.9506;2589;SA;BR;BR-MG;Belo Horizonte;no;SBBH;PLU;MG0003;http://www.infraero.gov.br/usa/aero_prev_home.php?ai=204;https://en.wikipedia.org/wiki/Pampulha_Domestic_Airport
5870;SBBI;medium_airport;Bacacheri Airport;-25.4051;-49.231998;3057;SA;BR;BR-PR;Curitiba;no;SBBI;BFH;PR0006;;https://en.wikipedia.org/wiki/Bacacheri_Airport
5871;SBBQ;medium_airport;Major Brigadeiro Doorgal Borges Airport;-21.2672;-43.76101;3657;SA;BR;BR-MG;Barbacena;no;SBBQ;;MG9002;;https://pt.wikipedia.org/wiki/Aeroporto_de_Barbacena
5872;SBBR;large_airport;Presidente Juscelino Kubitschek International Airport;-15.869167;-47.920834;3497;SA;BR;BR-DF;Brasília;yes;SBBR;BSB;DF0001;http://www.infraero.gov.br/usa/aero_prev_home.php?ai=146;https://en.wikipedia.org/wiki/Bras%C3%ADlia_International_Airport
5873;SBBT;medium_airport;Chafei Amsei Airport;-20.584631;-48.594125;1903;SA;BR;BR-SP;Barretos;no;SNBA;BAT;SP0013;https://aeroportospaulistas.com.br/barretos/;https://en.wikipedia.org/wiki/Barretos_Airport
5875;SBBV;medium_airport;Atlas Brasil Cantanhede Airport;2.845855;-60.690944;276;SA;BR;BR-RR;Boa Vista;yes;SBBV;BVB;RR0001;;https://en.wikipedia.org/wiki/Boa_Vista_International_Airport
5876;SBBW;medium_airport;Barra do Garças Airport;-15.861417;-52.389008;1147;SA;BR;BR-MT;Barra do Garças;no;SBBW;BPG;MT0008;;https://en.wikipedia.org/wiki/Barra_do_Gar%C3%A7as_Airport
5877;SBBZ;medium_airport;Umberto Modiano Airport;-22.770881;-41.96308;10;SA;BR;BR-RJ;Cabo Frio;no;SSBZ;BZC;RJ0012;;https://en.wikipedia.org/wiki/Umberto_Modiano_Airport
5878;SBCA;medium_airport;Coronel Adalberto Mendes da Silva Airport;-25.000323;-53.501208;2481;SA;BR;BR-PR;Cascavel;yes;SBCA;CAC;PR0005;;https://en.wikipedia.org/wiki/Cascavel_Airport
5880;SBCC;medium_airport;Campo de Provas Brigadeiro Veloso;-9.33394;-54.965401;1777;SA;BR;BR-PA;Novo Progresso;no;SBCC;;PA9001;https://www.fab.mil.br/organizacoes/mostra/61/CAMPO%20DE%20PROVAS%20BRIGADEIRO%20VELLOSO;https://en.wikipedia.org/wiki/Cachimbo_Airport
5882;SBCF;large_airport;Tancredo Neves International Airport;-19.63571;-43.966928;2721;SA;BR;BR-MG;Belo Horizonte;yes;SBCF;CNF;MG0001;http://www.infraero.gov.br/usa/aero_prev_home.php?ai=207;https://en.wikipedia.org/wiki/Tancredo_Neves_International_Airport
5883;SBCG;medium_airport;Campo Grande Airport;-20.469998;-54.673988;1833;SA;BR;BR-MS;Campo Grande;yes;SBCG;CGR;MS0001;;https://en.wikipedia.org/wiki/Campo_Grande_International_Airport
5884;SBCH;medium_airport;Serafin Enoss Bertaso Airport;-27.134199;-52.656601;2154;SA;BR;BR-SC;Chapecó;yes;SBCH;XAP;SC0003;;https://en.wikipedia.org/wiki/Chapec%C3%B3_Airport
5885;SBCI;medium_airport;Brig. Lysias Augusto Rodrigues Airport;-7.32044;-47.458698;565;SA;BR;BR-MA;Carolina;no;SBCI;CLN;MA0003;;https://en.wikipedia.org/wiki/Carolina_(Maranh%C3%A3o)_Airport
5886;SBCJ;medium_airport;Carajás Airport;-6.117841;-50.003372;2064;SA;BR;BR-PA;Parauapebas;yes;SBCJ;CKS;PA0006;http://www.infraero.gov.br/index.php/us/airports/para/carajas-airport.html;https://en.wikipedia.org/wiki/Caraj%C3%A1s_Airport
5887;SBCM;medium_airport;Forquilhinha - Criciúma  Airport;-28.725743;-49.424475;92;SA;BR;BR-SC;Criciúma;yes;SSIM;CCM;SC0009;;https://en.wikipedia.org/wiki/Diom%C3%ADcio_Freitas_Airport
5888;SBCO;medium_airport;Canoas Air Force Base;-29.945928;-51.144413;26;SA;BR;BR-RS;Porto Alegre;no;SBCO;QNS;RS9002;http://www.fab.mil.br/organizacoes/mostra/39/BASE%20A%C3%89REA%20DE%20CANOAS;https://en.wikipedia.org/wiki/Canoas_Air_Force_Base
5889;SBCP;medium_airport;Bartolomeu Lisandro Airport;-21.698299;-41.301701;59;SA;BR;BR-RJ;Campos Dos Goytacazes;yes;SBCP;CAW;RJ0006;http://www.infraero.gov.br/index.php/aeroportos/rio-de-janeiro/aeroporto-de-bartolomeu-lisandro.html;https://en.wikipedia.org/wiki/Bartolomeu_Lysandro_Airport
5890;SBCR;medium_airport;Corumbá International Airport;-19.01193;-57.672772;463;SA;BR;BR-MS;Corumbá;yes;SBCR;CMG;MS0009;;https://en.wikipedia.org/wiki/Corumb%C3%A1_International_Airport
5891;SBCT;medium_airport;Afonso Pena Airport;-25.5285;-49.1758;2988;SA;BR;BR-PR;Curitiba;yes;SBCT;CWB;PR0001;;https://en.wikipedia.org/wiki/Afonso_Pena_International_Airport
5892;SBCV;medium_airport;Caravelas Airport;-17.6523;-39.253101;36;SA;BR;BR-BA;Caravelas;no;SSCV;CRQ;BA0012;;https://pt.wikipedia.org/wiki/Aeroporto_de_Caravelas
5893;SBCX;medium_airport;Hugo Cantergiani Regional Airport;-29.197183;-51.187647;2472;SA;BR;BR-RS;Caxias Do Sul;yes;SBCX;CXJ;RS0007;;https://en.wikipedia.org/wiki/Caxias_do_Sul_Airport
5894;SBCY;medium_airport;Marechal Rondon Airport;-15.6529;-56.116699;617;SA;BR;BR-MT;Cuiabá;yes;SBCY;CGB;MT0001;http://www.infraero.gov.br/index.php/aeroportos/mato-grosso/aeroporto-internacional-marechal-rondon;https://en.wikipedia.org/wiki/Marechal_Rondon_International_Airport
5895;SBCZ;medium_airport;Cruzeiro do Sul Airport;-7.59991;-72.769501;637;SA;BR;BR-AC;Cruzeiro Do Sul;yes;SBCZ;CZS;AC0002;http://www.infraero.gov.br/index.php/aeroportos/acre/aeroporto-cruzeiro-do-sul.html;https://en.wikipedia.org/wiki/Cruzeiro_do_Sul_International_Airport
5896;SBDN;medium_airport;Presidente Prudente Airport;-22.1751;-51.424599;1477;SA;BR;BR-SP;Presidente Prudente;yes;SBDN;PPB;SP0005;http://www.daesp.sp.gov.br/aeroporto-detalhe/?id=879;https://en.wikipedia.org/wiki/Presidente_Prudente_Airport
5897;SBEG;large_airport;Eduardo Gomes International Airport;-3.03861;-60.049702;264;SA;BR;BR-AM;Manaus;yes;SBEG;MAO;AM0001;https://airport-manaus.com.br/;https://en.wikipedia.org/wiki/Eduardo_Gomes_International_Airport
5898;SBEK;medium_airport;Jacareacanga Airport;-6.23316;-57.776901;295;SA;BR;BR-PA;Jacareacanga;no;SBEK;JCR;PA0011;;
5900;SBFI;medium_airport;Cataratas International Airport;-25.594167;-54.489444;786;SA;BR;BR-PR;Foz do Iguaçu;yes;SBFI;IGU;PR0002;;https://en.wikipedia.org/wiki/Foz_do_Igua%C3%A7u_International_Airport
5901;SBFL;large_airport;Hercílio Luz International Airport;-27.670279;-48.552502;16;SA;BR;BR-SC;Florianópolis;yes;SBFL;FLN;SC0001;http://www.infraero.gov.br/usa/aero_prev_home.php?ai=228;https://en.wikipedia.org/wiki/Herc%C3%ADlio_Luz_International_Airport
5902;SBFN;medium_airport;Fernando de Noronha Airport;-3.854471;-32.423302;193;SA;BR;BR-PE;Fernando de Noronha;yes;SBFN;FEN;PE0003;http://www.ilhadenoronha.com.br/ailha/aviacao_em_noronha.php;https://en.wikipedia.org/wiki/Fernando_de_Noronha_Airport
5905;SBFZ;large_airport;Pinto Martins International Airport;-3.775833;-38.532222;83;SA;BR;BR-CE;Fortaleza;yes;SBFZ;FOR;CE0001;https://fortaleza-airport.com.br/en;https://en.wikipedia.org/wiki/Pinto_Martins_International_Airport
5906;SBGL;large_airport;Rio Galeão – Tom Jobim International Airport;-22.809999;-43.250557;28;SA;BR;BR-RJ;Rio De Janeiro;yes;SBGL;GIG;RJ0001;https://www.riogaleao.com/passageiros;https://en.wikipedia.org/wiki/Rio_de_Janeiro-Gale%C3%A3o_International_Airport
5907;SBGM;medium_airport;Guajará-Mirim Airport;-10.78641;-65.28486;478;SA;BR;BR-RO;Guajará-Mirim;no;SBGM;GJM;RO0006;;https://pt.wikipedia.org/wiki/Aeroporto_de_Guajar%C3%A1-Mirim
5908;SBGO;medium_airport;Santa Genoveva Airport;-16.632;-49.220699;2450;SA;BR;BR-GO;Goiânia;yes;SBGO;GYN;GO0001;https://www4.infraero.gov.br/aeroportos/aeroporto-de-goiania-santa-genoveva/;https://en.wikipedia.org/wiki/Santa_Genoveva_Airport
5910;SBGR;large_airport;Guarulhos - Governador André Franco Montoro International Airport;-23.431944;-46.467778;2461;SA;BR;BR-SP;São Paulo;yes;SBGR;GRU;SP0002;http://www.aeroportoguarulhos.net/;https://en.wikipedia.org/wiki/S%C3%A3o_Paulo-Guarulhos_International_Airport
5912;SBGV;medium_airport;Coronel Altino Machado Airport;-18.895882;-41.982869;561;SA;BR;BR-MG;Governador Valadares;yes;SBGV;GVR;MG0032;;https://en.wikipedia.org/wiki/Governador_Valadares_Airport
5913;SBGW;medium_airport;Edu Chaves Field;-22.791599;-45.2048;1761;SA;BR;BR-SP;Guaratinguetá;no;SBGW;GUJ;SP0076;;https://en.wikipedia.org/wiki/Guaratinguet%C3%A1_Airport
5914;SBHT;medium_airport;Altamira Interstate Airport;-3.253144;-52.253938;368;SA;BR;BR-PA;Altamira;yes;SBHT;ATM;PA0003;https://www4.infraero.gov.br/aeroportos/aeroporto-de-altamira-para/;https://en.wikipedia.org/wiki/Altamira_Airport
5915;SBIC;medium_airport;Itacoatiara Airport;-3.126539;-58.481668;142;SA;BR;BR-AM;Itacoatiara;no;SBIC;ITA;AM0012;;https://pt.wikipedia.org/wiki/Aeroporto_de_Itacoatiara
5916;SBIH;medium_airport;Itaituba Airport;-4.242131;-56.000651;110;SA;BR;BR-PA;Itaituba;yes;SBIH;ITB;PA0010;;https://en.wikipedia.org/wiki/Itaituba_Airport
5917;SBIL;medium_airport;Bahia - Jorge Amado Airport;-14.815929;-39.033458;15;SA;BR;BR-BA;Ilhéus;yes;SBIL;IOS;BA0004;;https://en.wikipedia.org/wiki/Ilh%C3%A9us_Jorge_Amado_Airport
5918;SBIP;medium_airport;Usiminas Airport;-19.470699;-42.487598;786;SA;BR;BR-MG;Ipatinga;yes;SBIP;IPN;MG0007;https://www4.infraero.gov.br/aeroportos/aeroporto-regional-do-vale-do-aco/;https://en.wikipedia.org/wiki/Vale_do_Aço_Regional_Airport
5920;SBIZ;medium_airport;Prefeito Renato Moreira Airport;-5.53129;-47.459999;430;SA;BR;BR-MA;Imperatriz;yes;SBIZ;IMP;MA0002;;https://en.wikipedia.org/wiki/Imperatriz_Airport
5922;SBJF;medium_airport;Francisco de Assis Airport;-21.791482;-43.386072;2989;SA;BR;BR-MG;Juiz de Fora;yes;SBJF;JDF;MG0016;;https://en.wikipedia.org/wiki/Juiz_de_Fora_Airport
334199;SBJH;medium_airport;São Paulo Catarina Executive Airport;-23.426886;-47.165658;2547;SA;BR;BR-SP;São Roque;no;SBJH;JHF;SP1176;http://www.catarinajhsf.com.br/aeroporto;https://en.wikipedia.org/wiki/São_Paulo_Catarina_Executive_Airport
5923;SBJP;medium_airport;Presidente Castro Pinto International Airport;-7.148691;-34.950554;217;SA;BR;BR-PB;João Pessoa;yes;SBJP;JPA;PB0001;;https://en.wikipedia.org/wiki/Presidente_Castro_Pinto_International_Airport
5925;SBJV;medium_airport;Lauro Carneiro de Loyola Airport;-26.224501;-48.797401;15;SA;BR;BR-SC;Joinville;yes;SBJV;JOI;SC0004;;https://en.wikipedia.org/wiki/Joinville-Lauro_Carneiro_de_Loyola_Airport
5926;SBKG;medium_airport;Presidente João Suassuna Airport;-7.269662;-35.896057;1646;SA;BR;BR-PB;Campina Grande;yes;SBKG;CPV;PB0003;https://www.aenabrasil.com.br/pt/aeroportos/aeroporto-de-campina-grande-presidente-joao-suassuna/index.html;https://en.wikipedia.org/wiki/Campina_Grande_Airport
5927;SBKP;medium_airport;Viracopos International Airport;-23.007404;-47.134502;2170;SA;BR;BR-SP;Campinas;yes;SBKP;VCP;SP0003;http://www.aeroportoviracopos.net/;https://en.wikipedia.org/wiki/Viracopos-Campinas_International_Airport
5929;SBLJ;medium_airport;Lages Airport;-27.782101;-50.281502;3065;SA;BR;BR-SC;Lages;yes;SBLJ;LAJ;SC0007;;https://en.wikipedia.org/wiki/Lages_Airport
5930;SBLN;medium_airport;Lins Airport;-21.663999557495;-49.730499267578;1559;SA;BR;BR-SP;Lins;no;SWXQ;LIP;SWXQ;;https://pt.wikipedia.org/wiki/Aeroporto_de_Lins
5931;SBLO;medium_airport;Governador José Richa Airport;-23.333599;-51.1301;1867;SA;BR;BR-PR;Londrina;yes;SBLO;LDB;PR0003;;https://en.wikipedia.org/wiki/Londrina_Airport
5932;SBLP;medium_airport;Bom Jesus da Lapa Airport;-13.2621;-43.4081;1454;SA;BR;BR-BA;Bom Jesus da Lapa;no;SBLP;LAZ;BA0037;;https://en.wikipedia.org/wiki/Bom_Jesus_da_Lapa_Airport
5934;SBMA;medium_airport;João Correa da Rocha Airport;-5.36859;-49.138;357;SA;BR;BR-PA;Marabá;yes;SBMA;MAB;PA0004;;https://en.wikipedia.org/wiki/Marab%C3%A1_Airport
5935;SBMC;medium_airport;Minaçu Airport;-13.5491;-48.195301;1401;SA;BR;BR-GO;Minaçu;no;SWIQ;MQH;SWIQ;;https://en.wikipedia.org/wiki/Mina%C3%A7u_Airport
5936;SBMD;medium_airport;Monte Dourado - Serra do Areão Airport;-0.889839;-52.6022;677;SA;BR;BR-PA;Almeirim;yes;SBMD;MEU;PA0009;;https://en.wikipedia.org/wiki/Monte_Dourado_Airport
5937;SBME;medium_airport;Macaé Benedito Lacerda Airport;-22.343;-41.765999;8;SA;BR;BR-RJ;Macaé;yes;SBME;MEA;RJ0004;;https://en.wikipedia.org/wiki/Maca%C3%A9_Airport
5938;SBMG;medium_airport;Regional de Maringá - Sílvio Name Júnior Airport;-23.47606;-52.016187;1801;SA;BR;BR-PR;Maringá;yes;SBMG;MGF;PR0004;https://www.aeroportomaringa.com.br/;https://en.wikipedia.org/wiki/Maring%C3%A1_Domestic_Airport
5939;SBMK;medium_airport;Mário Ribeiro Airport;-16.706919;-43.818901;2191;SA;BR;BR-MG;Montes Claros;yes;SBMK;MOC;MG0004;https://www4.infraero.gov.br/aeroportos/aeroporto-de-montes-claros-mario-ribeiro/;https://en.wikipedia.org/wiki/Montes_Claros_Airport
5940;SBML;medium_airport;Frank Miloye Milenkowichi–Marília State Airport;-22.196899;-49.926485;2134;SA;BR;BR-SP;Marília;yes;SBML;MII;SP0014;https://www.daesp.sp.gov.br/aeroporto-estadual-de-marilia-frank-miloye-milenkowichi/;https://en.wikipedia.org/wiki/Mar%C3%ADlia_Airport
5941;SBMN;medium_airport;Ponta Pelada Airport / Manaus Air Base;-3.14604;-59.986301;267;SA;BR;BR-AM;Manaus;no;SBMN;PLL;AM9001;;https://en.wikipedia.org/wiki/Ponta_Pelada_Airport
5942;SBMO;medium_airport;Zumbi dos Palmares Airport;-9.51081;-35.791698;387;SA;BR;BR-AL;Maceió;yes;SBMO;MCZ;AL0001;;https://en.wikipedia.org/wiki/Zumbi_dos_Palmares_International_Airport
5943;SBMQ;medium_airport;Macapá - Alberto Alcolumbre International Airport;0.050664;-51.072201;56;SA;BR;BR-AP;Macapá;yes;SBMQ;MCP;AP0001;https://www4.infraero.gov.br/aeroportos/aeroporto-internacional-de-macapa-alberto-alcolumbre/;https://en.wikipedia.org/wiki/Macap%C3%A1_International_Airport
5944;SBMS;medium_airport;Dix-Sept Rosado Airport;-5.20192;-37.3643;76;SA;BR;BR-RN;Mossoró;yes;SBMS;MVF;RN0002;;https://en.wikipedia.org/wiki/Mossor%C3%B3_Airport
5945;SBMT;medium_airport;Campo de Marte Airport;-23.5091;-46.637798;2371;SA;BR;BR-SP;São Paulo;no;SBMT;RTE;SP0007;https://www4.infraero.gov.br/aeroportos/aeroporto-de-sao-paulo-campo-de-marte/;https://en.wikipedia.org/wiki/Campo_de_Marte_Airport
5946;SBMY;medium_airport;Manicoré Airport;-5.81138;-61.278301;174;SA;BR;BR-AM;Manicoré;yes;SBMY;MNX;AM0015;;https://en.wikipedia.org/wiki/Manicor%C3%A9_Airport
5947;SBNF;medium_airport;Ministro Victor Konder International Airport;-26.879431;-48.650979;18;SA;BR;BR-SC;Navegantes;yes;SBNF;NVT;SC0002;https://www4.infraero.gov.br/aeroportos/aeroporto-internacional-de-navegantes-ministro-victor-konder/;https://en.wikipedia.org/wiki/Navegantes_Airport
5948;SBNM;medium_airport;Santo Ângelo Airport;-28.282503;-54.169623;1056;SA;BR;BR-RS;Santo Ângelo;yes;SBNM;GEL;RS0008;;https://en.wikipedia.org/wiki/Santo_%C3%82ngelo_Airport
5949;SBNT;medium_airport;Natal Air Force Base;-5.91142;-35.2477;171;SA;BR;BR-RN;Natal;no;SBNT;;RN9001;;https://en.wikipedia.org/wiki/Natal_Air_Force_Base
5950;SBOI;medium_airport;Oiapoque Airport;3.85412;-51.797056;53;SA;BR;BR-AP;Oiapoque;no;SBOI;OYK;AP0002;;https://pt.wikipedia.org/wiki/Aeroporto_de_Oiapoque
5951;SBPA;medium_airport;Salgado Filho International Airport;-29.994712;-51.166592;11;SA;BR;BR-RS;Porto Alegre;yes;SBPA;POA;RS0001;;https://en.wikipedia.org/wiki/Salgado_Filho_International_Airport
5952;SBPB;medium_airport;Parnaíba - Prefeito Doutor João Silva Filho International Airport;-2.89375;-41.731998;23;SA;BR;BR-PI;Parnaíba;yes;SBPB;PHB;PI0002;;https://en.wikipedia.org/wiki/Parna%C3%ADba-Prefeito_Dr._Jo%C3%A3o_Silva_Filho_International_Airport
5953;SBPC;medium_airport;Poços de Caldas - Embaixador Walther Moreira Salles Airport;-21.842529;-46.569768;4138;SA;BR;BR-MG;Poços De Caldas;no;SBPC;POO;MG0018;;https://pt.wikipedia.org/wiki/Aeroporto_de_Po%C3%A7os_de_Caldas
5954;SBPF;medium_airport;Lauro Kurtz Airport;-28.243976;-52.32777;2380;SA;BR;BR-RS;Passo Fundo;yes;SBPF;PFB;RS0006;;https://en.wikipedia.org/wiki/Lauro_Kurtz_Airport
5955;SBPJ;medium_airport;Brigadeiro Lysias Rodrigues Airport;-10.2915;-48.356998;774;SA;BR;BR-TO;Palmas;yes;SBPJ;PMW;TO0001;https://www4.infraero.gov.br/aeroportos/aeroporto-de-palmas-brigadeiro-lysias-rodrigues/;https://en.wikipedia.org/wiki/Palmas_Airport
5956;SBPK;medium_airport;João Simões Lopes Neto International Airport;-31.717253;-52.327952;59;SA;BR;BR-RS;Pelotas;yes;SBPK;PET;RS0005;https://www4.infraero.gov.br/aeroportos/aeroporto-internacional-de-pelotas-rs-joao-simoes-lopes-neto/;https://en.wikipedia.org/wiki/Pelotas_International_Airport
5957;SBPL;medium_airport;Senador Nilo Coelho Airport;-9.362422;-40.569098;1263;SA;BR;BR-PE;Petrolina;yes;SBPL;PNZ;PE0002;https://www4.infraero.gov.br/aeroportos/aeroporto-de-petrolina-senador-nilo-coelho/;https://en.wikipedia.org/wiki/Petrolina_Airport
5958;SBPN;medium_airport;Porto Nacional Airport;-10.719402;-48.3997;870;SA;BR;BR-TO;Porto Nacional;no;SDPE;PNB;TO0003;;https://en.wikipedia.org/wiki/Porto_Nacional_Airport
5959;SBPP;medium_airport;Ponta Porã Airport;-22.549601;-55.702599;2156;SA;BR;BR-MS;Ponta Porã;yes;SBPP;PMG;MS0005;https://www4.infraero.gov.br/aeroportos/aeroporto-internacional-de-ponta-pora/;https://en.wikipedia.org/wiki/Ponta_Por%C3%A3_International_Airport
5961;SBPS;large_airport;Porto Seguro Airport;-16.438426;-39.080584;169;SA;BR;BR-BA;Porto Seguro;yes;SBPS;BPS;BA0002;http://www.aeroportoportoseguro.com.br/;https://en.wikipedia.org/wiki/Porto_Seguro_Airport
5962;SBPV;medium_airport;Governador Jorge Teixeira de Oliveira Airport;-8.707854;-63.90242;295;SA;BR;BR-RO;Porto Velho;yes;SBPV;PVH;RO0001;;https://en.wikipedia.org/wiki/Governador_Jorge_Teixeira_de_Oliveira_International_Airport
5964;SBRB;medium_airport;Rio Branco-Plácido de Castro International Airport;-9.869031;-67.893984;633;SA;BR;BR-AC;Rio Branco;yes;SBRB;RBR;AC0001;;https://en.wikipedia.org/wiki/Rio_Branco_International_Airport
5965;SBRF;medium_airport;Recife/Guararapes - Gilberto Freyre International Airport;-8.125984;-34.923316;33;SA;BR;BR-PE;Recife;yes;SBRF;REC;PE0001;http://www.infraero.gov.br/usa/aero_prev_home.php?ai=163;https://en.wikipedia.org/wiki/Recife/Guararapes%E2%80%93Gilberto_Freyre_International_Airport
5967;SBRJ;medium_airport;Santos Dumont Airport;-22.9105;-43.163101;11;SA;BR;BR-RJ;Rio de Janeiro;yes;SBRJ;SDU;RJ0002;https://www4.infraero.gov.br/aeroportos/aeroporto-do-rio-de-janeiro-santos-dumont/;https://en.wikipedia.org/wiki/Santos_Dumont_Airport
5968;SBRP;medium_airport;Leite Lopes Airport;-21.134314;-47.774053;1805;SA;BR;BR-SP;Ribeirão Preto;yes;SBRP;RAO;SP0004;https://www.daesp.sp.gov.br/aeroporto-estadual-de-ribeirao-preto-dr-leite-lopes/;https://en.wikipedia.org/wiki/Leite_Lopes_Airport
5969;SBSC;medium_airport;Santa Cruz Air Force Base;-22.9324;-43.719101;10;SA;BR;BR-RJ;Rio de Janeiro;no;SBSC;SNZ;RJ9003;;https://en.wikipedia.org/wiki/Santa_Cruz_Air_Force_Base
313262;SBSG;medium_airport;São Gonçalo do Amarante - Governador Aluízio Alves International Airport;-5.769804;-35.366578;272;SA;BR;BR-RN;Natal;yes;SBSG;NAT;RN0001;http://www.natal.aero;https://en.wikipedia.org/wiki/Greater_Natal_International_Airport
5970;SBSJ;medium_airport;Professor Urbano Ernesto Stumpf Airport;-23.2292;-45.8615;2120;SA;BR;BR-SP;São José Dos Campos;yes;SBSJ;SJK;SP0008;;https://en.wikipedia.org/wiki/S%C3%A3o_Jos%C3%A9_dos_Campos_Regional_Airport
5971;SBSL;medium_airport;Marechal Cunha Machado International Airport;-2.58536;-44.2341;178;SA;BR;BR-MA;São Luís;yes;SBSL;SLZ;MA0001;;https://en.wikipedia.org/wiki/Marechal_Cunha_Machado_International_Airport
5972;SBSM;medium_airport;Santa Maria Airport;-29.711399;-53.688202;287;SA;BR;BR-RS;Santa Maria;yes;SBSM;RIA;RS0003;;https://en.wikipedia.org/wiki/Santa_Maria_Airport_(Rio_Grande_do_Sul)
5973;SBSN;medium_airport;Santarém - Maestro Wilson Fonseca International Airport;-2.422423;-54.79306;198;SA;BR;BR-PA;Santarém;yes;SBSN;STM;PA0002;https://www4.infraero.gov.br/aeroportos/aeroporto-de-santarem-maestro-wilson-fonseca/;https://en.wikipedia.org/wiki/Santar%C3%A9m-Maestro_Wilson_Fonseca_Airport
5974;SBSP;medium_airport;Congonhas Airport;-23.627657;-46.654601;2631;SA;BR;BR-SP;São Paulo;yes;SBSP;CGH;SP0001;http://www.infraero.gov.br/usa/aero_prev_home.php?ai=219;https://en.wikipedia.org/wiki/Congonhas-S%C3%A3o_Paulo_International_Airport
5975;SBSR;medium_airport;Prof. Eribelto Manoel Reino State Airport;-20.817113;-49.406963;1784;SA;BR;BR-SP;São José do Rio Preto;yes;SBSR;SJP;SP0006;;https://en.wikipedia.org/wiki/S%C3%A3o_Jos%C3%A9_do_Rio_Preto_Airport
5976;SBST;medium_airport;Santos Nero Moura Air Base / Guarujá Airport;-23.928192;-46.300195;13;SA;BR;BR-SP;Guarujá;no;SBST;SSZ;SP9006;https://www.fab.mil.br/organizacoes/mostra/50/BASE%20AÉREA%20DE%20SANTOS;https://pt.wikipedia.org/wiki/Base_Aérea_de_Santos
5977;SBSV;large_airport;Deputado Luiz Eduardo Magalhães International Airport;-12.908611;-38.322498;64;SA;BR;BR-BA;Salvador;yes;SBSV;SSA;BA0001;https://www4.infraero.gov.br/aeroportos/aeroporto-internacional-de-salvador-dep-luis-eduardo-magalhaes/web;https://en.wikipedia.org/wiki/Deputado_Lu%C3%ADs_Eduardo_Magalh%C3%A3es_International_Airport
5978;SBTA;medium_airport;Base de Aviação de Taubaté;-23.0401;-45.51615;1902;SA;BR;BR-SP;Taubaté;no;SBTA;;SP9004;http://www.cavex.eb.mil.br/index.php/bavt2;https://pt.wikipedia.org/wiki/Base_de_Aviação_de_Taubaté
5979;SBTB;medium_airport;Trombetas Airport;-1.4896;-56.396801;167;SA;BR;BR-PA;Oriximiná;yes;SBTB;TMT;PA0012;;https://en.wikipedia.org/wiki/Porto_Trombetas_Airport
5982;SBTE;medium_airport;Senador Petrônio Portela Airport;-5.06025;-42.823712;219;SA;BR;BR-PI;Teresina;yes;SBTE;THE;PI0001;;https://en.wikipedia.org/wiki/Teresina_Airport
5983;SBTF;medium_airport;Tefé Airport;-3.38294;-64.724098;186;SA;BR;BR-AM;Tefé;yes;SBTF;TFF;AM0004;;https://en.wikipedia.org/wiki/Tef%C3%A9_Airport
5984;SBTK;medium_airport;Tarauacá Airport;-8.155534;-70.782985;646;SA;BR;BR-AC;Tarauacá;no;SBTK;TRQ;AC0004;;https://en.wikipedia.org/wiki/Tarauac%C3%A1_Airport
5985;SBTL;medium_airport;Telêmaco Borba Airport;-24.317801;-50.6516;2610;SA;BR;BR-PR;Telêmaco Borba;no;SSVL;TEC;PR0007;;https://en.wikipedia.org/wiki/Tel%C3%AAmaco_Borba_Airport
5987;SBTS;medium_airport;Tiriós Airport;2.224537;-55.944711;1127;SA;BR;BR-PA;Aldeia Tiriós;no;SBTS;;PA9002;;
5988;SBTT;medium_airport;Tabatinga Airport;-4.25567;-69.935799;263;SA;BR;BR-AM;Tabatinga;yes;SBTT;TBT;AM0005;;https://en.wikipedia.org/wiki/Tabatinga_International_Airport
5989;SBTU;medium_airport;Tucuruí Airport;-3.78601;-49.720299;830;SA;BR;BR-PA;Tucuruí;yes;SBTU;TUR;PA0007;;https://en.wikipedia.org/wiki/Tucuru%C3%AD_Airport
5990;SBUA;medium_airport;São Gabriel da Cachoeira Airport;-0.14835;-66.9855;249;SA;BR;BR-AM;São Gabriel da Cachoeira;yes;SBUA;SJL;AM0003;https://sjlairport.com.br/;https://en.wikipedia.org/wiki/São_Gabriel_da_Cachoeira_Airport
5991;SBUF;medium_airport;Paulo Afonso Airport;-9.40088;-38.250599;883;SA;BR;BR-BA;Paulo Afonso;yes;SBUF;PAV;BA0007;https://www4.infraero.gov.br/aeroportos/aeroporto-de-paulo-afonso/;https://en.wikipedia.org/wiki/Paulo_Afonso_Airport
5992;SBUG;medium_airport;Rubem Berta Airport;-29.7822;-57.0382;256;SA;BR;BR-RS;Uruguaiana;yes;SBUG;URG;RS0012;;https://en.wikipedia.org/wiki/Ruben_Berta_International_Airport
5993;SBUL;medium_airport;Ten. Cel. Aviador César Bombonato Airport;-18.883579;-48.225936;3094;SA;BR;BR-MG;Uberlândia;yes;SBUL;UDI;MG0002;https://www4.infraero.gov.br/aeroportos/aeroporto-de-uberlandia-ten-cel-aviador-cesar-bombonato/;https://en.wikipedia.org/wiki/Uberlândia_Airport
5995;SBUR;medium_airport;Mário de Almeida Franco Airport;-19.764722824097;-47.966110229492;2655;SA;BR;BR-MG;Uberaba;yes;SBUR;UBA;;;https://en.wikipedia.org/wiki/Uberaba_Airport
5996;SBVG;medium_airport;Major Brigadeiro Trompowsky Airport;-21.591375;-45.474116;3025;SA;BR;BR-MG;Varginha;no;SBVG;VAG;MG0019;;https://en.wikipedia.org/wiki/Varginha_Airport
5997;SBVH;medium_airport;Brigadeiro Camarão Airport;-12.6944;-60.098301;2018;SA;BR;BR-RO;Vilhena;yes;SBVH;BVH;RO0003;;https://en.wikipedia.org/wiki/Vilhena_Airport
5998;SBVT;large_airport;Eurico de Aguiar Salles Airport;-20.258;-40.285;34;SA;BR;BR-ES;Vitória;yes;SBVT;VIX;ES0001;https://vitoria-airport.com.br;https://en.wikipedia.org/wiki/Eurico_de_Aguiar_Salles_Airport
6000;SBYS;medium_airport;Campo Fontenelle;-21.984692;-47.341207;1968;SA;BR;BR-SP;Pirassununga;no;SBYS;QPS;SP9002;;https://pt.wikipedia.org/wiki/Aeródromo_Campo_de_Fontenelle
308204;SBZM;medium_airport;Presidente Itamar Franco Airport;-21.513086;-43.173069;1348;SA;BR;BR-MG;Juiz de Fora;yes;SBZM;IZA;;;https://en.wikipedia.org/wiki/Zona_da_Mata_Regional_Airport
6001;SCAR;medium_airport;Chacalluta Airport;-18.348499;-70.338699;167;SA;CL;CL-AP;Arica;yes;SCAR;ARI;;;https://en.wikipedia.org/wiki/Chacalluta_International_Airport
6002;SCAT;medium_airport;Desierto de Atacama Airport;-27.2611999512;-70.7791976929;670;SA;CL;CL-AT;Copiapo;yes;SCAT;CPO;;;https://en.wikipedia.org/wiki/Desierto_de_Atacama_Airport
6003;SCBA;medium_airport;Balmaceda Airport;-45.915968;-71.689499;1722;SA;CL;CL-AI;Balmaceda;yes;SCBA;BBA;;https://aeropuertodebalmaceda.cl/;https://en.wikipedia.org/wiki/Balmaceda_Airport
6004;SCBE;medium_airport;Barriles Airport;-22.1411;-70.062897;3475;SA;CL;CL-AN;Tocopilla;no;SCBE;TOQ;;;https://en.wikipedia.org/wiki/Barriles_Airport
6006;SCCC;medium_airport;Chile Chico Airport;-46.5831;-71.686323;1070;SA;CL;CL-AI;Chile Chico;no;SCCC;CCH;;;https://en.wikipedia.org/wiki/Chile_Chico_Airfield
6007;SCCF;medium_airport;El Loa Airport;-22.498199;-68.903603;7543;SA;CL;CL-AN;Calama;yes;SCCF;CJC;;;https://en.wikipedia.org/wiki/El_Loa_Airport
6008;SCCH;medium_airport;Gral. Bernardo O´Higgins Airport;-36.5825;-72.031403;495;SA;CL;CL-NB;Chillan;no;SCCH;YAI;;;https://en.wikipedia.org/wiki/General_Bernardo_O'Higgins_Airport
6009;SCCI;medium_airport;President Carlos Ibañez del Campo International Airport;-53.002602;-70.854599;139;SA;CL;CL-MA;Punta Arenas;yes;SCCI;PUQ;;;https://en.wikipedia.org/wiki/Carlos_Ibanez_Del_Campo_International_Airport
6011;SCCY;medium_airport;Teniente Vidal Airport;-45.5942;-72.106102;1020;SA;CL;CL-AI;Coyhaique;no;SCCY;GXQ;;;https://en.wikipedia.org/wiki/Teniente_Vidal_Airfield
6012;SCDA;medium_airport;Diego Aracena Airport;-20.5352;-70.181297;155;SA;CL;CL-TA;Iquique;yes;SCDA;IQQ;;http://www.aeropuertodiegoaracena.cl/EN/Default.aspx#;https://en.wikipedia.org/wiki/Diego_Aracena_International_Airport
6015;SCEL;large_airport;Comodoro Arturo Merino Benítez International Airport;-33.393001556396484;-70.78579711914062;1555;SA;CL;CL-RM;Santiago;yes;SCEL;SCL;;http://www.aeropuertosantiago.cl/ingles/index.php;https://en.wikipedia.org/wiki/Comodoro_Arturo_Merino_Ben%C3%ADtez_International_Airport
6017;SCES;medium_airport;Ricardo García Posada Airport;-26.3111;-69.765198;5240;SA;CL;CL-AT;El Salvador;yes;SCES;ESR;;;https://en.wikipedia.org/wiki/Ricardo_Garc%C3%ADa_Posada_Airport
6018;SCFA;medium_airport;Andrés Sabella Gálvez International Airport;-23.444501;-70.445099;455;SA;CL;CL-AN;Antofagasta;yes;SCFA;ANF;;;https://en.wikipedia.org/wiki/Andr%C3%A9s_Sabella_G%C3%A1lvez_International_Airport
6019;SCFM;medium_airport;Captain Fuentes Martinez Airport;-53.2537;-70.319199;104;SA;CL;CL-MA;Porvenir;no;SCFM;WPR;;;https://en.wikipedia.org/wiki/Capit%C3%A1n_Fuentes_Mart%C3%ADnez_Airport
6023;SCGZ;medium_airport;Guardiamarina Zañartu Airport;-54.931099;-67.626297;88;SA;CL;CL-MA;Puerto Williams;no;SCGZ;WPU;;;https://en.wikipedia.org/wiki/Guardia_Marina_Za%C3%B1artu_Airport
6024;SCHR;medium_airport;Cochrane Airport;-47.243591;-72.58815;643;SA;CL;CL-AI;Cochrane;no;SCHR;LGR;;;https://en.wikipedia.org/wiki/Cochrane_Airfield
6025;SCIE;medium_airport;Carriel Sur Airport;-36.772701;-73.063103;26;SA;CL;CL-BI;Concepcion;yes;SCIE;CCP;;;https://en.wikipedia.org/wiki/Carriel_Sur_International_Airport
6026;SCIP;medium_airport;Mataveri Airport;-27.1648006439;-109.42199707;227;SA;CL;CL-VS;Isla De Pascua;yes;SCIP;IPC;;;https://en.wikipedia.org/wiki/Mataveri_International_Airport
6027;SCJO;medium_airport;Cañal Bajo Carlos - Hott Siebert Airport;-40.611198;-73.060997;187;SA;CL;CL-LL;Osorno;yes;SCJO;ZOS;;;https://en.wikipedia.org/wiki/Canal_Bajo_Carlos_Hott_Siebert_Airport
6029;SCLL;medium_airport;Vallenar Airport;-28.596399;-70.755997;1725;SA;CL;CL-AT;Vallenar;no;SCLL;VLR;;;https://en.wikipedia.org/wiki/Vallenar_Airport
6031;SCNT;medium_airport;Lieutenant Julio Gallardo Airport;-51.67067;-72.529078;217;SA;CL;CL-MA;Puerto Natales;yes;SCNT;PNT;;;https://en.wikipedia.org/wiki/Teniente_Julio_Gallardo_Airport
314783;SCQP;medium_airport;La Araucanía Airport;-38.9259;-72.6515;333;SA;CL;CL-AR;Temuco;yes;SCQP;ZCO;;;https://en.wikipedia.org/wiki/La_Araucan%C3%ADa_International_Airport
6037;SCRA;medium_airport;Chañaral Airport;-26.3325;-70.6073;97;SA;CL;CL-AT;Chañaral;no;SCRA;CNR;;;https://en.wikipedia.org/wiki/Cha%C3%B1aral_Airport
6038;SCRG;medium_airport;La Independencia Airport;-34.173698;-70.775703;1446;SA;CL;CL-LI;Rancagua;no;SCRG;;;https://www.dgac.gob.cl/aerodromo-la-independencia-entra-en-funcionamiento/;https://en.wikipedia.org/wiki/Rancagua_de_la_Independencia_Airport
6040;SCSE;medium_airport;La Florida Airport;-29.916201;-71.199501;481;SA;CL;CL-CO;La Serena-Coquimbo;yes;SCSE;LSC;;;https://en.wikipedia.org/wiki/La_Florida_Airport_(Chile)
6042;SCTC;medium_airport;Maquehue Airport;-38.766799926758;-72.637100219727;304;SA;CL;CL-AR;Temuco;no;SCTC;PZS;;;https://en.wikipedia.org/wiki/Maquehue_Airport
6043;SCTE;medium_airport;El Tepual Airport;-41.438899993896484;-73.09400177001953;294;SA;CL;CL-LL;Puerto Montt;yes;SCTE;PMC;;;https://en.wikipedia.org/wiki/El_Tepual_Airport
6044;SCTL;medium_airport;Panguilemo Airport;-35.3778;-71.6017;371;SA;CL;CL-ML;Talca;no;SCTL;TLX;;;https://en.wikipedia.org/wiki/Panguilemo_Airport
6046;SCTO;medium_airport;Victoria Airport;-38.245602;-72.348602;1148;SA;CL;CL-AR;Victoria;no;SCTO;ZIC;;;https://en.wikipedia.org/wiki/Victoria_Airport_(Chile)
6047;SCTT;medium_airport;Las Breas Airport;-25.564301;-70.3759;2580;SA;CL;CL-AN;Taltal;no;SCTT;TTC;;;https://en.wikipedia.org/wiki/Las_Breas_Airport
6048;SCVD;medium_airport;Pichoy Airport;-39.6500015259;-73.0860977173;59;SA;CL;CL-LR;Valdivia;yes;SCVD;ZAL;;;https://en.wikipedia.org/wiki/Pichoy_Airport
6050;SCVM;medium_airport;Viña del Mar Airport;-32.9496;-71.4786;461;SA;CL;CL-VS;Viña del Mar;no;SCVM;KNA;;;https://en.wikipedia.org/wiki/Vi%C3%B1a_del_Mar_Airport
6051;SEAM;medium_airport;Chachoán Regional Airport;-1.21207;-78.5746;8502;SA;EC;EC-T;Ambato;no;SEAM;ATF;;;https://en.wikipedia.org/wiki/Chachoan_Airport
6053;SECO;medium_airport;Francisco De Orellana Airport;-0.462886;-76.986801;834;SA;EC;EC-D;Coca;yes;SECO;OCC;;;https://en.wikipedia.org/wiki/Francisco_de_Orellana_Airport
6054;SECU;medium_airport;Mariscal Lamar Airport;-2.88947;-78.984398;8306;SA;EC;EC-A;Cuenca;yes;SECU;CUE;;;https://en.wikipedia.org/wiki/Mariscal_Lamar_International_Airport
6056;SEGU;large_airport;José Joaquín de Olmedo International Airport;-2.15742;-79.883598;19;SA;EC;EC-G;Guayaquil;yes;SEGU;GYE;;;https://en.wikipedia.org/wiki/Jos%C3%A9_Joaqu%C3%ADn_de_Olmedo_International_Airport
6061;SELT;medium_airport;Cotopaxi International Airport;-0.906833;-78.615799;9205;SA;EC;EC-X;Latacunga;yes;SELT;LTX;;;https://en.wikipedia.org/wiki/Cotopaxi_International_Airport
6062;SEMA;medium_airport;Jose Maria Velasco Ibarra Airport;-4.37823009491;-79.94100189210002;1508;SA;EC;EC-L;Macará;no;SEMA;MRR;;;https://en.wikipedia.org/wiki/Jos%C3%A9_Mar%C3%ADa_Velasco_Ibarra_Airport
6063;SEMC;medium_airport;Coronel E Carvajal Airport;-2.2991700172424316;-78.12079620361328;3452;SA;EC;EC-S;Macas;yes;SEMC;XMS;;;https://en.wikipedia.org/wiki/Macas_Airport
6066;SEMT;medium_airport;Eloy Alfaro International Airport;-0.9460780024528503;-80.67880249023438;48;SA;EC;EC-M;Manta;yes;SEMT;MEC;;;https://en.wikipedia.org/wiki/Manta_Air_Base
6071;SEPV;medium_airport;Reales Tamarindos Airport;-1.04165;-80.472198;130;SA;EC;EC-M;Portoviejo;no;SEPV;PVO;;;https://en.wikipedia.org/wiki/Reales_Tamarindos_Airport
308273;SEQM;large_airport;Mariscal Sucre International Airport;-0.125399;-78.354306;7841;SA;EC;EC-P;Quito;yes;SEQM;UIO;UIO;https://www.aeropuertoquito.aero/?lang=en;https://en.wikipedia.org/wiki/Mariscal_Sucre_International_Airport
6075;SERO;medium_airport;Santa Rosa - Artillery Colonel Victor Larrea International Airport;-3.441986;-79.996957;20;SA;EC;EC-O;Santa Rosa;yes;SERO;ETR;;;https://en.wikipedia.org/wiki/Santa_Rosa_International_Airport
6076;SESA;medium_airport;General Ulpiano Paez Airport;-2.210057;-80.985067;18;SA;EC;EC-25;Salinas;no;SESA;SNC;;;https://en.wikipedia.org/wiki/General_Ulpiano_Paez_Airport
6084;SETN;medium_airport;Carlos Concha Torres International Airport;0.978519;-79.626602;32;SA;EC;EC-E;Tachina;yes;SETN;ESM;;;https://en.wikipedia.org/wiki/Colonel_Carlos_Concha_Torres_Airport
6085;SETR;medium_airport;Tarapoa Airport;-0.122956;-76.337799;814;SA;EC;EC-U;Tarapoa;no;SETR;TPC;;;https://en.wikipedia.org/wiki/Tarapoa_Airport
6086;SETU;medium_airport;Lieutenant Colonel Luis A. Mantilla International Airport;0.809506;-77.708099;9649;SA;EC;EC-C;Tulcán;yes;SETU;TUA;;;https://en.wikipedia.org/wiki/Teniente_Coronel_Luis_a_Mantilla_International_Airport
6087;SFAL;medium_airport;Port Stanley Airport;-51.685699462891;-57.777599334717;75;SA;FK;FK-U-A;Stanley;yes;SFAL;PSY;;;https://en.wikipedia.org/wiki/Port_Stanley_Airport
6088;SGAS;large_airport;Silvio Pettirossi International Airport.;-25.240156;-57.519227;292;SA;PY;PY-11;Asunción;yes;SGAS;ASU;;;https://en.wikipedia.org/wiki/Silvio_Pettirossi_International_Airport
6089;SGAY;medium_airport;Aeropuerto Nacional de Juan De Ayolas;-27.378379;-56.856791;223;SA;PY;PY-8;Ayolas;no;SGAY;AYO;;;https://en.wikipedia.org/wiki/Juan_de_Ayolas_Airport
6090;SGCO;medium_airport;Aeropuerto Nacional Tte. Cnel. Carmelo Peralta;-23.440334;-57.429206;253;SA;PY;PY-1;Concepción;no;SGCO;CIO;;;https://en.wikipedia.org/wiki/Teniente_Coronel_Carmelo_Peralta_Airport
29851;SGEN;large_airport;Aeropuerto Internacional Tte. Amin Ayub González;-27.221691;-55.833807;659;SA;PY;PY-7;Encarnación;yes;SGEN;ENO;;;https://en.wikipedia.org/wiki/Teniente_Amin_Ayub_Gonzalez_Airport
6091;SGES;large_airport;Aeropuerto Internacional Guaraní;-25.457186;-54.839544;846;SA;PY;PY-10;Ciudad del Este;yes;SGES;AGT;;;https://en.wikipedia.org/wiki/Guarani_International_Airport
308258;SGGR;medium_airport;Aeropuerto Nacional de Salto del Guaira;-24.032844;-54.35267;990;SA;PY;PY-14;Salto del Guaira;no;SGGR;;;;https://en.wikipedia.org/wiki/Salto_del_Guair%C3%A1_Airport
6092;SGIB;medium_airport;Aeropuerto Nacional de Itaipú;-25.407268;-54.620805;762;SA;PY;PY-10;Itaipú;no;SGIB;;;;https://en.wikipedia.org/wiki/Itaipu_Airport
6093;SGME;large_airport;Aeropuerto Internacional Dr. Luis Maria Argaña;-22.033912;-60.618964;553;SA;PY;PY-19;Mariscal Estigarribia;no;SGME;ESG;;;https://en.wikipedia.org/wiki/Dr._Luis_Maria_Arga%C3%B1a_International_Airport
6094;SGPI;medium_airport;Aeródromo Don Carlos Miguel Gimenez;-26.881981;-58.319067;249;SA;PY;PY-12;Pilar;no;SGPI;PIL;;;https://en.wikipedia.org/wiki/Carlos_Miguel_Jim%C3%A9nez_Airport
6095;SGPJ;medium_airport;Dr. Augusto Roberto Fuster Airport;-22.641427;-55.829993;1873;SA;PY;PY-13;Pedro Juan Caballero;no;SGPJ;PJC;;;https://en.wikipedia.org/wiki/Dr._Augusto_Roberto_Fuster_International_Airport
32305;SJTC;medium_airport;Bauru/Arealva–Moussa Nakhal Tobias State Airport;-22.160755;-49.070325;1962;SA;BR;BR-SP;Bauru;yes;SBAE;JTC;SP0010;http://www.daesp.sp.gov.br/aeroporto-estadual-de-bauru-arealva-moussa-nakhal-tobias/;https://en.wikipedia.org/wiki/Bauru-Arealva_Airport
6098;SKAP;medium_airport;Gomez Nino Apiay Air Base;4.07607;-73.5627;1207;SA;CO;CO-MET;Apiay;no;SKAP;API;APY;;https://en.wikipedia.org/wiki/Captain_Luis_F._G%C3%B3mez_Ni%C3%B1o_Air_Base
6099;SKAR;medium_airport;El Eden Airport;4.45278;-75.7664;3990;SA;CO;CO-QUI;Armenia;yes;SKAR;AXM;AXM;;https://en.wikipedia.org/wiki/El_Ed%C3%A9n_Airport
6100;SKAS;medium_airport;Tres De Mayo Airport;0.505228;-76.5008;815;SA;CO;CO-PUT;Puerto Asís;yes;SKAS;PUU;PUU;;https://en.wikipedia.org/wiki/Tres_de_Mayo_Airport
6101;SKBC;medium_airport;Las Flores Airport;9.04554;-73.9749;111;SA;CO;CO-MAG;El Banco;no;SKBC;ELB;ELB;;https://en.wikipedia.org/wiki/Las_Flores_Airport_(Colombia)
6102;SKBG;medium_airport;Palonegro Airport;7.1265;-73.1848;3897;SA;CO;CO-SAN;Bucaramanga;yes;SKBG;BGA;BGA;;https://en.wikipedia.org/wiki/Palo_Negro_International_Airport
6104;SKBO;large_airport;El Dorado International Airport;4.70159;-74.1469;8361;SA;CO;CO-DC;Bogota;yes;SKBO;BOG;BOG;https://eldorado.aero/;https://en.wikipedia.org/wiki/El_Dorado_International_Airport
6105;SKBQ;medium_airport;Ernesto Cortissoz International Airport;10.8896;-74.7808;98;SA;CO;CO-ATL;Barranquilla;yes;SKBQ;BAQ;BAQ;;https://en.wikipedia.org/wiki/Ernesto_Cortissoz_International_Airport
6106;SKBS;medium_airport;José Celestino Mutis Airport;6.20292;-77.3947;80;SA;CO;CO-CHO;Bahía Solano;yes;SKBS;BSC;BSC;;https://en.wikipedia.org/wiki/Jos%C3%A9_Celestino_Mutis_Airport
6107;SKBU;medium_airport;Gerardo Tobar López Airport;3.81963;-76.9898;48;SA;CO;CO-VAC;Buenaventura;yes;SKBU;BUN;BUN;;https://en.wikipedia.org/wiki/Gerardo_Tobar_L%C3%B3pez_Airport
6108;SKCC;medium_airport;Camilo Daza International Airport;7.92757;-72.5115;1096;SA;CO;CO-NSA;Cúcuta;yes;SKCC;CUC;CUC;;https://en.wikipedia.org/wiki/Camilo_Daza_International_Airport
6109;SKCG;medium_airport;Rafael Nuñez International Airport;10.4424;-75.513;4;SA;CO;CO-BOL;Cartagena;yes;SKCG;CTG;CTG;;https://en.wikipedia.org/wiki/Rafael_N%C3%BA%C3%B1ez_International_Airport
6110;SKCL;medium_airport;Alfonso Bonilla Aragon International Airport;3.54322;-76.3816;3162;SA;CO;CO-VAC;Cali;yes;SKCL;CLO;CLO;https://www.aerocali.com.co/;https://en.wikipedia.org/wiki/Alfonso_Bonilla_Arag%C3%B3n_International_Airport
6112;SKCO;medium_airport;La Florida Airport;1.81442;-78.7492;8;SA;CO;CO-NAR;Tumaco;yes;SKCO;TCO;TCO;;https://en.wikipedia.org/wiki/La_Florida_Airport_(Colombia)
6113;SKCU;medium_airport;Juan H White Airport;7.96847;-75.1985;174;SA;CO;CO-ANT;Caucasia;no;SKCU;CAQ;CAQ;;https://en.wikipedia.org/wiki/Juan_H._White_Airport
6114;SKCV;medium_airport;Coveñas Airport;9.40092;-75.6913;31;SA;CO;CO-SUC;Coveñas;no;SKCV;CVE;CVE;;https://en.wikipedia.org/wiki/Cove%C3%B1as_Airport
6115;SKCZ;medium_airport;Las Brujas Airport;9.33274;-75.2856;528;SA;CO;CO-SUC;Corozal;yes;SKCZ;CZU;CZU;;https://en.wikipedia.org/wiki/Las_Brujas_Airport_(Colombia)
6116;SKEB;medium_airport;El Bagre Airport;7.59647;-74.8089;180;SA;CO;CO-ANT;El Bagre;no;SKEB;EBG;EBG;;https://en.wikipedia.org/wiki/El_Bagre_Airport
6117;SKEJ;medium_airport;Yariguíes Airport;7.02433;-73.8068;412;SA;CO;CO-SAN;Barrancabermeja;yes;SKEJ;EJA;EJA;;https://en.wikipedia.org/wiki/Yarigu%C3%ADes_Airport
6118;SKFL;medium_airport;Gustavo Artunduaga Paredes Airport;1.58919;-75.5644;803;SA;CO;CO-CAQ;Florencia;yes;SKFL;FLA;FLA;;https://en.wikipedia.org/wiki/Gustavo_Artunduaga_Paredes_Airport
6120;SKGI;medium_airport;Santiago Vila Airport;4.27624;-74.7967;900;SA;CO;CO-CUN;Girardot;no;SKGI;GIR;GIR;;https://en.wikipedia.org/wiki/Santiago_Vila_Airport
6121;SKGO;medium_airport;Santa Ana Airport;4.75818;-75.9557;2979;SA;CO;CO-VAC;Cartago;no;SKGO;CRC;CRC;;https://en.wikipedia.org/wiki/Santa_Ana_Airport_(Colombia)
6122;SKGP;medium_airport;Juan Casiano Airport;2.57013;-77.897969;164;SA;CO;CO-CAU;Guapi;yes;SKGP;GPI;GPI;;https://en.wikipedia.org/wiki/Guapi_Airport
6124;SKIB;medium_airport;Perales Airport;4.42161;-75.1333;2999;SA;CO;CO-TOL;Ibagué;yes;SKIB;IBE;IBE;;https://en.wikipedia.org/wiki/Perales_Airport
6126;SKIP;medium_airport;San Luis Airport;0.861946;-77.671783;9765;SA;CO;CO-NAR;Ipiales;yes;SKIP;IPI;IPI;;https://en.wikipedia.org/wiki/San_Luis_Airport_(Colombia)
6127;SKLC;medium_airport;Antonio Roldán Betancur Airport;7.81196;-76.7164;46;SA;CO;CO-ANT;Carepa;yes;SKLC;APO;APO;;https://en.wikipedia.org/wiki/Antonio_Rold%C3%A1n_Betancur_Airport
6129;SKLM;medium_airport;Jorge Isaac Airport;11.2325;-72.4901;281;SA;CO;CO-LAG;La Mina-Maicao;no;SKLM;MCJ;LMA;;https://en.wikipedia.org/wiki/Jorge_Isaacs_Airport
6130;SKLT;medium_airport;Alfredo Vásquez Cobo International Airport;-4.19355;-69.9432;277;SA;CO;CO-AMA;Leticia;yes;SKLT;LET;LET;;https://en.wikipedia.org/wiki/V%C3%A1squez_Cobo_International_Airport
6132;SKMD;medium_airport;Enrique Olaya Herrera Airport;6.220549;-75.590582;4949;SA;CO;CO-ANT;Medellín;yes;SKMD;EOH;EOH;;https://en.wikipedia.org/wiki/Enrique_Olaya_Herrera_International_Airport
6134;SKMG;medium_airport;Baracoa Airport;9.28474;-74.8461;178;SA;CO;CO-BOL;Magangué;no;SKMG;MGN;MGN;;https://en.wikipedia.org/wiki/Baracoa_Regional_Airport
6138;SKMR;medium_airport;Los Garzones Airport;8.82374;-75.8258;41;SA;CO;CO-COR;Montería;yes;SKMR;MTR;MTR;;https://en.wikipedia.org/wiki/Los_Garzones_Airport
6139;SKMU;medium_airport;Fabio Alberto Leon Bentley Airport;1.25366;-70.2339;680;SA;CO;CO-VAU;Mitú;yes;SKMU;MVP;MVP;;https://en.wikipedia.org/wiki/Fabio_Alberto_Le%C3%B3n_Bentley_Airport
6140;SKMZ;medium_airport;La Nubia Airport;5.0296;-75.4647;6871;SA;CO;CO-CAL;Manizales;yes;SKMZ;MZL;MZL;;https://en.wikipedia.org/wiki/La_Nubia_Airport
6141;SKNV;medium_airport;Benito Salas Airport;2.95015;-75.294;1464;SA;CO;CO-HUI;Neiva;yes;SKNV;NVA;NVA;;https://en.wikipedia.org/wiki/Benito_Salas_Airport
6142;SKOC;medium_airport;Aguas Claras Airport;8.31506;-73.3583;3850;SA;CO;CO-NSA;Ocaña;no;SKOC;OCV;OCV;;https://en.wikipedia.org/wiki/Aguas_Claras_Airport
6146;SKPC;medium_airport;German Olano Airport;6.18472;-67.4932;177;SA;CO;CO-VID;Puerto Carreño;yes;SKPC;PCR;PCR;;https://en.wikipedia.org/wiki/Germ%C3%A1n_Olano_Airport
6147;SKPD;medium_airport;Obando Cesar Gaviria Trujillo Airport;3.85353;-67.9062;460;SA;CO;CO-GUA;Puerto Inírida;yes;SKPD;PDA;PDA;;https://en.wikipedia.org/wiki/Obando_Airport
6148;SKPE;medium_airport;Matecaña International Airport;4.81267;-75.7395;4416;SA;CO;CO-RIS;Pereira;yes;SKPE;PEI;PEI;http://aeromate.gov.co;https://en.wikipedia.org/wiki/Mateca%C3%B1a_International_Airport
6149;SKPI;medium_airport;Pitalito Airport;1.85777;-76.0857;4212;SA;CO;CO-HUI;Pitalito;no;SKPI;PTX;;;https://en.wikipedia.org/wiki/Contador_Airport
6151;SKPP;medium_airport;Guillermo León Valencia Airport;2.4544;-76.6093;5687;SA;CO;CO-CAU;Popayán;yes;SKPP;PPN;PPN;;https://en.wikipedia.org/wiki/Guillermo_Leon_Valencia_Airport
6152;SKPQ;medium_airport;German Olano Air Base;5.48361;-74.6574;566;SA;CO;CO-CUN;La Dorada;no;SKPQ;PAL;PQE;;https://en.wikipedia.org/wiki/Captain_Germ%C3%A1n_Olano_Moreno_Air_Base
6154;SKPS;medium_airport;Antonio Nariño Airport;1.39625;-77.2915;5951;SA;CO;CO-NAR;Chachagüí;yes;SKPS;PSO;PSO;;https://en.wikipedia.org/wiki/Antonio_Nari%C3%B1o_Airport
6155;SKPV;medium_airport;El Embrujo Airport;13.357461;-81.357977;10;NA;CO;CO-SAP;Providencia;yes;SKPV;PVA;PVA;;https://en.wikipedia.org/wiki/El_Embrujo_Airport
6156;SKPZ;medium_airport;Paz De Ariporo Airport;5.87615;-71.8866;900;SA;CO;CO-CAS;Paz De Ariporo;no;SKPZ;PZA;PZA;;https://en.wikipedia.org/wiki/Paz_de_Ariporo_Airport
6157;SKQU;medium_airport;Mariquita Airport;5.21256;-74.8836;1531;SA;CO;CO-TOL;Mariquita;no;SKQU;MQU;MQU;;https://en.wikipedia.org/wiki/Mariquita_Airport
6158;SKRG;medium_airport;Jose Maria Córdova International Airport;6.16454;-75.4231;6955;SA;CO;CO-ANT;Medellín;yes;SKRG;MDE;MDE;;https://en.wikipedia.org/wiki/Jos%C3%A9_Mar%C3%ADa_C%C3%B3rdova_International_Airport
6159;SKRH;medium_airport;Almirante Padilla Airport;11.5262;-72.926;43;SA;CO;CO-LAG;Riohacha;yes;SKRH;RCH;RCH;;https://en.wikipedia.org/wiki/Riohacha_Airport
6160;SKSJ;medium_airport;Jorge E. Gonzalez Torres Airport;2.57969;-72.6394;605;SA;CO;CO-GUV;San José Del Guaviare;yes;SKSJ;SJE;SJE;;https://en.wikipedia.org/wiki/Jorge_Enrique_Gonz%C3%A1lez_Torres_Airport
6161;SKSM;medium_airport;Simón Bolívar International Airport;11.1196;-74.2306;22;SA;CO;CO-MAG;Santa Marta;yes;SKSM;SMR;SMR;;https://en.wikipedia.org/wiki/Sim%C3%B3n_Bol%C3%ADvar_International_Airport_(Colombia)
6163;SKSP;medium_airport;Gustavo Rojas Pinilla International Airport;12.5836;-81.7112;19;NA;CO;CO-SAP;San Andrés;yes;SKSP;ADZ;ADZ;;https://en.wikipedia.org/wiki/Gustavo_Rojas_Pinilla_International_Airport
6164;SKSV;medium_airport;Eduardo Falla Solano Airport;2.15217;-74.7663;920;SA;CO;CO-CAQ;San Vicente Del Caguán;yes;SKSV;SVI;SVI;;https://en.wikipedia.org/wiki/Eduardo_Falla_Solano_Airport
6167;SKTJ;medium_airport;Tunja Airport;5.54138;-73.3445;8940;SA;CO;CO-BOY;Tunja;no;SKTJ;;;;https://en.wikipedia.org/wiki/Tunja_Airport
6168;SKTM;medium_airport;Gustavo Vargas Airport;6.45108;-71.7603;1050;SA;CO;CO-ARA;Tame;yes;SKTM;TME;TME;;https://en.wikipedia.org/wiki/Gabriel_Vargas_Santos_Airport
6169;SKTQ;medium_airport;Captain Ernesto Esguerra Cubides Air Base;0.7459;-75.234;585;SA;CO;CO-CAQ;Tres Esquinas;no;SKTQ;TQS;TQS;;https://en.wikipedia.org/wiki/Captain_Ernesto_Esguerra_Cubides_Air_Base
6170;SKUA;medium_airport;Marandúa Air Base;5.52448;-68.6856;285;SA;CO;CO-VID;Marandúa;no;SKUA;;MQZ;;https://en.wikipedia.org/wiki/Marand%C3%BAa_Air_Base
6171;SKUC;medium_airport;Santiago Perez Airport;7.06888;-70.7369;420;SA;CO;CO-ARA;Arauca;yes;SKUC;AUC;AUC;;https://en.wikipedia.org/wiki/Santiago_P%C3%A9rez_Airport
6172;SKUI;medium_airport;El Caraño Airport;5.69076;-76.6412;204;SA;CO;CO-CHO;Quibdó;yes;SKUI;UIB;UIB;;https://en.wikipedia.org/wiki/El_Cara%C3%B1o_Airport
6173;SKUL;medium_airport;Heriberto Gíl Martínez Airport;4.08836;-76.2351;3132;SA;CO;CO-VAC;Tuluá;no;SKUL;ULQ;ULQ;;https://en.wikipedia.org/wiki/Heriberto_G%C3%ADl_Mart%C3%ADnez_Airport
6176;SKVP;medium_airport;Alfonso López Pumarejo Airport;10.435;-73.2495;483;SA;CO;CO-CES;Valledupar;yes;SKVP;VUP;VUP;;https://en.wikipedia.org/wiki/Valledupar_Airport
6177;SKVV;medium_airport;Vanguardia Airport;4.16787;-73.6138;1394;SA;CO;CO-MET;Villavicencio;yes;SKVV;VVC;VVC;;https://en.wikipedia.org/wiki/La_Vanguardia_Airport
6178;SKYP;medium_airport;El Yopal Airport;5.31911;-72.384;1028;SA;CO;CO-CAS;El Yopal;yes;SKYP;EYP;EYP;;https://en.wikipedia.org/wiki/El_Alcarav%C3%A1n_Airport
333229;SLAL;medium_airport;Alcantarí Airport;-19.246835;-65.149611;10184;SA;BO;BO-H;Yamparaez;yes;SLAL;SRE;;;https://en.wikipedia.org/wiki/Alcantar%C3%AD_Airport
6179;SLBJ;medium_airport;Bermejo Airport;-22.7733001709;-64.31289672850001;1249;SA;BO;BO-T;Bermejo;no;SLBJ;BJO;;;https://en.wikipedia.org/wiki/Bermejo_Airport
6180;SLCB;medium_airport;Jorge Wilsterman International Airport;-17.421100616455078;-66.1771011352539;8360;SA;BO;BO-C;Cochabamba;yes;SLCB;CBB;;;https://en.wikipedia.org/wiki/Jorge_Wilstermann_International_Airport
6182;SLCO;medium_airport;Capitán Aníbal Arab Airport;-11.040399551400002;-68.7829971313;889;SA;BO;BO-N;Cobija;yes;SLCO;CIJ;;;https://en.wikipedia.org/wiki/Cap._Anibal_Arab_Airport
6183;SLET;medium_airport;El Trompillo Airport;-17.8115997314;-63.1715011597;1371;SA;BO;BO-S;Santa Cruz;yes;SLET;SRZ;;;https://en.wikipedia.org/wiki/El_Trompillo_Airport
512154;SLGM;medium_airport;Guayaramerín Airport;-10.88856;-65.380955;456;SA;BO;BO-B;Guayaramerín;yes;SLGM;GYA;;;https://en.wikipedia.org/wiki/Guayaramer%C3%ADn_Airport
6184;SLLP;medium_airport;El Alto International Airport;-16.5132999420166;-68.19229888916016;13355;SA;BO;BO-L;La Paz / El Alto;yes;SLLP;LPB;;;https://en.wikipedia.org/wiki/El_Alto_International_Airport
6185;SLOR;medium_airport;Juan Mendoza Airport;-17.962601;-67.076202;12152;SA;BO;BO-O;Oruro;no;SLOR;ORU;;http://en.wikipedia.org/wiki/Juan_Mendoza_Airport;https://en.wikipedia.org/wiki/Juan_Mendoza_Airport
6186;SLPO;medium_airport;Capitan Nicolas Rojas Airport;-19.543331;-65.723734;12922;SA;BO;BO-P;Potosí;no;SLPO;POI;;;https://en.wikipedia.org/wiki/Cap._Nicolas_Rojas_Airport
6187;SLPS;medium_airport;Capitán Av. Salvador Ogaya G. airport;-18.975301;-57.820599;440;SA;BO;BO-S;Puerto Suárez;yes;SLPS;PSZ;;;https://en.wikipedia.org/wiki/Puerto_Su%C3%A1rez_International_Airport
30334;SLRI;medium_airport;Capitán Av. Selin Zeitun Lopez Airport;-11.009355;-66.075468;462;SA;BO;BO-B;Riberalta;yes;SLRI;RIB;;;https://en.wikipedia.org/wiki/Cap._Av._Selin_Zeitun_Lopez_Airport
6188;SLSA;medium_airport;Santa Ana Del Yacuma Airport;-13.762200355500001;-65.4352035522;472;SA;BO;BO-B;Santa Ana del Yacuma;no;SLSA;SBL;;;https://en.wikipedia.org/wiki/Santa_Ana_del_Yacuma_Airport
6189;SLSU;medium_airport;Juana Azurduy De Padilla Airport;-19.007099;-65.288696;9540;SA;BO;BO-H;Sucre;no;SLSU;;;;https://en.wikipedia.org/wiki/Juana_Azurduy_de_Padilla_International_Airport
345118;SLSV;medium_airport;San Ignacio de Velasco Airport;-16.401239;-61.0452;1477;SA;BO;BO-S;San Ignacio de Velasco;no;SLSV;;;;
6190;SLTJ;medium_airport;Capitan Oriel Lea Plaza Airport;-21.5557;-64.701302;6079;SA;BO;BO-T;Tarija;yes;SLTJ;TJA;;;https://en.wikipedia.org/wiki/Cap._Oriel_Lea_Plaza_Airport
6191;SLTR;medium_airport;Teniente Av. Jorge Henrich Arauz Airport;-14.8186998367;-64.9179992676;509;SA;BO;BO-B;Trinidad;no;SLTR;TDD;;;https://en.wikipedia.org/wiki/Tte._Av._Jorge_Henrich_Arauz_Airport
6192;SLVM;medium_airport;Teniente Coronel Rafael Pabón Airport;-21.255199432399998;-63.4056015015;1305;SA;BO;BO-T;Villamontes;no;SLVM;VLM;;;https://en.wikipedia.org/wiki/Tcnl._Rafael_Pab%C3%B3n_Airport
6193;SLVR;large_airport;Viru Viru International Airport;-17.6448;-63.135399;1224;SA;BO;BO-S;Santa Cruz;yes;SLVR;VVI;;;https://en.wikipedia.org/wiki/Viru_Viru_International_Airport
6194;SLYA;medium_airport;Yacuiba Airport;-21.960899353027344;-63.65169906616211;2112;SA;BO;BO-T;Yacuíba;no;SLYA;BYC;;;https://en.wikipedia.org/wiki/Yacuiba_Airport
6195;SMJP;large_airport;Johan Adolf Pengel International Airport;5.45283;-55.187801;59;SA;SR;SR-PR;Zandery;yes;SMJP;PBM;;http://www.japi-airport.com;https://en.wikipedia.org/wiki/Johan_Adolf_Pengel_International_Airport
340053;SNCP;medium_airport;Planalto Serrano Regional Airport;-27.634128;-50.358253;2887;SA;BR;BR-SC;Correia Pinto;no;SNCP;EEA;;https://infracea.com.br/aeroporto-regional-do-planalto-serrano-correia-pinto/;https://pt.wikipedia.org/wiki/Aeroporto_de_Correia_Pinto
346;SNLN;medium_airport;Linhares Municipal Airport;-19.355202;-40.07128;138;SA;BR;BR-ES;Linhares;no;SNLN;LHN;ES0002;https://linhares.es.gov.br/aeroporto-municipal-de-linhares/;https://pt.wikipedia.org/wiki/Aeroporto_de_Linhares
388;SNRS;medium_airport;Russas - João De Deus Regional Airport;-4.94727;-38.008202;115;SA;BR;BR-CE;Russas;no;;;SNRS;;
6198;SOCA;large_airport;Cayenne – Félix Eboué Airport;4.819964;-52.361326;26;SA;GF;GF-CY;Matoury;yes;SOCA;CAY;;;https://en.wikipedia.org/wiki/Cayenne_%E2%80%93_F%C3%A9lix_Ebou%C3%A9_Airport
6199;SOOG;medium_airport;Saint-Georges-de-l'Oyapock Airport;3.8976;-51.8041;46;SA;GF;GF-CY;Saint-Georges-de-l'Oyapock;no;SOOG;OYP;;;https://en.wikipedia.org/wiki/Saint-Georges-de-l%27Oyapock_Airport
6202;SPAY;medium_airport;Teniente General Gerardo Pérez Pinedo Airport;-10.7291;-73.766502;751;SA;PE;PE-UCA;Atalaya;no;SPAY;AYX;;;https://en.wikipedia.org/wiki/Tnte._Gral._Gerardo_P%C3%A9rez_Pinedo_Airport
6203;SPBC;medium_airport;Caballococha Airport;-3.91686010361;-70.5082015991;328;SA;PE;PE-LOR;Caballococha;no;SPBC;;LHC;;https://en.wikipedia.org/wiki/Caballococha_Airport
6204;SPBR;medium_airport;Iberia Airport;-11.4116;-69.488701;750;SA;PE;PE-MDD;Iberia;no;SPBR;IBP;;;https://en.wikipedia.org/wiki/Iberia_Airport
6205;SPCL;medium_airport;Cap FAP David Abenzur Rengifo International Airport;-8.37794017791748;-74.57430267333984;513;SA;PE;PE-UCA;Pucallpa;yes;SPCL;PCL;;;https://en.wikipedia.org/wiki/Captain_Rolden_International_Airport
6208;SPEO;medium_airport;FAP Lieutenant Jaime Andres de Montreuil Morales Airport;-9.14961;-78.523804;69;SA;PE;PE-ANC;Chimbote;yes;SPEO;CHM;;;https://en.wikipedia.org/wiki/Tnte._FAP_Jaime_Montreuil_Morales_Airport
6213;SPHI;medium_airport;Air Force Captain Jose A Quinones Gonzales International Airport;-6.78748;-79.828102;97;SA;PE;PE-LAM;Chiclayo;yes;SPHI;CIX;;;https://en.wikipedia.org/wiki/Cap._FAP_Jos%C3%A9_A._Qui%C3%B1ones_Gonzales_International_Airport
6214;SPHO;medium_airport;Air Force Colonel Alfredo Mendivil Duarte Airport;-13.1548;-74.204399;8917;SA;PE;PE-AYA;Ayacucho;yes;SPHO;AYP;;;https://en.wikipedia.org/wiki/Coronel_FAP_Alfredo_Mendivil_Duarte_Airport
6216;SPHZ;medium_airport;Comandante FAP German Arias Graziani Airport;-9.347439765930176;-77.59839630126953;9097;SA;PE;PE-ANC;Anta;no;SPHZ;ATA;;;https://en.wikipedia.org/wiki/Comandante_FAP_Germ%C3%A1n_Arias_Graziani_Airport
6217;SPIM;large_airport;Jorge Chávez International Airport;-12.0219;-77.114305;113;SA;PE;PE-LIM;Lima;yes;SPJC;LIM;;http://www.lap.com.pe/;https://en.wikipedia.org/wiki/Jorge_Ch%C3%A1vez_International_Airport
6218;SPJA;medium_airport;Juan Simons Vela Airport;-6.06786;-77.160004;2707;SA;PE;PE-SAM;Rioja;no;SPJA;RIJ;;;https://en.wikipedia.org/wiki/Juan_Simons_Vela_Airport
6219;SPJE;medium_airport;Shumba Airport;-5.59248;-78.774002;2477;SA;PE;PE-CAJ;Jaén;yes;SPJE;JAE;;;https://en.wikipedia.org/wiki/Ja%C3%A9n_Airport
6220;SPJI;medium_airport;Juanjui Airport;-7.1691;-76.7286;1148;SA;PE;PE-SAM;Juanjuí;no;SPJI;JJI;;;https://en.wikipedia.org/wiki/Juanju%C3%AD_Airport
6221;SPJJ;medium_airport;Francisco Carle Airport;-11.7831001282;-75.47339630130001;11034;SA;PE;PE-JUN;Jauja;yes;SPJJ;JAU;;;https://en.wikipedia.org/wiki/Francisco_Carle_Airport
6222;SPJL;medium_airport;Inca Manco Capac International Airport;-15.467100143432617;-70.158203125;12552;SA;PE;PE-PUN;Juliaca;yes;SPJL;JUL;;;https://en.wikipedia.org/wiki/Inca_Manco_Capac_International_Airport
6223;SPJR;medium_airport;Mayor General FAP Armando Revoredo Iglesias Airport;-7.1391801834106445;-78.4894027709961;8781;SA;PE;PE-CAJ;Cajamarca;yes;SPJR;CJA;;;https://en.wikipedia.org/wiki/My._Gral._FAP._Armando_Revoredo_Iglesias_Airport
6224;SPLO;medium_airport;General Jorge Fernandez Maldon Airport;-17.695;-71.344002;72;SA;PE;PE-MOQ;Ilo;yes;SPLO;ILQ;;;https://en.wikipedia.org/wiki/Ilo_Airport
6226;SPME;medium_airport;Captain Pedro Canga Rodríguez International Airport;-3.552074;-80.381086;115;SA;PE;PE-TUM;Tumbes;yes;SPME;TBP;;;https://en.wikipedia.org/wiki/Cap._FAP_Pedro_Canga_Rodr%C3%ADguez_Airport
6228;SPMS;medium_airport;Moises Benzaquen Rengifo Airport;-5.893770217895508;-76.11820220947266;587;SA;PE;PE-LOR;Yurimaguas;yes;SPMS;YMS;;;https://en.wikipedia.org/wiki/Mois%C3%A9s_Benzaquen_Rengifo_Airport
6229;SPNC;medium_airport;Alferez Fap David Figueroa Fernandini Airport;-9.878809928894043;-76.20480346679688;6070;SA;PE;PE-HUC;Huánuco;yes;SPNC;HUU;;;https://en.wikipedia.org/wiki/Alf%C3%A9rez_FAP_David_Figueroa_Fernandini_Airport
6231;SPPY;medium_airport;Chachapoyas Airport;-6.201911;-77.856195;8333;SA;PE;PE-AMA;Chachapoyas;yes;SPPY;CHH;;;https://en.wikipedia.org/wiki/Chachapoyas_Airport
6232;SPQT;medium_airport;Coronel FAP Francisco Secada Vignetta International Airport;-3.78474;-73.3088;306;SA;PE;PE-LOR;Iquitos;yes;SPQT;IQT;;;https://en.wikipedia.org/wiki/Crnl._FAP_Francisco_Secada_Vignetta_International_Airport
6233;SPQU;medium_airport;Rodríguez Ballón International Airport;-16.3411006927;-71.5830993652;8405;SA;PE;PE-ARE;Arequipa;yes;SPQU;AQP;;;https://en.wikipedia.org/wiki/Rodriguez_Ballon_International_Airport
6235;SPRU;medium_airport;Capitan FAP Carlos Martinez De Pinillos International Airport;-8.08141040802002;-79.10880279541016;106;SA;PE;PE-LAL;Trujillo;yes;SPRU;TRU;;;https://en.wikipedia.org/wiki/Cap._FAP_Carlos_Mart%C3%ADnez_de_Pinillos_International_Airport
6236;SPSO;medium_airport;Captain Renán Elías Olivera International Airport;-13.7449;-76.220299;39;SA;PE;PE-ICA;Pisco;no;SPSO;PIO;;;https://en.wikipedia.org/wiki/Capit%C3%A1n_FAP_Ren%C3%A1n_El%C3%ADas_Olivera_Airport
6237;SPST;medium_airport;Cadete FAP Guillermo Del Castillo Paredes Airport;-6.508739948272705;-76.37319946289062;869;SA;PE;PE-SAM;Tarapoto;yes;SPST;TPP;;;https://en.wikipedia.org/wiki/Cad._FAP_Guillermo_del_Castillo_Paredes_Airport
6238;SPTN;medium_airport;Coronel FAP Carlos Ciriani Santa Rosa International Airport;-18.053300857500002;-70.2758026123;1538;SA;PE;PE-TAC;Tacna;yes;SPTN;TCQ;;;https://en.wikipedia.org/wiki/Crnl._FAP_Carlos_Ciriani_Santa_Rosa_International_Airport
6239;SPTU;medium_airport;Padre Aldamiz International Airport;-12.6135997772;-69.2285995483;659;SA;PE;PE-MDD;Puerto Maldonado;yes;SPTU;PEM;;;https://en.wikipedia.org/wiki/Padre_Aldamiz_International_Airport
6240;SPUR;medium_airport;Capitán FAP Guillermo Concha Iberico International Airport;-5.20574998856;-80.61640167239999;120;SA;PE;PE-PIU;Piura;yes;SPUR;PIU;;;https://en.wikipedia.org/wiki/Cap._FAP_Guillermo_Concha_Iberico_International_Airport
6241;SPYL;medium_airport;Captain Victor Montes Arias International Airport;-4.57664;-81.254097;282;SA;PE;PE-PIU;Talara;yes;SPYL;TYL;;;https://en.wikipedia.org/wiki/Cap._FAP_Victor_Montes_Arias_Airport
6242;SPZA;medium_airport;Maria Reiche Neuman Airport;-14.854;-74.961502;1860;SA;PE;PE-ICA;Nazca;yes;SPZA;NZC;;https://www.aeronasca.com/como-llegar-al-aeropuerto-maria-reiche-en-nazca/;https://en.wikipedia.org/wiki/Maria_Reiche_Neuman_Airport
6243;SPZO;large_airport;Alejandro Velasco Astete International Airport;-13.535699844400002;-71.9387969971;10860;SA;PE;PE-CUS;Cusco;yes;SPZO;CUZ;;http://www.corpac.gob.pe/;https://en.wikipedia.org/wiki/Alejandro_Velasco_Astete_International_Airport
517;SSZW;medium_airport;Ponta Grossa Airport - Comandante Antonio Amilton Beraldo;-25.184476;-50.143822;2588;SA;BR;BR-PR;Ponta Grossa;yes;SBPG;PGZ;PR0012;https://www.pontagrossa.pr.gov.br/smicqp/aeroporto;https://en.wikipedia.org/wiki/Ponta_Grossa_Airport
6244;SUAA;medium_airport;Ángel S. Adami International Airport;-34.7892;-56.264702;174;SA;UY;UY-MO;Montevideo;no;SUAA;;;;https://en.wikipedia.org/wiki/%C3%81ngel_S._Adami_Airport
6245;SUDU;medium_airport;Santa Bernardina International Airport;-33.358898;-56.499199;305;SA;UY;UY-DU;Durazno;no;SUDU;DZO;;;https://en.wikipedia.org/wiki/Santa_Bernardina_International_Airport
6246;SULS;medium_airport;Capitan Corbeta CA Curbelo International Airport;-34.855099;-55.094299;95;SA;UY;UY-MA;Punta del Este;yes;SULS;PDP;;http://www.puntadeleste.aero/;https://en.wikipedia.org/wiki/Capitan_Corbeta_CA_Curbelo_International_Airport
6247;SUMU;large_airport;Carrasco General Cesáreo L. Berisso International Airport;-34.835647;-56.026497;105;SA;UY;UY-CA;Ciudad de la Costa;yes;SUMU;MVD;;;https://en.wikipedia.org/wiki/Carrasco_International_Airport
6248;SUSO;medium_airport;Nueva Hesperides International Airport;-31.438499;-57.985298;187;SA;UY;UY-SA;Salto;no;SUSO;STY;;;https://en.wikipedia.org/wiki/Nueva_Hesperides_International_Airport
6249;SVAC;medium_airport;Oswaldo Guevara Mujica Airport;9.553375;-69.237869;640;SA;VE;VE-P;Acarigua;yes;SVAC;AGV;;;https://en.wikipedia.org/wiki/Oswaldo_Guevara_Mujica_Airport
6251;SVAN;medium_airport;Anaco Airport;9.430225;-64.470726;721;SA;VE;VE-B;Anaco;no;SVAN;AAO;;;https://en.wikipedia.org/wiki/Anaco_Airport
6255;SVBC;large_airport;General José Antonio Anzoategui International Airport;10.111111;-64.692222;30;SA;VE;VE-B;Barcelona;yes;SVBC;BLA;;http://aigdjaa.baer.gob.ve;https://en.wikipedia.org/wiki/General_Jos%C3%A9_Antonio_Anzo%C3%A1tegui_International_Airport
6256;SVBI;medium_airport;Barinas Airport;8.615;-70.214167;615;SA;VE;VE-E;Barinas;yes;SVBI;BNS;;;https://en.wikipedia.org/wiki/Barinas_Airport
6258;SVBL;medium_airport;El Libertador Airbase;10.183375;-67.55732;1450;SA;VE;VE-D;;no;SVBL;;ELR;;https://en.wikipedia.org/wiki/El_Libertador_Air_Base
6259;SVBM;medium_airport;Barquisimeto International Airport;10.042747;-69.35862;2042;SA;VE;VE-K;Barquisimeto;yes;SVBM;BRM;;;https://en.wikipedia.org/wiki/Jacinto_Lara_International_Airport
6261;SVBS;medium_airport;Escuela Mariscal Sucre Airport;10.249978065490723;-67.64942169189453;1338;SA;VE;VE-D;Maracay;yes;SVBS;MYC;;;https://en.wikipedia.org/wiki/Mariscal_Sucre_Airport_(Venezuela)
6262;SVCB;medium_airport;"Aeropuerto ""General Tomas de Heres"". Ciudad Bolivar";8.122161;-63.536957;197;SA;VE;VE-F;;no;SVCB;CBL;;;https://en.wikipedia.org/wiki/Tom%C3%A1s_de_Heres_Airport
6263;SVCD;medium_airport;Caicara del Orinoco Airport;7.62551;-66.162804;141;SA;VE;VE-F;;no;SVCD;CXA;;;https://en.wikipedia.org/wiki/Caicara_del_Orinoco_Airport
6267;SVCL;medium_airport;Calabozo Airport;8.924656;-67.417091;328;SA;VE;VE-J;Guarico;no;SVCL;CLZ;;;https://en.wikipedia.org/wiki/Calabozo_Airport
6268;SVCN;medium_airport;Canaima Airport;6.231989;-62.85485;1450;SA;VE;VE-F;Canaima;yes;SVCN;CAJ;;;https://en.wikipedia.org/wiki/Canaima_Airport
6270;SVCP;medium_airport;General Francisco Bermúdez Airport;10.660014;-63.261681;33;SA;VE;VE-R;Carúpano;yes;SVCP;CUP;;;https://en.wikipedia.org/wiki/General_Jos%C3%A9_Francisco_Berm%C3%BAdez_Airport
6271;SVCR;medium_airport;José Leonardo Chirinos Airport;11.414944;-69.680901;52;SA;VE;VE-I;Coro;yes;SVCR;CZE;;;https://en.wikipedia.org/wiki/Jos%C3%A9_Leonardo_Chirino_Airport
6272;SVCS;medium_airport;Oscar Machado Zuluaga Airport;10.286111;-66.816109;2145;SA;VE;VE-M;Caracas;no;SVCS;;;;https://en.wikipedia.org/wiki/%C3%93scar_Machado_Zuloaga_International_Airport
6273;SVCU;medium_airport;Cumaná (Antonio José de Sucre) Airport;10.450333;-64.13047;14;SA;VE;VE-R;;yes;SVCU;CUM;;;https://en.wikipedia.org/wiki/Antonio_Jos%C3%A9_de_Sucre_Airport
6277;SVED;medium_airport;El Dorado Airport;6.71573;-61.638786;318;SA;VE;VE-F;Bolivar;no;SVED;EOR;;;
6281;SVEZ;medium_airport;Elorza Airport;7.059677;-69.4967;295;SA;VE;VE-C;;no;SVEZ;EOZ;;;https://en.wikipedia.org/wiki/Elorza_Airport
6282;SVFM;medium_airport;Generalissimo Francisco de Miranda Air Base;10.485033;-66.843513;2739;SA;VE;VE-M;La Carlota;no;SVFM;;;;https://en.wikipedia.org/wiki/Generalissimo_Francisco_de_Miranda_Airbase
6285;SVGD;medium_airport;Guasdualito Airport;7.210834;-70.756386;427;SA;VE;VE-C;Guasdualito;no;SVGD;GDO;;;https://en.wikipedia.org/wiki/Guasdualito_Airport
6286;SVGI;medium_airport;Guiria Airport;10.574077606200001;-62.3126678467;42;SA;VE;VE-R;;no;SVGI;GUI;;;https://en.wikipedia.org/wiki/Guiria_Airport
6287;SVGU;medium_airport;Guanare Airport;9.026944;-69.75515;606;SA;VE;VE-P;Guanare;no;SVGU;GUQ;;;https://en.wikipedia.org/wiki/Guanare_Airport
6292;SVJC;medium_airport;Josefa Camejo International Airport;11.780775;-70.151497;75;SA;VE;VE-I;Paraguaná;yes;SVJC;LSP;;;https://en.wikipedia.org/wiki/Josefa_Camejo_International_Airport
6293;SVJM;medium_airport;San Juan de Los Morros Airport;9.906953;-67.379639;1404;SA;VE;VE-J;San Juan de los Morros;no;SVJM;;;;https://en.wikipedia.org/wiki/Guarico_Municipal_Airport
6294;SVLF;medium_airport;La Fria Airport;8.239167;-72.271027;305;SA;VE;VE-S;;no;SVLF;LFR;;;https://en.wikipedia.org/wiki/La_Fr%C3%ADa_Airport
6297;SVMC;medium_airport;La Chinita International Airport;10.5582084656;-71.7278594971;239;SA;VE;VE-V;Maracaibo;yes;SVMC;MAR;;;https://en.wikipedia.org/wiki/La_Chinita_International_Airport
6298;SVMD;medium_airport;Alberto Carnevalli Airport;8.582078;-71.161041;5007;SA;VE;VE-L;Mérida;yes;SVMD;MRD;;;https://en.wikipedia.org/wiki/Alberto_Carnevalli_Airport
6299;SVMG;medium_airport;Del Caribe Santiago Mariño International Airport;10.912603378295898;-63.96659851074219;74;SA;VE;VE-O;Isla Margarita;yes;SVMG;PMV;;;https://en.wikipedia.org/wiki/Del_Caribe_International_General_Santiago_Marino_Airport
6300;SVMI;large_airport;Simón Bolívar International Airport;10.601194;-66.991222;234;SA;VE;VE-X;Caracas;yes;SVMI;CCS;;http://www.aeropuerto-maiquetia.com.ve/web/;https://en.wikipedia.org/wiki/Sim%C3%B3n_Bol%C3%ADvar_International_Airport
6301;SVMP;medium_airport;Metropolitano Airport;10.133169;-66.787827;574;SA;VE;VE-M;;no;SVMP;;;;https://en.wikipedia.org/wiki/Metropolitano_International_Airport
6302;SVMT;medium_airport;Maturín Airport;9.749023;-63.153348;224;SA;VE;VE-N;Maturín;yes;SVMT;MUN;;;https://en.wikipedia.org/wiki/Jos%C3%A9_Tadeo_Monagas_International_Airport
6309;SVPA;medium_airport;Cacique Aramare Airport;5.6199898719788;-67.606101989746;245;SA;VE;VE-Z;Puerto Ayacucho;yes;SVPA;PYH;;;https://en.wikipedia.org/wiki/Cacique_Aramare_Airport
6310;SVPC;medium_airport;General Bartolome Salom International Airport;10.4805;-68.072998;32;SA;VE;VE-G;;no;SVPC;PBL;;;https://en.wikipedia.org/wiki/General_Bartolom%C3%A9_Salom_Airport
6312;SVPM;medium_airport;Paramillo Airport;7.80132;-72.202904;3314;SA;VE;VE-S;;no;SVPM;SCI;;;https://en.wikipedia.org/wiki/Paramillo_Airport
6315;SVPR;medium_airport;General Manuel Carlos Piar International Airport;8.288530349731445;-62.760398864746094;472;SA;VE;VE-F;Puerto Ordaz-Ciudad Guayana;yes;SVPR;PZO;;;https://en.wikipedia.org/wiki/Manuel_Carlos_Piar_Guayana_Airport
6316;SVPT;medium_airport;Palmarito Airport;7.56667;-70.183296;347;SA;VE;VE-C;Palmarito;no;SVPT;PTM;;;https://en.wikipedia.org/wiki/Palmarito_Airport
6321;SVSA;medium_airport;San Antonio Del Tachira Airport;7.84083;-72.439697;1312;SA;VE;VE-S;;yes;SVSA;SVZ;;;https://en.wikipedia.org/wiki/Juan_Vicente_G%C3%B3mez_International_Airport
6323;SVSE;medium_airport;Santa Elena de Uairen Airport;4.555;-61.150002;2938;SA;VE;VE-F;;no;SVSE;SNV;;;https://en.wikipedia.org/wiki/Santa_Elena_de_Uair%C3%A9n_Airport
6325;SVSO;medium_airport;Mayor Buenaventura Vivas International Airport;7.56538;-72.035103;1083;SA;VE;VE-S;Santo Domingo;yes;SVSO;STD;;;https://en.wikipedia.org/wiki/Mayor_Buenaventura_Vivas_Airport
6326;SVSP;medium_airport;Sub Teniente Nestor Arias Airport;10.2787;-68.755203;761;SA;VE;VE-U;San Felipe;no;SVSP;SNF;;;
6327;SVSR;medium_airport;San Fernando De Apure Airport;7.88332;-67.444;154;SA;VE;VE-C;Inglaterra;no;SVSR;SFD;;;https://en.wikipedia.org/wiki/Las_Flecheras_Airport
6328;SVST;medium_airport;San Tomé Airport;8.9451465606689;-64.151084899902;861;SA;VE;VE-B;El Tigre;yes;SVST;SOM;;;https://en.wikipedia.org/wiki/San_Tom%C3%A9_Airport
6329;SVSZ;medium_airport;Miguel Urdaneta Fernández Airport;8.97455;-71.943253;32;SA;VE;VE-V;San Carlos del Zulia;no;SVSZ;STB;;;
6330;SVTC;medium_airport;Tucupita Airport;9.088994;-62.094173;16;SA;VE;VE-Y;Tucupita;no;SVTC;TUV;;;https://en.wikipedia.org/wiki/San_Rafael_Airport_(Venezuela)
6332;SVTM;medium_airport;Tumeremo Airport;7.24938;-61.52893;345;SA;VE;VE-F;;no;SVTM;TMO;;;https://en.wikipedia.org/wiki/Tumeremo_Airport
6334;SVVA;medium_airport;Arturo Michelena International Airport;10.14973258972168;-67.92839813232422;1411;SA;VE;VE-G;Valencia;yes;SVVA;VLN;;;https://en.wikipedia.org/wiki/Arturo_Michelena_International_Airport
6335;SVVG;medium_airport;Juan Pablo Pérez Alfonso Airport;8.624139;-71.672668;250;SA;VE;VE-L;El Vigía;yes;SVVG;VIG;;;https://en.wikipedia.org/wiki/Juan_Pablo_P%C3%A9rez_Alfonzo_Airport
6336;SVVL;medium_airport;Dr. Antonio Nicolás Briceño Airport;9.340478;-70.584061;2060;SA;VE;VE-T;Valera;yes;SVVL;VLV;;;https://en.wikipedia.org/wiki/Dr._Antonio_Nicol%C3%A1s_Brice%C3%B1o_Airport
6337;SVVP;medium_airport;Valle de La Pascua Airport;9.22202777863;-65.9935836792;410;SA;VE;VE-J;;no;SVVP;VDP;;;https://en.wikipedia.org/wiki/Valle_de_la_Pascua_Airport
538;SWGN;medium_airport;Araguaína Airport;-7.22787;-48.240501;771;SA;BR;BR-TO;Araguaína;yes;SWGN;AUX;TO0002;;https://en.wikipedia.org/wiki/Aragua%C3%ADna_Airport
575;SWRD;medium_airport;Maestro Marinho Franco Airport;-16.584292;-54.724803;1467;SA;BR;BR-MT;Rondonópolis;yes;SBRD;ROO;MT0004;http://www.rondonopolis.mt.gov.br/orgaos-municipais/aeroporto-municipal-maestro-marinho-franco/;https://en.wikipedia.org/wiki/Rondon%C3%B3polis_Airport
6356;SYCJ;medium_airport;Cheddi Jagan International Airport;6.49855;-58.254101;95;SA;GY;GY-DE;Georgetown;yes;SYCJ;GEO;SYGT;http://www.cjairport-gy.com/;https://en.wikipedia.org/wiki/Cheddi_Jagan_International_Airport
41513;SYGO;medium_airport;Eugene F. Correira International Airport;6.80628;-58.1059;10;SA;GY;GY-DE;Ogle;yes;SYEC;OGL;;;https://en.wikipedia.org/wiki/Ogle_Airport
6358;SYLT;medium_airport;Lethem Airport;3.37276;-59.789398;351;SA;GY;GY-UT;Lethem;yes;SYLT;LTM;;;https://en.wikipedia.org/wiki/Lethem_Airport
6359;TAPA;medium_airport;V C Bird International Airport;17.1367;-61.792702;62;NA;AG;AG-03;Osbourn;yes;TAPA;ANU;;;https://en.wikipedia.org/wiki/VC_Bird_International_Airport
35328;TAPH;medium_airport;Codrington Airport;17.635799;-61.828602;15;NA;AG;AG-10;Codrington;yes;TAPH;BBQ;;;https://en.wikipedia.org/wiki/Codrington_Airport
6360;TBPB;medium_airport;Grantley Adams International Airport;13.0746;-59.4925;169;NA;BB;BB-01;Bridgetown;yes;TBPB;BGI;;http://www.gaia.bb/content/about-gaia-inc;https://en.wikipedia.org/wiki/Grantley_Adams_International_Airport
6361;TDCF;medium_airport;Canefield Airport;15.336693;-61.392108;13;NA;DM;DM-10;Canefield;yes;TDCF;DCF;;;https://en.wikipedia.org/wiki/Canefield_Airport
6362;TDPD;medium_airport;Douglas-Charles Airport;15.547;-61.299999;73;NA;DM;DM-02;Marigot;yes;TDPD;DOM;;;https://en.wikipedia.org/wiki/Melville_Hall_Airport
6363;TFFF;large_airport;Martinique Aimé Césaire International Airport;14.591;-61.003201;16;NA;MQ;MQ-U-A;Fort-de-France;yes;TFFF;FDF;;http://www.martinique.aeroport.fr/;https://en.wikipedia.org/wiki/Martinique_Aim%C3%A9_C%C3%A9saire_International_Airport
6364;TFFG;medium_airport;Grand Case-Espérance Airport;18.099899;-63.047199;7;NA;MF;MF-U-A;Grand Case;yes;TFFG;SFG;;;https://en.wikipedia.org/wiki/Grand_Case-Esp%C3%A9rance_Airport
32249;TFFJ;medium_airport;Saint Barthélemy - Rémy de Haenen Airport;17.9044;-62.843601;49;NA;BL;BL-U-A;Gustavia / Saint-Jean;yes;TFFJ;SBH;;;https://en.wikipedia.org/wiki/Gustaf_III_Airport
6365;TFFM;medium_airport;Marie-Galante Airport;15.868925;-61.270087;16;NA;GP;GP-U-A;Grand Bourg;yes;TFFM;GBJ;;;https://en.wikipedia.org/wiki/Marie-Galante_Airport
6366;TFFR;large_airport;Pointe-à-Pitre Le Raizet International  Airport;16.265301;-61.531799;36;NA;GP;GP-U-A;Pointe-à-Pitre;yes;TFFR;PTP;;http://www.guadeloupe.aeroport.fr/;https://en.wikipedia.org/wiki/Pointe-%C3%A0-Pitre_International_Airport
6367;TGPY;medium_airport;Maurice Bishop International Airport;12.0042;-61.786201;41;NA;GD;GD-GE;Saint George's;yes;TGPY;GND;;http://www.psiagrenada.com/;https://en.wikipedia.org/wiki/Point_Salines_International_Airport
6369;TIST;medium_airport;Cyril E. King Airport;18.337091;-64.977251;23;NA;VI;VI-U-A;Charlotte Amalie;yes;TIST;STT;STT;http://www.viport.com/airports.html;https://en.wikipedia.org/wiki/Cyril_E._King_Airport
6370;TISX;medium_airport;Henry E Rohlsen Airport;17.701567;-64.801634;74;NA;VI;VI-U-A;Christiansted;yes;TISX;STX;STX;https://www.viport.com/herastx;https://en.wikipedia.org/wiki/Henry_E._Rohlsen_Airport
6378;TJAB;medium_airport;Antonio Nery Juarbe Pol Airport;18.45085;-66.675768;23;NA;PR;PR-U-A;Arecibo;no;TJAB;ARE;ABO;;https://en.wikipedia.org/wiki/Antonio_(Nery)_Juarbe_Pol_Airport
6379;TJBQ;medium_airport;Rafael Hernández International Airport;18.4949;-67.129402;237;NA;PR;PR-U-A;Aguadilla;yes;TJBQ;BQN;BQN;;https://en.wikipedia.org/wiki/Rafael_Hern%C3%A1ndez_Airport
42320;TJCP;medium_airport;Benjamin Rivera Noriega Airport;18.312954;-65.303893;49;NA;PR;PR-U-A;Culebra;yes;TJCP;CPX;CPX;;https://en.wikipedia.org/wiki/Benjam%C3%ADn_Rivera_Noriega_Airport
6381;TJIG;medium_airport;Fernando Luis Ribas Dominicci Airport;18.45680046081543;-66.09809875488281;10;NA;PR;PR-U-A;San Juan;yes;TJIG;SIG;SIG;;https://en.wikipedia.org/wiki/Fernando_Luis_Ribas_Dominicci_Airport
6382;TJMZ;medium_airport;Eugenio Maria De Hostos Airport;18.255699157714844;-67.14849853515625;28;NA;PR;PR-U-A;Mayaguez;yes;TJMZ;MAZ;MAZ;;https://en.wikipedia.org/wiki/Eugenio_Mar%C3%ADa_de_Hostos_Airport
6383;TJPS;medium_airport;Mercedita Airport;18.00830078125;-66.56300354003906;29;NA;PR;PR-U-A;Ponce;yes;TJPS;PSE;PSE;;https://en.wikipedia.org/wiki/Mercedita_Airport
42321;TJRV;medium_airport;José Aponte de la Torre Airport;18.2453;-65.643402;38;NA;PR;PR-U-A;Ceiba;yes;TJRV;NRR;RVR;;https://en.wikipedia.org/wiki/Jos%C3%A9_Aponte_de_la_Torre_Airport
6384;TJSJ;large_airport;Luis Munoz Marin International Airport;18.4394;-66.001801;9;NA;PR;PR-U-A;San Juan;yes;TJSJ;SJU;SJU;https://aeropuertosju.com/;https://en.wikipedia.org/wiki/Luis_Mu%C3%B1oz_Mar%C3%ADn_International_Airport
6385;TJVQ;medium_airport;Antonio Rivera Rodriguez Airport;18.1348;-65.493599;49;NA;PR;PR-U-A;Vieques;yes;TJVQ;VQS;VQS;https://vieques.com/airport-vieques/;https://en.wikipedia.org/wiki/Antonio_Rivera_Rodr%C3%ADguez_Airport
6386;TKPK;medium_airport;Robert L. Bradshaw International Airport;17.311199188232422;-62.71870040893555;170;NA;KN;KN-U-A;Basseterre;yes;TKPK;SKB;;;https://en.wikipedia.org/wiki/Robert_L._Bradshaw_International_Airport
6387;TKPN;medium_airport;Vance W. Amory International Airport;17.205699920654297;-62.589900970458984;14;NA;KN;KN-U-A;Charlestown;yes;TKPN;NEV;;;https://en.wikipedia.org/wiki/Vance_W._Amory_International_Airport
6388;TLPC;medium_airport;George F. L. Charles Airport;14.0202;-60.992901;22;NA;LC;LC-02;Castries;yes;TLPC;SLU;;http://www.slaspa.com/contentPages/view/george-f-l-charles-airport;https://en.wikipedia.org/wiki/George_F._L._Charles_Airport
6389;TLPL;large_airport;Hewanorra International Airport;13.7332;-60.952599;14;NA;LC;LC-11;Vieux Fort;yes;TLPL;UVF;;http://www.slaspa.com/contentPages/view/hewanorra-international-airport;https://en.wikipedia.org/wiki/Hewanorra_International_Airport
6402;TNCA;large_airport;Queen Beatrix International Airport;12.5014;-70.015198;60;NA;AW;AW-U-A;Oranjestad;yes;TNCA;AUA;;;https://en.wikipedia.org/wiki/Queen_Beatrix_International_Airport
6403;TNCB;large_airport;Flamingo International Airport;12.131;-68.268501;20;NA;BQ;BQ-U-A;Kralendijk, Bonaire;yes;TNCB;BON;;;https://en.wikipedia.org/wiki/Flamingo_International_Airport
6404;TNCC;large_airport;Hato International Airport;12.1889;-68.959801;29;NA;CW;CW-U-A;Willemstad;yes;TNCC;CUR;;;https://en.wikipedia.org/wiki/Hato_International_Airport
6405;TNCE;medium_airport;F. D. Roosevelt Airport;17.49650001525879;-62.979400634765625;129;NA;BQ;BQ-U-A;Sint Eustatius;yes;TNCE;EUX;;;https://en.wikipedia.org/wiki/F.D._Roosevelt_Airport
6406;TNCM;large_airport;Princess Juliana International Airport;18.041;-63.108898;13;NA;SX;SX-U-A;Saint Martin;yes;TNCM;SXM;;https://www.sxmairport.com/;https://en.wikipedia.org/wiki/Princess_Juliana_International_Airport
32245;TNCS;medium_airport;Juancho E. Yrausquin Airport;17.645351;-63.220571;60;NA;BQ;BQ-U-A;Saba;yes;TNCS;SAB;;;https://en.wikipedia.org/wiki/Juancho_E._Yrausquin_Airport
6407;TQPF;medium_airport;Clayton J Lloyd International Airport;18.204773;-63.05383;127;NA;AI;AI-U-A;The Valley;yes;TQPF;AXA;;http://www.news.ai/ref/airport.html;https://en.wikipedia.org/wiki/Clayton_J._Lloyd_International_Airport
43074;TRPG;medium_airport;John A. Osborne Airport;16.791401;-62.193298;550;NA;MS;MS-SP;Gerald's Park;yes;TRPG;MNI;;;https://en.wikipedia.org/wiki/John_A._Osborne_Airport
6409;TTCP;medium_airport;A.N.R. Robinson International Airport;11.1497;-60.832199;38;NA;TT;TT-TOB;Scarborough;yes;TTCP;TAB;;https://tntairports.com/anr-robinson-international-airport/#;https://en.wikipedia.org/wiki/A.N.R._Robinson_International_Airport
6410;TTPP;medium_airport;Piarco International Airport;10.5954;-61.3372;58;NA;TT;TT-TUP;Port of Spain;yes;TTPP;POS;;https://tntairports.com/piarco-international-airport/;https://en.wikipedia.org/wiki/Piarco_International_Airport
6411;TUPJ;medium_airport;Terrance B. Lettsome International Airport;18.445492;-64.541707;15;NA;VG;VG-U-A;Road Town;yes;TUPJ;EIS;;http://www.bareboatsbvi.com/beef_island.html;https://en.wikipedia.org/wiki/Terrance_B._Lettsome_International_Airport
322383;TVSA;medium_airport;Argyle International Airport;13.156695;-61.149945;136;NA;VC;VC-04;Kingstown;yes;TVSA;SVD;;http://www.svgiadc.com;https://en.m.wikipedia.org/wiki/Argyle_International_Airport
6412;TVSB;medium_airport;J F Mitchell Airport;12.9884;-61.262001;15;NA;VC;VC-06;Bequia;no;TVSB;BQU;;;https://en.wikipedia.org/wiki/J._F._Mitchell_Airport
6413;TVSC;medium_airport;Canouan Airport;12.699;-61.3424;11;NA;VC;VC-06;Canouan;yes;TVSC;CIW;;;https://en.wikipedia.org/wiki/Canouan_Airport
6414;TVSM;medium_airport;Mustique Airport;12.8879;-61.180199;8;NA;VC;VC-06;Mustique Island;yes;TVSM;MQS;;;https://en.wikipedia.org/wiki/Mustique_Airport
32542;TVSU;medium_airport;Union Island International Airport;12.600135;-61.411945;16;NA;VC;VC-06;Union Island;yes;TVSU;UNI;;;https://en.wikipedia.org/wiki/Union_Island_Airport
6416;TXKF;medium_airport;L.F. Wade International Airport;32.363998;-64.678703;12;NA;BM;BM-U-A;Hamilton;yes;TXKF;BDA;;http://www.bermudaairport.com/;https://en.wikipedia.org/wiki/Bermuda_International_Airport
6421;UAAA;large_airport;Almaty International Airport;43.354267;77.042828;2234;AS;KZ;KZ-ALA;Almaty;yes;UAAA;ALA;;;https://en.wikipedia.org/wiki/Almaty_International_Airport
6422;UAAH;medium_airport;Balkhash Airport;46.894246;75.004533;1446;AS;KZ;KZ-KAR;Balkhash;yes;UAAH;BXH;;;https://en.wikipedia.org/wiki/Balkhash_Airport
41868;UAAT;medium_airport;Taldykorgan Airport;45.12255;78.442758;1925;AS;KZ;KZ-JET;Taldykorgan;yes;UAAT;TDK;;;https://en.wikipedia.org/wiki/Taldykorgan_Airport
6423;UACC;large_airport;Nursultan Nazarbayev International Airport;51.027035;71.467094;1165;AS;KZ;KZ-AST;Astana;yes;UACC;NQZ;;https://www.nn-airport.kz;https://en.wikipedia.org/wiki/Nursultan_Nazarbayev_International_Airport
31768;UACK;medium_airport;Kokshetau Airport;53.329102;69.594597;900;AS;KZ;KZ-AKM;Kokshetau;yes;UACK;KOV;;;https://en.wikipedia.org/wiki/Kokshetau_Airport
32495;UACP;medium_airport;Petropavl Airport;54.774702;69.183273;453;AS;KZ;KZ-SEV;Petropavl;yes;UACP;PPK;;;https://en.wikipedia.org/wiki/Petropavl_Airport_(Kazakhstan)
6424;UADD;medium_airport;Taraz Airport;42.853599548339844;71.30359649658203;2184;AS;KZ;KZ-ZHA;Taraz;yes;UADD;DMB;;;https://en.wikipedia.org/wiki/Taraz_Airport
6425;UAFL;medium_airport;Issyk-Kul International Airport;42.585584;76.701181;5425;AS;KG;KG-Y;Tamchy;yes;UCFL;IKU;IKU;http://www.airport.kg/index.php?option=com_content&view=article&id=4&Itemid=6;https://en.wikipedia.org/wiki/Tamchy_Airport
6426;UAFM;large_airport;Manas International Airport;43.0612983704;74.4776000977;2058;AS;KG;KG-C;Bishkek;yes;UCFM;FRU;;;https://en.wikipedia.org/wiki/Manas_International_Airport
6427;UAFO;medium_airport;Osh Airport;40.6090011597;72.793296814;2927;AS;KG;KG-O;Osh;yes;UCFO;OSS;;http://www.airport.kg/eng/branches.htm;https://en.wikipedia.org/wiki/Osh_Airport
6428;UAFW;medium_airport;Kant Air Base;42.85319900512695;74.84649658203125;2549;AS;KG;KG-C;Kant;no;UAFW;;;;https://en.wikipedia.org/wiki/Kant_Air_Base
6429;UAII;medium_airport;Shymkent Airport;42.364200592041016;69.47889709472656;1385;AS;KZ;KZ-YUZ;Shymkent;yes;UAII;CIT;;;https://en.wikipedia.org/wiki/Shymkent_Airport
337747;UAIT;medium_airport;Hazrat Sultan International Airport;43.313126;68.549881;951;AS;KZ;KZ-YUZ;Turkıstan;yes;UAIT;HSA;;;https://en.wikipedia.org/wiki/Hazret_Sultan_International_Airport
6430;UAKD;medium_airport;Zhezkazgan National Airport;47.708953;67.738094;1250;AS;KZ;KZ-ULY;Zhezkazgan;yes;UAKD;DZN;;;https://en.wikipedia.org/wiki/Dzhezkazgan_Airport
6431;UAKK;medium_airport;Sary-Arka Airport;49.670799;73.334396;1765;AS;KZ;KZ-KAR;Karaganda;yes;UAKK;KGF;;;https://en.wikipedia.org/wiki/Sary-Arka_Airport
44335;UAON;medium_airport;Yubileyniy Airfield;46.052421;63.249185;328;AS;KZ;KZ-KZY;Töretam;no;UAON;;;;https://en.wikipedia.org/wiki/Yubileyniy_Airport
6432;UARR;medium_airport;Uralsk Airport;51.15079879760742;51.54309844970703;125;AS;KZ;KZ-ZAP;Uralsk;yes;UARR;URA;;;https://en.wikipedia.org/wiki/Oral_Ak_Zhol_Airport
32501;UASA;medium_airport;Ayaguz Airport;47.919218;80.452194;2119;AS;KZ;KZ-ABA;Ayaguz;no;UASA;;;;https://kk.wikipedia.org/wiki/%D0%90%D1%8F%D0%B3%D3%A9%D0%B7_%D3%99%D1%83%D0%B5%D0%B6%D0%B0%D0%B9%D1%8B
41886;UASB;medium_airport;Ekibastuz Airport;51.590999603271484;75.21499633789062;621;AS;KZ;KZ-PAV;Ekibastuz;no;UASB;EKB;;;https://en.wikipedia.org/wiki/Ekibastuz_Airport
6433;UASK;medium_airport;Ust-Kamenogorsk Airport;50.036571;82.493477;939;AS;KZ;KZ-VOS;Ust-Kamenogorsk (Oskemen);yes;UASK;UKK;;;https://en.wikipedia.org/wiki/Ust-Kamenogorsk_Airport
6434;UASP;medium_airport;Pavlodar Airport;52.19499969482422;77.07389831542969;410;AS;KZ;KZ-PAV;Pavlodar;yes;UASP;PWQ;;;https://en.wikipedia.org/wiki/Pavlodar_Airport
6435;UASS;medium_airport;Semey Airport;50.351295;80.234398;761;AS;KZ;KZ-ABA;Semey;yes;UASS;PLX;;;https://en.wikipedia.org/wiki/Semey_Airport
6436;UATE;medium_airport;Aktau Airport;43.860093;51.09086;73;AS;KZ;KZ-MAN;Aktau;yes;UATE;SCO;;http://aktau-airport.kz/;https://en.wikipedia.org/wiki/Aktau_Airport
6437;UATG;medium_airport;Atyrau International Airport;47.122559;51.819321;-72;AS;KZ;KZ-ATY;Atyrau;yes;UATG;GUW;;;https://en.wikipedia.org/wiki/Atyrau_Airport
44391;UATR;medium_airport;Shalkar Airport;47.904999;59.619999;561;AS;KZ;KZ-AKT;Shalkar;no;UATR;;;;https://kk.wikipedia.org/wiki/%D0%A8%D0%B0%D0%BB%D2%9B%D0%B0%D1%80_%D3%99%D1%83%D0%B5%D0%B6%D0%B0%D0%B9%D1%8B
6438;UATT;medium_airport;Aktobe Airport;50.2458;57.206699;738;AS;KZ;KZ-AKT;Aktobe;yes;UATT;AKX;;;https://en.wikipedia.org/wiki/Aktobe_Airport
6439;UAUU;medium_airport;Kostanay West Airport;53.20690155029297;63.55030059814453;595;AS;KZ;KZ-KUS;Kostanay;yes;UAUU;KSN;;;https://en.wikipedia.org/wiki/Kostanai_Airport
6440;UBBB;large_airport;Heydar Aliyev International Airport;40.467498779296875;50.04669952392578;10;AS;AZ;AZ-BA;Baku;yes;UBBB;GYD;;http://www.airport-baku.com/;https://en.wikipedia.org/wiki/Heydar_Aliyev_International_Airport
6441;UBBG;medium_airport;Ganja International Airport;40.737701;46.3176;1083;AS;AZ;AZ-GA;Ganja;yes;UBBG;GNJ;;;https://en.wikipedia.org/wiki/Ganja_International_Airport
6442;UBBN;medium_airport;Nakhchivan Airport;39.18880081176758;45.45840072631836;2863;AS;AZ;AZ-NX;Nakhchivan;yes;UBBN;NAJ;;;https://en.wikipedia.org/wiki/Nakhichevan_Airport
300740;UBBQ;medium_airport;Gabala International Airport;40.808617;47.725389;935;AS;AZ;AZ-QAB;Gabala;yes;UBBQ;GBB;;;https://en.wikipedia.org/wiki/Gabala_Airport
43883;UBBY;medium_airport;Zaqatala International Airport;41.557823;46.669464;1279;AS;AZ;AZ-ZAQ;Zaqatala;no;UBBY;ZTU;;;https://en.wikipedia.org/wiki/Zaqatala_International_Airport
6444;UDSG;medium_airport;Shirak International Airport;40.750401;43.859299;5000;AS;AM;AM-SH;Gyumri;yes;UDSG;LWN;;http://www.aviation.am/eng/gorc/aeroport.htm;https://en.wikipedia.org/wiki/Shirak_Airport
6445;UDYE;medium_airport;Erebuni Airport;40.122100830099996;44.465000152600005;2948;AS;AM;AM-ER;Yerevan;no;UDYE;;;;https://en.wikipedia.org/wiki/Erebuni_Airport
6446;UDYZ;large_airport;Zvartnots International Airport;40.1473007202;44.3959007263;2838;AS;AM;AM-ER;Yerevan;yes;UDYZ;EVN;;http://www.aia-zvartnots.aero/;https://en.wikipedia.org/wiki/Zvartnots_International_Airport
6447;UEEE;medium_airport;Yakutsk Airport;62.093299865722656;129.77099609375;325;AS;RU;RU-SA;Yakutsk;yes;UEEE;YKS;;;https://en.wikipedia.org/wiki/Yakutsk_Airport
5751;UELL;medium_airport;Chulman Airport;56.913898468018;124.91400146484;2812;AS;RU;RU-SA;Neryungri;yes;UELL;NER;;;https://en.wikipedia.org/wiki/Chulman_Airport
32509;UEMA;medium_airport;Moma Airport;66.450861;143.261551;656;AS;RU;RU-SA;Khonuu;yes;UEMA;MQJ;;;https://en.wikipedia.org/wiki/Moma_Airport
42979;UEMM;medium_airport;Magan Airport;62.103484;129.545288;577;AS;RU;RU-SA;Magan;no;UEMM;GYG;;;https://en.wikipedia.org/wiki/Magan_Airport
32510;UEMO;medium_airport;Olyokminsk Airport;60.401833;120.476094;656;AS;RU;RU-SA;Olyokminsk;yes;UEMO;OLZ;;;https://en.wikipedia.org/wiki/Olyokminsk_Airport
44662;UEMT;medium_airport;Ust-Nera Airport;64.550003051758;143.11500549316;1805;EU;RU;RU-SA;Ust-Nera;yes;UEMT;USR;;;https://en.wikipedia.org/wiki/Ust-Nera_Airport
42978;UENK;medium_airport;Kyzyl-Syr Airport;63.8849983215332;122.7770004272461;331;AS;RU;RU-SA;Kyzyl-Syr;no;UENK;;;;https://en.wikipedia.org/wiki/Kyzyl-Syr_Airport
43006;UENW;medium_airport;Vilyuisk Airport;63.756668;121.693336;361;AS;RU;RU-SA;Vilyuisk;yes;UENW;VYI;;;https://en.wikipedia.org/wiki/Vilyuisk_Airport
43663;UERA;medium_airport;Aykhal Airport;65.959198;111.546501;;AS;RU;RU-SA;;no;UERA;;;;https://en.wikipedia.org/wiki/Aykhal_Airport
32512;UERL;medium_airport;Lensk Airport;60.7206001282;114.825996399;801;AS;RU;RU-SA;Lensk;yes;UERL;ULK;;;https://en.wikipedia.org/wiki/Lensk_Airport
6448;UERP;medium_airport;Polyarny Airport;66.400398;112.029999;1660;AS;RU;RU-SA;Yakutia;yes;UERP;PYJ;;;https://en.wikipedia.org/wiki/Polyarny_Airport
6449;UERR;medium_airport;Mirny Airport;62.534698486328125;114.03900146484375;1156;AS;RU;RU-SA;Mirny;yes;UERR;MJZ;;;https://en.wikipedia.org/wiki/Mirny_Airport
44870;UERS;medium_airport;Saskylakh Airport;71.927902;114.080002;;EU;RU;RU-SA;Saskylakh;yes;UERS;SYS;;;https://en.wikipedia.org/wiki/Saskylakh_Airport
43667;UESG;medium_airport;Belaya Gora Airport;68.556227;146.22784;118;AS;RU;RU-SA;Belaya Gora;no;UESG;BGN;;;https://en.wikipedia.org/wiki/Belaya_Gora_Airport
316761;UESK;medium_airport;Srednekolymsk Airport;67.4805;153.7364;60;AS;RU;RU-SA;Srednekolymsk;yes;UESK;SEK;;;https://en.wikipedia.org/wiki/Srednekolymsk_Airport
32514;UESO;medium_airport;Chokurdakh Airport;70.6231;147.901993;151;AS;RU;RU-SA;Chokurdah;yes;UESO;CKH;;;https://en.wikipedia.org/wiki/Chokurdakh_Airport
30870;UESS;medium_airport;Cherskiy Airport;68.7406005859375;161.33799743652344;20;AS;RU;RU-SA;Cherskiy;yes;UESS;CYX;;;https://en.wikipedia.org/wiki/Chersky_Airport
6450;UEST;medium_airport;Tiksi Airport;71.697700500488;128.90299987793;26;AS;RU;RU-SA;Tiksi;yes;UEST;IKS;;;https://en.wikipedia.org/wiki/Tiksi_Airport
42980;UESU;medium_airport;Zyryanka Airport;65.7485;150.8889;140;AS;RU;RU-SA;Zyryanka;yes;UESU;ZKP;;;https://en.wikipedia.org/wiki/Zyryanka_Airport
506946;UGAM;medium_airport;Ambrolauri Airport;42.52687;43.13538;1784;AS;GE;GE-RL;Ambrolauri;yes;UGAM;;;;https://en.wikipedia.org/wiki/Ambrolauri_Airport
6451;UGKO;medium_airport;David the Builder Kutaisi International Airport;42.176768;42.482393;223;AS;GE;GE-IM;Kopitnari;yes;UGKO;KUT;;https://kutaisi.aero;https://en.wikipedia.org/wiki/David_the_Builder_Kutaisi_International_Airport
6452;UGSB;medium_airport;Batumi International Airport;41.610298;41.599701;105;AS;GE;GE-AJ;Batumi;yes;UGSB;BUS;;https://batumiairport.com/;https://en.wikipedia.org/wiki/Batumi_International_Airport
3092;UGSS;medium_airport;Sukhumi Babushara /  Vladislav Ardzinba International Airport;42.8582;41.128101;53;AS;GE;GE-AB;Sukhumi;yes;UGSS;SUI;;;https://en.wikipedia.org/wiki/Sukhumi_Babushara_Airport
6453;UGTB;large_airport;Tbilisi International Airport;41.669201;44.9547;1624;AS;GE;GE-TB;Tbilisi;yes;UGTB;TBS;;http://www.tbilisiairport.com/;https://en.wikipedia.org/wiki/Tbilisi_International_Airport
6454;UHBB;medium_airport;Ignatyevo Airport;50.42539978027344;127.41200256347656;638;AS;RU;RU-AMU;Blagoveschensk;yes;UHBB;BQS;;;https://en.wikipedia.org/wiki/Ignatyevo_Airport
6455;UHHH;medium_airport;Khabarovsk Novy Airport;48.528338;135.188588;244;AS;RU;RU-KHA;Khabarovsk;yes;UHHH;KHV;;http://airkhv.ru/;https://en.wikipedia.org/wiki/Khabarovsk_Novy_Airport
32517;UHKD;medium_airport;Dzemgi Airport;50.605598;137.080994;89;AS;RU;RU-KHA;Komsomolsk-na-Amur;yes;UHKD;;;;https://en.wikipedia.org/wiki/Dzemgi_Airport
43011;UHKG;medium_airport;Kamenny Ruchey Naval Air Base;49.235703;140.1931;659;AS;RU;RU-KHA;Sovetskaya Gavan;no;UHKG;;;;https://en.wikipedia.org/wiki/Kamenny_Ruchey
31790;UHKK;medium_airport;Komsomolsk-on-Amur Airport;50.409000396728516;136.9340057373047;92;AS;RU;RU-KHA;Komsomolsk-on-Amur;yes;UHKK;KXK;;;https://en.wikipedia.org/wiki/Komsomolsk-on-Amur_Airport
43866;UHKM;medium_airport;Sovetskaya Gavan (Maygatka) Airport;48.925067;140.035348;768;AS;RU;RU-KHA;Sovetskaya Gavan;no;UHKM;GVN;;;
6456;UHMA;medium_airport;Ugolny Yuri Ryktheu Airport;64.734902;177.740997;194;AS;RU;RU-CHU;Anadyr;yes;UHMA;DYR;;;https://en.wikipedia.org/wiki/Ugolny_Airport
6457;UHMD;medium_airport;Provideniya Bay Airport;64.37809753417969;-173.2429962158203;72;EU;RU;RU-CHU;Chukotka;no;UHMD;PVS;;;https://en.wikipedia.org/wiki/Provideniya_Bay_Airport
44659;UHMF;medium_airport;Omsukchan Airport;62.457001;155.744995;1732;AS;RU;RU-MAG;Omsukchan;yes;UHMF;;;;https://en.wikipedia.org/wiki/Omsukchan_Airport
42960;UHMG;medium_airport;Chaybukha Airport;61.834999;160.548004;207;AS;RU;RU-MAG;Chaybukha;yes;UHMG;;;;https://en.wikipedia.org/wiki/Chaybukha_Airport
44473;UHMK;medium_airport;Keperveem Airport;67.845001;166.139999;623;AS;RU;RU-CHU;Keperveem;yes;UHMK;KPW;;;https://en.wikipedia.org/wiki/Keperveyem_Airport
6458;UHMM;medium_airport;Sokol Airport;59.9109992980957;150.72000122070312;574;AS;RU;RU-MAG;Magadan;yes;UHMM;GDX;;;https://en.wikipedia.org/wiki/Sokol_Airport
6459;UHMP;medium_airport;Pevek Airport;69.783302;170.597;11;AS;RU;RU-CHU;Apapelgino;yes;UHMP;PWE;;;https://en.wikipedia.org/wiki/Pevek_Airport
42963;UHMS;medium_airport;Seymchan Airport;62.920780181884766;152.4227752685547;679;AS;RU;RU-MAG;Seymchan;no;UHMS;;;;https://en.wikipedia.org/wiki/Seymchan_Airport
42961;UHMT;medium_airport;Magadan-13 Airport;59.62329864501953;150.9219970703125;164;AS;RU;RU-MAG;Magadan;no;UHMT;;;;https://en.wikipedia.org/wiki/Magadan-13_Airport
42962;UHMW;medium_airport;Severo-Evensk Airport;61.921786;159.229059;32;AS;RU;RU-MAG;Evensk;no;UHMW;SWV;;;https://en.wikipedia.org/wiki/Severo-Evensk_Airport
44611;UHNN;medium_airport;Nikolayevsk-na-Amure Airport;53.154999;140.649994;170;AS;RU;RU-KHA;Nikolayevsk-na-Amure Airport;yes;UHNN;NLI;;;https://en.wikipedia.org/wiki/Nikolayevsk-on-Amur_Airport
35177;UHOO;medium_airport;Okhotsk Airport;59.410065;143.056503;45;AS;RU;RU-KHA;Okhotsk;yes;UHOO;OHO;;;https://en.wikipedia.org/wiki/Okhotsk_Airport
42938;UHPL;medium_airport;Palana Airport;59.082064;159.891577;112;AS;RU;RU-KAM;Palana;no;UHPL;;;;https://en.wikipedia.org/wiki/Palana_Airport
6460;UHPP;medium_airport;Yelizovo Airport;53.16764;158.451863;131;AS;RU;RU-KAM;Petropavlovsk-Kamchatsky;yes;UHPP;PKC;;;https://en.wikipedia.org/wiki/Petropavlovsk-Kamchatsky_Airport
6461;UHSS;medium_airport;Yuzhno-Sakhalinsk Airport;46.885461;142.717466;59;AS;RU;RU-SAK;Yuzhno-Sakhalinsk;yes;UHSS;UUS;;http://www.airportus.ru/;https://en.wikipedia.org/wiki/Yuzhno-Sakhalinsk_Airport
6462;UHWW;large_airport;Vladivostok International Airport;43.396256;132.148155;59;EU;RU;RU-PRI;Artyom;yes;UHWW;VVO;;http://www.vladivostokavia.ru/en/airport/;https://en.wikipedia.org/wiki/Vladivostok_International_Airport
6463;UIAA;medium_airport;Chita-Kadala International Airport;52.026299;113.306;2272;EU;RU;RU-ZAB;Chita;yes;UIAA;HTA;;http://aerochita.ru/;https://en.wikipedia.org/wiki/Kadala_Airport
42997;UIAE;medium_airport;Krasnokamensk Airport;50.033108;118.061142;2139;AS;RU;RU-ZAB;Krasnokamensk;no;UIAE;;;;https://en.wikipedia.org/wiki/Krasnokamensk_Airport
6464;UIBB;medium_airport;Bratsk Airport;56.370601654052734;101.697998046875;1610;AS;RU;RU-IRK;Bratsk;yes;UIBB;BTK;;;https://en.wikipedia.org/wiki/Bratsk_Airport
42931;UIBV;medium_airport;Zheleznogorsk Airport;56.487701;104.106003;1946;AS;RU;RU-IRK;Zheleznogorsk-Ilimsky;no;UIBV;;;;https://en.wikipedia.org/wiki/Zheleznogorsk_Airport
6465;UIII;medium_airport;Irkutsk International Airport;52.268002;104.389;1675;EU;RU;RU-IRK;Irkutsk;yes;UIII;IKT;;http://www.iktport.ru/;https://en.wikipedia.org/wiki/Irkutsk_Airport
42930;UITT;medium_airport;Ust-Kut Airport;56.856701;105.730003;2188;AS;RU;RU-IRK;Ust-Kut;yes;UITT;UKX;;;https://en.wikipedia.org/wiki/Ust-Kut_Airport
6466;UIUU;medium_airport;Baikal International Airport;51.808614;107.439652;1690;EU;RU;RU-BU;Ulan Ude;yes;UIUU;UUD;;;https://en.wikipedia.org/wiki/Ulan-Ude_Airport
6467;UKBB;large_airport;Boryspil International Airport;50.345001;30.894699;427;EU;UA;UA-32;Boryspil;yes;UKBB;KBP;;https://kbp.aero/en/;https://en.wikipedia.org/wiki/Boryspil_International_Airport
6469;UKCM;medium_airport;Mariupol International Airport;47.07609939575195;37.44960021972656;251;EU;UA;UA-14;Mariupol;yes;UKCM;MPW;;http://www.maraero.com/;https://en.wikipedia.org/wiki/Mariupol_International_Airport
31019;UKDB;medium_airport;Berdyansk Airport;46.814999;36.758099;171;EU;UA;UA-23;Berdyansk;no;UKDB;ERD;;;https://en.wikipedia.org/wiki/Berdyansk_Airport
6471;UKDD;medium_airport;Dnipro International Airport;48.357201;35.100601;481;EU;UA;UA-12;Dnipro;yes;UKDD;DNK;;;https://en.wikipedia.org/wiki/Dnipro_International_Airport
6472;UKDE;medium_airport;Zaporizhzhia International Airport;47.867000579833984;35.31570053100586;373;EU;UA;UA-23;Zaporizhia;yes;UKDE;OZH;;;https://en.wikipedia.org/wiki/Zaporizhia_International_Airport
6473;UKDR;medium_airport;Kryvyi Rih International Airport;48.04330062866211;33.209999084472656;408;EU;UA;UA-12;Kryvyi Rih;yes;UKDR;KWG;;;https://en.wikipedia.org/wiki/Kryvyi_Rih_International_Airport
44293;UKFB;medium_airport;Sevastopol International Airport / Belbek Air Base;44.691822;33.57462;344;EU;UA;UA-43;Sevastopol;no;UKFB;UKS;;;https://en.wikipedia.org/wiki/Sevastopol_International_Airport
6474;UKFF;medium_airport;Simferopol International Airport;45.0522;33.975101;639;EU;UA;UA-43;Simferopol;yes;UKFF;SIP;URFF;https://new.sipaero.ru/;https://en.wikipedia.org/wiki/Simferopol_International_Airport
44291;UKFG;medium_airport;Gvardeyskoe Air Base;45.116192;33.976625;721;EU;UA;UA-43;Sarabuz;no;UKFG;;XRFG;;https://en.wikipedia.org/wiki/Gvardeyskoye_(air_base)
44296;UKFI;medium_airport;Saky Air Base;45.090611;33.598536;36;EU;UA;UA-43;Novofedorovka;no;UKFI;;;;https://en.wikipedia.org/wiki/Saky_(air_base)
43680;UKFY;medium_airport;Dzhankoy Air Base;45.700901;34.4189;75;EU;UA;UA-43;Dzhankoy;no;UKFY;;XRFY;;https://en.wikipedia.org/wiki/Dzhankoi_(air_base)
6476;UKHH;medium_airport;Kharkiv International Airport;49.924801;36.290001;508;EU;UA;UA-63;Kharkiv;yes;UKHH;HRK;;http://www.airport.kharkov.ua/;https://en.wikipedia.org/wiki/Kharkiv_International_Airport
6477;UKKE;medium_airport;Cherkasy International Airport;49.4156;31.9953;375;EU;UA;UA-71;Cherkasy;no;UKKE;CKC;;;https://en.wikipedia.org/wiki/Cherkasy_International_Airport
6478;UKKK;medium_airport;Ihor Sikorsky Kyiv International Airport (Zhuliany);50.40194;30.45194;587;EU;UA;UA-30;Kyiv;yes;UKKK;IEV;;https://iev.aero/;https://en.wikipedia.org/wiki/Kyiv_International_Airport_(Zhuliany)
6479;UKKM;medium_airport;Hostomel Airport;50.6035;30.1919;517;EU;UA;UA-32;Kiev;no;UKKM;;;;https://en.wikipedia.org/wiki/Hostomel_Airport
44432;UKKO;medium_airport;Ozerne Air Base;50.158298;28.7383;761;EU;UA;UA-18;Zhytomyr;no;UKKO;;;;https://en.wikipedia.org/wiki/Ozerne_(air_base)
6420;UKLH;medium_airport;Khmelnytskyi Airport;49.359699;26.933399;1150;EU;UA;UA-68;Khmelnytskyi;no;UKLH;HMJ;;;https://en.wikipedia.org/wiki/Khmelnytskyi_Ruzhichnaya_Airport
6480;UKLI;medium_airport;Ivano-Frankivsk International Airport;48.88420104980469;24.686100006103516;919;EU;UA;UA-26;Ivano-Frankivsk;yes;UKLI;IFO;;http://www.aeroportifua.ifrastudio.com/index.php?area=2;https://en.wikipedia.org/wiki/Ivano-Frankivsk_International_Airport
6481;UKLL;large_airport;Lviv International Airport;49.8125;23.9561;1071;EU;UA;UA-46;Lviv;yes;UKLL;LWO;;http://www.airport.lviv.ua/index.php?id=home&L=1;https://en.wikipedia.org/wiki/Lviv_International_Airport
6482;UKLN;medium_airport;Chernivtsi International Airport;48.259300231933594;25.98080062866211;826;EU;UA;UA-77;Chernivtsi;yes;UKLN;CWC;;;https://en.wikipedia.org/wiki/Chernivtsi_International_Airport
6483;UKLR;medium_airport;Rivne International Airport;50.60710144042969;26.141599655151367;755;EU;UA;UA-19;Rivne;yes;UKLR;RWN;;http://www.aeroport.rv.ua/;https://en.wikipedia.org/wiki/Rivne_International_Airport
6485;UKLU;medium_airport;Uzhhorod International Airport;48.6343;22.263399;383;EU;UA;UA-21;Uzhhorod;yes;UKLU;UDJ;;;https://en.wikipedia.org/wiki/Uzhhorod_International_Airport
32534;UKOH;medium_airport;Kherson International Airport;46.6758;32.506401;148;EU;UA;UA-65;Kherson;yes;UKOH;KHE;;http://airport.kherson.ua/;https://en.wikipedia.org/wiki/Kherson_International_Airport
6486;UKON;medium_airport;Mykolaiv International Airport;47.057899;31.9198;184;EU;UA;UA-48;Nikolayev;yes;UKON;NLV;;http://www.airport.nikolaev.ua/;https://en.wikipedia.org/wiki/Mykolaiv_Airport
6487;UKOO;medium_airport;Odessa International Airport;46.4268;30.6765;172;EU;UA;UA-51;Odessa;yes;UKOO;ODS;;http://www.airport.od.ua/;https://en.wikipedia.org/wiki/Odessa_International_Airport
30535;UKWW;medium_airport;Vinnytsia/Gavyryshivka International Airport;49.242531;28.613778;961;EU;UA;UA-05;Vinnitsa;no;UKWW;VIN;;;https://en.wikipedia.org/wiki/Havryshivka_Vinnytsia_International_Airport
6488;ULAA;medium_airport;Talagi Airport;64.60030364990234;40.71670150756836;62;EU;RU;RU-ARK;Archangelsk;yes;ULAA;ARH;;;https://en.wikipedia.org/wiki/Talagi_Airport
35124;ULAH;medium_airport;Vaskovo Airport;64.441704;40.4217;82;EU;RU;RU-ARK;Arkhangelsk;no;ULAH;VKV;XLAH;;https://en.wikipedia.org/wiki/Vaskovo_Airport
43016;ULAK;medium_airport;Severomorsk-1 Naval Air Base;69.03167;33.418331;239;EU;RU;RU-MUR;Severomorsk;no;;;XLMD;;https://en.wikipedia.org/wiki/Severomorsk-1
32040;ULAM;medium_airport;Naryan Mar Airport;67.639999;53.121899;36;EU;RU;RU-NEN;Naryan Mar;yes;ULAM;NNM;;;https://en.wikipedia.org/wiki/Naryan-Mar_Airport
30819;ULBC;medium_airport;Cherepovets Airport;59.273601532;38.015800476100004;377;EU;RU;RU-VLG;Cherepovets;yes;ULWC;CEE;;;https://en.wikipedia.org/wiki/Cherepovets_Airport
30643;ULDD;medium_airport;Amderma Airport;69.76329803466797;61.556400299072266;13;AS;RU;RU-NEN;Amderma;yes;ULDD;AMV;;;https://en.wikipedia.org/wiki/Amderma_Airport
31780;ULKK;medium_airport;Kotlas Airport;61.235801696777344;46.6974983215332;184;EU;RU;RU-ARK;Kotlas;yes;ULKK;KSZ;;;https://en.wikipedia.org/wiki/Kotlas_Airport
6489;ULLI;large_airport;Pulkovo Airport;59.800301;30.262501;78;EU;RU;RU-SPE;St. Petersburg;yes;ULLI;LED;;https://pulkovoairport.ru/;https://en.wikipedia.org/wiki/Pulkovo_Airport
34932;ULLP;medium_airport;Pushkin Airport;59.685001;30.338301;230;EU;RU;RU-SPE;St. Petersburg;no;ULLP;;;;https://en.wikipedia.org/wiki/Pushkin_Airport
6490;ULMM;medium_airport;Murmansk Airport;68.78170013427734;32.75080108642578;266;EU;RU;RU-MUR;Murmansk;yes;ULMM;MMK;;http://www.airport-murmansk.ru/;https://en.wikipedia.org/wiki/Murmansk_Airport
42973;ULNR;medium_airport;Staraya Russa Air Base;57.961399;31.384399;82;EU;RU;RU-NGR;Staraya Russa;no;;;XLNR;;https://en.wikipedia.org/wiki/Staraya_Russa_Airport
6491;ULOO;medium_airport;Pskov Airport;57.78390121459961;28.395599365234375;154;EU;RU;RU-PSK;Pskov;yes;ULOO;PKV;;;https://en.wikipedia.org/wiki/Pskov_Airport
6492;ULPB;medium_airport;Petrozavodsk Airport;61.88520050048828;34.154701232910156;151;EU;RU;RU-KR;Petrozavodsk;yes;ULPB;PES;;;https://en.wikipedia.org/wiki/Petrozavodsk_Airport
43334;ULPP;medium_airport;Peski Airfield;61.831944;34.295555;;EU;RU;RU-KR;Petrozavodsk;no;ULPP;;;;https://ru.wikipedia.org/wiki/%D0%9F%D0%B5%D1%81%D0%BA%D0%B8_(%D0%B0%D1%8D%D1%80%D0%BE%D0%BF%D0%BE%D1%80%D1%82)
32571;ULWW;medium_airport;Vologda Airport;59.282501;39.944401;387;EU;RU;RU-VLG;Vologda;no;ULWW;VGD;;;https://en.wikipedia.org/wiki/Vologda_Airport
6495;UMBB;medium_airport;Brest Airport;52.108299;23.8981;468;EU;BY;BY-BR;Brest;yes;UMBB;BQT;;;https://en.wikipedia.org/wiki/Brest_Airport
6496;UMGG;medium_airport;Gomel Airport;52.527000427246094;31.016700744628906;472;EU;BY;BY-HO;Gomel;yes;UMGG;GME;;http://www.gomelavia.com/;https://en.wikipedia.org/wiki/Gomel_Airport
6497;UMII;medium_airport;Vitebsk Vostochny Airport;55.126499176025;30.349599838257;682;EU;BY;BY-VI;Vitebsk;no;UMII;VTB;;;https://en.wikipedia.org/wiki/Vitebsk_Vostochny_Airport
6498;UMKK;medium_airport;Khrabrovo Airport;54.88999938964844;20.592599868774414;42;EU;RU;RU-KGD;Kaliningrad;yes;UMKK;KGD;;;https://en.wikipedia.org/wiki/Khrabrovo_Airport
44338;UMMA;medium_airport;Baranavichi Air Base;53.099998;26.049999;;EU;BY;BY-BR;Baranavichi;no;UMMA;;;;https://en.wikipedia.org/wiki/Baranovichi_(air_base)
6499;UMMG;medium_airport;Hrodna Airport;53.60200119018555;24.053800582885742;443;EU;BY;BY-HR;Hrodna;yes;UMMG;GNA;;;https://en.wikipedia.org/wiki/Hrodna_Airport
6501;UMMS;large_airport;Minsk National Airport;53.888071;28.039964;670;EU;BY;BY-MI;Minsk;yes;UMMS;MSQ;;http://airport.by/en;https://en.wikipedia.org/wiki/Minsk_National_Airport
44375;UMNB;medium_airport;Babruisk Air Base;53.105;29.205;502;EU;BY;BY-MA;Babruisk;no;UMNB;;;;https://ru.wikipedia.org/wiki/%D0%91%D0%BE%D0%B1%D1%80%D1%83%D0%B9%D1%81%D0%BA_(%D0%B0%D1%8D%D1%80%D0%BE%D0%B4%D1%80%D0%BE%D0%BC
6502;UMOO;medium_airport;Mogilev Airport;53.954898834228516;30.09510040283203;637;EU;BY;BY-MA;Mogilev;yes;UMOO;MVQ;;;https://en.wikipedia.org/wiki/Mogilev_Airport
6503;UNAA;medium_airport;Abakan International Airport;53.740002;91.385002;831;EU;RU;RU-KK;Abakan;yes;UNAA;ABA;;;https://en.wikipedia.org/wiki/Abakan_International_Airport
6504;UNBB;medium_airport;Barnaul Airport;53.363800048828125;83.53849792480469;837;AS;RU;RU-ALT;Barnaul;yes;UNBB;BAX;;http://airaltay.ru/;https://en.wikipedia.org/wiki/Barnaul_Airport
42913;UNBG;medium_airport;Gorno-Altaysk Airport;51.969204;85.836539;965;EU;RU;RU-AL;Gorno-Altaysk;no;UNBG;RGK;;;https://en.wikipedia.org/wiki/Gorno-Altaysk_Airport
6505;UNEE;medium_airport;Kemerovo Airport;55.27009963989258;86.1072006225586;863;AS;RU;RU-KEM;Kemerovo;yes;UNEE;KEJ;;;https://en.wikipedia.org/wiki/Kemerovo_Airport
42951;UNIB;medium_airport;Baykit Airport;61.676701;96.355003;853;AS;RU;RU-KYA;Baykit;no;UNIB;BKA;;;https://en.wikipedia.org/wiki/Baykit_Airport
30995;UNII;medium_airport;Yeniseysk Airport;58.474201;92.112503;253;AS;RU;RU-KYA;Yeniseysk;yes;UNII;EIE;;;https://en.wikipedia.org/wiki/Yeniseysk_Airport
42955;UNIP;medium_airport;Podkamennaya Tunguska Airport;61.589699;89.994003;213;EU;RU;RU-KYA;Bor;no;UNIP;TGP;;;https://en.wikipedia.org/wiki/Podkamennaya_Tunguska_Airport
42956;UNIS;medium_airport;Severo-Yeniseysk Airport;60.373299;93.011703;1706;AS;RU;RU-KYA;Severo-Yeniseysk;yes;UNIS;VEO;;;https://en.wikipedia.org/wiki/Severo-Eniseysk_Airport
32544;UNIW;medium_airport;Vanavara Airport;60.356229;102.309641;892;AS;RU;RU-KYA;Vanavara;yes;UNIW;VAQ;;;https://en.wikipedia.org/wiki/Vanavara_Airport
6506;UNKL;large_airport;Krasnoyarsk International Airport;56.173077;92.492437;942;EU;RU;RU-KYA;Krasnoyarsk;yes;UNKL;KJA;;http://www.kja.aero;https://en.wikipedia.org/wiki/Krasnoyarsk_International_Airport
44425;UNKM;medium_airport;Krasnoyarsk Cheremshanka Airport;56.177584;92.545881;833;AS;RU;RU-KYA;Krasnoyarsk;yes;UNKM;KCY;;http://www.cheremshanka.ru/;https://en.wikipedia.org/wiki/Krasnoyarsk_Cheremshanka_Airport
30616;UNKS;medium_airport;Achinsk Airport;56.269185;90.57511;1033;EU;RU;RU-KYA;Achinsk;no;UNKS;ACS;;;https://en.wikipedia.org/wiki/Achinsk_Airport
31793;UNKY;medium_airport;Kyzyl Airport;51.669399;94.400597;2123;AS;RU;RU-TY;Kyzyl;yes;UNKY;KYZ;;;https://en.wikipedia.org/wiki/Kyzyl_Airport
42974;UNNE;medium_airport;Yeltsovka Airport;55.0924;83.004501;617;AS;RU;RU-NVS;Novosibirsk;no;UNNE;;;;https://en.wikipedia.org/wiki/Elitsovka_Airport
6507;UNNT;large_airport;Novosibirsk Tolmachevo Airport;55.019756;82.618675;365;EU;RU;RU-NVS;Novosibirsk;yes;UNNT;OVB;;http://eng.tolmachevo.ru/;https://en.wikipedia.org/wiki/Tolmachevo_Airport
6508;UNOO;medium_airport;Omsk Central Airport;54.96699905395508;73.31050109863281;311;AS;RU;RU-OMS;Omsk;yes;UNOO;OMS;;;https://en.wikipedia.org/wiki/Tsentralny_Airport
44356;UNOS;medium_airport;Omsk Severny Airport;54.974998;73.555;380;AS;RU;RU-OMS;Omsk;no;UNOS;;;;https://en.wikipedia.org/wiki/Omsk-Severnyy_(air_base)
32546;UNSS;medium_airport;Strezhevoy Airport;60.7094;77.660004;164;AS;RU;RU-TOM;Strezhevoy;no;UNSS;SWT;;;https://en.wikipedia.org/wiki/Strezhevoy_Airport
32468;UNTT;medium_airport;Bogashevo Airport;56.380298614502;85.208297729492;597;AS;RU;RU-TOM;Tomsk;yes;UNTT;TOF;;http://www.tomskairport.ru;https://en.wikipedia.org/wiki/Bogashevo_Airport
32045;UNWW;medium_airport;Spichenkovo Airport;53.811401;86.877197;1024;EU;RU;RU-KEM;Novokuznetsk;yes;UNWW;NOZ;;;https://en.wikipedia.org/wiki/Spichenkovo_Airport
42953;UODD;medium_airport;Dikson Airport;73.517807;80.379669;47;AS;RU;RU-KYA;Dikson;no;UODD;DKS;;;https://en.wikipedia.org/wiki/Dikson_Airport
35041;UODN;medium_airport;Nagurskoye;80.803207;47.663586;59;AS;RU;RU-ARK;Murmansk;no;UODN;;;;https://en.wikipedia.org/wiki/Nagurskoye
6509;UOHH;medium_airport;Khatanga Airport;71.97810363769531;102.49099731445312;95;AS;RU;RU-KYA;Khatanga;yes;UOHH;HTG;;;https://en.wikipedia.org/wiki/Khatanga_Airport
42958;UOIG;medium_airport;Svetlogorsk Airport;66.839996;88.403336;394;AS;RU;RU-KYA;Svetlogorsk;no;UOIG;SES;;;https://en.wikipedia.org/wiki/Svetlogorsk_Airport
31660;UOII;medium_airport;Igarka Airport;67.437202;86.621902;82;AS;RU;RU-KYA;Igarka;yes;UOII;IAA;;;https://en.wikipedia.org/wiki/Igarka_Airport
6510;UOOO;medium_airport;Norilsk-Alykel Airport;69.31109619140625;87.33219909667969;574;AS;RU;RU-KYA;Norilsk;yes;UOOO;NSK;;;https://en.wikipedia.org/wiki/Norilsk_Alykel_Airport
42959;UOOW;medium_airport;Valek Airport;69.39690399169922;88.35368347167969;108;AS;RU;RU-KYA;Valek;no;UOOW;;;;https://en.wikipedia.org/wiki/Valek_Airport
6511;URKA;medium_airport;Anapa Vityazevo Airport;45.002102;37.347301;174;EU;RU;RU-KDA;Krasnyi Kurgan;yes;URKA;AAQ;;https://www.aaqaero.ru/en/;https://en.wikipedia.org/wiki/Anapa_Airport
45191;URKE;medium_airport;Yeysk Airport;46.68;38.21;60;EU;RU;RU-KDA;Yeysk;yes;;EIK;URKE;;https://en.wikipedia.org/wiki/Yeysk_Airport
31522;URKG;medium_airport;Gelendzhik Airport;44.5820926295;38.0124807358;98;EU;RU;RU-KDA;Gelendzhik;yes;URKG;GDZ;;http://basel.aero/en/gelendjik/;https://en.wikipedia.org/wiki/Gelendzhik_Airport
44321;URKH;medium_airport;Khanskaya Air Base;44.68;40.035;600;EU;RU;RU-AD;Maykop;no;;;XRKH;;
6512;URKK;medium_airport;Krasnodar Pashkovsky International Airport;45.034698;39.170502;118;EU;RU;RU-KDA;Krasnodar;yes;URKK;KRR;;https://krr.aero/en/;https://en.wikipedia.org/wiki/Pashkovsky_Airport
42923;URMG;medium_airport;Khankala Air Base;43.2981;45.7841;548;AS;RU;RU-CE;Grozny;no;XRMU;;;;
6513;URML;medium_airport;Makhachkala Uytash International Airport;42.816799;47.652302;12;EU;RU;RU-DA;Makhachkala;yes;URML;MCX;;;https://en.wikipedia.org/wiki/Uytash_airport
6514;URMM;medium_airport;Mineralnyye Vody Airport;44.225101470947266;43.08190155029297;1054;EU;RU;RU-STA;Mineralnyye Vody;yes;URMM;MRV;;;https://en.wikipedia.org/wiki/Mineralnye_Vody_Airport
6515;URMN;medium_airport;Nalchik Airport;43.512901306152344;43.636600494384766;1461;EU;RU;RU-KB;Nalchik;yes;URMN;NAL;;;https://en.wikipedia.org/wiki/Nalchik_Airport
6516;URMO;medium_airport;Vladikavkaz Beslan International Airport;43.205101;44.606602;1673;EU;RU;RU-SE;Beslan;yes;URMO;OGZ;;;https://en.wikipedia.org/wiki/Beslan_Airport
43689;URMS;medium_airport;Magas Airport;43.323268;45.012568;1165;AS;RU;RU-IN;Sunzha;yes;URMS;IGT;;;https://en.wikipedia.org/wiki/Magas_Airport
6517;URMT;medium_airport;Stavropol Shpakovskoye Airport;45.10919952392578;42.11280059814453;1486;EU;RU;RU-STA;Stavropol;yes;URMT;STW;;;https://en.wikipedia.org/wiki/Stavropol_Shpakovskoye_Airport
42954;UROD;medium_airport;Dudinka Airport;69.375;86.15667;82;AS;RU;RU-KYA;Dudinka;no;UROD;;;;https://en.wikipedia.org/wiki/Dudinka_Airport
326363;URRP;large_airport;Platov International Airport;47.493888;39.924722;213;EU;RU;RU-ROS;Rostov-on-Don;yes;URRP;ROV;;;https://en.wikipedia.org/wiki/Platov_International_Airport
44865;URRT;medium_airport;Taganrog Yuzhny Airport;47.1983333;38.8491667;117;EU;RU;RU-ROS;Taganrog;yes;URRT;TGK;;http://www.beriev.com/rus/airport.html;https://ru.wikipedia.org/wiki/Таганрог-Южный_(аэропорт)
6519;URSS;large_airport;Sochi International Airport;43.449902;39.9566;89;EU;RU;RU-KDA;Sochi;yes;URSS;AER;;https://aer.aero/en;https://en.wikipedia.org/wiki/Sochi_International_Airport
6520;URWA;medium_airport;Astrakhan Narimanovo Boris M. Kustodiev International Airport;46.282843;48.010511;-65;AS;RU;RU-AST;Astrakhan;yes;URWA;ASF;;http://xn--80aaaa9dcahhdbllc1cxhc.xn--p1ai/;https://en.wikipedia.org/wiki/Narimanovo_Airport
6521;URWI;medium_airport;Elista Airport;46.3739013671875;44.33089828491211;501;EU;RU;RU-KL;Elista;yes;URWI;ESL;;;https://en.wikipedia.org/wiki/Elista_Airport
6522;URWW;medium_airport;Volgograd International Airport;48.782501220703125;44.34550094604492;482;EU;RU;RU-VGG;Volgograd;yes;URWW;VOG;;;https://en.wikipedia.org/wiki/Volgograd_International_Airport
26370;USCC;medium_airport;Chelyabinsk Balandino Airport;55.305801;61.5033;769;EU;RU;RU-CHE;Chelyabinsk;yes;USCC;CEK;;http://cekport.ru/;https://en.wikipedia.org/wiki/Chelyabinsk_Airport
26371;USCM;medium_airport;Magnitogorsk International Airport;53.39310073852539;58.755699157714844;1430;EU;RU;RU-BA;Magnitogorsk;yes;USCM;MQF;;;https://en.wikipedia.org/wiki/Magnitogorsk_International_Airport
327554;USDA;medium_airport;Sabetta International Airport;71.219167;72.052222;46;AS;RU;RU-YAN;Sabetta;yes;USDA;SBT;;;https://en.wikipedia.org/wiki/Sabetta_International_Airport
343470;USDB;medium_airport;Bovanenkovo Airport;70.315278;68.333611;24;AS;RU;RU-YAN;Bovanenkovo;yes;USDB;BVJ;;https://avia.gazprom.com/about/airports/bovanenkovo/;https://en.wikipedia.org/wiki/Bovanenkovo_Airport
26372;USDD;medium_airport;Salekhard Airport;66.5907974243164;66.61100006103516;218;AS;RU;RU-YAN;Salekhard;yes;USDD;SLY;;;https://en.wikipedia.org/wiki/Salekhard_Airport
43693;USHB;medium_airport;Berezovo Airport;63.92100143432617;65.03050231933594;98;AS;RU;RU-KHM;;no;USHB;EZV;;;
26373;USHH;medium_airport;Khanty Mansiysk Airport;61.0285;69.086098;76;AS;RU;RU-KHM;Khanty-Mansiysk;yes;USHH;HMA;;;https://en.wikipedia.org/wiki/Khanty-Mansiysk_Airport
42944;USHN;medium_airport;Nyagan Airport;62.110001;65.614998;361;EU;RU;RU-KHM;Nyagan;yes;USHN;NYA;;;https://en.wikipedia.org/wiki/Nyagan_Airport
32554;USHS;medium_airport;Sovetskiy Airport;61.326622009277344;63.60191345214844;351;AS;RU;RU-KHM;Sovetskiy;yes;USHS;OVS;;;https://en.wikipedia.org/wiki/Sovetsky_Tyumenskaya
32548;USHU;medium_airport;Uray Airport;60.103298;64.826698;190;AS;RU;RU-KHM;Uray;yes;USHU;URJ;;;https://en.wikipedia.org/wiki/Uray_Airport
43692;USHY;medium_airport;Beloyarskiy Airport;63.686901;66.698601;82;EU;RU;RU-KHM;;yes;USHQ;EYK;;;https://en.wikipedia.org/wiki/Beloyarsk_Airport
31670;USII;medium_airport;Izhevsk Airport;56.82809829711914;53.45750045776367;531;EU;RU;RU-UD;Izhevsk;yes;USII;IJK;;;https://en.wikipedia.org/wiki/Izhevsk_Airport
42945;USKK;medium_airport;Pobedilovo Airport;58.503883;49.347831;479;EU;RU;RU-KIR;Kirov;yes;USKK;KVX;;http://www.pobedilovo.com/;https://en.wikipedia.org/wiki/Pobedilovo_Airport
35175;USMM;medium_airport;Nadym Airport;65.48090362548828;72.69889831542969;49;AS;RU;RU-YAN;Nadym;yes;USMM;NYM;;;https://en.wikipedia.org/wiki/Nadym_Airport
32057;USMU;medium_airport;Novy Urengoy Airport;66.06939697265625;76.52030181884766;210;AS;RU;RU-YAN;Novy Urengoy;yes;USMU;NUX;;;https://en.wikipedia.org/wiki/Novy_Urengoy_Airport
26374;USNN;medium_airport;Nizhnevartovsk Airport;60.949299;76.483597;177;AS;RU;RU-KHM;Nizhnevartovsk;yes;USNN;NJC;;;https://en.wikipedia.org/wiki/Nizhnevartovsk_Airport
26375;USPP;medium_airport;Perm International Airport;57.914501;56.021198;404;EU;RU;RU-PER;Perm;yes;USPP;PEE;;http://www.aviaperm.ru/;https://en.wikipedia.org/wiki/Perm_International_Airport
26376;USRK;medium_airport;Kogalym International Airport;62.190399169921875;74.53379821777344;220;AS;RU;RU-KHM;Kogalym;yes;USRK;KGP;;;https://en.wikipedia.org/wiki/Kogalym_International_Airport
42943;USRN;medium_airport;Nefteyugansk Airport;61.108299;72.650002;115;AS;RU;RU-KHM;Nefteyugansk;yes;USRN;NFG;;http://www.nuatc.ru/;https://en.wikipedia.org/wiki/Nefteyugansk_Airport
35176;USRO;medium_airport;Noyabrsk Airport;63.18330001831055;75.2699966430664;446;AS;RU;RU-YAN;Noyabrsk;yes;USRO;NOJ;;;https://en.wikipedia.org/wiki/Noyabrsk_Airport
26377;USRR;medium_airport;Surgut Airport;61.34370040893555;73.40180206298828;200;AS;RU;RU-KHM;Surgut;yes;USRR;SGC;;;https://en.wikipedia.org/wiki/Surgut_Airport
42985;USSK;medium_airport;Uktus Airport;56.701698;60.790001;643;AS;RU;RU-SVE;Yekaterinburg;no;USSK;;;http://uktus.uralfirm.ru/;https://en.wikipedia.org/wiki/Uktus_Airport
26378;USSS;large_airport;Koltsovo Airport;56.743099212646;60.802700042725;764;AS;RU;RU-SVE;Yekaterinburg;yes;USSS;SVX;;http://www.koltsovo.ru/en/;https://en.wikipedia.org/wiki/Koltsovo_Airport
342469;USTJ;medium_airport;Remezov Airport;58.058427;68.348801;167;AS;RU;RU-TYU;Tobolsk;yes;USTJ;RMZ;;https://rmz.aero/;https://en.wikipedia.org/wiki/Tobolsk_Remezov_Airport
26379;USTR;medium_airport;Roshchino International Airport;57.16833;65.31611;378;AS;RU;RU-TYU;Tyumen;yes;USTR;TJM;;;https://en.wikipedia.org/wiki/Roschino_International_Airport
31773;USUU;medium_airport;Kurgan Airport;55.4753;65.415604;240;AS;RU;RU-KGN;Kurgan;yes;USUU;KRO;;;https://en.wikipedia.org/wiki/Kurgan_Airport
26380;UTAA;large_airport;Ashgabat International Airport;37.986801;58.361;692;AS;TM;TM-S;Ashgabat;yes;UTAA;ASB;;;https://en.wikipedia.org/wiki/Ashgabat_International_Airport
26381;UTAK;medium_airport;Turkmenbashi International Airport;40.063301;53.007198;279;AS;TM;TM-B;Turkmenbashi;yes;UTAK;KRW;;;https://en.wikipedia.org/wiki/Turkmenbashi_International_Airport
26382;UTAM;medium_airport;Mary International Airport;37.62353;61.895668;728;AS;TM;TM-M;Mary;yes;UTAM;MYP;;;https://en.wikipedia.org/wiki/Mary_International_Airport
26383;UTAT;medium_airport;Daşoguz Airport;41.759853;59.836149;272;AS;TM;TM-D;Daşoguz;yes;UTAT;TAZ;;;https://en.wikipedia.org/wiki/Da%C5%9Foguz_Airport
26384;UTAV;medium_airport;Türkmenabat International Airport;38.930662;63.563982;649;AS;TM;TM-L;Türkmenabat;yes;UTAV;CRZ;;;https://en.wikipedia.org/wiki/Turkmenabat_International_Airport
26385;UTDD;medium_airport;Dushanbe Airport;38.543301;68.824997;2575;AS;TJ;TJ-DU;Dushanbe;yes;UTDD;DYU;;;https://en.wikipedia.org/wiki/Dushanbe_Airport
6377;UTDK;medium_airport;Kulob Airport;37.98809814453125;69.80500030517578;2293;AS;TJ;TJ-KT;Kulyab;yes;UTDK;TJU;;;https://en.wikipedia.org/wiki/Kulob_Airport
26386;UTDL;medium_airport;Khujand Airport;40.215401;69.694702;1450;AS;TJ;TJ-SU;Khujand;yes;UTDL;LBD;;;https://en.wikipedia.org/wiki/Khudzhand_Airport
32556;UTDT;medium_airport;Qurghonteppa International Airport;37.86640167236328;68.86470031738281;1473;AS;TJ;TJ-KT;Kurgan-Tyube;yes;UTDT;KQT;;;https://en.wikipedia.org/wiki/Qurghonteppa_International_Airport
30672;UTKA;medium_airport;Andizhan Airport;40.727699;72.293999;1515;AS;UZ;UZ-AN;Andizhan;yes;UTFA;AZN;;;https://en.wikipedia.org/wiki/Andizhan_Airport
31118;UTKF;medium_airport;Fergana International Airport;40.358799;71.745003;1980;AS;UZ;UZ-FA;Fergana;yes;UTFF;FEG;;;https://en.wikipedia.org/wiki/Fergana_International_Airport
32013;UTNN;medium_airport;Nukus Airport;42.4884;59.623299;246;AS;UZ;UZ-QR;Nukus;yes;UTNN;NCU;;;https://en.m.wikipedia.org/wiki/Nukus_Airport
26387;UTNU;medium_airport;Urgench Airport;41.58430099487305;60.641700744628906;320;AS;UZ;UZ-XO;Urgench;yes;UTNU;UGC;;;https://en.wikipedia.org/wiki/Urgench_Airport
32561;UTSA;medium_airport;Navoi Airport;40.117199;65.170799;1140;AS;UZ;UZ-NW;Navoi;yes;UTSA;NVI;;;https://en.wikipedia.org/wiki/Navoi_International_Airport
26388;UTSB;medium_airport;Bukhara International Airport;39.775002;64.483299;751;AS;UZ;UZ-BU;Bukhara;yes;UTSB;BHK;;;https://en.wikipedia.org/wiki/Bukhara_International_Airport
26390;UTSS;medium_airport;Samarkand Airport;39.70050048828125;66.98380279541016;2224;AS;UZ;UZ-SA;Samarkand;yes;UTSS;SKD;;;https://en.wikipedia.org/wiki/Samarkand_Airport
26391;UTST;medium_airport;Termez Airport;37.287261;67.311869;1027;AS;UZ;UZ-SU;Termez;yes;UTST;TMJ;;;https://en.wikipedia.org/wiki/Termez_Airport
41687;UTTP;medium_airport;Tashkent East Airport;41.312889;69.395535;1574;AS;UZ;UZ-TO;Tashkent;yes;UTTP;;;;https://uz.wikipedia.org/wiki/Toshkent-sharqiy_aerodromi
26392;UTTT;large_airport;Tashkent International Airport;41.257900238;69.2811965942;1417;AS;UZ;UZ-TO;Tashkent;yes;UTTT;TAS;;;https://en.wikipedia.org/wiki/Tashkent_International_Airport
31761;UUBA;medium_airport;Kostroma Sokerkino Airport;57.796902;41.019402;446;EU;RU;RU-KOS;Kostroma;yes;UUBA;KMW;;http://www.kmtn.ru/~koao/;https://en.wikipedia.org/wiki/Kostroma_Airport
42934;UUBC;medium_airport;Grabtsevo Airport;54.5499992371;36.3666687012;656;EU;RU;RU-KLU;Kaluga;no;UUBC;KLF;;;https://en.wikipedia.org/wiki/Grabtsevo_Airport
43669;UUBD;medium_airport;Dyagilevo Air Base;54.642284;39.569047;440;EU;RU;RU-RYA;Ryazan;no;;;XUBD;;https://en.wikipedia.org/wiki/Dyagilevo
31690;UUBI;medium_airport;Ivanovo South Airport;56.93939971923828;40.940799713134766;410;EU;RU;RU-IVA;Ivanovo;yes;UUBI;IWA;;;https://en.wikipedia.org/wiki/Ivanovo_Yuzhny_Airport
32241;UUBK;medium_airport;Staroselye Airport;58.104198;38.929401;423;EU;RU;RU-YAR;Rybinsk;yes;UUBK;RYB;;;https://en.wikipedia.org/wiki/Staroselye_Airport
35074;UUBL;medium_airport;Semyazino Airport;56.127423;40.315202;554;EU;RU;RU-VLA;Vladimir;no;;;UUBL;http://www2.vtsnet.ru/vlavia/HTMLs/airdrom_rus.htm;https://en.wikipedia.org/wiki/Semyazino_Airport
42966;UUBM;medium_airport;Myachkovo Airfield;55.560001;37.985001;410;EU;RU;RU-MOS;Moscow;no;;;UUBM;http://www.miachkovo.com/;https://en.wikipedia.org/wiki/Myachkovo_Airport
26393;UUBP;medium_airport;Bryansk Airport;53.214199;34.176399;663;EU;RU;RU-BRY;Bryansk;yes;UUBP;BZK;;http://www.airport.bryansk.ru/;https://en.wikipedia.org/wiki/Bryansk_International_Airport
42967;UUBW;large_airport;Zhukovsky International Airport;55.553299;38.150002;377;EU;RU;RU-MOS;Moscow;yes;UUBW;ZIA;;http://zia.aero/;https://en.wikipedia.org/wiki/Zhukovsky_International_Airport
26394;UUDD;large_airport;Domodedovo International Airport;55.408798;37.9063;588;EU;RU;RU-MOS;Moscow;yes;UUDD;DME;;http://www.domodedovo.ru/en/;https://en.wikipedia.org/wiki/Domodedovo_International_Airport
26396;UUEE;large_airport;Sheremetyevo International Airport;55.972599;37.4146;622;EU;RU;RU-MOS;Moscow;yes;UUEE;SVO;;http://svo.aero/en/;https://en.wikipedia.org/wiki/Sheremetyevo_International_Airport
26397;UUEM;medium_airport;Migalovo Air Base;56.82469940185547;35.7577018737793;469;EU;RU;RU-TVE;Tver;no;UUEM;KLD;;;https://en.wikipedia.org/wiki/Migalovo
34931;UUMO;medium_airport;Ostafyevo International Airport;55.511667;37.507222;568;EU;RU;RU-MOS;Moscow;no;UUMO;OSF;;http://eng.gazpromavia.ru/page20.shtml;https://en.wikipedia.org/wiki/Ostafievo_International_Airport
42968;UUMT;medium_airport;Tretyakovo Airport;54.904999;39.026669;515;EU;RU;RU-MOS;Lukhovitsy;no;UUMT;;;;https://en.wikipedia.org/wiki/Tretyakovo_Airport
34969;UUMU;medium_airport;Chkalovskiy Air Base;55.8783;38.061699;499;EU;RU;RU-MOS;Moscow;no;UUMU;CKL;;;https://en.wikipedia.org/wiki/Chkalovsky_Airport
26398;UUOB;medium_airport;Belgorod International Airport;50.643798828125;36.5900993347168;735;EU;RU;RU-BEL;Belgorod;yes;UUOB;EGO;;;https://en.wikipedia.org/wiki/Belgorod_Airport
26399;UUOK;medium_airport;Kursk East Airport;51.7505989074707;36.29560089111328;686;EU;RU;RU-KRS;Kursk;yes;UUOK;URS;;;https://en.wikipedia.org/wiki/Kursk_Vostochny_Airport
31846;UUOL;medium_airport;Lipetsk Airport;52.70280075073242;39.53779983520508;584;EU;RU;RU-LIP;Lipetsk;yes;UUOL;LPK;;;https://en.wikipedia.org/wiki/Lipetsk_Airport
26400;UUOO;medium_airport;Voronezh International Airport;51.81420135498047;39.22959899902344;514;EU;RU;RU-VOR;Voronezh;yes;UUOO;VOZ;;;https://en.wikipedia.org/wiki/Voronezh_International_Airport
32427;UUOT;medium_airport;Donskoye Airport;52.806099;41.4828;413;EU;RU;RU-TAM;Tambov;no;UUOT;TBW;;;https://en.wikipedia.org/wiki/Tambov_Donskoye_Airport
42933;UUWE;medium_airport;Yermolino Air Base;55.228333;36.608334;640;EU;RU;RU-KLU;Balabanovo;no;;;UUWE;;https://en.wikipedia.org/wiki/Ermolino_Airport
26401;UUWW;large_airport;Vnukovo International Airport;55.591499;37.261501;685;EU;RU;RU-MOW;Moscow;yes;UUWW;VKO;;https://vnukovo.ru/en/;https://en.wikipedia.org/wiki/Vnukovo_International_Airport
32506;UUYH;medium_airport;Ukhta Airport;63.566898;53.804699;482;AS;RU;RU-KO;Ukhta;yes;UUYH;UCT;;;https://en.wikipedia.org/wiki/Ukhta_Airport
42946;UUYI;medium_airport;Inta Airport;66.053372;60.105786;184;EU;RU;RU-KO;Inta;no;UUYI;INA;;;https://en.wikipedia.org/wiki/Inta_Airport
42950;UUYK;medium_airport;Vuktyl Airport;63.823299;57.279999;358;AS;RU;RU-KO;Vuktyl;no;UUYK;;;;https://en.wikipedia.org/wiki/Vuktyl_Airport
32154;UUYP;medium_airport;Pechora Airport;65.121101;57.130798;98;EU;RU;RU-KO;Pechora;yes;UUYP;PEX;;;https://en.wikipedia.org/wiki/Pechora_Airport
32555;UUYS;medium_airport;Usinsk Airport;66.0047;57.367199;262;AS;RU;RU-KO;Usinsk;yes;UUYS;USK;;;https://en.wikipedia.org/wiki/Usinsk_Airport
42947;UUYV;medium_airport;Izhma Airport;65.0317;53.970001;230;AS;RU;RU-KO;Izhma;no;UUYV;;;;https://en.wikipedia.org/wiki/Izhma_Airport
32581;UUYW;medium_airport;Vorkuta Airport;67.488602;63.993099;604;AS;RU;RU-KO;Vorkuta;yes;UUYW;VKT;;;https://en.wikipedia.org/wiki/Vorkuta_Airport
42949;UUYX;medium_airport;Ust-Tsylma Airport;65.437294;52.200336;262;AS;RU;RU-KO;Ust-Tsylma;no;UUYX;UTS;;;https://en.wikipedia.org/wiki/Ust-Tsylma_Airport
26402;UUYY;medium_airport;Syktyvkar Airport;61.64699935913086;50.84510040283203;342;EU;RU;RU-KO;Syktyvkar;yes;UUYY;SCW;;;https://en.wikipedia.org/wiki/Syktyvkar_Airport
26403;UWGG;medium_airport;Nizhny Novgorod Strigino International Airport;56.230098724365;43.784000396729;256;EU;RU;RU-NIZ;Nizhny Novgorod;yes;UWGG;GOJ;;http://www.airportnn.ru/en/;https://en.wikipedia.org/wiki/Nizhny_Novgorod_International_Airport
35174;UWKB;medium_airport;Bugulma Airport;54.641184;52.800229;991;AS;RU;RU-TA;Bugulma;yes;UWKB;UUA;;;https://en.wikipedia.org/wiki/Bugulma_Airport
26404;UWKD;large_airport;Kazan International Airport;55.606201171875;49.278701782227;411;EU;RU;RU-TA;Kazan;yes;UWKD;KZN;;http://www.kazan.aero/en/;https://en.wikipedia.org/wiki/Kazan_International_Airport
26405;UWKE;medium_airport;Begishevo Airport;55.564701080322266;52.092498779296875;643;EU;RU;RU-TA;Nizhnekamsk;yes;UWKE;NBC;;;https://en.wikipedia.org/wiki/Begishevo_Airport
34954;UWKG;medium_airport;Borisoglebskoye Airport;55.866699;49.133301;213;AS;RU;RU-TA;Kazan;no;UWKG;;;;https://en.wikipedia.org/wiki/Borisoglebskoye_Airport
31707;UWKJ;medium_airport;Yoshkar-Ola Airport;56.700599670410156;47.904701232910156;348;EU;RU;RU-ME;Yoshkar-Ola;yes;UWKJ;JOK;;;https://en.wikipedia.org/wiki/Yoshkar-Ola_Airport
26406;UWKS;medium_airport;Cheboksary Airport;56.090301513671875;47.3473014831543;558;EU;RU;RU-CU;Cheboksary;yes;UWKS;CSY;;;https://en.wikipedia.org/wiki/Cheboksary_Airport
43684;UWKV;medium_airport;Zhigansk Airport;66.7965011597;123.361000061;292;AS;RU;RU-SA;Zhigansk;yes;UEVV;ZIX;;;https://en.wikipedia.org/wiki/Zhigansk_Airport
35104;UWLL;medium_airport;Ulyanovsk Baratayevka Airport;54.268299;48.2267;449;EU;RU;RU-ULY;Ulyanovsk;yes;UWLL;ULV;;http://ulk.aero/;https://en.wikipedia.org/wiki/Ulyanovsk_Baratayevka_Airport
26407;UWLW;medium_airport;Ulyanovsk East Airport;54.401001;48.8027;252;EU;RU;RU-ULY;Cherdakly;yes;UWLW;ULY;;;https://en.wikipedia.org/wiki/Ulyanovsk_Vostochny_Airport
26408;UWOO;medium_airport;Orenburg Central Airport;51.795799255371094;55.45669937133789;387;EU;RU;RU-ORE;Orenburg;yes;UWOO;REN;;http://www.airoport.orenair.ru/;https://en.wikipedia.org/wiki/Orenburg_Tsentralny_Airport
26409;UWOR;medium_airport;Orsk Airport;51.072498;58.5956;909;AS;RU;RU-ORE;Orsk;yes;UWOR;OSW;;;https://en.wikipedia.org/wiki/Orsk_Airport
32155;UWPP;medium_airport;Penza Airport;53.110599517822266;45.02109909057617;614;EU;RU;RU-PNZ;Penza;yes;UWPP;PEZ;;;https://en.wikipedia.org/wiki/Penza_Airport
42965;UWPS;medium_airport;Saransk Airport;54.12512969970703;45.212257385253906;676;EU;RU;RU-MO;Saransk;yes;UWPS;SKX;;;https://en.wikipedia.org/wiki/Saransk_Airport
30804;UWSB;medium_airport;Balakovo Airport;51.858299;47.745602;95;AS;RU;RU-SAR;Balakovo;yes;UWSB;BWO;;;https://en.wikipedia.org/wiki/Balakovo_Airport
339001;UWSG;large_airport;Gagarin International Airport;51.712778;46.171111;103;EU;RU;RU-SAR;Saratov;yes;UWSG;GSV;;http://gsv.aero/en/;https://en.wikipedia.org/wiki/Saratov_Gagarin_Airport
26411;UWUU;large_airport;Ufa International Airport;54.557498931885;55.874401092529;449;EU;RU;RU-BA;Ufa;yes;UWUU;UFA;;http://www.airportufa.ru/en/;https://en.wikipedia.org/wiki/Ufa_International_Airport
43671;UWWB;medium_airport;Buguruslan Severny Airport;53.718399;52.371899;728;AS;RU;RU-ORE;Buguruslan;no;UWWB;;;;
44614;UWWG;medium_airport;Bezymyanka Airfield;53.220001;50.325001;135;AS;RU;RU-SAM;Samara;no;UWWG;;;http://www.aviacor.ru/;https://en.wikipedia.org/wiki/Bezymyanka_%28airport%29
26412;UWWW;large_airport;Kurumoch International Airport;53.504902;50.164299;477;EU;RU;RU-SAM;Samara;yes;UWWW;KUF;;https://kuf.aero/en/;https://en.wikipedia.org/wiki/Kurumoch_International_Airport
26431;VAAH;medium_airport;Sardar Vallabh Bhai Patel International Airport;23.0772;72.634697;189;AS;IN;IN-GJ;Ahmedabad;yes;VAAH;AMD;;https://www.adani.com/svpia-ahmedabad-airport;https://en.wikipedia.org/wiki/Sardar_Vallabhbhai_Patel_International_Airport
26432;VAAK;medium_airport;Akola Airport;20.698931;77.056883;999;AS;IN;IN-MM;Akola;no;VAAK;AKD;;;https://en.wikipedia.org/wiki/Akola_Airport
26433;VAAU;medium_airport;Aurangabad Airport;19.862699508666992;75.39810180664062;1911;AS;IN;IN-MM;Aurangabad;yes;VAAU;IXU;;http://aai.aero/allAirports/aurangabad_generalinfo.jsp;https://en.wikipedia.org/wiki/Aurangabad_Airport
26434;VABB;large_airport;Chhatrapati Shivaji International Airport;19.0886993408;72.8678970337;39;AS;IN;IN-MM;Mumbai;yes;VABB;BOM;;http://www.csia.in/;https://en.wikipedia.org/wiki/Chhatrapati_Shivaji_International_Airport
26435;VABI;medium_airport;Bilaspur Airport;21.9884;82.111;899;AS;IN;IN-CT;Bilaspur;yes;VEBU;PAB;;;https://en.wikipedia.org/wiki/Bilaspur_Airport
26436;VABJ;medium_airport;Bhuj Airport;23.2877998352;69.6701965332;268;AS;IN;IN-GJ;Bhuj;yes;VABJ;BHJ;;http://aai.aero/allAirports/bhuj_generalinfo.jsp;https://en.wikipedia.org/wiki/Bhuj_Airport
26437;VABM;medium_airport;Belagavi Airport;15.8593;74.618301;2487;AS;IN;IN-KA;Belgaum;yes;VOBM;IXG;;;https://en.wikipedia.org/wiki/Belgaum_Airport
26438;VABO;medium_airport;Vadodara Airport;22.336201;73.226303;129;AS;IN;IN-GJ;Vadodara;yes;VABO;BDQ;;http://aai.aero/allAirports/vadodara_generalinfo.jsp;https://en.wikipedia.org/wiki/Vadodara_Airport
26439;VABP;medium_airport;Raja Bhoj International Airport;23.2875003815;77.3374023438;1711;AS;IN;IN-MP;Bhopal;yes;VABP;BHO;;http://aai.aero/allAirports/bhopal_generalinfo.jsp;https://en.wikipedia.org/wiki/Bhopal_Airport
26440;VABV;medium_airport;Bhavnagar Airport;21.752199173;72.1852035522;44;AS;IN;IN-GJ;Bhavnagar;yes;VABV;BHU;;http://aai.aero/allAirports/bhavnagar.jsp;https://en.wikipedia.org/wiki/Bhavnagar_Airport
26441;VADN;medium_airport;Daman Airport;20.434401;72.843201;33;AS;IN;IN-DH;Daman;no;VADN;NMB;;;https://en.wikipedia.org/wiki/Daman_Airport
26444;VAGO;large_airport;Dabolim Airport;15.3808;73.831398;150;AS;IN;IN-GA;Vasco da Gama;yes;VOGO;GOI;;;https://en.wikipedia.org/wiki/Dabolim_Airport
26445;VAHB;medium_airport;Hubli Airport;15.361700058;75.08489990230001;2171;AS;IN;IN-KA;Hubli;yes;VOHB;HBX;;http://www.airportsindia.org.in/allAirports/hubli_generalinfo.jsp;https://en.wikipedia.org/wiki/Hubli_Airport
512065;VAHS;large_airport;Rajkot International Airport;22.378824;71.039391;647;AS;IN;IN-GJ;Rajkot;no;VAHS;HSR;;;https://en.wikipedia.org/wiki/Rajkot_International_Airport
26446;VAID;medium_airport;Devi Ahilyabai Holkar Airport;22.7217998505;75.8011016846;1850;AS;IN;IN-MP;Indore;yes;VAID;IDR;;http://aai.aero/allAirports/indore_technicalinfo.jsp;https://en.wikipedia.org/wiki/Devi_Ahilyabai_Holkar_International_Airport
26447;VAJB;medium_airport;Jabalpur Airport;23.177799;80.052002;1624;AS;IN;IN-MP;Jabalpur;yes;VAJB;JLR;;;https://en.wikipedia.org/wiki/Jabalpur_Airport
26448;VAJM;medium_airport;Jamnagar Airport;22.465499877929688;70.01260375976562;69;AS;IN;IN-GJ;Jamnagar;yes;VAJM;JGA;;;https://en.wikipedia.org/wiki/Jamnagar_Airport
26449;VAKE;medium_airport;Kandla Airport;23.1127;70.100304;96;AS;IN;IN-GJ;Kandla;yes;VAKE;IXY;;http://aai.aero/allAirports/kandla_generalinfo.jsp;https://en.wikipedia.org/wiki/Kandla_Airport
26450;VAKJ;medium_airport;Khajuraho Airport;24.8172;79.918602;728;AS;IN;IN-MP;Khajuraho;yes;VEKO;HJR;;https://www.aai.aero/en/airports/khajuraho;https://en.wikipedia.org/wiki/Khajuraho_Airport
26451;VAKP;medium_airport;Kolhapur Airport;16.6647;74.289398;1996;AS;IN;IN-MM;Kolhapur;yes;VAKP;KLH;;;https://en.wikipedia.org/wiki/Kolhapur_Airport
26452;VAKS;medium_airport;Keshod Airport;21.317101;70.270401;167;AS;IN;IN-GJ;Keshod;yes;VAKS;IXK;;https://www.aai.aero/en/airports/keshod;https://en.wikipedia.org/wiki/Keshod_Airport
30180;VAND;medium_airport;Nanded Airport;19.1833;77.316704;1250;AS;IN;IN-MM;Nanded;yes;VOND;NDC;VOND;;https://en.wikipedia.org/wiki/Nanded_Airport
26453;VANP;medium_airport;Dr. Babasaheb Ambedkar International Airport;21.092199;79.047203;1033;AS;IN;IN-MM;Nagpur;yes;VANP;NAG;;http://aai.aero/allAirports/nagpur1_generalinfo.jsp;https://en.wikipedia.org/wiki/Dr._Babasaheb_Ambedkar_International_Airport
3301;VAOZ;medium_airport;Nashik Airport;20.119101;73.912903;1900;AS;IN;IN-MM;Nasik;yes;VAOZ;ISK;;;https://en.wikipedia.org/wiki/Nashik_Airport
26455;VAPO;medium_airport;Pune Airport / Lohagaon Air Force Station;18.5821;73.919701;1942;AS;IN;IN-MM;Pune;yes;VAPO;PNQ;;;https://en.wikipedia.org/wiki/Pune_Airport
26456;VAPR;medium_airport;Porbandar Airport;21.649524;69.656405;23;AS;IN;IN-GJ;Porbandar;yes;VAPR;PBD;;http://www.airportsindia.org.in/allAirports/porbander.jsp;https://en.wikipedia.org/wiki/Porbandar_Airport
26457;VARG;medium_airport;Ratnagiri Airport;17.013599;73.327797;305;AS;IN;IN-MM;;no;VARG;RTC;;;https://en.wikipedia.org/wiki/Ratnagiri_Airport
26458;VARK;medium_airport;Rajkot Airport;22.3092002869;70.77950286869999;441;AS;IN;IN-GJ;Rajkot;yes;VARK;RAJ;;http://www.airportsindia.org.in/allAirports/rajkot.jsp;https://en.wikipedia.org/wiki/Rajkot_Airport
26459;VARP;medium_airport;Swami Vivekananda Airport;21.180401;81.7388;1041;AS;IN;IN-CT;Raipur;yes;VERP;RPR;;http://aai.aero/allAirports/raipur_generalinfo.jsp;https://en.wikipedia.org/wiki/Swami_Vivekananda_Airport
327452;VASD;medium_airport;Shirdi Airport;19.688752;74.377354;1926;AS;IN;IN-MM;Kakadi;yes;VASD;SAG;;;https://en.wikipedia.org/wiki/Shirdi_Airport
26460;VASL;medium_airport;Solapur Airport;17.6280002594;75.93479919430001;1584;AS;IN;IN-MM;Solapur;no;VASL;SSE;;;https://en.wikipedia.org/wiki/Solapur_Airport
26461;VASU;medium_airport;Surat Airport;21.1141;72.741798;16;AS;IN;IN-GJ;Surat;yes;VASU;STV;;https://suratinternationalairport.com/;https://en.wikipedia.org/wiki/Surat_Airport
26462;VAUD;medium_airport;Maharana Pratap Airport;24.617700576799997;73.89610290530001;1684;AS;IN;IN-RJ;Udaipur;yes;VAUD;UDR;;http://www.airportsindia.org.in/allAirports/udaipur_airpo_gi.jsp;https://en.wikipedia.org/wiki/Udaipur_Airport
26463;VCBI;large_airport;Bandaranaike International Colombo Airport;7.180759906768799;79.88410186767578;30;AS;LK;LK-1;Colombo;yes;VCBI;CMB;;http://www.airport.lk/;https://en.wikipedia.org/wiki/Bandaranaike_International_Airport
26464;VCCA;medium_airport;Anuradhapura Airport;8.301542;80.42848;324;AS;LK;LK-7;Anuradhapura;no;VCCA;ACJ;;;https://en.wikipedia.org/wiki/Anuradhapura_Airport
26465;VCCB;medium_airport;Batticaloa Airport;7.70576;81.678802;20;AS;LK;LK-5;Batticaloa;yes;VCCB;BTC;;;https://en.wikipedia.org/wiki/Batticaloa_Airport
26466;VCCC;medium_airport;Colombo Ratmalana Airport;6.821990013122559;79.88619995117188;22;AS;LK;LK-1;Colombo;yes;VCCC;RML;;;https://en.wikipedia.org/wiki/Ratmalana_Airport
26467;VCCG;medium_airport;Ampara Airport;7.336745;81.623869;150;AS;LK;LK-5;Ampara;no;VCCG;ADP;;;https://en.wikipedia.org/wiki/Amparai_Airport
31927;VCCH;medium_airport;Hingurakgoda Air Force Base;8.04981;80.9814;170;AS;LK;LK-7;Polonnaruwa Town;no;VCCH;HIM;;http://www.airforce.lk/pages.php?pages=hingurakgoda;https://en.wikipedia.org/wiki/Hingurakgoda_Airport
26468;VCCJ;medium_airport;Jaffna International Airport;9.79233;80.070099;33;AS;LK;LK-4;Jaffna;yes;VCCJ;JAF;;;https://en.wikipedia.org/wiki/Jaffna_International_Airport
26469;VCCK;medium_airport;Koggala Airport;5.993680000305176;80.32029724121094;10;AS;LK;LK-3;Galle;yes;VCCK;KCT;;;https://en.wikipedia.org/wiki/Koggala_Airport
26471;VCCT;medium_airport;China Bay Airport;8.5385103225708;81.18190002441406;6;AS;LK;LK-5;Trincomalee;yes;VCCT;TRR;;;https://en.wikipedia.org/wiki/China_Bay_Airport
309579;VCRI;large_airport;Mattala Rajapaksa International Airport;6.284467;81.124128;157;AS;LK;LK-3;Mattala;yes;VCRI;HRI;VCRI;http://www.mria.lk/;https://en.wikipedia.org/wiki/Mattala_Rajapaksa_International_Airport
26473;VDBG;medium_airport;Battambang Airport;13.0956;103.223999;59;AS;KH;KH-2;Battambang;yes;VDBG;BBM;;;https://en.wikipedia.org/wiki/Battambang_Airport
26474;VDKH;medium_airport;Kampong Chhnang Airport;12.255032;104.564657;56;AS;KH;KH-4;Kampong Chhnang;no;VDKH;KZC;;;https://en.wikipedia.org/wiki/Kampong_Chhnang_Airport
26475;VDPP;large_airport;Phnom Penh International Airport;11.5466;104.844002;40;AS;KH;KH-12;Phnom Penh (Pou Senchey);yes;VDPP;PNH;;http://www.cambodia-airports.com/phnompenh/en/;https://en.wikipedia.org/wiki/Phnom_Penh_International_Airport
35306;VDRK;medium_airport;Ratanakiri Airport;13.729999542236328;106.98699951171875;;AS;KH;KH-16;Ratanakiri;no;VDRK;RBE;;;https://en.wikipedia.org/wiki/Ratanankiri_Airport
513482;VDSA;large_airport;Siem Reap-Angkor International Airport;13.369167;104.223056;191;AS;KH;KH-17;Siem Reap;yes;VDSA;SAI;;;https://en.wikipedia.org/wiki/Siem_Reap–Angkor_International_Airport
26488;VEAN;medium_airport;Along Airport;28.17530059814453;94.802001953125;900;AS;IN;IN-AR;;no;VEAN;IXV;;;https://en.wikipedia.org/wiki/Along_Airport
26489;VEAT;medium_airport;Agartala - Maharaja Bir Bikram Airport;23.886999;91.240402;46;AS;IN;IN-TR;Agartala;yes;VEAT;IXA;;;https://en.wikipedia.org/wiki/Agartala_Airport
26491;VEBD;medium_airport;Bagdogra Airport;26.68120002746582;88.32859802246094;412;AS;IN;IN-WB;Siliguri;yes;VEBD;IXB;;http://aai.aero/allAirports/bagdogra_generalinfo.jsp;https://en.wikipedia.org/wiki/Bagdogra_Airport
26492;VEBI;medium_airport;Shillong Airport;25.70359992980957;91.97869873046875;2910;AS;IN;IN-ML;Shillong;yes;VEBI;SHL;;;https://en.wikipedia.org/wiki/Shillong_Airport
26494;VEBS;medium_airport;Biju Patnaik Airport;20.244400024399997;85.8178024292;138;AS;IN;IN-OR;Bhubaneswar;yes;VEBS;BBI;;http://aai.aero/allAirports/bhubaneshwar_generalinfo.jsp;https://en.wikipedia.org/wiki/Biju_Patnaik_Airport
26496;VECC;large_airport;Netaji Subhash Chandra Bose International Airport;22.654699;88.446701;16;AS;IN;IN-WB;Kolkata;yes;VECC;CCU;;https://www.nscbiairport.com/;https://en.wikipedia.org/wiki/Netaji_Subhash_Chandra_Bose_International_Airport
26498;VEDB;medium_airport;Dhanbad Airport;23.834;86.425301;847;AS;IN;IN-BR;;no;VEDB;DBD;;;https://en.wikipedia.org/wiki/Dhanbad_Airport
317982;VEDG;medium_airport;Kazi Nazrul Islam Airport;23.6225;87.243;300;AS;IN;IN-WB;Durgapur;yes;VEDG;RDP;;;https://en.wikipedia.org/wiki/Kazi_Nazrul_Islam_Airport
26500;VEGK;medium_airport;Gorakhpur Airport;26.739700317399997;83.4496994019;259;AS;IN;IN-UP;Gorakhpur;yes;VEGK;GOP;;http://www.aai.aero/allAirports/gorakhpur.jsp;https://en.wikipedia.org/wiki/Gorakhpur_Airport
26501;VEGT;medium_airport;Lokpriya Gopinath Bordoloi International Airport;26.10610008239746;91.58589935302734;162;AS;IN;IN-AS;Guwahati;yes;VEGT;GAU;;http://aai.aero/guwahati/index.jsp;https://en.wikipedia.org/wiki/Lokpriya_Gopinath_Bordoloi_International_Airport
26502;VEGY;medium_airport;Gaya Airport;24.744301;84.951202;380;AS;IN;IN-BR;Gaya;yes;VEGY;GAY;;;https://en.wikipedia.org/wiki/Gaya_Airport
26504;VEIM;medium_airport;Imphal Airport;24.7600002289;93.896697998;2540;AS;IN;IN-MN;Imphal;yes;VEIM;IMF;;http://www.aai.aero/allAirports/imphal_gen.jsp;https://en.wikipedia.org/wiki/Imphal_Airport
26506;VEJS;medium_airport;Sonari Airport;22.813786;86.169739;475;AS;IN;IN-JH;Jamshedpur;no;VEJS;IXW;;;https://en.wikipedia.org/wiki/Sonari_Airport
26507;VEJT;medium_airport;Jorhat Airport;26.7315006256;94.1754989624;311;AS;IN;IN-AS;Jorhat;yes;VEJT;JRH;;http://aai.aero/allAirports/jorhat_airpo_gi.jsp;https://en.wikipedia.org/wiki/Jorhat_Airport
350147;VEKI;medium_airport;Kushinagar International Airport;26.776534;83.889214;266;AS;IN;IN-UP;Kushinagar;no;VEKI;KBK;;;https://en.wikipedia.org/wiki/Kushinagar_International_Airport
26508;VEKR;medium_airport;Kailashahar Airport;24.308657;92.00768;79;AS;IN;IN-TR;Kailashahar;no;VEKR;IXH;;;https://en.wikipedia.org/wiki/Kailashahar_Airport
26509;VEKU;medium_airport;Silchar Airport;24.9129009247;92.97869873050001;352;AS;IN;IN-AS;Silchar;yes;VEKU;IXS;;http://aai.aero/allAirports/silchar_general.jsp;https://en.wikipedia.org/wiki/Silchar_Airport
26510;VELP;medium_airport;Lengpui Airport;23.840599;92.619698;1398;AS;IN;IN-MZ;Aizawl (Lengpui);yes;VELP;AJL;;http://www.aai.aero/allAirports/lengpui.jsp;https://en.wikipedia.org/wiki/Lengpui_Airport
26511;VELR;medium_airport;Lilabari North Lakhimpur Airport;27.2955;94.097603;330;AS;IN;IN-AS;Lilabari;yes;VELR;IXI;;;https://en.wikipedia.org/wiki/Lilabari_Airport
26512;VEMN;medium_airport;Dibrugarh Airport;27.4839000702;95.0168991089;362;AS;IN;IN-AS;Dibrugarh;yes;VEMN;DIB;;;https://en.wikipedia.org/wiki/Dibrugarh_Airport
26513;VEMR;medium_airport;Dimapur Airport;25.883899688699998;93.77110290530001;487;AS;IN;IN-NL;Dimapur;yes;VEMR;DMU;;;https://en.wikipedia.org/wiki/Dimapur_Airport
26514;VEMZ;medium_airport;Muzaffarpur Airport;26.119101;85.313698;174;AS;IN;IN-BR;Muzaffarpur;no;VEMZ;MZU;;;https://en.wikipedia.org/wiki/Muzaffarpur_Airport
26516;VEPH;medium_airport;Panagarh Air Force Station;23.474300384499998;87.4274978638;240;AS;IN;IN-WB;;no;VEPH;;;;https://en.wikipedia.org/wiki/Panagarh_Airport
26517;VEPT;medium_airport;Jay Prakash Narayan Airport;25.591299;85.087997;170;AS;IN;IN-BR;Patna;yes;VEPT;PAT;;http://airportsindia.org.in/allAirports/patna_techinfo.jsp;https://en.wikipedia.org/wiki/Jay_Prakash_Narayan_Airport
26519;VERC;medium_airport;Birsa Munda Airport;23.314300537100003;85.3217010498;2148;AS;IN;IN-JH;Ranchi;yes;VERC;IXR;;http://airportsindia.org.in/allAirports/ranchi.jsp;https://en.wikipedia.org/wiki/Birsa_Munda_Airport
26520;VERK;medium_airport;Rourkela Airport;22.256571;84.815193;659;AS;IN;IN-OR;Rourkela;no;VERK;RRK;;;https://en.wikipedia.org/wiki/Rourkela_Airport
26521;VETZ;medium_airport;Tezpur Airport;26.7091007232666;92.78469848632812;240;AS;IN;IN-AS;;yes;VETZ;TEZ;;;https://en.wikipedia.org/wiki/Tezpur_Airport
26523;VEVZ;medium_airport;Visakhapatnam Airport;17.723506;83.227729;15;AS;IN;IN-AP;Visakhapatnam;yes;VOVZ;VTZ;;http://www.vizagairport.in/;https://en.wikipedia.org/wiki/Visakhapatnam_Airport
26524;VEZO;medium_airport;Ziro Airport;27.588301;93.828102;5403;AS;IN;IN-AR;Ziro;no;VEZO;ZER;;;https://en.wikipedia.org/wiki/Zero_Airport
26525;VGBR;medium_airport;Barisal Airport;22.801000595092773;90.30120086669922;23;AS;BD;BD-1;Barisal;yes;VGBR;BZL;;;https://en.wikipedia.org/wiki/Barisal_Airport
26526;VGCB;medium_airport;Cox's Bazar Airport;21.452199935913086;91.96389770507812;12;AS;BD;BD-2;Cox's Bazar;yes;VGCB;CXB;;;https://en.wikipedia.org/wiki/Cox's_Bazar_Airport
26527;VGEG;medium_airport;Shah Amanat International Airport;22.249599;91.813301;12;AS;BD;BD-2;Chattogram (Chittagong);yes;VGEG;CGP;;;https://en.wikipedia.org/wiki/Shah_Amanat_International_Airport
26528;VGIS;medium_airport;Ishurdi Airport;24.1525;89.0494;45;AS;BD;BD-5;Ishurdi;no;VGIS;IRD;;;https://en.wikipedia.org/wiki/Ishwardi_Airport
26529;VGJR;medium_airport;Jessore Airport;23.1838;89.160797;20;AS;BD;BD-4;Jashore (Jessore);yes;VGJR;JSR;;;https://en.wikipedia.org/wiki/Jessore_Airport
26530;VGRJ;medium_airport;Shah Mokhdum Airport;24.43720054626465;88.61650085449219;64;AS;BD;BD-5;Rajshahi;yes;VGRJ;RJH;;;https://en.wikipedia.org/wiki/Shah_Makhdum_Airport
26531;VGSD;medium_airport;Saidpur Airport;25.759199142456055;88.90889739990234;125;AS;BD;BD-5;Saidpur;yes;VGSD;SPD;;;https://en.wikipedia.org/wiki/Saidpur_Airport
26532;VGSY;medium_airport;Osmany International Airport;24.963832;91.864843;50;AS;BD;BD-6;Sylhet;yes;VGSY;ZYL;;;https://en.wikipedia.org/wiki/Osmani_International_Airport
26534;VGZR;large_airport;Hazrat Shahjalal International Airport;23.843347;90.397783;30;AS;BD;BD-3;Dhaka;yes;VGHS;DAC;;;https://en.wikipedia.org/wiki/Shahjalal_International_Airport
26535;VHHH;large_airport;Hong Kong International Airport;22.308901;113.915001;28;AS;HK;HK-NT;Hong Kong;yes;VHHH;HKG;;http://www.hongkongairport.com/;https://en.wikipedia.org/wiki/Hong_Kong_International_Airport
26536;VHSK;medium_airport;Shek Kong Air Base;22.4366;114.080002;50;AS;HK;HK-NT;Islands;no;VHSK;;;;https://en.wikipedia.org/wiki/Shek_Kong_Airfield
26537;VIAG;medium_airport;Agra Airport / Agra Air Force Station;27.157683;77.960942;551;AS;IN;IN-UP;Agra;yes;VIAG;AGR;;;https://en.wikipedia.org/wiki/Agra_Airport
26538;VIAL;medium_airport;Prayagraj Airport;25.4401;81.733902;322;AS;IN;IN-UP;Allahabad;yes;VEAB;IXD;VEAB;https://www.aai.aero/en/node/75695;https://en.wikipedia.org/wiki/Prayagraj_Airport
26539;VIAM;medium_airport;Ambala Air Force Station;30.368099;76.816704;909;AS;IN;IN-HR;Ambala;no;VIAM;;VI18;;https://en.wikipedia.org/wiki/Halwara_Air_Force_Base
26540;VIAR;medium_airport;Sri Guru Ram Dass Jee International Airport;31.7096;74.797302;756;AS;IN;IN-PB;Amritsar;yes;VIAR;ATQ;;http://www.aai.aero/allAirports/amritsar_generalinfo.jsp;https://en.wikipedia.org/wiki/Sri_Guru_Ram_Dass_Jee_International_Airport
26543;VIBK;medium_airport;Nal Airport;28.070601;73.207199;750;AS;IN;IN-RJ;Bikaner;no;VIBK;BKB;;;https://en.wikipedia.org/wiki/Bikaner_Airport
26545;VIBN;medium_airport;Lal Bahadur Shastri Airport;25.452129;82.861805;266;AS;IN;IN-UP;Varanasi;yes;VEBN;VNS;;https://www.aai.aero/en/airports/varanasi;https://en.wikipedia.org/wiki/Lal_Bahadur_Shastri_Airport
26546;VIBR;medium_airport;Kullu Manali Airport;31.876699;77.154404;3573;AS;IN;IN-HP;Bhuntar;no;VIBR;KUU;;;https://en.wikipedia.org/wiki/Kullu%E2%80%93Manali_Airport
26547;VIBT;medium_airport;Bhatinda Air Force Station;30.2701;74.755798;662;AS;IN;IN-PB;;no;VIBT;BUP;;;https://en.wikipedia.org/wiki/Bathinda_Airport
26549;VIBY;medium_airport;Bareilly Air Force Station;28.4221;79.450798;580;AS;IN;IN-UP;Bareilly;yes;VIBY;BEK;;;https://en.wikipedia.org/wiki/Trishul_Air-base
26550;VICG;medium_airport;Chandigarh International Airport;30.6735;76.788498;1012;AS;IN;IN-CH;Chandigarh;yes;VICG;IXC;;;https://en.wikipedia.org/wiki/Chandigarh_Airport
26551;VICX;medium_airport;Kanpur Airport;26.404301;80.410103;410;AS;IN;IN-UP;Kanpur;yes;VEKA;KNU;VEKA;;https://en.wikipedia.org/wiki/Kanpur_Airport
26552;VIDD;medium_airport;Safdarjung Airport;28.585453;77.203563;705;AS;IN;IN-DL;New Delhi;no;VIDD;;;;https://en.wikipedia.org/wiki/Safdarjung_Airport
26554;VIDN;medium_airport;Dehradun Jolly Grant Airport;30.189243;78.176651;1831;AS;IN;IN-UT;Dehradun (Jauligrant);yes;VIDN;DED;;http://aai.aero/allAirports/dehradun_generalinfo.jsp;https://en.wikipedia.org/wiki/Jolly_Grant_Airport
26555;VIDP;large_airport;Indira Gandhi International Airport;28.55563;77.09519;777;AS;IN;IN-DL;New Delhi;yes;VIDP;DEL;;http://www.newdelhiairport.in/;https://en.wikipedia.org/wiki/Indira_Gandhi_International_Airport
26557;VIGG;medium_airport;Kangra Airport;32.164902;76.263018;2525;AS;IN;IN-HP;Kangra;yes;VIGG;DHM;;https://www.aai.aero/en/airports/kangra-gaggal;https://en.wikipedia.org/wiki/Kangra_Airport
26558;VIGR;medium_airport;Gwalior Airport;26.29330062866211;78.22779846191406;617;AS;IN;IN-MP;Gwalior;yes;VIGR;GWL;;;https://en.wikipedia.org/wiki/Gwalior_Airport
26559;VIHR;medium_airport;Hisar Airport;29.179399;75.755302;700;AS;IN;IN-HR;Hisar;yes;VIHR;HSS;;;https://en.wikipedia.org/wiki/Hisar_Airport
26562;VIJO;medium_airport;Jodhpur Airport;26.251100540161133;73.04889678955078;717;AS;IN;IN-RJ;Jodhpur;yes;VIJO;JDH;;;https://en.wikipedia.org/wiki/Jodhpur_Airport
26563;VIJP;medium_airport;Jaipur International Airport;26.8242;75.812202;1263;AS;IN;IN-RJ;Jaipur;yes;VIJP;JAI;;https://www.jaipurairport.com/;https://en.wikipedia.org/wiki/Jaipur_International_Airport
26564;VIJR;medium_airport;Jaisalmer Airport;26.8887;70.864998;751;AS;IN;IN-RJ;;yes;VIJR;JSA;;;https://en.wikipedia.org/wiki/Jaisalmer_Airport
26565;VIJU;medium_airport;Jammu Airport;32.688849;74.838152;996;AS;IN;IN-JK;Jammu;yes;VIJU;IXJ;;;https://en.wikipedia.org/wiki/Jammu_Airport
327453;VIKG;medium_airport;Kishangarh Airport Ajmer;26.591007;74.812956;;AS;IN;IN-RJ;Ajmer (Kishangarh);yes;VIKG;KQH;;;https://en.wikipedia.org/wiki/Kishangarh_Airport
26567;VIKO;medium_airport;Kota Airport;25.160200119;75.84559631350001;896;AS;IN;IN-RJ;Kota;no;VIKO;KTU;;;https://en.wikipedia.org/wiki/Kota_Airport
26568;VILD;medium_airport;Ludhiana Airport;30.854700088500977;75.95259857177734;834;AS;IN;IN-PB;;no;VILD;LUH;;;https://en.wikipedia.org/wiki/Sahnewal_Airport
26569;VILH;medium_airport;Leh Kushok Bakula Rimpochee Airport;34.135899;77.546501;10682;AS;IN;IN-LA;Leh;yes;VILH;IXL;;http://airportsindia.org.in/allAirports/leh_generalinfo.jsp;https://en.wikipedia.org/wiki/Leh_Kushok_Bakula_Rimpochee_Airport
26570;VILK;medium_airport;Chaudhary Charan Singh International Airport;26.7605991364;80.8892974854;410;AS;IN;IN-UP;Lucknow;yes;VILK;LKO;;http://aai.aero/allAirports/lucknow_generalinfo.jsp;https://en.wikipedia.org/wiki/Amausi_Airport
26571;VIPK;medium_airport;Pathankot Airport;32.233611;75.634444;1017;AS;IN;IN-PB;Pathankot;yes;VIPK;IXP;;;https://en.wikipedia.org/wiki/Pathankot_Airport
26573;VIPT;medium_airport;Pantnagar Airport;29.0334;79.473701;769;AS;IN;IN-UP;Pantnagar;yes;VIPT;PGH;;;https://en.wikipedia.org/wiki/Pantnagar_Airport
26575;VISA;medium_airport;Sirsa Air Force Station;29.5606;75.006104;650;AS;IN;IN-HR;;no;VISA;;;;https://en.wikipedia.org/wiki/Sirsa_Air_Force_Station
26578;VISR;medium_airport;Sheikh ul Alam International Airport;33.987099;74.7742;5429;AS;IN;IN-JK;Srinagar;yes;VISR;SXR;;;https://en.wikipedia.org/wiki/Srinagar_Airport
26581;VIUX;medium_airport;Udhampur Air Force Station;32.902152;75.155709;2066;AS;IN;IN-JK;Udhampur;no;VIUX;;;;
26583;VLLB;medium_airport;Luang Phabang International Airport;19.897300720214844;102.16100311279297;955;AS;LA;LA-LP;Luang Phabang;yes;VLLB;LPQ;;;https://en.wikipedia.org/wiki/Luang_Prabang_International_Airport
26584;VLPS;medium_airport;Pakse International Airport;15.132100105285645;105.78099822998047;351;AS;LA;LA-CH;Pakse;yes;VLPS;PKZ;;;https://en.wikipedia.org/wiki/Pakse_Airport
26586;VLSK;medium_airport;Savannakhet Airport;16.55660057067871;104.76000213623047;509;AS;LA;LA-SV;;no;VLSK;ZVK;;;https://en.wikipedia.org/wiki/Savannakhet_Airport
26587;VLSN;medium_airport;Sam Neua Airport;20.4184;104.067001;3281;AS;LA;LA-HO;;no;VLSN;NEU;;;https://en.wikipedia.org/wiki/Nathong_Airport
26588;VLVT;medium_airport;Wattay International Airport;17.988300323500003;102.56300354;564;AS;LA;LA-VT;Vientiane;yes;VLVT;VTE;;http://www.vientianeairport.com/;https://en.wikipedia.org/wiki/Wattay_International_Airport
26589;VMMC;large_airport;Macau International Airport;22.149599;113.592003;20;AS;MO;MO-CAR;Nossa Senhora do Carmo;yes;VMMC;MFM;;http://www.macau-airport.gov.mo/en/index.php;https://en.wikipedia.org/wiki/Macau_International_Airport
26593;VNBW;medium_airport;Gautam Buddha International Airport;27.505328;83.412594;358;AS;NP;NP-P5;Siddharthanagar (Bhairahawa);yes;VNBW;BWA;;;https://en.wikipedia.org/wiki/Gautam_Buddha_Airport
26595;VNJP;medium_airport;Janakpur Airport;26.708799;85.922401;256;AS;NP;NP-P2;Janakpur;yes;VNJP;JKR;;;https://en.wikipedia.org/wiki/Janakpur_Airport
26596;VNKT;large_airport;Tribhuvan International Airport;27.6966;85.3591;4390;AS;NP;NP-P3;Kathmandu;yes;VNKT;KTM;;http://www.tiairport.com.np/index.php;https://en.wikipedia.org/wiki/Tribhuvan_International_Airport
26597;VNNG;medium_airport;Nepalgunj Airport;28.1036;81.667;540;AS;NP;NP-P5;Nepalgunj;yes;VNNG;KEP;;;https://en.wikipedia.org/wiki/Nepalgunj_Airport
26598;VNPK;medium_airport;Pokhara Airport;28.200621;83.981203;2712;AS;NP;NP-P4;Pokhara;yes;VNPK;;;;https://en.wikipedia.org/wiki/Pokhara_Airport
308293;VNTJ;medium_airport;Taplejung Airport;27.3509;87.69525;7990;AS;NP;NP-P1;Taplejung;yes;VNTJ;TPJ;;;https://en.wikipedia.org/wiki/Taplejung_Airport
26600;VNVT;medium_airport;Biratnagar Airport;26.48150062561035;87.26399993896484;236;AS;NP;NP-P1;Biratnagar;yes;VNVT;BIR;;;https://en.wikipedia.org/wiki/Biratnagar_Airport
26602;VOAT;medium_airport;Agatti Airport;10.8237;72.176003;14;AS;IN;IN-LD;Agatti;yes;VOAT;AGX;;;https://en.wikipedia.org/wiki/Agatti_Aerodrome
26603;VOBG;medium_airport;HAL Airport;12.95;77.668198;2912;AS;IN;IN-KA;Bangalore;no;VOBG;;;;https://en.wikipedia.org/wiki/HAL_Bangalore_International_Airport
26604;VOBI;medium_airport;Bellary Airport;15.162799835205078;76.88279724121094;30;AS;IN;IN-KA;Bellary;no;VOBI;BEP;;;https://en.wikipedia.org/wiki/Bellary_Airport
35145;VOBL;large_airport;Kempegowda International Airport;13.1979;77.706299;3000;AS;IN;IN-KA;Bangalore;yes;VOBL;BLR;;http://www.bengaluruairport.com/home/home.jspx;https://en.wikipedia.org/wiki/Kempegowda_International_Airport
26605;VOBR;medium_airport;Bidar Airport / Bidar Air Force Station;17.9081;77.487099;2178;AS;IN;IN-KA;Bidar;no;VOBR;IXX;;;https://en.wikipedia.org/wiki/Bidar_Airport
26606;VOBZ;medium_airport;Vijayawada Airport;16.530399;80.796799;82;AS;IN;IN-AP;Gannavaram;yes;VOBZ;VGA;;https://www.aai.aero/en/airports/vijayawada;https://en.wikipedia.org/wiki/Vijayawada_Airport
26607;VOCB;medium_airport;Coimbatore International Airport;11.029999733;77.0434036255;1324;AS;IN;IN-TN;Coimbatore;yes;VOCB;CJB;;http://www.airportsindia.org.in/allAirports/coimbatore_generalinfo.jsp;https://en.wikipedia.org/wiki/Coimbatore_Airport
26609;VOCI;large_airport;Cochin International Airport;10.152;76.401901;30;AS;IN;IN-KL;Kochi;yes;VOCI;COK;;http://www.cial.aero/;https://en.wikipedia.org/wiki/Cochin_International_Airport
26610;VOCL;medium_airport;Calicut International Airport;11.1368;75.955299;342;AS;IN;IN-KL;Calicut;yes;VOCL;CCJ;;;https://en.wikipedia.org/wiki/Calicut_International_Airport
26611;VOCP;medium_airport;Kadapa Airport;14.513154;78.769183;430;AS;IN;IN-AP;Kadapa;yes;VOCP;CDP;;;https://en.wikipedia.org/wiki/Kadapa_Airport
26612;VOCX;medium_airport;Car Nicobar Air Force Base;9.153056;92.819273;5;AS;IN;IN-AN;IAF Camp;no;VOCX;CBD;;;https://en.wikipedia.org/wiki/Car_Nicobar_Air_Force_Base
26613;VODG;medium_airport;Dundigul Air Force Academy;17.627199173;78.4033966064;2013;AS;IN;IN-TG;Hyderabad;no;VODG;;;;https://en.wikipedia.org/wiki/Dundigul_Air_Force_Academy
35141;VOHS;large_airport;Rajiv Gandhi International Airport;17.231318;78.429855;2024;AS;IN;IN-TG;Hyderabad;yes;VOHS;HYD;;http://www.hyderabad.aero/;https://en.wikipedia.org/wiki/Rajiv_Gandhi_International_Airport
26615;VOHY;medium_airport;Begumpet Airport;17.4531;78.467598;1742;AS;IN;IN-TG;Hyderabad;no;VOHY;BPM;;;https://en.wikipedia.org/wiki/Begumpet_Airport
329504;VOKN;medium_airport;Kannur International Airport;11.918614;75.547211;330;AS;IN;IN-KL;Kannur;yes;VOKN;CNN;;;https://en.wikipedia.org/wiki/Kannur_International_Airport
340146;VOKU;medium_airport;Kurnool Airport;15.716288;78.16923;920;AS;IN;IN-AP;Orvakal;yes;VOKU;KJB;KJB;;https://en.wikipedia.org/wiki/Kurnool_Airport
26616;VOMD;medium_airport;Madurai Airport;9.83450984955;78.09339904790001;459;AS;IN;IN-TN;Madurai;yes;VOMD;IXM;;http://www.airportsindia.org.in/allAirports/madurai_airpo_gi.jsp;https://en.wikipedia.org/wiki/Madurai_Airport
26617;VOML;medium_airport;Mangalore International Airport;12.9612998962;74.8900985718;337;AS;IN;IN-KA;Mangalore;yes;VOML;IXE;;;https://en.wikipedia.org/wiki/Mangalore_International_Airport
26618;VOMM;large_airport;Chennai International Airport;12.990005;80.169296;52;AS;IN;IN-TN;Chennai;yes;VOMM;MAA;;;https://en.wikipedia.org/wiki/Chennai_International_Airport
26620;VOPB;medium_airport;Veer Savarkar International Airport / INS Utkrosh;11.641208;92.729643;13;AS;IN;IN-AN;Port Blair;yes;VOPB;IXZ;;;https://en.wikipedia.org/wiki/Veer_Savarkar_International_Airport
26621;VOPC;medium_airport;Pondicherry Airport;11.968;79.812;134;AS;IN;IN-PY;Puducherry (Pondicherry);yes;VOPC;PNY;;;https://en.wikipedia.org/wiki/Pondicherry_Airport
26622;VOPN;medium_airport;Sri Sathya Sai Airport;14.1492996216;77.7910995483;1558;AS;IN;IN-AP;Puttaparthi;no;VOPN;PUT;;;https://en.wikipedia.org/wiki/Sri_Sathya_Sai_Airport
26623;VORY;medium_airport;Rajahmundry Airport;17.105799;81.813204;151;AS;IN;IN-AP;Madhurapudi;yes;VORY;RJA;;http://aai.aero/allAirports/rajahmundry_generalinfo.jsp;https://en.wikipedia.org/wiki/Rajahmundry_Airport
26624;VOSM;medium_airport;Salem Airport;11.78330039978;78.06559753418;1008;AS;IN;IN-TN;Salem;no;VOSM;SXV;;;https://en.wikipedia.org/wiki/Salem_Airport_(India)
508348;VOSR;medium_airport;Sindhudurg Airport;16;73.533333;202;AS;IN;IN-MM;Sindhudurg;yes;VOSR;SDW;VOSR;;https://en.wikipedia.org/wiki/Sindhudurg_Airport
26628;VOTR;medium_airport;Tiruchirappalli International Airport;10.766223;78.71774;288;AS;IN;IN-TN;Tiruchirappalli;yes;VOTR;TRZ;;;https://en.wikipedia.org/wiki/Tiruchirappalli_International_Airport
26629;VOTV;large_airport;Thiruvananthapuram International Airport;8.48212;76.920097;15;AS;IN;IN-KL;Thiruvananthapuram;yes;VOTV;TRV;;;https://en.wikipedia.org/wiki/Trivandrum_International_Airport
308995;VQGP;medium_airport;Gelephu Airport;26.88456;90.46412;980;AS;BT;BT-31;Gelephu;no;VQGP;GLU;;;https://en.wikipedia.org/wiki/Gelephu_Airport
26632;VQPR;medium_airport;Paro International Airport;27.4032;89.424599;7364;AS;BT;BT-11;Paro;yes;VQPR;PBH;;https://www.paroairport.com/;https://en.wikipedia.org/wiki/Paro_Airport
335882;VRDA;medium_airport;Maafaru International Airport;5.818394;73.469181;6;AS;MV;MV-25;Noonu Atoll;yes;VRDA;NMF;;http://www.maafaruairport.com;https://en.wikipedia.org/wiki/Maafaru_International_Airport
26633;VRMG;medium_airport;Gan International Airport;-0.692694;73.151557;6;AS;MV;MV-01;Gan;yes;VRMG;GAN;;https://web.archive.org/web/20100209061635/http://www.airports.com.mv:80/domestic/gan.htm;https://en.wikipedia.org/wiki/Gan_International_Airport
26634;VRMH;medium_airport;Hanimaadhoo Airport;6.744229793548584;73.17050170898438;4;AS;MV;MV-23;Haa Dhaalu Atoll;yes;VRMH;HAQ;;;https://en.wikipedia.org/wiki/Hanimaadhoo_Airport
26635;VRMK;medium_airport;Kadhdhoo Airport;1.8591699600219727;73.52189636230469;4;AS;MV;MV-05;Kadhdhoo;yes;VRMK;KDO;;;https://en.wikipedia.org/wiki/Kadhdhoo_Airport
26636;VRMM;large_airport;Malé International Airport;4.191830158233643;73.52909851074219;6;AS;MV;MV-MLE;Malé;yes;VRMM;MLE;;http://www.airports.com.mv/;https://en.wikipedia.org/wiki/Mal%C3%A9_International_Airport
26637;VRMT;medium_airport;Kaadedhdhoo Airport;0.488131;72.996902;2;AS;MV;MV-28;Huvadhu Atoll;yes;VRMT;KDM;;;https://en.wikipedia.org/wiki/Kaadedhdhoo_Domestic_Airport
301316;VRMV;medium_airport;Villa Airport;3.470556;72.835833;6;AS;MV;MV-00;Maamigili;yes;VRMV;VAM;;;https://en.wikipedia.org/wiki/Maamigili_Airport
26638;VTBD;large_airport;Don Mueang International Airport;13.9125995636;100.607002258;9;AS;TH;TH-10;Bangkok;yes;VTBD;DMK;;http://www2.airportthai.co.th/airportnew/bangkok/index.asp?lang=en;https://en.wikipedia.org/wiki/Don_Mueang_International_Airport
26641;VTBK;medium_airport;Kamphaeng Saen Airport;14.1020002365;99.9171981812;30;AS;TH;TH-72;Nakhon Pathom;no;VTBK;KDT;;;
26642;VTBL;medium_airport;Khok Kathiam Airport;14.8746;100.663002;123;AS;TH;TH-16;;no;VTBL;;;;https://en.wikipedia.org/wiki/Khok_Kathiam_Air_Force_Base
26643;VTBO;medium_airport;Trat Airport;12.2746;102.319;105;AS;TH;TH-23;Laem Ngop;yes;VTBO;TDX;;;https://en.wikipedia.org/wiki/Trat_Airport
28118;VTBS;large_airport;Suvarnabhumi Airport;13.681099891662598;100.74700164794922;5;AS;TH;TH-10;Bangkok;yes;VTBS;BKK;;;https://en.wikipedia.org/wiki/Suvarnabhumi_Airport
26645;VTBU;medium_airport;U-Tapao International Airport;12.679900169372559;101.00499725341797;42;AS;TH;TH-21;Rayong;yes;VTBU;UTP;;http://www.utapao.com/;https://en.wikipedia.org/wiki/U-Tapao_International_Airport
26647;VTCC;large_airport;Chiang Mai International Airport;18.766799926799997;98.962600708;1036;AS;TH;TH-50;Chiang Mai;yes;VTCC;CNX;;;https://en.wikipedia.org/wiki/Chiang_Mai_International_Airport
26648;VTCH;medium_airport;Mae Hong Son Airport;19.3013;97.9758;929;AS;TH;TH-58;Mae Hong Son;yes;VTCH;HGN;;;https://en.wikipedia.org/wiki/Mae_Hong_Son_Airport
26649;VTCL;medium_airport;Lampang Airport;18.27090072631836;99.50420379638672;811;AS;TH;TH-52;;yes;VTCL;LPT;;;https://en.wikipedia.org/wiki/Lampang_Airport
26650;VTCN;medium_airport;Nan Airport;18.807899475097656;100.78299713134766;685;AS;TH;TH-55;;yes;VTCN;NNT;;;https://en.wikipedia.org/wiki/Nan_Airport
26651;VTCP;medium_airport;Phrae Airport;18.1322;100.165001;538;AS;TH;TH-54;;no;VTCP;PRH;;;https://en.wikipedia.org/wiki/Phrae_Airport
26653;VTCT;medium_airport;Mae Fah Luang - Chiang Rai International Airport;19.952299;99.882896;1280;AS;TH;TH-57;Chiang Rai;yes;VTCT;CEI;;;https://en.wikipedia.org/wiki/Chiang_Rai_International_Airport
26654;VTPB;medium_airport;Phetchabun Airport;16.6760005951;101.194999695;450;AS;TH;TH-67;;yes;VTPB;PHY;;;https://en.wikipedia.org/wiki/Phetchabun_Airport
26655;VTPH;medium_airport;Hua Hin Airport;12.6361999512;99.951499939;62;AS;TH;TH-76;Hua Hin;yes;VTPH;HHQ;;;https://en.wikipedia.org/wiki/Hua_Hin_Airport
26656;VTPI;medium_airport;Takhli Airport;15.277299881;100.29599762;107;AS;TH;TH-60;;no;VTPI;TKH;;;https://en.wikipedia.org/wiki/Takhli_Royal_Thai_Air_Force_Base
26658;VTPM;medium_airport;Mae Sot Airport;16.699899673461914;98.54509735107422;690;AS;TH;TH-63;;yes;VTPM;MAQ;;;https://en.wikipedia.org/wiki/Mae_Sot_Airport
26660;VTPO;medium_airport;Sukhothai Airport;17.238000869750977;99.81819915771484;179;AS;TH;TH-64;;yes;VTPO;THS;;;https://en.wikipedia.org/wiki/Sukhothai_Airport
26661;VTPP;medium_airport;Phitsanulok Airport;16.7829;100.278999;154;AS;TH;TH-65;Phitsanulok;yes;VTPP;PHS;;;https://en.wikipedia.org/wiki/Phitsanulok_Airport
26662;VTPT;medium_airport;Tak Airport;16.896;99.253304;478;AS;TH;TH-63;;no;VTPT;TKT;;;https://en.wikipedia.org/wiki/Tak_Airport
26665;VTSB;medium_airport;Surat Thani Airport;9.13259983063;99.135597229;20;AS;TH;TH-84;Surat Thani;yes;VTSB;URT;;;https://en.wikipedia.org/wiki/Surat_Thani_Airport
26666;VTSC;medium_airport;Narathiwat Airport;6.5199198722839355;101.74299621582031;16;AS;TH;TH-96;;yes;VTSC;NAW;;;https://en.wikipedia.org/wiki/Narathiwat_Airport
26667;VTSE;medium_airport;Chumphon Airport;10.7112;99.361702;18;AS;TH;TH-86;Chumphon;yes;VTSE;CJM;;;https://en.wikipedia.org/wiki/Chumphon_Airport
26668;VTSF;medium_airport;Nakhon Si Thammarat Airport;8.539620399475098;99.9447021484375;13;AS;TH;TH-80;Nakhon Si Thammarat;yes;VTSF;NST;;;https://en.wikipedia.org/wiki/Nakhon_Si_Thammarat_Airport
26669;VTSG;medium_airport;Krabi Airport;8.09912014008;98.9861984253;82;AS;TH;TH-81;Krabi;yes;VTSG;KBV;;;https://en.wikipedia.org/wiki/Krabi_Airport
26670;VTSH;medium_airport;Songkhla Airport;7.186560153961182;100.60800170898438;12;AS;TH;TH-90;;no;VTSH;SGZ;;;
26671;VTSK;medium_airport;Pattani Airport;6.78546;101.153999;8;AS;TH;TH-94;;no;VTSK;PAN;;;https://en.wikipedia.org/wiki/Pattani_Airport
26672;VTSM;medium_airport;Samui Airport;9.54779;100.061996;64;AS;TH;TH-84;Na Thon (Ko Samui Island);yes;VTSM;USM;;http://www.samuiairportonline.com;https://en.wikipedia.org/wiki/Samui_Airport
26673;VTSN;medium_airport;Cha Eian Airport;8.47115039825;99.9555969238;44;AS;TH;TH-80;Nakhon Si Thammarat;no;VTSN;;;;https://en.wikipedia.org/wiki/Cha_Eian_Airport
26674;VTSP;large_airport;Phuket International Airport;8.1132;98.316902;82;AS;TH;TH-83;Phuket;yes;VTSP;HKT;;;https://en.wikipedia.org/wiki/Phuket_International_Airport
26675;VTSR;medium_airport;Ranong Airport;9.77762;98.585503;57;AS;TH;TH-85;Ranong;yes;VTSR;UNN;;;https://en.wikipedia.org/wiki/Ranong_Airport
26676;VTSS;medium_airport;Hat Yai International Airport;6.93320989609;100.392997742;90;AS;TH;TH-90;Hat Yai;yes;VTSS;HDY;;;https://en.wikipedia.org/wiki/Hat_Yai_International_Airport
26677;VTST;medium_airport;Trang Airport;7.50874;99.6166;67;AS;TH;TH-92;Trang;yes;VTST;TST;;;https://en.wikipedia.org/wiki/Trang_Airport
26678;VTUD;medium_airport;Udon Thani Airport;17.386400222800003;102.788002014;579;AS;TH;TH-41;Udon Thani;yes;VTUD;UTH;;http://www.udonthaniairport.com/;https://en.wikipedia.org/wiki/Udon_Thani_International_Airport
26679;VTUI;medium_airport;Sakon Nakhon Airport;17.195100784301758;104.11900329589844;529;AS;TH;TH-47;;yes;VTUI;SNO;;;https://en.wikipedia.org/wiki/Sakon_Nakhon_Airport
26680;VTUJ;medium_airport;Surin Airport;14.868300437927;103.49800109863;478;AS;TH;TH-32;Surin;yes;VTUJ;PXR;;;https://en.wikipedia.org/wiki/Surin_Airport
26681;VTUK;medium_airport;Khon Kaen Airport;16.466600418099997;102.783996582;670;AS;TH;TH-40;Khon Kaen;yes;VTUK;KKC;;;https://en.wikipedia.org/wiki/Khon_Kaen_Airport
26682;VTUL;medium_airport;Loei Airport;17.43910026550293;101.72200012207031;860;AS;TH;TH-42;;yes;VTUL;LOE;;;https://en.wikipedia.org/wiki/Loei_Airport
26684;VTUO;medium_airport;Buri Ram Airport;15.2295;103.252998;590;AS;TH;TH-31;Buriram;yes;VTUO;BFV;;;https://en.wikipedia.org/wiki/Buriram_Airport
26685;VTUQ;medium_airport;Nakhon Ratchasima Airport;14.9495;102.313004;765;AS;TH;TH-30;Chaloem Phra Kiat;no;VTUQ;NAK;;;https://en.wikipedia.org/wiki/Nakhon_Ratchasima_Airport
26687;VTUU;medium_airport;Ubon Ratchathani Airport;15.2512998581;104.870002747;406;AS;TH;TH-34;Ubon Ratchathani;yes;VTUU;UBP;;;https://en.wikipedia.org/wiki/Ubon_Ratchathani_Airport
26688;VTUV;medium_airport;Roi Et Airport;16.1168;103.774002;451;AS;TH;TH-45;Roi Et;yes;VTUV;ROI;;;https://en.wikipedia.org/wiki/Roi_Et_Airport
26689;VTUW;medium_airport;Nakhon Phanom Airport;17.383801;104.642998;587;AS;TH;TH-48;Nakhon Phanom;yes;VTUW;KOP;;;https://en.wikipedia.org/wiki/Nakhon_Phanom_Airport
26690;VVBM;medium_airport;Buon Ma Thuot Airport;12.668299675;108.120002747;1729;AS;VN;VN-CH;Buon Ma Thuot;yes;VVBM;BMV;;;https://en.wikipedia.org/wiki/Buon_Ma_Thuot_Airport
26692;VVCI;medium_airport;Cat Bi International Airport;20.81686;106.722994;6;AS;VN;VN-RRD;Haiphong (Hai An);yes;VVCI;HPH;;;https://en.wikipedia.org/wiki/Cat_Bi_Airport
301824;VVCM;medium_airport;Cà Mau Airport;9.177667;105.177778;6;AS;VN;VN-SW;Ca Mau City;yes;VVCM;CAH;;;https://en.wikipedia.org/wiki/C%C3%A0_Mau_Airport
26693;VVCR;medium_airport;Cam Ranh International Airport / Cam Ranh Air Base;11.9982;109.219002;40;AS;VN;VN-SCC;Cam Ranh;yes;VVCR;CXR;;;https://en.wikipedia.org/wiki/Cam_Ranh_International_Airport
26694;VVCS;medium_airport;Con Dao Airport;8.73183;106.633003;20;AS;VN;VN-SE;Con Dao;yes;VVCS;VCS;;;https://en.wikipedia.org/wiki/Con_Dao_Airport
26695;VVCT;medium_airport;Can Tho International Airport;10.0851;105.711998;9;AS;VN;VN-SW;Can Tho;yes;VVCT;VCA;;;https://en.wikipedia.org/wiki/Can_Tho_International_Airport
26696;VVDB;medium_airport;Dien Bien Phu Airport;21.3974990845;103.008003235;1611;AS;VN;VN-NW;Dien Bien Phu;yes;VVDB;DIN;;;https://en.wikipedia.org/wiki/Dien_Bien_Phu_Airport
30923;VVDL;medium_airport;Lien Khuong Airport;11.75;108.366997;3156;AS;VN;VN-CH;Da Lat;yes;VVDL;DLI;;;https://en.wikipedia.org/wiki/Lien_Khuong_Airport
26697;VVDN;medium_airport;Da Nang International Airport;16.0439;108.198997;33;AS;VN;VN-SCC;Da Nang;yes;VVDN;DAD;;;https://en.wikipedia.org/wiki/Da_Nang_International_Airport
26698;VVGL;medium_airport;Gia Lam Air Base;21.040501;105.886002;50;AS;VN;VN-RRD;Hanoi  (Long Bien);no;VVGL;;;;https://en.wikipedia.org/wiki/Gia_Lam_Airbase
26700;VVNB;large_airport;Noi Bai International Airport;21.221201;105.806999;39;AS;VN;VN-RRD;Hanoi (Soc Son);yes;VVNB;HAN;;;https://en.wikipedia.org/wiki/Noi_Bai_International_Airport
26702;VVPB;medium_airport;Phu Bai International Airport;16.400628;107.703094;48;AS;VN;VN-NC;Huế;yes;VVPB;HUI;;;https://en.wikipedia.org/wiki/Phu_Bai_International_Airport
26703;VVPC;medium_airport;Phu Cat Airport;13.955;109.042;80;AS;VN;VN-SCC;Quy Nohn;yes;VVPC;UIH;;https://vietnamairport.vn/phucatairport/;https://en.wikipedia.org/wiki/Phu_Cat_Airport
26704;VVPK;medium_airport;Pleiku Airport;14.004500389099121;108.01699829101562;2434;AS;VN;VN-CH;Pleiku;yes;VVPK;PXU;;;https://en.wikipedia.org/wiki/Pleiku_Air_Base
26705;VVPQ;medium_airport;Phu Quoc International Airport;10.1698;103.9931;37;AS;VN;VN-SW;Phu Quoc Island;yes;VVPQ;PQC;;;https://en.wikipedia.org/wiki/Phu_Quoc_International_Airport
32580;VVRG;medium_airport;Rach Gia Airport;9.95802997234;105.132379532;7;AS;VN;VN-SW;Rach Gia;yes;VVRG;VKG;;;https://en.wikipedia.org/wiki/Rach_Gia_Airport
26707;VVTH;medium_airport;Dong Tac Airport;13.0496;109.334;20;AS;VN;VN-SCC;Tuy Hoa;yes;VVTH;TBB;;;https://en.wikipedia.org/wiki/%C4%90%C3%B4ng_T%C3%A1c_(Tuy_Hoa)_Airport
26708;VVTS;large_airport;Tan Son Nhat International Airport;10.8188;106.652;33;AS;VN;VN-SE;Ho Chi Minh City;yes;VVTS;SGN;;http://www.tsnairport.hochiminhcity.gov.vn/;https://en.wikipedia.org/wiki/Tan_Son_Nhat_International_Airport
332254;VVVD;medium_airport;Van Don International Airport;21.120693;107.41539;24;AS;VN;VN-NE;Van Don;yes;VVVD;VDO;;http://www.vandon-airport.com/;https://en.wikipedia.org/wiki/Van_Don_International_Airport
26709;VVVH;medium_airport;Vinh Airport;18.7376003265;105.67099762;23;AS;VN;VN-NC;Vinh;yes;VVVH;VII;;;https://en.wikipedia.org/wiki/Vinh_Airport
26716;VYDW;medium_airport;Dawei Airport;14.103899955749512;98.20359802246094;84;AS;MM;MM-05;Dawei;yes;VYDW;TVY;;;https://en.wikipedia.org/wiki/Dawei_Airport
26717;VYEL;medium_airport;Nay Pyi Taw International Airport;19.623501;96.200996;302;AS;MM;MM-04;Pyinmana;yes;VYNT;NYT;;;https://en.wikipedia.org/wiki/Nay_Pyi_Taw_International_Airport
26720;VYKG;medium_airport;Kengtung Airport;21.301599502563477;99.63600158691406;2798;AS;MM;MM-17;Kengtung;yes;VYKG;KET;;;https://en.wikipedia.org/wiki/Kengtung_Airport
26722;VYKP;medium_airport;Kyaukpyu Airport;19.42639923095703;93.53479766845703;20;AS;MM;MM-16;Kyaukpyu;yes;VYKP;KYP;;;https://en.wikipedia.org/wiki/Kyaukpyu_Airport
26723;VYKT;medium_airport;Kawthoung Airport;10.049300193786621;98.53800201416016;180;AS;MM;MM-05;Kawthoung;yes;VYKT;KAW;;;https://en.wikipedia.org/wiki/Kawthaung_Airport
26724;VYLK;medium_airport;Loikaw Airport;19.691499710083008;97.21479797363281;2940;AS;MM;MM-12;Loikaw;yes;VYLK;LIW;;;https://en.wikipedia.org/wiki/Loikaw_Airport
26725;VYLS;medium_airport;Lashio Airport;22.9778995513916;97.752197265625;2450;AS;MM;MM-17;Lashio;yes;VYLS;LSH;;;https://en.wikipedia.org/wiki/Lashio_Airport
26727;VYMD;large_airport;Mandalay International Airport;21.702199935913086;95.97789764404297;300;AS;MM;MM-04;Mandalay;yes;VYMD;MDL;;;https://en.wikipedia.org/wiki/Mandalay_International_Airport
26728;VYME;medium_airport;Myeik Airport;12.439800262451172;98.62149810791016;75;AS;MM;MM-05;Mkeik;yes;VYME;MGZ;;;https://en.wikipedia.org/wiki/Myeik_Airport
26729;VYMK;medium_airport;Myitkyina Airport;25.3836;97.351898;475;AS;MM;MM-11;Myitkyina;yes;VYMK;MYT;;;https://en.wikipedia.org/wiki/Myitkyina_Airport
32609;VYML;medium_airport;Meiktila Air Base;20.88640022277832;95.89279174804688;699;AS;MM;MM-04;Meiktila;no;VYML;;;;
26731;VYMO;medium_airport;Momeik Airport;23.092500686645508;96.64530181884766;600;AS;MM;MM-17;;no;VYMO;MOE;;;
26732;VYMS;medium_airport;Mong Hsat Airport;20.516799926757812;99.25679779052734;1875;AS;MM;MM-17;Mong Hsat;yes;VYMS;MOG;;;https://en.wikipedia.org/wiki/Monghsat_Airport
26733;VYNP;medium_airport;Nampong Air Base;25.354400634799998;97.2951965332;459;AS;MM;MM-11;Myitkyina;no;VYNP;;;;https://en.wikipedia.org/wiki/Nampong_Air_Force_Base
26734;VYNS;medium_airport;Namsang Airport;20.890499114990234;97.73590087890625;3100;AS;MM;MM-17;Namsang;no;VYNS;NMS;;;
26737;VYPT;medium_airport;Putao Airport;27.32990074157715;97.42630004882812;1500;AS;MM;MM-11;Putao;yes;VYPT;PBU;;;https://en.wikipedia.org/wiki/Putao_Airport
26739;VYST;medium_airport;Shante Air Base;20.941699981689453;95.91449737548828;630;AS;MM;MM-04;Meiktila;no;VYST;;;;
26740;VYSW;medium_airport;Sittwe Airport;20.133165;92.870693;27;AS;MM;MM-16;Sittwe;yes;VYSW;AKY;;;https://en.wikipedia.org/wiki/Sittwe_Airport
26741;VYTD;medium_airport;Thandwe Airport;18.4606990814209;94.30010223388672;20;AS;MM;MM-16;Thandwe;yes;VYTD;SNW;;;https://en.wikipedia.org/wiki/Thandwe_Airport
26742;VYTL;medium_airport;Tachileik Airport;20.483800888061523;99.9354019165039;1280;AS;MM;MM-17;Tachileik;yes;VYTL;THL;;;https://en.wikipedia.org/wiki/Tachilek_Airport
26744;VYYY;large_airport;Yangon International Airport;16.907300949099998;96.1332015991;109;AS;MM;MM-06;Yangon;yes;VYYY;RGN;;http://www.yangonairportonline.com;https://en.wikipedia.org/wiki/Yangon_International_Airport
26745;WAAA;large_airport;Hasanuddin International Airport;-5.06163;119.554001;47;AS;ID;ID-SN;Ujung Pandang;yes;WAAA;UPG;;;https://en.wikipedia.org/wiki/Hasanuddin_International_Airport
26746;WABB;medium_airport;Frans Kaisiepo Airport;-1.19002;136.108002;46;AS;ID;ID-PA;Biak;yes;WABB;BIK;;;https://en.wikipedia.org/wiki/Frans_Kaisiepo_Airport
26747;WABI;medium_airport;Nabire Airport;-3.368586;135.496702;20;AS;ID;ID-PT;Nabire;yes;;;;;
26748;WABP;medium_airport;Mozes Kilangin Airport;-4.52978;136.887388;103;AS;ID;ID-PT;Timika;yes;WAYY;TIM;WAYY;;https://en.wikipedia.org/wiki/Mozes_Kilangin_Airport
26751;WADD;large_airport;Ngurah Rai (Bali) International Airport;-8.74817;115.167;14;AS;ID;ID-BA;Denpasar;yes;WADD;DPS;;http://www.angkasapura1.co.id/eng/location/bali.htm;https://en.wikipedia.org/wiki/Ngurah_Rai_Airport
299629;WADL;medium_airport;Lombok International Airport;-8.757792;116.275435;319;AS;ID;ID-NB;Mataram;yes;WADL;LOP;;http://www.lombok-airport.co.id/;https://en.wikipedia.org/wiki/Lombok_International_Airport
26772;WAEW;medium_airport;Pitu Airport;2.04599;128.324997;49;AS;ID;ID-MU;Gotalalamo-Morotai Island;no;WAEW;OTI;;;https://en.wikipedia.org/wiki/Pitu_Airport
352892;WAFB;medium_airport;Toraja Airport;-3.185833;119.91775;2884;AS;ID;ID-SS;Toraja;yes;WAFB;TRT;;;https://en.wikipedia.org/wiki/Toraja_Airport
26769;WAFF;medium_airport;Mutiara - SIS Al-Jufrie Airport;-0.916462;119.908647;284;AS;ID;ID-ST;Palu;yes;WAFF;PLW;;;https://en.wikipedia.org/wiki/Mutiara_Airport
26771;WAFP;medium_airport;Kasiguncu Airport;-1.41675;120.657997;174;AS;ID;ID-ST;Poso-Celebes Island;no;WAFP;PSJ;;;https://en.wikipedia.org/wiki/Kasiguncu_Airport
26774;WAFW;medium_airport;Syukuran Aminuddin Amir Airport;-1.035893;122.773934;56;AS;ID;ID-ST;Luwok;no;WAFW;LUW;;;https://en.wikipedia.org/wiki/Syukuran_Aminuddin_Amir_Airport
26780;WAGG;medium_airport;Tjilik Riwut Airport;-2.22513;113.943001;82;AS;ID;ID-KT;Palangkaraya;yes;WAGG;PKY;;;https://en.wikipedia.org/wiki/Tjilik_Riwut_Airport
332202;WAHI;medium_airport;Yogyakarta International Airport;-7.905338;110.057264;24;AS;ID;ID-YO;Yogyakarta;yes;WAHI;YIA;;;https://en.wikipedia.org/wiki/Yogyakarta_International_Airport
26833;WAHL;medium_airport;Tunggul Wulung Airport;-7.64506;109.033997;69;AS;ID;ID-JT;Cilacap;yes;WAHL;CXP;;;https://en.wikipedia.org/wiki/Tunggul_Wulung_Airport
26755;WAJJ;large_airport;Dortheys Hiyo Eluay International Airport;-2.579627;140.519857;289;AS;ID;ID-PA;Sentani;yes;WAJJ;DJJ;;https://sentani-airport.co.id/en;https://en.wikipedia.org/wiki/Dortheys_Hiyo_Eluay_International_Airport
41428;WAJO;medium_airport;Oksibil Airport;-4.9071;140.6277;4315;AS;ID;ID-PP;Oksibil;yes;WAJO;OKL;;;https://id.wikipedia.org/wiki/Bandar_Udara_Oksibil
26757;WAKK;medium_airport;Mopah International Airport;-8.523898;140.419693;10;AS;ID;ID-PS;Merauke;yes;WAKK;MKQ;;;https://en.wikipedia.org/wiki/Mopah_International_Airport
41437;WAKT;medium_airport;Tanah Merah Airport;-6.09669;140.303521;57;AS;ID;ID-PS;Tanah Merah;yes;WAKT;TMH;;;https://en.wikipedia.org/wiki/Tanah_Merah_Airport
26759;WALK;medium_airport;Kalimarau Airport;2.1555;117.431999;59;AS;ID;ID-KI;Tanjung Redeb - Borneo Island;yes;WAQT;BEJ;;;https://en.wikipedia.org/wiki/Kalimarau_Airport
26760;WALL;large_airport;Sultan Aji Muhammad Sulaiman Sepinggan International Airport;-1.268342;116.89452;12;AS;ID;ID-KI;Balikpapan;yes;WALL;BPN;;http://sepinggan-airport.com/;https://en.wikipedia.org/wiki/Sultan_Aji_Muhamad_Sulaiman_Airport
26762;WALR;medium_airport;Juwata International Airport / Suharnoko Harbani AFB;3.325145;117.564169;23;AS;ID;ID-KU;Tarakan;yes;WAQQ;TRK;TRK;http://www.tarakan-airport.com;https://en.wikipedia.org/wiki/Juwata_Airport
26763;WALS;medium_airport;Aji Pangeran Tumenggung Pranoto International Airport;-0.374478;117.250128;82;AS;ID;ID-KI;Samarinda;yes;WALS;AAP;;;https://en.wikipedia.org/wiki/Aji_Pangeran_Tumenggung_Pranoto_International_Airport
26768;WAMH;medium_airport;Naha Airport;3.68321;125.528;16;AS;ID;ID-SA;Tahuna-Sangihe Island;yes;WAMH;NAH;;;https://en.wikipedia.org/wiki/Naha_Airport_(Indonesia)
26770;WAMM;medium_airport;Sam Ratulangi Airport;1.54926;124.926003;264;AS;ID;ID-SA;Manado;yes;WAMM;MDC;;;https://en.wikipedia.org/wiki/Sam_Ratulangi_Airport
26773;WAMT;medium_airport;Sultan Babullah Airport;0.831012;127.381611;49;AS;ID;ID-MU;Sango;yes;WAEE;TTE;;;https://en.wikipedia.org/wiki/Sultan_Babullah_Airport
26778;WAON;medium_airport;Warukin Airport;-2.21656;115.435997;197;AS;ID;ID-KS;Tanta-Tabalong;yes;WAON;TJG;;;http://id.wikipedia.org/wiki/Bandar_Udara_Warukin
26779;WAOO;medium_airport;Syamsudin Noor International Airport;-3.44236;114.763;66;AS;ID;ID-KS;Landasan Ulin;yes;WAOO;BDJ;;https://syamsudinnoor-airport.co.id/id;https://en.wikipedia.org/wiki/Syamsudin_Noor_Airport
333039;WAPF;medium_airport;Karel Sadsuitubun Airport;-5.760278;132.759444;78;AS;ID;ID-MA;Langgur;yes;WAPF;LUV;;;https://en.wikipedia.org/wiki/Karel_Sadsuitubun_Airport
26784;WAPP;medium_airport;Pattimura International Airport;-3.71026;128.089005;33;AS;ID;ID-MA;Ambon;yes;WAPP;AMQ;;;https://en.wikipedia.org/wiki/Pattimura_Airport
26785;WARA;medium_airport;Abdul Rachman Saleh Airport;-7.929099;112.714233;1726;AS;ID;ID-JI;Malang;yes;WARA;MLG;;;https://en.wikipedia.org/wiki/Abdul_Rachman_Saleh_Airport
26787;WARJ;medium_airport;Adisutjipto International Airport;-7.78818;110.431999;379;AS;ID;ID-YO;Yogyakarta;yes;WAHH;JOG;;http://adisutjipto-airport.co.id/;https://en.wikipedia.org/wiki/Adisutjipto_International_Airport
26788;WARQ;medium_airport;Adisumarmo International Airport;-7.516044;110.757492;421;AS;ID;ID-JT;Surakarta;yes;WAHQ;SOC;;https://adisumarmo-airport.com/en;https://en.wikipedia.org/wiki/Adisumarmo_International_Airport
26789;WARR;large_airport;Juanda International Airport;-7.37983;112.787003;9;AS;ID;ID-JI;Surabaya;yes;WARR;SUB;;http://www.juanda-airport.com/;https://en.wikipedia.org/wiki/Juanda_International_Airport
26790;WARS;medium_airport;Achmad Yani Airport;-6.970732;110.373244;10;AS;ID;ID-JT;Semarang;yes;WAHS;SRG;;https://www.ahmadyani-airport.com/id;https://en.wikipedia.org/wiki/Achmad_Yani_Airport
26791;WASF;medium_airport;Fakfak Airport;-2.920508;132.267011;462;AS;ID;ID-PB;Fakfak;yes;WASF;FKQ;;;https://en.wikipedia.org/wiki/Fakfak_Airport
26792;WASK;medium_airport;Kaimana Airport;-3.6446;133.695116;19;AS;ID;ID-PB;Kaimana;yes;WASK;KNG;;;https://en.wikipedia.org/wiki/Kaimana_Airport
26793;WASO;medium_airport;Babo Airport;-2.53224;133.438995;10;AS;ID;ID-PB;Babo;no;WASO;BXB;;;https://en.wikipedia.org/wiki/Babo_Airport
26794;WASR;medium_airport;Rendani Airport;-0.891833;134.048996;23;AS;ID;ID-PB;Manokwari;yes;WAUU;MKW;;;https://en.wikipedia.org/wiki/Rendani_Airport
26756;WAVV;medium_airport;Wamena Airport;-4.097324;138.952417;5435;AS;ID;ID-PP;Wamena;yes;WAVV;WMX;;;https://en.wikipedia.org/wiki/Wamena_Airport
333072;WAWD;medium_airport;Matahora Airport;-5.293996;123.634;88;AS;ID;ID-SG;Wangi-wangi Island;yes;WAWD;WNI;;;https://en.wikipedia.org/wiki/Matahora_Airport
32634;WAXX;medium_airport;Domine Eduard Osok Airport;-0.894;131.287;10;AS;ID;ID-PB;Sorong;yes;WASS;SOQ;;;https://en.wikipedia.org/wiki/Domine_Eduard_Osok_Airport
26807;WBGB;medium_airport;Bintulu Airport;3.12385010719;113.019996643;74;AS;MY;MY-13;Bintulu;yes;WBGB;BTU;;;https://en.wikipedia.org/wiki/Bintulu_Airport
26808;WBGG;medium_airport;Kuching International Airport;1.487364;110.352859;89;AS;MY;MY-13;Kuching;yes;WBGG;KCH;;;https://en.wikipedia.org/wiki/Kuching_International_Airport
26809;WBGJ;medium_airport;Limbang Airport;4.808300018310547;115.01000213623047;14;AS;MY;MY-13;Limbang;yes;WBGJ;LMN;;;https://en.wikipedia.org/wiki/Limbang_Airport
350992;WBGK;medium_airport;Mukah Airport;2.881944;112.043333;20;AS;MY;MY-13;Mukah;yes;WBGK;MKM;;;https://en.wikipedia.org/wiki/Mukah_Airport
26810;WBGM;medium_airport;Marudi Airport;4.178734;114.330318;103;AS;MY;MY-13;Marudi;yes;WBGM;MUR;;;https://en.wikipedia.org/wiki/Marudi_Airport
26811;WBGR;medium_airport;Miri Airport;4.32201;113.987;59;AS;MY;MY-13;Miri;yes;WBGR;MYY;;;https://en.wikipedia.org/wiki/Miri_Airport
26812;WBGS;medium_airport;Sibu Airport;2.2616;111.985001;122;AS;MY;MY-13;Sibu;yes;WBGS;SBW;;;https://en.wikipedia.org/wiki/Sibu_Airport
30682;WBGZ;medium_airport;Bario Airport;3.734648;115.478548;3350;AS;MY;MY-13;Bario;yes;WBGZ;BBN;;;https://en.wikipedia.org/wiki/Bario_Airport
26813;WBKD;medium_airport;Lahad Datu Airport;5.03241;118.32376;45;AS;MY;MY-12;Lahad Datu;yes;WBKD;LDU;;;https://en.wikipedia.org/wiki/Lahad_Datu_Airport
26814;WBKK;medium_airport;Kota Kinabalu International Airport;5.932743;116.049324;10;AS;MY;MY-12;Kota Kinabalu;yes;WBKK;BKI;;;https://en.wikipedia.org/wiki/Kota_Kinabalu_International_Airport
26815;WBKL;medium_airport;Labuan Airport;5.300680160522461;115.25;101;AS;MY;MY-15;Labuan;yes;WBKL;LBU;;;https://en.wikipedia.org/wiki/Labuan_Airport
26816;WBKS;medium_airport;Sandakan Airport;5.900899887084961;118.05899810791016;46;AS;MY;MY-12;Sandakan;yes;WBKS;SDK;;;https://en.wikipedia.org/wiki/Sandakan_Airport
26817;WBKW;medium_airport;Tawau Airport;4.31338;118.12152;57;AS;MY;MY-12;Tawau;yes;WBKW;TWU;;;https://en.wikipedia.org/wiki/Tawau_Airport
26818;WBMU;medium_airport;Mulu Airport;4.048329830169678;114.80500030517578;80;AS;MY;MY-13;Mulu;yes;WBMU;MZV;;;https://en.wikipedia.org/wiki/Mulu_Airport
26819;WBSB;large_airport;Brunei International Airport;4.9442;114.928001;73;AS;BN;BN-BM;Bandar Seri Begawan;yes;WBSB;BWN;;;https://en.wikipedia.org/wiki/Brunei_International_Airport
26821;WIBB;medium_airport;Sultan Syarif Kasim II International Airport / Roesmin Nurjadin AFB;0.458647;101.444321;102;AS;ID;ID-RI;Pekanbaru;yes;WIBB;PKU;;;https://en.wikipedia.org/wiki/Sultan_Syarif_Qasim_II_International_Airport
26822;WIBD;medium_airport;Pinang Kampai Airport;1.609114;101.433492;55;AS;ID;ID-RI;Dumai;yes;WIBD;DUM;;;https://en.wikipedia.org/wiki/Pinang_Kampai_Airport
26857;WIBJ;medium_airport;Japura Airport;-0.352808;102.334999;62;AS;ID;ID-RI;Rengat-Sumatra Island;no;WIBJ;RGT;;;https://en.wikipedia.org/wiki/Japura_Airport
333068;WICA;medium_airport;Kertajati International Airport;-6.648924;108.166692;134;AS;ID;ID-JB;Kertajati;yes;WICA;KJT;;;https://en.wikipedia.org/wiki/Kertajati_International_Airport
26824;WICC;medium_airport;Husein Sastranegara International Airport;-6.90063;107.575996;2436;AS;ID;ID-JB;Bandung;yes;WICC;BDO;;;https://en.wikipedia.org/wiki/Husein_Sastranegara_International_Airport
26828;WIDD;medium_airport;Hang Nadim International Airport;1.12103;104.119003;126;AS;ID;ID-KR;Batam;yes;WIDD;BTH;;;https://en.wikipedia.org/wiki/Hang_Nadim_Airport
26832;WIHH;medium_airport;Halim Perdanakusuma International Airport;-6.266610145568848;106.89099884033203;84;AS;ID;ID-JK;Jakarta;yes;WIHH;HLP;;http://www.angkasapura2.co.id/cabang/hlp/content.php?menu=8&page_id=1;https://en.wikipedia.org/wiki/Halim_Perdanakusuma_International_Airport
26835;WIII;large_airport;Soekarno-Hatta International Airport;-6.1255698204;106.65599823;34;AS;ID;ID-BT;Jakarta;yes;WIII;CGK;;http://www.jakartasoekarnohattaairport.com/;https://en.wikipedia.org/wiki/Soekarno-Hatta_International_Airport
26827;WILL;medium_airport;Radin Inten II International Airport;-5.246803;105.182531;282;AS;ID;ID-LA;Bandar Lampung;yes;WILL;TKG;;;https://en.wikipedia.org/wiki/Radin_Inten_II_International_Airport
26836;WIMB;medium_airport;Binaka Airport;1.16628;97.704327;20;AS;ID;ID-SU;Gunungsitoli;yes;WIMB;GNS;;;https://en.wikipedia.org/wiki/Binaka_Airport
26837;WIME;medium_airport;Aek Godang Airport;1.4001;99.430496;922;AS;ID;ID-SU;Padang Sidempuan;yes;WIME;AEG;;;https://en.wikipedia.org/wiki/Aek_Godang_Airport
26838;WIMG;medium_airport;Tabing Airport;-0.874989;100.351997;9;AS;ID;ID-SB;Padang;yes;;;;;https://en.wikipedia.org/wiki/Tabing_Airport
26839;WIMK;medium_airport;Soewondo Air Force Base;3.558425;98.672275;114;AS;ID;ID-SU;Medan;no;WIMK;MES;;;https://en.wikipedia.org/wiki/Soewondo_Air_Force_Base
309577;WIMM;large_airport;Kualanamu International Airport;3.637847;98.870566;23;AS;ID;ID-SU;Medan;yes;WIMM;KNO;;http://www.kualanamu-airport.co.id/;https://en.wikipedia.org/wiki/Kualanamu_International_Airport
26841;WIMS;medium_airport;Dr. Ferdinand Lumban Tobing Airport;1.557127;98.887145;33;AS;ID;ID-SU;Sibolga (Pinangsori);yes;WIMS;FLZ;;;https://en.wikipedia.org/wiki/Ferdinand_Lumban_Tobing_Airport
507992;WIMU;medium_airport;Alas Leuser Airport;3.391456;97.863726;419;AS;ID;ID-AC;Kutacane;yes;WIMU;LSR;;;https://en.wikipedia.org/wiki/Alas_Leuser_Airport
26843;WIOG;medium_airport;Nanga Pinoh Airport;-0.34886899590492;111.74800109863;123;AS;ID;ID-KB;Nanga Pinoh-Borneo Island;yes;WIOG;NPO;;;https://en.wikipedia.org/wiki/Nanga_Pinoh_Airport
26844;WIOK;medium_airport;Rahadi Osman Airport;-1.816845;109.963331;46;AS;ID;ID-KB;Ketapang;yes;WIOK;KTG;;;https://en.wikipedia.org/wiki/Rahadi_Osman_Airport
26846;WION;medium_airport;Ranai Airport;3.90871;108.388;7;AS;ID;ID-KR;Ranai-Natuna Besar Island;yes;WIDO;NTX;;;https://en.wikipedia.org/wiki/Ranai_Airport
26847;WIOO;medium_airport;Supadio Airport;-0.150711;109.403999;10;AS;ID;ID-KB;Pontianak;yes;WIOO;PNK;;;https://en.wikipedia.org/wiki/Supadio_Airport
26848;WIOP;medium_airport;Pangsuma Airport;0.8355780243873596;112.93699645996094;297;AS;ID;ID-KB;Putussibau-Borneo Island;yes;WIOP;PSU;;;https://en.wikipedia.org/wiki/Pangsuma_Airport
26849;WIOS;medium_airport;Susilo Airport;0.063851;111.473572;98;AS;ID;ID-KB;Sintang;no;;;;;https://en.wikipedia.org/wiki/Susilo_Airport
26852;WIPK;medium_airport;Depati Amir Airport;-2.1622;106.139;109;AS;ID;ID-BB;Pangkal Pinang;yes;WIKK;PGK;;;https://en.wikipedia.org/wiki/Pangkalpinang_Airport
26853;WIPL;medium_airport;Fatmawati Soekarno Airport;-3.8637;102.338997;50;AS;ID;ID-BE;Bengkulu;yes;WIGG;BKS;;;https://en.wikipedia.org/wiki/Fatmawati_Soekarno_Airport
26855;WIPP;medium_airport;Sultan Mahmud Badaruddin II Airport;-2.897653;104.698147;49;AS;ID;ID-SS;Palembang;yes;WIPP;PLM;;;https://en.wikipedia.org/wiki/Sultan_Mahmud_Badaruddin_II_Airport
26856;WIPQ;medium_airport;Pendopo Airport;-3.2860701084136963;103.87999725341797;184;AS;ID;ID-SS;Talang Gudang-Sumatra Island;yes;WIPQ;PDO;;;
26858;WIPT;medium_airport;Minangkabau International Airport;-0.786917;100.280998;18;AS;ID;ID-SB;Padang (Katapiang);yes;WIEE;PDG;;http://minangkabau-airport.co.id/en/general/about-us;https://en.wikipedia.org/wiki/Minangkabau_International_Airport
31889;WITC;medium_airport;Cut Nyak Dhien Airport;4.040631;96.253538;10;AS;ID;ID-AC;Kuala Pesisir;yes;WITC;MEQ;;;https://en.wikipedia.org/wiki/Cut_Nyak_Dhien_Airport
333093;WITK;medium_airport;Rembele Airport;4.72113;96.851943;4648;AS;ID;ID-AC;Takengon;yes;WITK;TXE;;;https://en.wikipedia.org/wiki/Rembele_Airport
26860;WITL;medium_airport;Lhok Sukon Airport;5.06951;97.259201;28;AS;ID;ID-AC;Lhok Sukon-Sumatra Island;no;WITL;LSX;;;https://id.wikipedia.org/wiki/Bandar_Udara_Lhok_Sukon
26862;WITT;medium_airport;Sultan Iskandar Muda International Airport;5.522872024010001;95.42063713070002;65;AS;ID;ID-AC;Banda Aceh;yes;WITT;BTJ;;;https://en.wikipedia.org/wiki/Sultan_Iskandar_Muda_International_Airport
26863;WMAP;medium_airport;Kluang Airport;2.04138994217;103.306999207;150;AS;MY;MY-01;Kluang;no;WMAP;;;;https://en.wikipedia.org/wiki/Kluang_Airport
26864;WMBT;medium_airport;Tioman Airport;2.81818;104.160004;15;AS;MY;MY-06;Tioman Island;yes;WMBT;TOD;;;https://en.wikipedia.org/wiki/Tioman_Airport
26866;WMKA;medium_airport;Sultan Abdul Halim Airport;6.189670085906982;100.39800262451172;15;AS;MY;MY-02;Alor Satar;yes;WMKA;AOR;;;https://en.wikipedia.org/wiki/Sultan_Abdul_Halim_Airport
26867;WMKB;medium_airport;RMAF Butterworth Air Base;5.46592;100.390999;11;AS;MY;MY-07;Butterworth;no;WMKB;BWH;;;https://en.wikipedia.org/wiki/RMAF_Butterworth_Air_Base
26868;WMKC;medium_airport;Sultan Ismail Petra Airport;6.1668500900268555;102.29299926757812;16;AS;MY;MY-03;Kota Baharu;yes;WMKC;KBR;;;https://en.wikipedia.org/wiki/Sultan_Ismail_Petra_Airport
26869;WMKD;medium_airport;Kuantan Airport;3.7753899097442627;103.20899963378906;58;AS;MY;MY-06;Kuantan;yes;WMKD;KUA;;;https://en.wikipedia.org/wiki/Sultan_Haji_Ahmad_Shah_Airport
26870;WMKE;medium_airport;Kerteh Airport;4.53722;103.427002;18;AS;MY;MY-11;Kerteh;no;WMKE;KTE;;;https://en.wikipedia.org/wiki/Kerteh_Airport
26872;WMKI;medium_airport;Sultan Azlan Shah Airport;4.567969799041748;101.09200286865234;130;AS;MY;MY-08;Ipoh;yes;WMKI;IPH;;;https://en.wikipedia.org/wiki/Sultan_Azlan_Shah_Airport
26873;WMKJ;medium_airport;Senai International Airport;1.64131;103.669998;135;AS;MY;MY-01;Johor Bahru;yes;WMKJ;JHB;;;https://en.wikipedia.org/wiki/Senai_International_Airport
26874;WMKK;large_airport;Kuala Lumpur International Airport;2.74558;101.709999;69;AS;MY;MY-10;Sepang;yes;WMKK;KUL;;;https://en.wikipedia.org/wiki/Kuala_Lumpur_International_Airport
26875;WMKL;medium_airport;Langkawi International Airport;6.329730033874512;99.72869873046875;29;AS;MY;MY-02;Langkawi;yes;WMKL;LGK;;;https://en.wikipedia.org/wiki/Langkawi_International_Airport
26876;WMKM;medium_airport;Malacca International Airport;2.265613;102.252778;35;AS;MY;MY-04;Malacca;no;WMKM;MKZ;;;https://en.wikipedia.org/wiki/Malacca_International_Airport
26877;WMKN;medium_airport;Sultan Mahmud Airport;5.3826398849487305;103.10299682617188;21;AS;MY;MY-11;Kuala Terengganu;yes;WMKN;TGG;;;https://en.wikipedia.org/wiki/Sultan_Mahmud_Airport
26878;WMKP;medium_airport;Penang International Airport;5.297140121459961;100.2770004272461;11;AS;MY;MY-07;Penang;yes;WMKP;PEN;;;https://en.wikipedia.org/wiki/Penang_International_Airport
26879;WMSA;medium_airport;Sultan Abdul Aziz Shah International Airport;3.130579948425293;101.54900360107422;90;AS;MY;MY-10;Subang;yes;WMSA;SZB;;;https://en.wikipedia.org/wiki/Sultan_Abdul_Aziz_Shah_Airport
26880;WPDB;medium_airport;Suai Airport;-9.30331039428711;125.28700256347656;96;AS;TL;TL-CO;Suai;no;WPDB;UAI;;;https://en.wikipedia.org/wiki/Suai_Airport
26881;WPDL;medium_airport;Presidente Nicolau Lobato International Airport;-8.546562;125.524507;154;AS;TL;TL-DI;Dili;yes;WPDL;DIL;;;https://en.wikipedia.org/wiki/Presidente_Nicolau_Lobato_International_Airport
26882;WPEC;medium_airport;Cakung Airport;-8.486479;126.399981;1771;AS;TL;TL-BA;Baucau;no;WPEC;BCH;;;https://en.wikipedia.org/wiki/Cakung_Airport
35138;WPOC;medium_airport;Rota Do Sândalo Oecusse Airport;-9.19806;124.343002;;AS;TL;TL-OE;Oecussi-Ambeno;no;WPOC;OEC;;;https://en.wikipedia.org/wiki/Oecussi_Airport
32675;WSAC;medium_airport;Changi Air Base (East);1.3441400528;104.009002686;22;AS;SG;SG-04;Singapore;no;WSAC;;;;https://en.wikipedia.org/wiki/Changi_Air_Base
26883;WSAG;medium_airport;Sembawang Air Base;1.42526;103.813004;86;AS;SG;SG-03;Sembawang;no;WSAG;;;;https://en.wikipedia.org/wiki/Sembawang_Air_Base
26884;WSAP;medium_airport;Paya Lebar Air Base;1.36042;103.910004;65;AS;SG;SG-04;Paya Lebar;no;WSAP;QPG;;;https://en.wikipedia.org/wiki/Paya_Lebar_Airbase
26885;WSAT;medium_airport;Tengah Air Base;1.387561;103.708291;50;AS;SG;SG-03;Western Water Catchment;no;WSAT;TGA;;;https://en.wikipedia.org/wiki/Tengah_Air_Base
26886;WSSL;medium_airport;Seletar Airport;1.41555;103.86673;36;AS;SG;SG-02;Seletar;yes;WSSL;XSP;;;https://en.wikipedia.org/wiki/Seletar_Airport
26887;WSSS;large_airport;Singapore Changi Airport;1.35019;103.994003;22;AS;SG;SG-04;Singapore;yes;WSSS;SIN;;http://www.changiairport.com/;https://en.wikipedia.org/wiki/Singapore_Changi_Airport
35085;XLLL;medium_airport;Soltsy-2 Air Base;58.139545;30.33042;131;EU;RU;RU-NGR;Soltsy;no;;;XLLL;;https://en.wikipedia.org/wiki/Soltsy-2
43018;XLMV;medium_airport;Severomorsk-3 Naval Air Base;68.866669;33.716667;564;EU;RU;RU-MUR;Severomorsk;no;;;XLMV;http://severomorsk.3dn.ru/;https://en.wikipedia.org/wiki/Severomorsk-3_(air_base)
43010;XLWF;medium_airport;Fedotovo Naval Air Base;59.190372;39.123459;574;EU;RU;RU-VLG;Kipelovo;no;;;XLWF;http://www.vologda18.narod.ru/;https://en.wikipedia.org/wiki/Fedotovo_(air_base)
35017;XRWL;medium_airport;Lebyazhye Air Base;50.201698;45.208302;381;AS;RU;RU-VGG;Kamyshin;no;XRWL;;;;https://en.wikipedia.org/wiki/Lebyazhye_(air_base)
44992;XUBS;medium_airport;Smolensk North Airport;54.824;32.025;820;EU;RU;RU-SMO;Smolensk;no;;LNX;XUBS;;https://en.wikipedia.org/wiki/Smolensk_North_Airport
35064;XWPR;medium_airport;Rtishchevo Air Base;52.297317;43.7241;673;EU;RU;RU-SAR;Rtishchevo;no;;;XWPR;;https://en.wikipedia.org/wiki/Rtishchevo_(air_base)
26888;YABA;medium_airport;Albany Airport;-34.94329833984375;117.80899810791016;233;OC;AU;AU-WA;Albany;yes;YABA;ALH;;;https://en.wikipedia.org/wiki/Albany_Airport_(Australia)
26889;YAMB;medium_airport;RAAF Base Amberley;-27.640976;152.713688;91;OC;AU;AU-QLD;;no;YAMB;;;;https://en.wikipedia.org/wiki/RAAF_Base_Amberley
26891;YARA;medium_airport;Ararat Airport;-37.309978;142.988688;1008;OC;AU;AU-VIC;Ararat;no;YARA;ARY;;;https://en.wikipedia.org/wiki/Ararat_Airport
26893;YARM;medium_airport;Armidale Airport;-30.528099060099997;151.617004395;3556;OC;AU;AU-NSW;Armidale;yes;YARM;ARM;;;https://en.wikipedia.org/wiki/Armidale_Airport
26895;YAYE;medium_airport;Ayers Rock Connellan Airport;-25.185913;130.97703;1626;OC;AU;AU-NT;Yulara;yes;YAYE;AYQ;;;https://en.wikipedia.org/wiki/Ayers_Rock_Airport
26899;YBAR;medium_airport;Barcaldine Airport;-23.566268;145.302086;878;OC;AU;AU-QLD;Barcaldine;yes;YBAR;BCI;;;https://en.wikipedia.org/wiki/Barcaldine_Airport
26900;YBAS;medium_airport;Alice Springs Airport;-23.806588;133.903427;1789;OC;AU;AU-NT;Alice Springs;yes;YBAS;ASP;;http://www.alicespringsairport.com.au/;https://en.wikipedia.org/wiki/Alice_Springs_Airport
26901;YBBN;large_airport;Brisbane International Airport;-27.384199142456055;153.11700439453125;13;OC;AU;AU-QLD;Brisbane;yes;YBBN;BNE;;;https://en.wikipedia.org/wiki/Brisbane_Airport
26902;YBCG;medium_airport;Gold Coast Airport;-28.165962;153.506641;21;OC;AU;AU-QLD;Gold Coast;yes;YBCG;OOL;;;https://en.wikipedia.org/wiki/Gold_Coast_Airport
26903;YBCK;medium_airport;Blackall Airport;-24.431678;145.429716;928;OC;AU;AU-QLD;Blackall;yes;YBCK;BKQ;;;https://en.wikipedia.org/wiki/Blackall_Airport
26904;YBCS;medium_airport;Cairns International Airport;-16.885799408;145.755004883;10;OC;AU;AU-QLD;Cairns;yes;YBCS;CNS;;;https://en.wikipedia.org/wiki/Cairns_International_Airport
26905;YBCV;medium_airport;Charleville Airport;-26.4132995605;146.261993408;1003;OC;AU;AU-QLD;Charleville;yes;YBCV;CTL;;;https://en.wikipedia.org/wiki/Charleville_Airport
26907;YBDV;medium_airport;Birdsville Airport;-25.897499084472656;139.34800720214844;159;OC;AU;AU-QLD;;yes;YBDV;BVI;;;https://en.wikipedia.org/wiki/Birdsville_Airport
26908;YBHI;medium_airport;Broken Hill Airport;-32.0013999939;141.472000122;958;OC;AU;AU-NSW;Broken Hill;yes;YBHI;BHQ;;;https://en.wikipedia.org/wiki/Broken_Hill_Airport
26909;YBHM;medium_airport;Hamilton Island Airport;-20.3581008911;148.95199585;15;OC;AU;AU-QLD;Hamilton Island;yes;YBHM;HTI;;http://www.hamiltonisland.com.au/airport/;https://en.wikipedia.org/wiki/Hamilton_Island_Airport
26910;YBIE;medium_airport;Bedourie Airport;-24.346099853515625;139.4600067138672;300;OC;AU;AU-QLD;;yes;YBIE;BEU;;;https://en.wikipedia.org/wiki/Bedourie_Airport
26912;YBKE;medium_airport;Bourke Airport;-30.039199829101562;145.95199584960938;352;OC;AU;AU-NSW;;yes;YBKE;BRK;;;https://en.wikipedia.org/wiki/Bourke_Airport
26914;YBLA;medium_airport;Benalla Airport;-36.551899;146.007004;569;OC;AU;AU-VIC;;no;YBLA;BLN;;;https://en.wikipedia.org/wiki/Benalla_Airport
26917;YBMA;medium_airport;Mount Isa Airport;-20.663900375399997;139.488998413;1121;OC;AU;AU-QLD;Mount Isa;yes;YBMA;ISA;;;https://en.wikipedia.org/wiki/Mount_Isa_Airport
26919;YBMK;medium_airport;Mackay Airport;-21.170816;149.182588;19;OC;AU;AU-QLD;Mackay;yes;YBMK;MKY;;http://www.mackayairport.com.au/;https://en.wikipedia.org/wiki/Mackay_Airport
26920;YBNA;medium_airport;Ballina Byron Gateway Airport;-28.833236;153.561471;7;OC;AU;AU-NSW;Ballina;yes;YBNA;BNK;;;https://en.wikipedia.org/wiki/Ballina_Airport
26921;YBNS;medium_airport;Bairnsdale Airport;-37.887539;147.569379;165;OC;AU;AU-VIC;Bairnsdale;no;YBNS;BSJ;;https://www.eastgippsland.vic.gov.au/aerodromes/bairnsdale-airport;https://en.wikipedia.org/wiki/Bairnsdale_Airport
26922;YBOK;medium_airport;Oakey Army Aviation Centre;-27.409262;151.736727;1335;OC;AU;AU-QLD;;yes;YBOK;OKY;;;https://en.wikipedia.org/wiki/Oakey_Army_Aviation_Centre
26923;YBOU;medium_airport;Boulia Airport;-22.913299560546875;139.89999389648438;542;OC;AU;AU-QLD;;yes;YBOU;BQL;;;https://en.wikipedia.org/wiki/Boulia_Airport
26924;YBPN;medium_airport;Proserpine Whitsunday Coast Airport;-20.494416;148.553583;82;OC;AU;AU-QLD;Proserpine;yes;YBPN;PPP;;;https://en.wikipedia.org/wiki/Proserpine_/_Whitsunday_Coast_Airport
26925;YBRK;medium_airport;Rockhampton Airport;-23.380019;150.475359;34;OC;AU;AU-QLD;Rockhampton;yes;YBRK;ROK;;http://www.rok.aero/;https://en.wikipedia.org/wiki/Rockhampton_Airport
26927;YBRM;medium_airport;Broome International Airport;-17.948789;122.227407;56;OC;AU;AU-WA;Broome;yes;YBRM;BME;;;https://en.wikipedia.org/wiki/Broome_International_Airport
26928;YBRN;medium_airport;Balranald Airport;-34.624834;143.577114;210;OC;AU;AU-NSW;;no;YBRN;BZD;;https://balranald.nsw.gov.au/infrastructure/balranald-aerodrome/;https://en.wikipedia.org/wiki/Balranald_Airport
26929;YBRW;medium_airport;Brewarrina Airport;-29.975792;146.81438;414;OC;AU;AU-NSW;;no;YBRW;BWQ;;;https://en.wikipedia.org/wiki/Brewarrina_Airport
26918;YBSU;medium_airport;Sunshine Coast Airport;-26.593324;153.08319;15;OC;AU;AU-QLD;Maroochydore;yes;YBSU;MCY;;http://www.sunshinecoastairport.com.au/;https://en.wikipedia.org/wiki/Sunshine_Coast_Airport
26932;YBTH;medium_airport;Bathurst Airport;-33.406817;149.651161;2435;OC;AU;AU-NSW;Bathurst;yes;YBTH;BHS;;;https://en.wikipedia.org/wiki/Bathurst_Airport_(New_South_Wales)
26933;YBTI;medium_airport;Bathurst Island Airport;-11.764966;130.615774;67;OC;AU;AU-NT;Wurrumiyanga;no;YBTI;BRT;;;https://en.wikipedia.org/wiki/Bathurst_Island_Airport
26934;YBTL;medium_airport;Townsville Airport / RAAF Base Townsville;-19.252904;146.766512;18;OC;AU;AU-QLD;Townsville;yes;YBTL;TSV;;http://www.townsvilleairport.com.au/;https://en.wikipedia.org/wiki/Townsville_Airport
26935;YBTR;medium_airport;Blackwater Airport;-23.603099822998047;148.8070068359375;657;OC;AU;AU-QLD;;yes;YBTR;BLT;;;https://en.wikipedia.org/wiki/Blackwater_Airport
26936;YBUD;medium_airport;Bundaberg Airport;-24.905039;152.322612;107;OC;AU;AU-QLD;Bundaberg;yes;YBUD;BDB;;http://bundaberg.qld.gov.au/services/airport;https://en.wikipedia.org/wiki/Bundaberg_Airport
26939;YBWP;medium_airport;Weipa Airport;-12.677493;141.922618;63;OC;AU;AU-QLD;Weipa;yes;YBWP;WEI;;;https://en.wikipedia.org/wiki/Weipa_Airport
315119;YBWW;medium_airport;Toowoomba Wellcamp Airport;-27.558332;151.793335;1509;OC;AU;AU-QLD;Toowoomba;yes;YBWW;WTB;;http://www.wellcamp.com.au;https://en.wikipedia.org/wiki/Toowoomba_Wellcamp_Airport
26941;YCAR;medium_airport;Carnarvon Airport;-24.880091;113.670752;13;OC;AU;AU-WA;Carnarvon;yes;YCAR;CVQ;;;https://en.wikipedia.org/wiki/Carnarvon_Airport_(Western_Australia)
26943;YCBA;medium_airport;Cobar Airport;-31.538299560546875;145.79400634765625;724;OC;AU;AU-NSW;;yes;YCBA;CAZ;;;https://en.wikipedia.org/wiki/Cobar_Airport
26944;YCBB;medium_airport;Coonabarabran Airport;-31.3325;149.266998;2117;OC;AU;AU-NSW;;no;YCBB;COJ;;;https://en.wikipedia.org/wiki/Coonabarabran_Airport
26946;YCBP;medium_airport;Coober Pedy Airport;-29.038312;134.722166;740;OC;AU;AU-SA;Coober Pedy;yes;YCBP;CPD;;;https://en.wikipedia.org/wiki/Coober_Pedy_Airport
26947;YCCA;medium_airport;Chinchilla Airport;-26.771947;150.617571;1028;OC;AU;AU-QLD;Chinchilla;no;YCCA;CCL;;;https://en.wikipedia.org/wiki/Chinchilla_Airport
26948;YCCY;medium_airport;Cloncurry Airport;-20.668600082399998;140.503997803;616;OC;AU;AU-QLD;Cloncurry;yes;YCCY;CNJ;;;https://en.wikipedia.org/wiki/Cloncurry_Airport
26950;YCDU;medium_airport;Ceduna Airport;-32.13059997558594;133.7100067138672;77;OC;AU;AU-SA;;yes;YCDU;CED;;;https://en.wikipedia.org/wiki/Ceduna_Airport
26951;YCEE;medium_airport;Cleve Airport;-33.709702;136.505005;589;OC;AU;AU-SA;;no;YCEE;CVC;;;https://en.wikipedia.org/wiki/Cleve_Airport
27132;YCFS;medium_airport;Coffs Harbour Airport;-30.320601;153.115997;18;OC;AU;AU-NSW;Coffs Harbour;yes;YCFS;CFS;;;https://en.wikipedia.org/wiki/Coffs_Harbour_Airport
26954;YCIN;medium_airport;RAAF Base Curtin;-17.580458;123.828449;300;OC;AU;AU-WA;Derby;no;YCIN;DCN;;;https://en.wikipedia.org/wiki/RAAF_Curtin
26955;YCKN;medium_airport;Cooktown Airport;-15.443649;145.183221;26;OC;AU;AU-QLD;;yes;YCKN;CTN;;;https://en.wikipedia.org/wiki/Cooktown_Airport
26956;YCMT;medium_airport;Clermont Airport;-22.7731;147.621002;908;OC;AU;AU-QLD;;no;YCMT;CMQ;;;https://en.wikipedia.org/wiki/Clermont_Airport
26957;YCMU;medium_airport;Cunnamulla Airport;-28.030000686645508;145.6219940185547;630;OC;AU;AU-QLD;;yes;YCMU;CMA;;;https://en.wikipedia.org/wiki/Cunnamulla_Airport
26959;YCNM;medium_airport;Coonamble Airport;-30.980946;148.377833;604;OC;AU;AU-NSW;;yes;YCNM;CNB;;;https://en.wikipedia.org/wiki/Coonamble_Airport
26961;YCOE;medium_airport;Coen Airport;-13.761133;143.113311;532;OC;AU;AU-QLD;Coen;yes;YCOE;CUQ;;;https://en.wikipedia.org/wiki/Coen_Airport
26962;YCOM;medium_airport;Cooma Snowy Mountains Airport;-36.300445;148.972408;3088;OC;AU;AU-NSW;Cooma;yes;YCOM;OOM;;;https://en.wikipedia.org/wiki/Cooma_-_Snowy_Mountains_Airport
26963;YCOR;medium_airport;Corowa Airport;-35.994701;146.356995;469;OC;AU;AU-NSW;;no;YCOR;CWW;;;https://en.wikipedia.org/wiki/Corowa_Airport
26964;YCRG;medium_airport;Corryong Airport;-36.18280029296875;147.88800048828125;963;OC;AU;AU-VIC;;no;YCRG;CYG;;;https://en.wikipedia.org/wiki/Corryong_Airport
26965;YCTM;medium_airport;Cootamundra Airport;-34.624283;148.036641;1110;OC;AU;AU-NSW;;no;YCTM;CMD;;;https://en.wikipedia.org/wiki/Cootamundra_Airport
26968;YCWR;medium_airport;Cowra Airport;-33.846894;148.648007;966;OC;AU;AU-NSW;;no;YCWR;CWT;;https://www.cowracouncil.com.au/Facilities/Airport;https://en.wikipedia.org/wiki/Cowra_Airport
26970;YDBI;medium_airport;Dirranbandi Airport;-28.587912;148.217161;567;OC;AU;AU-QLD;;no;YDBI;DRN;;;https://en.wikipedia.org/wiki/Dirranbandi_Airport
26971;YDBY;medium_airport;Derby Airport;-17.37193;123.66221;24;OC;AU;AU-WA;Derby;no;YDBY;DRB;;;https://en.wikipedia.org/wiki/Derby_Airport_(Australia)
26972;YDLQ;medium_airport;Deniliquin Airport;-35.5593986511;144.945999146;316;OC;AU;AU-NSW;Deniliquin;no;YDLQ;DNQ;;http://www.deniliquin.nsw.gov.au/index.php?option=com_content&view=article&id=46786:deniliquin-airport&catid=350&Itemid=1540;https://en.wikipedia.org/wiki/Deniliquin_Airport
26975;YDPO;medium_airport;Devonport Airport;-41.1697006226;146.429992676;33;OC;AU;AU-TAS;Devonport;yes;YDPO;DPO;;http://www.tasports.com.au/infrastructure/devonport_airport.html;https://en.wikipedia.org/wiki/Devonport_Airport
26976;YDYS;medium_airport;Dysart Airport;-22.6222;148.363998;670;OC;AU;AU-QLD;;no;YDYS;DYA;;;https://en.wikipedia.org/wiki/Dysart_Airport
26979;YECH;medium_airport;Echuca Airport;-36.15719985961914;144.76199340820312;323;OC;AU;AU-VIC;;no;YECH;ECH;;;https://en.wikipedia.org/wiki/Echuca_Airport
26980;YELD;medium_airport;Elcho Island Airport;-12.019399642899998;135.570999146;101;OC;AU;AU-NT;Elcho Island;yes;YELD;ELC;;;https://en.wikipedia.org/wiki/Elcho_Island_Airport
26981;YEML;medium_airport;Emerald Airport;-23.5674991608;148.179000854;624;OC;AU;AU-QLD;Emerald;yes;YEML;EMD;;http://www.emerald.qld.gov.au/Council/Departments/Engineering_Operations/Engineering_Operations.htm;https://en.wikipedia.org/wiki/Emerald_Airport
26982;YESP;medium_airport;Esperance Airport;-33.684399;121.822998;470;OC;AU;AU-WA;Esperance;yes;YESP;EPR;;;https://en.wikipedia.org/wiki/Esperance_Airport
342792;YEWA;medium_airport;Eliwana;-22.428395;116.887879;1576;OC;AU;AU-WA;;no;YEWA;WHB;;;
26984;YFBS;medium_airport;Forbes Airport;-33.363602;147.934998;760;OC;AU;AU-NSW;Forbes;no;YFBS;FRB;;;https://en.wikipedia.org/wiki/Forbes_Airport
26985;YFRT;medium_airport;Forrest Airport;-30.83662;128.112811;511;OC;AU;AU-WA;;no;YFRT;FOS;;;https://en.wikipedia.org/wiki/Forrest_Airport
26986;YFTZ;medium_airport;Fitzroy Crossing Airport;-18.183596;125.559783;368;OC;AU;AU-WA;;no;YFTZ;FIZ;;;https://en.wikipedia.org/wiki/Fitzroy_Crossing_Airport
26989;YGDH;medium_airport;Gunnedah Airport;-30.957511;150.248981;863;OC;AU;AU-NSW;;no;YGDH;GUH;;;https://en.wikipedia.org/wiki/Gunnedah_Airport
26991;YGEL;medium_airport;Geraldton Airport;-28.796101;114.707001;121;OC;AU;AU-WA;Geraldton;yes;YGEL;GET;;;https://en.wikipedia.org/wiki/Geraldton_Airport
26992;YGFN;medium_airport;Clarence Valley Regional Airport;-29.754795;153.031234;110;OC;AU;AU-NSW;Grafton;no;YGFN;GFN;;https://www.clarence.nsw.gov.au/Business-and-infrastructure/Clarence-Valleys-Infrastructure/Clarence-Valley-Regional-Airport;https://en.wikipedia.org/wiki/Clarence_Valley_Regional_Airport
26994;YGLA;medium_airport;Gladstone Airport;-23.869763;151.225439;64;OC;AU;AU-QLD;Gladstone;yes;YGLA;GLT;4680;;https://en.wikipedia.org/wiki/Gladstone_Airport_(Australia)
26995;YGLB;medium_airport;Goulburn Airport;-34.810298919677734;149.7259979248047;2141;OC;AU;AU-NSW;;no;YGLB;GUL;;;https://en.wikipedia.org/wiki/Goulburn_Airport
26996;YGLI;medium_airport;Glen Innes Airport;-29.676029;151.691156;3433;OC;AU;AU-NSW;Glen Innes;no;YGLI;GLI;;;https://en.wikipedia.org/wiki/Glen_Innes_Airport
26997;YGPT;medium_airport;Garden Point Airport;-11.399686;130.425568;90;OC;AU;AU-NT;Pirlangimpi;no;YGPT;GPN;;;https://en.wikipedia.org/wiki/Garden_Point_Airport
26998;YGTE;medium_airport;Groote Eylandt Airport;-13.972405;136.458553;53;OC;AU;AU-NT;Groote Eylandt;yes;YGTE;GTE;;;https://en.wikipedia.org/wiki/Groote_Eylandt_Airport
26999;YGTH;medium_airport;Griffith Airport;-34.2508010864;146.067001343;439;OC;AU;AU-NSW;Griffith;yes;YGTH;GFF;;;https://en.wikipedia.org/wiki/Griffith_Airport
27002;YHAY;medium_airport;Hay Airport;-34.531399;144.830002;305;OC;AU;AU-NSW;;no;YHAY;HXX;;;https://en.wikipedia.org/wiki/Hay_Airport
27003;YHBA;medium_airport;Hervey Bay Airport;-25.320127;152.880662;60;OC;AU;AU-QLD;Hervey Bay;yes;YHBA;HVB;;;https://en.wikipedia.org/wiki/Hervey_Bay_Airport
27004;YHID;medium_airport;Horn Island Airport;-10.585628;142.292653;43;OC;AU;AU-QLD;Horn;yes;YHID;HID;;;https://en.wikipedia.org/wiki/Horn_Island_Airport
27005;YHLC;medium_airport;Halls Creek Airport;-18.2339;127.669998;1346;OC;AU;AU-WA;;no;YHLC;HCQ;;;https://en.wikipedia.org/wiki/Halls_Creek_Airport
27007;YHML;medium_airport;Hamilton Airport;-37.64889907836914;142.06500244140625;803;OC;AU;AU-VIC;;no;YHML;HLT;;;https://en.wikipedia.org/wiki/Hamilton_Airport_(Australia)
27008;YHOT;medium_airport;Mount Hotham Airport;-37.0475006104;147.333999634;4260;OC;AU;AU-VIC;Mount Hotham;yes;YHOT;MHU;;;https://en.wikipedia.org/wiki/Mount_Hotham_Airport
27010;YHPN;medium_airport;Hopetoun Airport;-35.715302;142.360001;256;OC;AU;AU-VIC;;no;YHPN;HTU;;;https://en.wikipedia.org/wiki/Hopetoun_Airport
27011;YHSM;medium_airport;Horsham Airport;-36.669700622558594;142.17300415039062;445;OC;AU;AU-VIC;;no;YHSM;HSM;;;https://en.wikipedia.org/wiki/Horsham_Airport
27016;YIVL;medium_airport;Inverell Airport;-29.888299942;151.143997192;2667;OC;AU;AU-NSW;Inverell;no;YIVL;IVR;;;https://en.wikipedia.org/wiki/Inverell_Airport
27022;YKER;medium_airport;Kerang Airport;-35.751399993896484;143.93899536132812;254;OC;AU;AU-VIC;;no;YKER;KRA;;;https://en.wikipedia.org/wiki/Kerang_Airport
27023;YKII;medium_airport;King Island Airport;-39.877498626708984;143.8780059814453;132;OC;AU;AU-TAS;;yes;YKII;KNS;;;https://en.wikipedia.org/wiki/King_Island_Airport
27025;YKMP;medium_airport;Kempsey Airport;-31.07232;152.765313;54;OC;AU;AU-NSW;;no;YKMP;KPS;;;https://en.wikipedia.org/wiki/Kempsey_Airport
27026;YKOW;medium_airport;Kowanyama Airport;-15.485369;141.752572;35;OC;AU;AU-QLD;Kowanyama;yes;YKOW;KWM;;;https://en.wikipedia.org/wiki/Kowanyama_Airport
27027;YKRY;medium_airport;Kingaroy Airport;-26.581077;151.839927;1492;OC;AU;AU-QLD;;no;YKRY;KGY;;;https://en.wikipedia.org/wiki/Kingaroy_Airport
27028;YKSC;medium_airport;Kingscote Airport;-35.71390151977539;137.52099609375;24;OC;AU;AU-SA;;yes;YKSC;KGC;;;https://en.wikipedia.org/wiki/Kingscote_Airport
27030;YLEC;medium_airport;Leigh Creek Airport;-30.598301;138.425995;856;OC;AU;AU-SA;;no;YLEC;LGH;;;https://en.wikipedia.org/wiki/Leigh_Creek_Airport
27032;YLEO;medium_airport;Leonora Airport;-28.87809944152832;121.31500244140625;1217;OC;AU;AU-WA;Leonora;yes;YLEO;LNO;;http://www.leonora.wa.gov.au/services_facilities/airport.html;https://en.wikipedia.org/wiki/Leonora_Airport
27034;YLHR;medium_airport;Lockhart River Airport;-12.7869;143.304993;77;OC;AU;AU-QLD;Lockhart River;yes;YLHR;IRG;;;https://en.wikipedia.org/wiki/Lockhart_River_Airport
27035;YLIS;medium_airport;Lismore Airport;-28.830689;153.258419;35;OC;AU;AU-NSW;Lismore;yes;YLIS;LSY;;;https://en.wikipedia.org/wiki/Lismore_Airport
27037;YLRD;medium_airport;Lightning Ridge Airport;-29.452857;147.977146;540;OC;AU;AU-NSW;;yes;YLRD;LHG;;;https://en.wikipedia.org/wiki/Lightning_Ridge_Airport
27038;YLRE;medium_airport;Longreach Airport;-23.4342;144.279999;627;OC;AU;AU-QLD;Longreach;yes;YLRE;LRE;;https://www.longreachairport.com.au/;https://en.wikipedia.org/wiki/Longreach_Airport
27039;YLST;medium_airport;Leinster Airport;-27.843299865722656;120.7030029296875;1631;OC;AU;AU-WA;;yes;YLST;LER;;;https://en.wikipedia.org/wiki/Leinster_Airport
27041;YLTV;medium_airport;Latrobe Valley Airport;-38.211004;146.470817;180;OC;AU;AU-VIC;Morwell;no;YLTV;TGN;;;https://en.wikipedia.org/wiki/Latrobe_Valley_Airport
27043;YMAV;medium_airport;Avalon Airport;-38.039398;144.468994;35;OC;AU;AU-VIC;Lara;yes;YMAV;AVV;;https://www.avalonairport.com.au/;https://en.wikipedia.org/wiki/Avalon_Airport
27044;YMAY;medium_airport;Albury Airport;-36.066758;146.959148;539;OC;AU;AU-NSW;Albury;yes;YMAY;ABX;;;https://en.wikipedia.org/wiki/Albury_Airport
27045;YMBA;medium_airport;Mareeba Airport;-17.070277;145.424228;1560;OC;AU;AU-QLD;Mareeba;no;YMBA;MRG;;https://msc.qld.gov.au/region/mareeba-airport-aviation-industrial-park/;https://en.wikipedia.org/wiki/Mareeba_Airfield
27048;YMDG;medium_airport;Mudgee Airport;-32.564794;149.609452;1545;OC;AU;AU-NSW;Mudgee;no;YMDG;DGE;;;https://en.wikipedia.org/wiki/Mudgee_Airport
27050;YMEK;medium_airport;Meekatharra Airport;-26.6117000579834;118.5479965209961;1713;OC;AU;AU-WA;;yes;YMEK;MKR;;;https://en.wikipedia.org/wiki/Meekatharra_Airport
27051;YMEN;medium_airport;Melbourne Essendon Airport;-37.7281;144.901993;282;OC;AU;AU-VIC;Essendon Fields;yes;YMEN;MEB;;http://www.essendonairport.com.au/;https://en.wikipedia.org/wiki/Essendon_Airport
27052;YMER;medium_airport;Merimbula Airport;-36.9085998535;149.901000977;7;OC;AU;AU-NSW;Merimbula;yes;YMER;MIM;;;https://en.wikipedia.org/wiki/Merimbula_Airport
27053;YMES;medium_airport;RAAF Base East Sale;-38.0989;147.149002;23;OC;AU;AU-VIC;;no;YMES;;;http://www.defence.gov.au/raaf/bases/eastsale/index.htm;https://en.wikipedia.org/wiki/RAAF_Base_East_Sale
27055;YMGD;medium_airport;Maningrida Airport;-12.0560998917;134.23399353;123;OC;AU;AU-NT;Maningrida;yes;YMGD;MNG;;;https://en.wikipedia.org/wiki/Maningrida_Airport
27058;YMHB;medium_airport;Hobart International Airport;-42.836101532;147.509994507;13;OC;AU;AU-TAS;Hobart;yes;YMHB;HBA;;;https://en.wikipedia.org/wiki/Hobart_International_Airport
27060;YMIA;medium_airport;Mildura Airport;-34.229198455799995;142.085998535;167;OC;AU;AU-VIC;Mildura;yes;YMIA;MQL;;http://www.milduraairport.com.au/;https://en.wikipedia.org/wiki/Mildura_Airport
27063;YMLT;medium_airport;Launceston Airport;-41.54529953;147.214004517;562;OC;AU;AU-TAS;Launceston;yes;YMLT;LST;;http://www.launcestonairport.com.au/;https://en.wikipedia.org/wiki/Launceston_Airport
27064;YMMB;medium_airport;Melbourne Moorabbin Airport;-37.975799560546875;145.1020050048828;50;OC;AU;AU-VIC;Melbourne;yes;YMMB;MBW;;http://www.moorabbinairport.com.au/;https://en.wikipedia.org/wiki/Moorabbin_Airport
27066;YMML;large_airport;Melbourne International Airport;-37.673302;144.843002;434;OC;AU;AU-VIC;Melbourne;yes;YMML;MEL;;http://melbourneairport.com.au/;https://en.wikipedia.org/wiki/Melbourne_Airport
27069;YMNE;medium_airport;Mount Keith Airport;-27.28733;120.554937;1792;OC;AU;AU-WA;;no;YMNE;WME;;;https://en.wikipedia.org/wiki/Mount_Keith_Airport
27071;YMOG;medium_airport;Mount Magnet Airport;-28.116100311279297;117.84200286865234;1354;OC;AU;AU-WA;;yes;YMOG;MMG;;;https://en.wikipedia.org/wiki/Mount_Magnet_Airport
27072;YMOR;medium_airport;Moree Airport;-29.498899459799997;149.845001221;701;OC;AU;AU-NSW;Moree;yes;YMOR;MRZ;;;https://en.wikipedia.org/wiki/Moree_Airport
27074;YMRB;medium_airport;Moranbah Airport;-22.057800293;148.07699585;770;OC;AU;AU-QLD;Moranbah;yes;YMRB;MOV;;;https://en.wikipedia.org/wiki/Moranbah_Airport
27075;YMRY;medium_airport;Moruya Airport;-35.8978004456;150.143997192;14;OC;AU;AU-NSW;Moruya;yes;YMRY;MYA;;;https://en.wikipedia.org/wiki/Moruya_Airport
507498;YMTG;medium_airport;Mount Gambier Airport;-37.744382;140.780561;;OC;AU;AU-SA;Mount Gambier;yes;YMTG;MGB;;https://www.dcgrant.sa.gov.au/services/mount-gambier-regional-airport;https://en.wikipedia.org/wiki/Mount_Gambier_Airport
27081;YNAR;medium_airport;Narrandera Airport;-34.7022018433;146.511993408;474;OC;AU;AU-NSW;Narrandera;yes;YNAR;NRA;;;https://en.wikipedia.org/wiki/Narrandera_Airport
27082;YNBR;medium_airport;Narrabri Airport;-30.3192005157;149.82699585;788;OC;AU;AU-NSW;Narrabri;yes;YNBR;NAA;;http://narrabri.cfm.predelegation.com/index.cfm?page_id=1249;https://en.wikipedia.org/wiki/Narrabri_Airport
27083;YNGU;medium_airport;Ngukurr Airport;-14.7228;134.746994;45;OC;AU;AU-NT;;no;YNGU;RPM;;;https://en.wikipedia.org/wiki/Ngukurr_Airport
27086;YNRM;medium_airport;Narromine Airport;-32.214699;148.225006;782;OC;AU;AU-NSW;;no;YNRM;QRM;;;https://en.wikipedia.org/wiki/Narromine_Airport
27088;YNTN;medium_airport;Normanton Airport;-17.68409;141.069664;73;OC;AU;AU-QLD;Normanton;yes;YNTN;NTN;;;https://en.wikipedia.org/wiki/Normanton_Airport
27090;YNWN;medium_airport;Newman Airport;-23.417800903299998;119.803001404;1724;OC;AU;AU-WA;Newman;yes;YNWN;ZNE;;;https://en.wikipedia.org/wiki/Newman_Airport
27095;YORG;medium_airport;Orange Airport;-33.382014;149.131262;3115;OC;AU;AU-NSW;Orange;no;YORG;OAG;;;https://en.wikipedia.org/wiki/Orange_Airport
27096;YPAD;large_airport;Adelaide International Airport;-34.947512;138.533393;20;OC;AU;AU-SA;Adelaide;yes;YPAD;ADL;;;https://en.wikipedia.org/wiki/Adelaide_International_Airport
27097;YPAG;medium_airport;Port Augusta Airport;-32.506900787353516;137.7169952392578;56;OC;AU;AU-SA;;yes;YPAG;PUG;;;https://en.wikipedia.org/wiki/Port_Augusta_Airport
27099;YPBO;medium_airport;Paraburdoo Airport;-23.1711006165;117.745002747;1406;OC;AU;AU-WA;Paraburdoo;yes;YPBO;PBO;;;https://en.wikipedia.org/wiki/Paraburdoo_Airport
27100;YPCC;medium_airport;Cocos (Keeling) Islands Airport;-12.19134;96.833696;10;AS;CC;CC-U-A;West Island;yes;YPCC;CCK;;;https://en.wikipedia.org/wiki/Cocos_(Keeling)_Island_International_Airport
27101;YPDN;large_airport;Darwin International Airport / RAAF Darwin;-12.41497;130.88185;103;OC;AU;AU-NT;Darwin;yes;YPDN;DRW;;https://www.darwinairport.com.au/;https://en.wikipedia.org/wiki/Darwin_International_Airport
27102;YPEA;medium_airport;RAAF Base Pearce;-31.667800903320312;116.01499938964844;149;OC;AU;AU-WA;Bullsbrook;no;YPEA;;;;https://en.wikipedia.org/wiki/RAAF_Base_Pearce
27103;YPED;medium_airport;RAAF Base Edinburgh;-34.705705;138.615564;67;OC;AU;AU-SA;Adelaide;no;YPED;;;http://www.raaf.gov.au/organisation/info_on/bases/edinburgh/index.htm;https://en.wikipedia.org/wiki/RAAF_Base_Edinburgh
27104;YPGV;medium_airport;Gove Airport;-12.269399642899998;136.817993164;192;OC;AU;AU-NT;Nhulunbuy;yes;YPGV;GOV;;;https://en.wikipedia.org/wiki/Gove_Airport
27105;YPIR;medium_airport;Port Pirie Airport;-33.238899;137.994995;40;OC;AU;AU-SA;;no;YPIR;PPI;;;https://en.wikipedia.org/wiki/Port_Pirie_Airport
27106;YPJT;medium_airport;Perth Jandakot Airport;-32.09749984741211;115.88099670410156;99;OC;AU;AU-WA;Perth;no;YPJT;JAD;;;https://en.wikipedia.org/wiki/Jandakot_Airport
27107;YPKA;medium_airport;Karratha Airport;-20.712200164799995;116.773002625;29;OC;AU;AU-WA;Karratha;yes;YPKA;KTA;;;https://en.wikipedia.org/wiki/Karratha_Airport
27108;YPKG;medium_airport;Kalgoorlie Boulder Airport;-30.791543;121.464586;1203;OC;AU;AU-WA;Broadwood;yes;YPKG;KGI;;;https://en.wikipedia.org/wiki/Kalgoorlie-Boulder_Airport
27109;YPKS;medium_airport;Parkes Airport;-33.131401062;148.238998413;1069;OC;AU;AU-NSW;Parkes;yes;YPKS;PKE;;;https://en.wikipedia.org/wiki/Parkes_Airport
27110;YPKT;medium_airport;Port Keats Airport;-14.249701;129.529538;91;OC;AU;AU-NT;Wadeye;no;YPKT;PKT;;;https://en.wikipedia.org/wiki/Port_Keats_Airfield
27111;YPKU;medium_airport;East Kimberley Regional (Kununurra) Airport;-15.7781;128.707993;145;OC;AU;AU-WA;Kununurra;yes;YPKU;KNX;;;https://en.wikipedia.org/wiki/Kununurra_Airport
27112;YPLC;medium_airport;Port Lincoln Airport;-34.6053009033;135.880004883;36;OC;AU;AU-SA;Port Lincoln;yes;YPLC;PLO;;;https://en.wikipedia.org/wiki/Port_Lincoln_Airport
27113;YPLM;medium_airport;Learmonth Airport;-22.235201;114.090024;19;OC;AU;AU-WA;Exmouth;yes;YPLM;LEA;;;https://en.wikipedia.org/wiki/RAAF_Learmonth
27115;YPMQ;medium_airport;Port Macquarie Airport;-31.4358005524;152.863006592;12;OC;AU;AU-NSW;Port Macquarie;yes;YPMQ;PQQ;;http://www.hastings.nsw.gov.au/www/html/455-welcome-to-port-macquarie-airport.asp?intLocationID=455;https://en.wikipedia.org/wiki/Port_Macquarie_Airport
27116;YPOD;medium_airport;Portland Airport;-38.31809997558594;141.4709930419922;265;OC;AU;AU-VIC;;yes;YPOD;PTJ;;;https://en.wikipedia.org/wiki/Portland_Airport_(Australia)
27117;YPPD;medium_airport;Port Hedland International Airport;-20.3777999878;118.625999451;33;OC;AU;AU-WA;Port Hedland;yes;YPPD;PHE;;;https://en.wikipedia.org/wiki/Port_Hedland_International_Airport
27119;YPPH;large_airport;Perth International Airport;-31.94029998779297;115.96700286865234;67;OC;AU;AU-WA;Perth;yes;YPPH;PER;;;https://en.wikipedia.org/wiki/Perth_Airport
27120;YPTN;medium_airport;Tindal Airport;-14.521100044250488;132.3780059814453;443;OC;AU;AU-NT;;no;YPTN;KTR;;;https://en.wikipedia.org/wiki/RAAF_Base_Tindal
27122;YPXM;medium_airport;Christmas Island Airport;-10.449382;105.690931;916;AS;CX;CX-U-A;Flying Fish Cove;yes;YPXM;XCH;;http://www.christmasislandairport.com/;https://en.wikipedia.org/wiki/Christmas_Island_Airport
27124;YQLP;medium_airport;Quilpie Airport;-26.612199783325195;144.2530059814453;655;OC;AU;AU-QLD;;yes;YQLP;ULP;;;https://en.wikipedia.org/wiki/Quilpie_Airport
27125;YREN;medium_airport;Renmark Airport;-34.1964;140.673996;115;OC;AU;AU-SA;;no;YREN;RMK;;;https://en.wikipedia.org/wiki/Renmark_Airport
27128;YROM;medium_airport;Roma Airport;-26.545000076300003;148.774993896;1032;OC;AU;AU-QLD;Roma;yes;YROM;RMA;;;https://en.wikipedia.org/wiki/Roma_Airport
27130;YSBK;medium_airport;Sydney Bankstown Airport;-33.923618;150.990792;29;OC;AU;AU-NSW;Sydney;no;YSBK;BWU;;;https://en.wikipedia.org/wiki/Bankstown_Airport
27131;YSCB;medium_airport;Canberra International Airport;-35.3069;149.195007;1886;OC;AU;AU-ACT;Canberra;yes;YSCB;CBR;;;https://en.wikipedia.org/wiki/Canberra_International_Airport
27133;YSCN;medium_airport;Camden Airport;-34.038338;150.686406;230;OC;AU;AU-NSW;Cobbitty;no;YSCN;CDU;;;https://en.wikipedia.org/wiki/Camden_Airport
27135;YSDU;medium_airport;Dubbo City Regional Airport;-32.2167015076;148.574996948;935;OC;AU;AU-NSW;Dubbo;yes;YSDU;DBO;;http://www.dubbo.nsw.gov.au/BusinessandIndustry/DubboCityRegionalAirport.html;https://en.wikipedia.org/wiki/Dubbo_Airport
27137;YSHK;medium_airport;Shark Bay Airport;-25.897294;113.575802;111;OC;AU;AU-WA;Denham;yes;YSHK;MJK;;;https://en.wikipedia.org/wiki/Shark_Bay_Airport
27177;YSHL;medium_airport;Shellharbour Airport;-34.5611;150.789001;31;OC;AU;AU-NSW;Albion Park Rail;yes;YSHL;WOL;;https://www.shellharbourairport.com.au/;https://en.wikipedia.org/wiki/Shellharbour_Airport
27138;YSHT;medium_airport;Shepparton Airport;-36.428341;145.391473;374;OC;AU;AU-VIC;;no;YSHT;SHT;;;https://en.wikipedia.org/wiki/Shepparton_Airport
27139;YSMI;medium_airport;Smithton Airport;-40.834999084472656;145.08399963378906;31;OC;AU;AU-TAS;;no;YSMI;SIO;;;https://en.wikipedia.org/wiki/Smithton_Airport
27140;YSNB;medium_airport;Snake Bay Airport;-11.417674;130.648481;173;OC;AU;AU-NT;Milikapiti;yes;YSNK;SNB;;;https://en.wikipedia.org/wiki/Snake_Bay_Airport
27141;YSNF;medium_airport;Norfolk Island International Airport;-29.041887;167.939616;371;OC;NF;NF-U-A;Burnt Pine;yes;YSNF;NLK;;http://www.airport.gov.nf/;https://en.wikipedia.org/wiki/Norfolk_Island_Airport
27142;YSNW;medium_airport;Naval Air Station Nowra - HMAS Albatross;-34.9466;150.542451;400;OC;AU;AU-NSW;Nowra Hill;no;YSNW;NOA;;https://www.navy.gov.au/establishments/hmas-albatross;https://en.wikipedia.org/wiki/HMAS_Albatross_(air_station)
27144;YSRI;medium_airport;RAAF Base Richmond;-33.604652;150.783051;67;OC;AU;AU-NSW;Richmond;no;YSRI;XRH;;;https://en.wikipedia.org/wiki/RAAF_Base_Richmond
27145;YSSY;large_airport;Sydney Kingsford Smith International Airport;-33.94609832763672;151.177001953125;21;OC;AU;AU-NSW;Sydney;yes;YSSY;SYD;;http://www.sydneyairport.com.au/;https://en.wikipedia.org/wiki/Kingsford_Smith_International_Airport
27147;YSTW;medium_airport;Tamworth Airport;-31.077898;150.845484;1334;OC;AU;AU-NSW;Tamworth;yes;YSTW;TMW;;http://www.tamworth.nsw.gov.au/Council/Council-Enterprises-and-Venues/Tamworth-Regional-Airport/Tamworth-Regional-Airport/defaul;https://en.wikipedia.org/wiki/Tamworth_Airport
27148;YSWG;medium_airport;Wagga Wagga City Airport;-35.163484;147.46832;724;OC;AU;AU-NSW;Wagga Wagga;yes;YSWG;WGA;;http://www.wagga.nsw.gov.au/www/html/271-airport.asp;https://en.wikipedia.org/wiki/Wagga_Wagga_Airport
27149;YSWH;medium_airport;Swan Hill Airport;-35.37580108642578;143.5330047607422;234;OC;AU;AU-VIC;;no;YSWH;SWH;;;https://en.wikipedia.org/wiki/Swan_Hill_Airport
27150;YSWL;medium_airport;Stawell Airport;-37.07170104980469;142.74099731445312;807;OC;AU;AU-VIC;;no;YSWL;SWC;;;https://en.wikipedia.org/wiki/Stawell_Airport
27152;YTEF;medium_airport;Telfer Airport;-21.715;122.228996;970;OC;AU;AU-WA;;no;YTEF;TEF;;;https://en.wikipedia.org/wiki/Telfer_Airport
27153;YTEM;medium_airport;Temora Airport;-34.421398;147.511993;921;OC;AU;AU-NSW;Temora;no;YTEM;TEM;;https://www.temora.nsw.gov.au/Council-Facilities/Airpark-and-Aerodrome;https://en.wikipedia.org/wiki/Temora_Airport
27154;YTGM;medium_airport;Thargomindah Airport;-27.986368;143.812065;433;OC;AU;AU-QLD;Thargomindah;yes;YTGM;XTG;;;https://en.wikipedia.org/wiki/Thargomindah_Airport
27155;YTIB;medium_airport;Tibooburra Airport;-29.451099;142.057999;584;OC;AU;AU-NSW;;no;YTIB;TYB;;;https://en.wikipedia.org/wiki/Tibooburra_Airport
27157;YTMU;medium_airport;Tumut Airport;-35.26832;148.240526;878;OC;AU;AU-NSW;;no;YTMU;TUM;;http://www.tumutaeroclub.org.au/content/information.html;https://en.wikipedia.org/wiki/Tumut_Airport
27158;YTNG;medium_airport;Thangool Airport;-24.494863;150.577967;644;OC;AU;AU-QLD;Biloela;yes;YTNG;THG;;;https://en.wikipedia.org/wiki/Thangool_Airport
27159;YTNK;medium_airport;Tennant Creek Airport;-19.6343994140625;134.18299865722656;1236;OC;AU;AU-NT;Tennant Creek;yes;YTNK;TCA;;http://www.tennantcreekairport.com.au/;https://en.wikipedia.org/wiki/Tennant_Creek_Airport
27161;YTRE;medium_airport;Taree Airport;-31.888599;152.514008;38;OC;AU;AU-NSW;Taree;yes;YTRE;TRO;;;https://en.wikipedia.org/wiki/Taree_Airport
27168;YWDH;medium_airport;Windorah Airport;-25.41309928894043;142.66700744628906;452;OC;AU;AU-QLD;;yes;YWDH;WNR;;;https://en.wikipedia.org/wiki/Windorah_Airport
27169;YWGT;medium_airport;Wangaratta Airport;-36.41579818725586;146.3070068359375;504;OC;AU;AU-VIC;;no;YWGT;WGT;;;https://en.wikipedia.org/wiki/Wangaratta_Airport
27170;YWHA;medium_airport;Whyalla Airport;-33.05889892578125;137.51400756835938;41;OC;AU;AU-SA;Whyalla;yes;YWHA;WYA;;;https://en.wikipedia.org/wiki/Whyalla_Airport
27172;YWKB;medium_airport;Warracknabeal Airport;-36.32109832763672;142.41900634765625;397;OC;AU;AU-VIC;;no;YWKB;WKB;;;https://en.wikipedia.org/wiki/Warracknabeal_Airport
27174;YWLG;medium_airport;Walgett Airport;-30.032801;148.126007;439;OC;AU;AU-NSW;;no;YWLG;WGE;;;https://en.wikipedia.org/wiki/Walgett_Airport
27175;YWLM;medium_airport;Newcastle Airport;-32.79499816894531;151.83399963378906;31;OC;AU;AU-NSW;Williamtown;yes;YWLM;NTL;;;https://en.wikipedia.org/wiki/Newcastle_Airport_(Williamtown)
27176;YWLU;medium_airport;Wiluna Airport;-26.629199981689453;120.22100067138672;1649;OC;AU;AU-WA;;yes;YWLU;WUN;;;https://en.wikipedia.org/wiki/Wiluna_Airport
28056;YWMC;medium_airport;William Creek Aerodrome;-28.905854;136.3406;253;OC;AU;AU-SA;William Creek;no;YWMC;;;https://www.wrightsair.com.au/;https://en.wikipedia.org/wiki/William_Creek_Airport
27178;YWRN;medium_airport;Warren Airport;-31.733299;147.802994;669;OC;AU;AU-NSW;;no;YWRN;;;;https://en.wikipedia.org/wiki/Warren_Airport_(New_South_Wales)
27179;YWSL;medium_airport;West Sale Airport;-38.090827;146.965335;72;OC;AU;AU-VIC;Sale;no;YWSL;SXE;;;https://en.wikipedia.org/wiki/West_Sale_Airport
27180;YWTN;medium_airport;Winton Airport;-22.36359977722168;143.08599853515625;638;OC;AU;AU-QLD;;yes;YWTN;WIN;;;https://en.wikipedia.org/wiki/Winton_Airport
27182;YWWL;medium_airport;West Wyalong Airport;-33.9371986389;147.190994263;859;OC;AU;AU-NSW;West Wyalong;no;YWWL;WWY;;;https://en.wikipedia.org/wiki/West_Wyalong_Airport
27184;YWYY;medium_airport;Wynyard Airport;-40.997039;145.726;62;OC;AU;AU-TAS;Burnie;yes;YWYY;BWT;;;https://en.wikipedia.org/wiki/Burnie_Airport
27186;YYNG;medium_airport;Young Airport;-34.2556;148.248001;1267;OC;AU;AU-NSW;;no;YYNG;NGA;;;https://en.wikipedia.org/wiki/Young_Airport
27188;ZBAA;large_airport;Beijing Capital International Airport;40.080101013183594;116.58499908447266;116;AS;CN;CN-11;Beijing;yes;ZBAA;PEK;;http://en.bcia.com.cn/;https://en.wikipedia.org/wiki/Beijing_Capital_International_Airport
330820;ZBAD;large_airport;Beijing Daxing International Airport;39.509945;116.41092;98;AS;CN;CN-11;Beijing;yes;ZBAD;PKX;;;https://en.wikipedia.org/wiki/Beijing_Daxing_International_Airport
32006;ZBBB;medium_airport;Beijing Xijiao Airport;39.9608;116.257004;;AS;CN;CN-11;Beijing;no;ZBBB;;;;https://en.wikipedia.org/wiki/Beijing_Xijiao_Airport
327347;ZBCD;medium_airport;Chengde Puning Airport;41.1225;118.073889;;AS;CN;CN-13;Chengde;yes;ZBCD;CDE;;;https://en.wikipedia.org/wiki/Chengde_Puning_Airport
30829;ZBCF;medium_airport;Chifeng Yulong Airport;42.159723;118.840971;2018;AS;CN;CN-15;Chifeng;yes;ZBCF;CIF;;;https://en.wikipedia.org/wiki/Chifeng_Yulong_Airport
318174;ZBDH;medium_airport;Qinhuangdao Beidaihe Airport;39.666384;119.061384;46;AS;CN;CN-13;Qinhuangdao (Changli);yes;ZBDH;BPE;;;https://en.wikipedia.org/wiki/Qinhuangdao_Beidaihe_Airport
300513;ZBDS;medium_airport;Ordos Ejin Horo Airport;39.493514;109.8599;4557;AS;CN;CN-15;Ordos;yes;ZBDS;DSN;;;https://en.wikipedia.org/wiki/Ordos_Ejin_Horo_Airport
300671;ZBER;medium_airport;Erenhot Saiwusu International Airport;43.4225;112.096667;3301;AS;CN;CN-15;Erenhot;yes;ZBER;ERL;;;https://en.wikipedia.org/wiki/Erenhot_Saiwusu_International_Airport
315854;ZBES;medium_airport;Arxan Yi'ershi Airport;47.3106;119.9117;2925;AS;CN;CN-15;Arxan;yes;ZBES;YIE;;;https://en.wikipedia.org/wiki/Arxan_Yi%27ershi_Airport
300860;ZBHD;medium_airport;Handan Airport;36.525833;114.425556;229;AS;CN;CN-13;Handan;yes;ZBHD;HDG;;;https://en.wikipedia.org/wiki/Handan_Airport
27189;ZBHH;large_airport;Hohhot Baita International Airport;40.849658;111.824598;3556;AS;CN;CN-15;Hohhot;yes;ZBHH;HET;;http://www.hhhtbtjc.com/;https://en.wikipedia.org/wiki/Hohhot_Baita_International_Airport
327443;ZBHZ;medium_airport;Holingol Huolinhe Airport;45.487222;119.407222;;AS;CN;CN-15;Holingol;yes;ZBHZ;HUO;;;https://en.wikipedia.org/wiki/Holingol_Huolinhe_Airport
27190;ZBLA;medium_airport;Hulunbuir Hailar Airport;49.205002;119.824997;2169;AS;CN;CN-15;Hailar;yes;ZBLA;HLD;;;https://en.wikipedia.org/wiki/Hulunbuir_Hailar_Airport
323216;ZBLF;medium_airport;Linfen Yaodu Airport;36.132629;111.641236;1483;AS;CN;CN-14;Linfen (Yaodu);yes;ZBLF;LFQ;;;https://en.wikipedia.org/wiki/Linfen_Qiaoli_Airport
327444;ZBLL;medium_airport;Lüliang Dawu Airport;37.683333;111.142778;;AS;CN;CN-61;Lüliang;yes;ZBLL;LLV;;;https://en.wikipedia.org/wiki/L%C3%BCliang_Airport
322165;ZBMZ;medium_airport;Manzhouli Xijiao Airport;49.566667;117.33;2231;AS;CN;CN-15;Manzhouli;yes;ZBMZ;NZH;;;https://en.wikipedia.org/wiki/Manzhouli_Xijiao_Airport
30679;ZBOW;medium_airport;Baotou Donghe Airport;40.560001;109.997002;3321;AS;CN;CN-15;Baotou;yes;ZBOW;BAV;;;https://en.wikipedia.org/wiki/Baotou_Airport
27191;ZBSJ;medium_airport;Shijiazhuang Zhengding International Airport;38.280701;114.696999;233;AS;CN;CN-13;Shijiazhuang;yes;ZBSJ;SJW;;;https://en.wikipedia.org/wiki/Shijiazhuang_Zhengding_International_Airport
27192;ZBTJ;large_airport;Tianjin Binhai International Airport;39.124401092499994;117.346000671;10;AS;CN;CN-12;Tianjin;yes;ZBTJ;TSN;;;https://en.wikipedia.org/wiki/Tianjin_Binhai_International_Airport
32440;ZBTL;medium_airport;Tongliao Airport;43.556702;122.199997;2395;AS;CN;CN-15;Tongliao;yes;ZBTL;TGO;;;https://en.wikipedia.org/wiki/Tongliao_Airport
327445;ZBUC;medium_airport;Ulanqab Jining Airport;41.130266;113.107274;;AS;CN;CN-15;Ulanqab;yes;ZBUC;UCB;;;https://en.wikipedia.org/wiki/Ulanqab_Jining_Airport
32700;ZBXH;medium_airport;Xilinhot Airport;43.91559982299805;115.96399688720703;;AS;CN;CN-15;Xilinhot;yes;ZBXH;XIL;;;https://en.wikipedia.org/wiki/Xilinhot_Airport
300455;ZBYC;medium_airport;Yuncheng Zhangxiao Airport;35.116391;111.031389;1242;AS;CN;CN-61;Yuncheng (Yanhu);yes;ZBYC;YCU;;;https://en.wikipedia.org/wiki/Yuncheng_Zhangxiao_Airport
27193;ZBYN;large_airport;Taiyuan Wusu Airport;37.746899;112.627998;2575;AS;CN;CN-14;Taiyuan;yes;ZBYN;TYN;;;https://en.wikipedia.org/wiki/Taiyuan_Wusu_Airport
314499;ZBYZ;medium_airport;Bayannur Tianjitai Airport;40.926;107.7428;3400;AS;CN;CN-15;Bavannur;yes;ZBYZ;RLK;;;https://en.wikipedia.org/wiki/Bayannur_Tianjitai_Airport
323666;ZBZL;medium_airport;Zhalantun Genghis Khan Airport;47.865942;122.768662;928;AS;CN;CN-15;Zhalantun;yes;ZBZL;NZL;;;https://en.wikipedia.org/wiki/Zhalantun_Chengjisihan_Airport
30708;ZGBH;medium_airport;Beihai Fucheng Airport;21.5394;109.293999;75;AS;CN;CN-45;Beihai (Yinhai);yes;ZGBH;BHY;;;https://en.wikipedia.org/wiki/Beihai_Fucheng_Airport
30825;ZGCD;medium_airport;Changde Taohuayuan Airport;28.9189;111.639999;128;AS;CN;CN-43;Changde (Dingcheng);yes;ZGCD;CGD;;;https://en.wikipedia.org/wiki/Changde_Taohuayuan_Airport
300890;ZGCJ;medium_airport;Huaihua Zhijiang Airport;27.443087;109.704666;882;AS;CN;CN-43;Huaihua;yes;ZGCJ;HJJ;;;https://en.wikipedia.org/wiki/Zhijiang_Airport
352634;ZGCZ;medium_airport;Chenzhou Beihu Airport;25.753419;112.845404;1071;AS;CN;CN-43;Chenzhou;yes;ZGCZ;HCZ;;;https://en.wikipedia.org/wiki/Chenzhou_Beihu_Airport
27194;ZGGG;large_airport;Guangzhou Baiyun International Airport;23.392401;113.299004;50;AS;CN;CN-44;Guangzhou (Huadu);yes;ZGGG;CAN;;http://www.baiyunairport.com/english/index.jsp;https://en.wikipedia.org/wiki/Guangzhou_Baiyun_International_Airport
27195;ZGHA;large_airport;Changsha Huanghua International Airport;28.189199;113.220001;217;AS;CN;CN-43;Changsha (Changsha);yes;ZGHA;CSX;;;https://en.wikipedia.org/wiki/Changsha_Huanghua_International_Airport
318152;ZGHC;medium_airport;Hechi Jinchengjiang Airport;24.804344;107.710819;2221;AS;CN;CN-45;Hechi (Jinchengjiang);yes;ZGHC;HCJ;;;https://en.wikipedia.org/wiki/Hechi_Jinchengjiang_Airport
27196;ZGKL;large_airport;Guilin Liangjiang International Airport;25.219828;110.039553;570;AS;CN;CN-45;Guilin (Lingui);yes;ZGKL;KWL;;;https://en.wikipedia.org/wiki/Guilin_Liangjiang_International_Airport
308238;ZGLG;medium_airport;Yongzhou Lingling Airport;26.338661;111.610043;340;AS;CN;CN-43;Yongzhou;yes;ZGLG;LLF;;;https://en.wikipedia.org/wiki/Yongzhou_Lingling_Airport
27197;ZGNN;large_airport;Nanning Wuxu Airport;22.608299;108.171997;421;AS;CN;CN-45;Nanning (Jiangnan);yes;ZGNN;NNG;;http://www.nnairport.com/;https://en.wikipedia.org/wiki/Nanning_Wuxu_International_Airport
32400;ZGOW;medium_airport;Jieyang Chaoshan International Airport;23.552;116.5033;;AS;CN;CN-44;Jieyang (Rongcheng);yes;ZGOW;SWA;;;https://en.wikipedia.org/wiki/Jieyang_Chaoshan_International_Airport
30593;ZGSD;medium_airport;Zhuhai Jinwan Airport;22.006399;113.375999;23;AS;CN;CN-44;Zhuhai (Jinwan);yes;ZGSD;ZUH;;;https://en.wikipedia.org/wiki/Zhuhai_Jinwan_Airport
327446;ZGSY;medium_airport;Shaoyang Wugang Airport;26.806123;110.641042;1444;AS;CN;CN-43;Shaoyang (Wugang);yes;ZGSY;WGN;;;https://en.wikipedia.org/wiki/Shaoyang_Wugang_Airport
27198;ZGSZ;large_airport;Shenzhen Bao'an International Airport;22.639299;113.810997;13;AS;CN;CN-44;Shenzhen (Bao'an);yes;ZGSZ;SZX;;http://eng.szairport.com/;https://en.wikipedia.org/wiki/Shenzhen_Bao'an_International_Airport
344100;ZGYL;medium_airport;Yulin Fumian Airport;22.438056;110.120833;328;AS;CN;CN-45;Yùlín;yes;ZGYL;YLX;;;https://en.wikipedia.org/wiki/Yulin_Fumian_Airport
31874;ZGZH;medium_airport;Liuzhou Bailian Airport / Bailian Air Base;24.2075;109.390999;295;AS;CN;CN-45;Liuzhou (Liujiang);yes;ZGZH;LZH;;;https://en.wikipedia.org/wiki/Liuzhou_Bailian_Airport
27199;ZHCC;large_airport;Zhengzhou Xinzheng International Airport;34.526497;113.849165;495;AS;CN;CN-41;Zhengzhou;yes;ZHCC;CGO;;;https://en.wikipedia.org/wiki/Zhengzhou_Xinzheng_International_Airport
31006;ZHES;medium_airport;Enshi Xujiaping Airport;30.320299;109.485001;1605;AS;CN;CN-42;Enshi (Enshi);yes;ZHES;ENH;;;https://en.wikipedia.org/wiki/Enshi_Xujiaping_Airport
31818;ZHGH;medium_airport;Guangzhou MR Air Base / Guanghua Airport;32.38866;111.69425;;AS;CN;CN-42;Xiangyang (Laohekou);no;ZHGH;LHK;;;
27200;ZHHH;large_airport;Wuhan Tianhe International Airport;30.774798;114.213723;113;AS;CN;CN-42;Wuhan (Huangpi);yes;ZHHH;WUH;;http://www.whairport.com/;https://en.wikipedia.org/wiki/Wuhan_Tianhe_International_Airport
347636;ZHJZ;medium_airport;Jingzhou Shashi Airport;30.29281;112.44854;95;AS;CN;CN-42;Jingzhou (Shashi);yes;ZHJZ;SHS;SHS;;https://en.wikipedia.org/wiki/Jingzhou_Shashi_Airport
31870;ZHLY;medium_airport;Luoyang Beijiao Airport;34.7411;112.388;840;AS;CN;CN-41;Luoyang (Laocheng);yes;ZHLY;LYA;;;https://en.wikipedia.org/wiki/Luoyang_Beijiao_Airport
319811;ZHSN;medium_airport;Shennongjia Hongping Airport;31.626;110.34;8365;AS;CN;CN-42;Shennongjia (Hongping);yes;ZHSN;HPG;;;https://en.wikipedia.org/wiki/Shennongjia_Hongping_Airport
318173;ZHSY;medium_airport;Shiyan Wudangshan Airport;32.592889;110.906296;;AS;CN;CN-42;Shiyan (Maojian);yes;ZHSY;WDS;;;https://en.wikipedia.org/wiki/Shiyan_Wudangshan_Airport
32697;ZHXF;medium_airport;Xiangyang Liuji Airport;32.152222;112.291666;234;AS;CN;CN-42;Xiangyang (Xiangzhou);yes;ZHXF;XFN;;http://www.hbxyairport.com/;https://en.wikipedia.org/wiki/Xiangyang_Liuji_Airport
32723;ZHYC;medium_airport;Yichang Sanxia Airport;30.554132;111.482563;673;AS;CN;CN-42;Yichang (Xiaoting);yes;ZHYC;YIH;;http://www.sanxiaairport.com/;https://en.wikipedia.org/wiki/Yichang_Sanxia_Airport
27201;ZJHK;large_airport;Haikou Meilan International Airport;19.9349;110.459;75;AS;CN;CN-46;Haikou (Meilan);yes;ZJHK;HAK;;;https://en.wikipedia.org/wiki/Haikou_Meilan_International_Airport
323220;ZJQH;medium_airport;Qionghai Bo'ao Airport;19.140951;110.452766;30;AS;CN;CN-46;Qionghai (Basuo);yes;ZJQH;BAR;;;https://en.wikipedia.org/wiki/Qionghai_Bo%27ao_Airport
27202;ZJSY;large_airport;Sanya Phoenix International Airport;18.3029;109.412003;92;AS;CN;CN-46;Sanya (Tianya);yes;ZJSY;SYX;;;https://en.wikipedia.org/wiki/Sanya_Phoenix_International_Airport
27203;ZKPY;large_airport;Pyongyang Sunan International Airport;39.224098;125.669998;117;AS;KP;KP-01;Pyongyang;yes;ZKPY;FNJ;;;https://en.wikipedia.org/wiki/Pyongyang_Sunan_International_Airport
35231;ZKSC;medium_airport;Sunchon Air Base;39.412463;125.890273;141;AS;KP;KP-02;Sunchon;no;ZKSC;;;;https://en.wikipedia.org/wiki/Sunchon_Airport
35218;ZKSD;medium_airport;Sondok Airport;39.745201;127.473999;12;AS;KP;KP-08;Sŏndŏng-ni;yes;ZKSD;DSO;;;https://en.wikipedia.org/wiki/Sondok_Airport
35213;ZKWS;medium_airport;Wonsan Kalma International Airport;39.166801;127.486;7;AS;KP;KP-07;Wonsan;yes;ZKWS;WOS;;;https://en.wikipedia.org/wiki/Wonsan_Kalma_International_Airport
30929;ZLDH;medium_airport;Dunhuang Mogao International Airport;40.161098;94.809196;;AS;CN;CN-62;Dunhuang;yes;ZLDH;DNH;;;https://en.wikipedia.org/wiki/Dunhuang_Airport
35308;ZLGM;medium_airport;Golmud Airport;36.4006;94.786102;9334;AS;CN;CN-63;Golmud;yes;ZLGM;GOQ;;;https://en.wikipedia.org/wiki/Golmud_Airport
300741;ZLGY;medium_airport;Guyuan Liupanshan Airport;36.078889;106.216944;5727;AS;CN;CN-64;Guyuan (Yuanzhou);yes;ZLGY;GYU;;;https://en.wikipedia.org/wiki/Guyuan_Liupanshan_Airport
319417;ZLHX;medium_airport;Huatugou Airport;38.201645;90.837843;2945;AS;CN;CN-63;Mengnai;yes;ZLHX;HTT;;;https://en.wikipedia.org/wiki/Huatugou_Airport
298989;ZLIC;medium_airport;Yinchuan Hedong International Airport;38.322758;106.393214;3743;AS;CN;CN-64;Yinchuan;yes;ZLIC;INC;;http://www.ningxiaairport.com/;https://en.wikipedia.org/wiki/Yinchuan_Hedong_International_Airport
300515;ZLJN;medium_airport;Jining Qufu Airport;35.292778;116.346667;134;AS;CN;CN-37;Jining;yes;;;;;https://en.wikipedia.org/wiki/Jining_Qufu_Airport
27204;ZLLL;large_airport;Lanzhou Zhongchuan International Airport;36.515202;103.620003;6388;AS;CN;CN-62;Lanzhou (Yongdeng);yes;ZLLL;LHW;;http://lzzcairport.com/Home/Index;https://en.wikipedia.org/wiki/Lanzhou_Airport
327544;ZLLN;medium_airport;Longnan Chengzhou Airport;33.789918;105.790014;3707;AS;CN;CN-62;Longnan (Cheng);yes;ZLLN;LNL;;;https://en.wikipedia.org/wiki/Longnan_Chengzhou_Airport
31685;ZLQY;medium_airport;Qingyang Xifeng Airport;35.802638;107.598896;;AS;CN;CN-62;Qingyang (Xifeng);yes;ZLQY;IQN;;;https://en.wikipedia.org/wiki/Qingyang_Airport
32299;ZLSN;medium_airport;Xi'an Xiguan Airport;34.376701;109.120003;;AS;CN;CN-61;Xi'an (Baqiao);no;ZLSN;SIA;;;https://en.wikipedia.org/wiki/Xi%27an_Xiguan_Airport
312986;ZLXH;medium_airport;Gannan Xiahe Airport;34.819014;102.622261;10510;AS;CN;CN-62;Gannan (Xiahe);yes;ZLXH;GXH;;;https://en.wikipedia.org/wiki/Gannan_Xiahe_Airport
32709;ZLXN;medium_airport;Xining Caojiabao International Airport;36.530093;102.040062;7119;AS;CN;CN-63;Haidong (Huzhu Tu Autonomous County);yes;ZLXN;XNN;;;https://en.wikipedia.org/wiki/Xining_Caojiabao_International_Airport
27205;ZLXY;large_airport;Xi'an Xianyang International Airport;34.447102;108.751999;1572;AS;CN;CN-61;Xianyang (Weicheng);yes;ZLXY;XIY;;http://www.xxia.com/;https://en.wikipedia.org/wiki/Xi'an_Xianyang_International_Airport
308462;ZLZW;medium_airport;Zhongwei Shapotou Airport;37.573125;105.154454;8202;AS;CN;CN-64;Zhongwei (Shapotou);yes;ZLZW;ZHY;;;https://en.wikipedia.org/wiki/Zhongwei_Shapotou_Airport
29670;ZMAH;medium_airport;Arvaikheer Airport;46.250301361083984;102.802001953125;5932;AS;MN;MN-055;Arvaikheer;yes;ZMAH;AVK;;;https://en.wikipedia.org/wiki/Arvaikheer_Airport
29654;ZMAT;medium_airport;Altai Airport;46.376399993896484;96.22109985351562;7260;AS;MN;MN-065;Altai;yes;ZMAT;LTI;;;https://en.wikipedia.org/wiki/Altai_Airport
27206;ZMBH;medium_airport;Bayankhongor Airport;46.163299560546875;100.7040023803711;6085;AS;MN;MN-069;Bayankhongor;yes;ZMBH;BYN;;;https://en.wikipedia.org/wiki/Bayankhongor_Airport
29736;ZMBN;medium_airport;Bulgan Airport;48.85499954223633;103.47599792480469;4311;AS;MN;MN-067;Bulgan;yes;ZMBN;UGA;;;https://en.wikipedia.org/wiki/Bulgan_Airport
27207;ZMBU;medium_airport;Baruun Urt Airport;46.660301208496094;113.28500366210938;3205;AS;MN;MN-051;;no;ZMBU;UUN;;;https://en.wikipedia.org/wiki/Baruun-Urt_Airport
27208;ZMCD;medium_airport;Choibalsan Airport;48.13570022583008;114.64600372314453;2457;AS;MN;MN-061;;no;ZMCD;COQ;;;https://en.wikipedia.org/wiki/Choibalsan_airport
335326;ZMCK;large_airport;Ulaanbaatar Chinggis Khaan International Airport;47.646916;106.819833;4482;AS;MN;MN-047;Ulaanbaatar (Sergelen);yes;ZMCK;UBN;;https://ulaanbaatar-airport.mn/;https://en.wikipedia.org/wiki/New_Ulaanbaatar_International_Airport
27209;ZMDZ;medium_airport;Dalanzadgad Airport;43.608628;104.367734;4787;AS;MN;MN-053;Dalanzadgad;yes;ZMDZ;DLZ;;;https://en.wikipedia.org/wiki/Dalanzadgad_Airport
27210;ZMKD;medium_airport;Khovd Airport;47.9541015625;91.6281967163086;4898;AS;MN;MN-043;Khovd;yes;ZMKD;HVD;;;https://en.wikipedia.org/wiki/Khovd_Airport
27211;ZMMN;medium_airport;Mörön Airport;49.663299560546875;100.0989990234375;4272;AS;MN;MN-041;Mörön;yes;ZMMN;MXV;;;https://en.wikipedia.org/wiki/M%C3%B6r%C3%B6n_Airport
27212;ZMUB;medium_airport;Buyant-Ukhaa International Airport;47.843102;106.766998;4364;AS;MN;MN-1;Ulaanbaatar;no;ZMUB;ULN;;;https://en.wikipedia.org/wiki/Buyant-Ukhaa_International_Airport
327447;ZPCW;medium_airport;Cangyuan Washan Airport;23.276331;99.373169;;AS;CN;CN-53;Lincang (Cangyuan);yes;ZPCW;CWJ;;;https://en.wikipedia.org/wiki/Cangyuan_Washan_Airport
30925;ZPDL;medium_airport;Dali Fengyi Airport;25.649401;100.319;7050;AS;CN;CN-53;Dali (Xiaguan);yes;ZPDL;DLU;;;https://en.wikipedia.org/wiki/Dali_Airport
30916;ZPDQ;medium_airport;Diqing Shangri-La Airport;27.7936;99.6772;10761;AS;CN;CN-53;Diqing (Shangri-La);yes;ZPDQ;DIG;;;https://en.wikipedia.org/wiki/Diqing_Shangri-La_Airport
27213;ZPJH;medium_airport;Xishuangbanna Gasa International Airport;21.974648;100.762224;1815;AS;CN;CN-53;Jinghong (Gasa);yes;ZPJH;JHG;;;https://en.wikipedia.org/wiki/Xishuangbanna_Gasa_International_Airport
327448;ZPJM;medium_airport;Lancang Jingmai Airport;22.417733;99.784012;;AS;CN;CN-53;Pu'er (Lancang);yes;ZPJM;JMJ;;;https://en.wikipedia.org/wiki/Lancang_Jingmai_Airport
31828;ZPLJ;medium_airport;Lijiang Sanyi International Airport;26.68;100.246002;7359;AS;CN;CN-53;Lijiang (Gucheng);yes;ZPLJ;LJG;;;https://en.wikipedia.org/wiki/Lijiang_Sanyi_Airport
31862;ZPLX;medium_airport;Dehong Mangshi Airport;24.4011;98.5317;2890;AS;CN;CN-53;Dehong (Mangshi);yes;ZPMS;LUM;;;https://en.wikipedia.org/wiki/Dehong_Mangshi_Airport
27214;ZPPP;large_airport;Kunming Changshui International Airport;25.110313;102.936743;6903;AS;CN;CN-53;Kunming;yes;ZPPP;KMG;;;https://en.wikipedia.org/wiki/Kunming_Changshui_International_Airport
27215;ZSAM;large_airport;Xiamen Gaoqi International Airport;24.54400062561035;118.12799835205078;59;AS;CN;CN-35;Xiamen;yes;ZSAM;XMN;;http://www.xiagc.com.cn/enweb/;https://en.wikipedia.org/wiki/Xiamen_Gaoqi_International_Airport
30650;ZSAQ;medium_airport;Anqing Tianzhushan Airport / Anqing North Air Base;30.582199;117.050003;;AS;CN;CN-34;Anqing;yes;ZSAQ;AQG;;;https://en.wikipedia.org/wiki/Anqing_Tianzhushan_Airport
301883;ZSBB;medium_airport;Bengbu Airport;32.8477333333;117.320244444;100;AS;CN;CN-34;Bengbu;no;ZSBB;BFU;;;https://en.wikipedia.org/wiki/Bengbu_Airport
30871;ZSCG;medium_airport;Changzhou Benniu International Airport;31.919701;119.778999;32;AS;CN;CN-32;Changzhou;yes;ZSCG;CZX;;;https://en.wikipedia.org/wiki/Changzhou_Benniu_International_Airport
27216;ZSCN;large_airport;Nanchang Changbei International Airport;28.864815;115.90271;143;AS;CN;CN-36;Nanchang;yes;ZSCN;KHN;;;https://en.wikipedia.org/wiki/Nanchang_Changbei_International_Airport
308240;ZSFY;medium_airport;Fuyang Xiguan Airport;32.882157;115.734364;104;AS;CN;CN-34;Yingzhou, Fuyang;yes;ZSFY;FUG;;;https://en.wikipedia.org/wiki/Fuyang_Xiguan_Airport
27217;ZSFZ;large_airport;Fuzhou Changle International Airport;25.934669;119.66318;46;AS;CN;CN-35;Fuzhou;yes;ZSFZ;FOC;FOC;;https://en.wikipedia.org/wiki/Fuzhou_Changle_International_Airport
27218;ZSHC;large_airport;Hangzhou Xiaoshan International Airport;30.23609;120.428865;23;AS;CN;CN-33;Hangzhou;yes;ZSHC;HGH;;http://www.hzairport.com/;https://en.wikipedia.org/wiki/Hangzhou_Xiaoshan_International_Airport
352633;ZSHZ;medium_airport;Heze Mudan Airport;35.212972;115.736748;;AS;CN;CN-37;Heze (Dingtao);yes;ZSHZ;HZA;;;https://en.wikipedia.org/wiki/Heze_Mudan_Airport
31695;ZSJD;medium_airport;Jingdezhen Luojia Airport;29.3386;117.176003;112;AS;CN;CN-36;Jingdezhen;yes;ZSJD;JDZ;;;https://en.wikipedia.org/wiki/Jingdezhen_Luojia_Airport
548284;ZSJG;medium_airport;Jining Da'an Airport;35.647358;116.743269;171;AS;CN;CN-37;Jining;yes;ZSJG;JNG;;;https://en.wikipedia.org/wiki/Jining_Da%27an_Airport
27219;ZSJN;large_airport;Jinan Yaoqiang International Airport;36.857201;117.216003;76;AS;CN;CN-37;Jinan (Licheng);yes;ZSJN;TNA;;;https://en.wikipedia.org/wiki/Jinan_Yaoqiang_International_Airport
31714;ZSJU;medium_airport;Quzhou Airport;28.965799;118.899002;;AS;CN;CN-33;Quzhou;yes;ZSJU;JUZ;;;https://en.wikipedia.org/wiki/Quzhou_Airport
44234;ZSLD;medium_airport;Longyan Guanzhishan Airport;25.6747;116.747002;1225;AS;CN;CN-35;Longyan;yes;ZSLO;LCX;;;https://en.wikipedia.org/wiki/Liancheng_Guanzhishan_Airport
31658;ZSLQ;medium_airport;Taizhou Luqiao Airport;28.562201;121.429001;;AS;CN;CN-33;Huangyan;yes;ZSLQ;HYN;;;https://en.wikipedia.org/wiki/Huangyan_Luqiao_Airport
31871;ZSLY;medium_airport;Linyi Qiyang Airport;35.052918;118.411828;177;AS;CN;CN-37;Linyi (Hedong);yes;ZSLY;LYI;;;https://en.wikipedia.org/wiki/Linyi_Airport
27220;ZSNB;large_airport;Ningbo Lishe International Airport;29.82670021057129;121.46199798583984;13;AS;CN;CN-33;Ningbo;yes;ZSNB;NGB;;;https://en.wikipedia.org/wiki/Ningbo_Lishe_International_Airport
27221;ZSNJ;large_airport;Nanjing Lukou International Airport;31.735032;118.865949;49;AS;CN;CN-32;Nanjing;yes;ZSNJ;NKG;;;https://en.wikipedia.org/wiki/Nanjing_Lukou_International_Airport
27222;ZSOF;medium_airport;Hefei Xinqiao International Airport;31.98779;116.9769;207;AS;CN;CN-34;Hefei;yes;ZSOF;HFE;;;https://en.wikipedia.org/wiki/Hefei_Xinqiao_International_Airport
27223;ZSPD;large_airport;Shanghai Pudong International Airport;31.1434;121.805;13;AS;CN;CN-31;Shanghai (Pudong);yes;ZSPD;PVG;;https://www.shanghaiairport.com/index.html;https://en.wikipedia.org/wiki/Shanghai_Pudong_International_Airport
31705;ZSQZ;medium_airport;Quanzhou Jinjiang International Airport;24.7964;118.589996;39;AS;CN;CN-35;Quanzhou;yes;ZSQZ;JJN;;;https://en.wikipedia.org/wiki/Quanzhou_Jinjiang_International_Airport
32235;ZSRG;medium_airport;Rugao Air Base;32.258341;120.501131;;AS;CN;CN-32;Rugao (Nantong);no;ZSRG;RUG;;;
323218;ZSRZ;medium_airport;Rizhao Shanzihe Airport;35.405033;119.324403;121;AS;CN;CN-37;Rizhao (Donggang);yes;ZSRZ;RIZ;;http://www.rzairport.com.cn/;https://en.wikipedia.org/wiki/Rizhao_Shanzihe_Airport
27225;ZSSS;large_airport;Shanghai Hongqiao International Airport;31.198104;121.33426;10;AS;CN;CN-31;Shanghai (Minhang);yes;ZSSS;SHA;;;https://en.wikipedia.org/wiki/Shanghai_Hongqiao_International_Airport
32420;ZSSZ;medium_airport;Suzhou Guangfu Airport;31.2631;120.401001;;AS;CN;CN-32;Suzhou;no;ZSSZ;SZV;;;https://en.wikipedia.org/wiki/Suzhou_Guangfu_Airport
32489;ZSTX;medium_airport;Tunxi International Airport;29.733299255371094;118.25599670410156;;AS;CN;CN-34;Huangshan;yes;ZSTX;TXN;;;https://en.wikipedia.org/wiki/Huangshan_Tunxi_International_Airport
348698;ZSWA;medium_airport;Wuhu Xuanzhou Airport;31.1045;118.66687;80;AS;CN;CN-34;Wuhu;yes;ZSWA;WHA;WHA;;https://en.wikipedia.org/wiki/Wuhu_Xuanzhou_Airport
32646;ZSWF;medium_airport;Weifang Nanyuan Airport;36.646702;119.119003;;AS;CN;CN-37;Weifang (Kuiwen);yes;ZSWF;WEF;;;https://en.wikipedia.org/wiki/Weifang_Airport
27226;ZSWH;medium_airport;Weihai Dashuibo Airport;37.187099;122.228996;145;AS;CN;CN-37;Weihai;yes;ZSWH;WEH;;;https://en.wikipedia.org/wiki/Weihai_Airport
32684;ZSWX;medium_airport;Sunan Shuofang International Airport;31.494400024399997;120.429000854;24;AS;CN;CN-32;Wuxi;yes;ZSWX;WUX;;;https://en.wikipedia.org/wiki/Wuxi_Shuofang_Airport
32683;ZSWY;medium_airport;Nanping Wuyishan Airport;27.7019;118.000999;614;AS;CN;CN-35;Wuyishan;yes;ZSWY;WUS;;;https://en.wikipedia.org/wiki/Wuyishan_Airport
32672;ZSWZ;large_airport;Wenzhou Longwan International Airport;27.912201;120.851997;13;AS;CN;CN-33;Wenzhou;yes;ZSWZ;WNZ;;;https://en.wikipedia.org/wiki/Wenzhou_Longwan_International_Airport
32713;ZSXZ;medium_airport;Xuzhou Guanyin International Airport;34.059056;117.555278;108;AS;CN;CN-32;Xuzhou;yes;ZSXZ;XUZ;;;https://en.wikipedia.org/wiki/Xuzhou_Guanyin_Airport
317774;ZSYA;medium_airport;Yangzhou Taizhou Airport;32.5634;119.7198;7;AS;CN;CN-32;Yangzhou;yes;ZSYA;YTY;;http://www.yztzairport.net/;https://en.wikipedia.org/wiki/Yangzhou_Taizhou_Airport
315853;ZSYC;medium_airport;Yichun Mingyueshan Airport;27.8025;114.3062;430;AS;CN;CN-36;Yichun;yes;ZSYC;YIC;;;https://en.wikipedia.org/wiki/Yichun_Mingyueshan_Airport
35316;ZSYN;medium_airport;Yancheng Nanyang International Airport;33.425833;120.203056;;AS;CN;CN-32;Yancheng (Tinghu);yes;ZSYN;YNZ;;;https://en.wikipedia.org/wiki/Yancheng_Nanyang_International_Airport
32726;ZSYW;medium_airport;Yiwu Airport;29.3446998596;120.031997681;262;AS;CN;CN-33;Yiwu;yes;ZSYW;YIW;;;https://en.wikipedia.org/wiki/Yiwu_Airport
31624;ZSZS;medium_airport;Zhoushan Putuoshan Airport;29.9342;122.362;3;AS;CN;CN-33;Zhoushan;yes;ZSZS;HSN;;;https://en.wikipedia.org/wiki/Zhoushan_Putuoshan_Airport
300545;ZUAL;medium_airport;Ngari Gunsa Airport;32.1;80.053056;14022;AS;CN;CN-54;Shiquanhe;yes;ZUAL;NGQ;;;https://en.wikipedia.org/wiki/Ngari_Gunsa_Airport
300785;ZUAS;medium_airport;Anshun Huangguoshu Airport;26.260556;105.873333;4812;AS;CN;CN-52;Anshun (Xixiu);yes;ZUAS;AVA;;;https://en.wikipedia.org/wiki/Anshun_Huangguoshu_Airport
30788;ZUBD;medium_airport;Qamdo Bangda Airport;30.553600311279297;97.1082992553711;14219;AS;CN;CN-54;Bangda;yes;ZUBD;BPX;;;https://en.wikipedia.org/wiki/Bangda_Airport
318169;ZUBJ;medium_airport;Bijie Feixiong Airport;27.267066;105.472097;4751;AS;CN;CN-52;Bijie;yes;ZUBJ;BFJ;;;https://en.wikipedia.org/wiki/Bijie_Feixiong_Airport
27228;ZUCK;large_airport;Chongqing Jiangbei International Airport;29.712254;106.651895;1365;AS;CN;CN-50;Chongqing;yes;ZUCK;CKG;;;https://en.wikipedia.org/wiki/Chongqing_Jiangbei_International_Airport
327348;ZUDC;medium_airport;Daocheng Yading Airport;29.31632;100.060317;14472;AS;CN;CN-51;Garzê (Daocheng);yes;ZUDC;DCY;;;https://en.wikipedia.org/wiki/Daocheng_Yading_Airport
31562;ZUGU;medium_airport;Guangyuan Panlong Airport;32.390254;105.694571;;AS;CN;CN-51;Guangyuan (Lizhou);yes;ZUGU;GYS;;;https://en.wikipedia.org/wiki/Guangyuan_Airport
27229;ZUGY;large_airport;Guiyang Longdongbao International Airport;26.541466;106.803331;3736;AS;CN;CN-52;Guiyang (Nanming);yes;ZUGY;KWE;;;https://en.wikipedia.org/wiki/Guiyang_Longdongbao_Airport
300512;ZUJZ;medium_airport;Jiuzhai Huanglong Airport;32.853333;103.682222;11327;AS;CN;CN-51;Ngawa (Songpan);yes;ZUJZ;JZH;;;https://en.wikipedia.org/wiki/Jiuzhai_Huanglong_Airport
327350;ZUKD;medium_airport;Kangding Airport;30.142464;101.73872;14042;AS;CN;CN-51;Garzê (Kangding);yes;ZUKD;KGT;;;https://en.wikipedia.org/wiki/Kangding_Airport
313427;ZUKJ;medium_airport;Kaili Huangping Airport;26.972;107.988;3115;AS;CN;CN-52;Kaili  (Huangping);yes;ZUKJ;KJH;;;https://en.wikipedia.org/wiki/Kaili_Huangping_Airport
31867;ZULS;medium_airport;Lhasa Gonggar Airport;29.298001;90.911951;11713;AS;CN;CN-54;Shannan (Gonggar);yes;ZULS;LXA;;;https://en.wikipedia.org/wiki/Lhasa_Gonggar_Airport
336114;ZULZ;medium_airport;Luzhou Yunlong Airport;29.030357;105.468407;;AS;CN;CN-51;Luzhou (Yunlong);yes;ZULZ;LZO;;;https://en.wikipedia.org/wiki/Luzhou_Yunlong_Airport
327355;ZUMT;medium_airport;Zunyi Maotai Airport;27.961837;106.435416;4068;AS;CN;CN-52;Zunyi;yes;ZUMT;WMT;;;https://en.wikipedia.org/wiki/Zunyi_Maotai_Airport
31908;ZUMY;medium_airport;Mianyang Nanjiao Airport;31.428101;104.740997;7874;AS;CN;CN-51;Mianyang (Fucheng);yes;ZUMY;MIG;;;https://en.wikipedia.org/wiki/Mianyang_Airport
308782;ZUNP;medium_airport;Liping Airport;26.32217;109.1499;1620;AS;CN;CN-52;Liping;yes;ZUNP;HZH;;;https://en.wikipedia.org/wiki/Liping_Airport
31876;ZUNZ;medium_airport;Nyingchi Mainling Airport;29.303301;94.335297;9675;AS;CN;CN-54;Nyingchi (Mainling);yes;ZUNZ;LZY;;;https://en.wikipedia.org/wiki/Nyingchi_Airport
327352;ZUPS;medium_airport;Liupanshui Yuezhao Airport;26.609417;104.979;;AS;CN;CN-52;Liupanshui (Zhongshan);yes;ZUPS;LPF;;;https://en.wikipedia.org/wiki/Liupanshui_Yuezhao_Airport
300514;ZUTC;medium_airport;Tengchong Tuofeng Airport;24.938056;98.485833;6250;AS;CN;CN-53;Baoshan (Tengchong);yes;ZPTC;TCZ;;;https://en.wikipedia.org/wiki/Tengchong_Tuofeng_Airport
342095;ZUTF;large_airport;Chengdu Tianfu International Airport;30.31252;104.441284;1440;AS;CN;CN-51;Chengdu (Jianyang);yes;ZUTF;TFU;;;https://en.wikipedia.org/wiki/Chengdu_Tianfu_International_Airport
302314;ZUTR;medium_airport;Tongren Fenghuang Airport;27.883333;109.308889;;AS;CN;CN-52;Tongren (Daxing);yes;ZUTR;TEN;;;https://en.wikipedia.org/wiki/Tongren_Fenghuang_Airport
27230;ZUUU;large_airport;Chengdu Shuangliu International Airport;30.558257;103.945966;1625;AS;CN;CN-51;Chengdu (Shuangliu);yes;ZUUU;CTU;;http://www.cdairport.com/cdairport/en_front/index.jsp;https://en.wikipedia.org/wiki/Chengdu_Shuangliu_International_Airport
350117;ZUWL;medium_airport;Chongqing Xiannüshan Airport;29.465658;107.693664;1747;AS;CN;CN-50;Wulong;yes;ZUWL;CQW;;;https://en.wikipedia.org/wiki/Chongqing_Xiannüshan_Airport
27231;ZUXC;medium_airport;Xichang Qingshan Airport;27.9891;102.183998;5112;AS;CN;CN-51;Liangshan (Xichang);yes;ZUXC;XIC;;;https://en.wikipedia.org/wiki/Xichang_Qingshan_Airport
301647;ZUYI;medium_airport;Xingyi Wanfenglin Airport;25.083423;104.960804;4150;AS;CN;CN-52;Xingyi;yes;ZUYI;ACX;;;https://en.wikipedia.org/wiki/Xingyi_Wanfenglin_Airport
308403;ZUZY;medium_airport;Zunyi Xinzhou Airport;27.810723;107.247189;2723;AS;CN;CN-52;Zunyi;yes;ZUZY;ZYI;;;https://en.wikipedia.org/wiki/Zunyi_Xinzhou_Airport
30635;ZWAK;medium_airport;Aksu Hongqipo Airport;41.262501;80.291702;3816;AS;CN;CN-65;Aksu (Onsu);yes;ZWAK;AKU;;;https://en.wikipedia.org/wiki/Aksu_Hongqipo_Airport
46650;ZWAX;medium_airport;Bole Alashankou Airport;44.895461;82.30007;1253;AS;CN;CN-65;Bole;yes;ZWBL;BPL;;;https://en.wikipedia.org/wiki/Bole_Alashankou_Airport
31684;ZWCM;medium_airport;Qiemo Yudu Airport;38.234516;85.465462;;AS;CN;CN-65;Qiemo;yes;ZWCM;IQM;;;https://en.wikipedia.org/wiki/Qiemo_Yudu_Airport
323219;ZWFY;medium_airport;Fuyun Koktokay Airport;46.804169;89.512006;3081;AS;CN;CN-65;Fuyun;yes;ZWFY;FYN;;;https://en.wikipedia.org/wiki/Fuyun_Koktokay_Airport
31609;ZWHM;medium_airport;Hami Airport;42.8414;93.669197;2703;AS;CN;CN-65;Hami;yes;ZWHM;HMI;;;https://en.wikipedia.org/wiki/Hami_Airport
31771;ZWKL;medium_airport;Korla Licheng Airport;41.614979;86.140817;3041;AS;CN;CN-65;Korla;yes;ZWKL;KRL;;;https://en.wikipedia.org/wiki/Korla_Licheng_Airport
313426;ZWKN;medium_airport;Burqin Kanas Airport;48.2223;86.9959;3921;AS;CN;CN-65;Burqin;yes;ZWKN;KJI;;;https://en.wikipedia.org/wiki/Kanas_Airport
316548;ZWNL;medium_airport;Xinyuan Nalati Airport;43.4318;83.3786;3050;AS;CN;CN-65;Xinyuan;yes;ZWNL;NLT;;;https://en.wikipedia.org/wiki/Xinyuan_Nalati_Airport
333070;ZWRQ;medium_airport;Ruoqiang Loulan Airport;38.974722;88.008333;2916;AS;CN;CN-65;Ruoqiang Town;yes;ZWRQ;RQA;;;https://en.wikipedia.org/wiki/Ruoqiang_Loulan_Airport
326731;ZWSC;medium_airport;Shache Airport;38.24542;77.056149;4232;AS;CN;CN-65;Shache;yes;ZWSC;QSZ;;;https://en.wikipedia.org/wiki/Shache_Airport
27234;ZWSH;medium_airport;Kashgar Airport;39.5429000854;76.0199966431;4529;AS;CN;CN-65;Kashgar;yes;ZWSH;KHG;;;https://en.wikipedia.org/wiki/Kashgar_Airport
32406;ZWSS;medium_airport;Shanshan Airport;42.911701;90.247498;;AS;CN;CN-65;Shanshan;no;ZWSS;SXJ;;;https://en.wikipedia.org/wiki/Shanshan_Airport
314799;ZWTL;medium_airport;Turpan Jiaohe Airport;43.0308;89.0987;934;AS;CN;CN-65;Turpan;yes;ZWTL;TLQ;;;https://en.wikipedia.org/wiki/Turpan_Jiaohe_Airport
27235;ZWTN;medium_airport;Hotan Airport;37.03850173950195;79.86489868164062;4672;AS;CN;CN-65;Hotan;yes;ZWTN;HTN;;;https://en.wikipedia.org/wiki/Hotan_Airport
27236;ZWWW;large_airport;Ürümqi Diwopu International Airport;43.907100677490234;87.47419738769531;2125;AS;CN;CN-65;Ürümqi;yes;ZWWW;URC;;;https://en.wikipedia.org/wiki/%C3%9Cr%C3%BCmqi_Diwopu_International_Airport
30646;ZYAS;medium_airport;Anshan Teng'ao Airport / Anshan Air Base;41.105301;122.853996;;AS;CN;CN-21;Anshan;yes;ZYAS;AOG;;;https://en.wikipedia.org/wiki/Anshan_Teng%27ao_Airport
27237;ZYCC;large_airport;Changchun Longjia International Airport;43.996201;125.684998;706;AS;CN;CN-22;Changchun;yes;ZYCC;CGQ;;;https://en.wikipedia.org/wiki/Changchun_Longjia_International_Airport
300858;ZYCH;medium_airport;Changhai Airport;39.266667;122.666944;80;AS;CN;CN-21;Dalian (Changhai);yes;ZYCH;CNI;;;https://en.wikipedia.org/wiki/Changhai_Airport
30827;ZYCY;medium_airport;Chaoyang Airport;41.538101;120.434998;568;AS;CN;CN-21;Shuangta, Chaoyang;yes;ZYCY;CHG;;;https://en.wikipedia.org/wiki/Chaoyang_Airport
327349;ZYDU;medium_airport;Wudalianchi Dedu Airport;48.441037;126.128374;984;AS;CN;CN-23;Heihe;yes;ZYDU;DTU;;;https://en.wikipedia.org/wiki/Wudalianchi_Dedu_Airport
313994;ZYFY;medium_airport;Fuyuan Dongji Aiport;48.197219;134.36298;;AS;CN;CN-23;Fuyuan;yes;ZYFY;FYJ;;;https://en.wikipedia.org/wiki/Fuyuan_Dongji_Airport
27238;ZYHB;large_airport;Harbin Taiping International Airport;45.623402;126.25;457;AS;CN;CN-23;Harbin;yes;ZYHB;HRB;;;https://en.wikipedia.org/wiki/Harbin_Taiping_International_Airport
31576;ZYHE;medium_airport;Heihe Aihui Airport;50.171621;127.308884;1047;AS;CN;CN-23;Heihe;yes;ZYHE;HEK;;;https://en.wikipedia.org/wiki/Heihe_Aihui_Airport
27239;ZYJM;medium_airport;Jiamusi Dongjiao Airport;46.843399;130.464996;262;AS;CN;CN-23;Jiamusi;yes;ZYJM;JMU;;;https://en.wikipedia.org/wiki/Jiamusi_Dongjiao_Airport
327450;ZYJS;medium_airport;Jiansanjiang Shidi Airport;47.108248;132.65792;;AS;CN;CN-23;Jiansanjiang;yes;ZYJS;JSJ;;;https://en.wikipedia.org/wiki/Jiansanjiang_Airport
313337;ZYJX;medium_airport;Jixi Xingkaihu Airport;45.293;131.193;760;AS;CN;CN-23;Jixi;yes;ZYJX;JXA;;;https://en.wikipedia.org/wiki/Jixi_Xingkaihu_Airport
307012;ZYLD;medium_airport;Yichun Lindu Airport;47.752056;129.019125;791;AS;CN;CN-23;Yichun;yes;ZYLD;LDS;;;https://en.wikipedia.org/wiki/Yichun_Lindu_Airport
300516;ZYLS;medium_airport;Yushu Batang Airport;32.836389;97.036389;12816;AS;CN;CN-63;Yushu (Batang);yes;ZLYS;YUS;;;https://en.wikipedia.org/wiki/Yushu_Batang_Airport
27240;ZYMD;medium_airport;Mudanjiang Hailang International Airport;44.5241012573;129.569000244;883;AS;CN;CN-23;Mudanjiang;yes;ZYMD;MDG;;;https://en.wikipedia.org/wiki/Mudanjiang_Airport
301193;ZYMH;medium_airport;Mohe Gulian Airport;52.916871;122.422759;1836;AS;CN;CN-23;Mohe;yes;ZYMH;OHE;;;https://en.wikipedia.org/wiki/Mohe_Gulian_Airport
27241;ZYQQ;medium_airport;Qiqihar Sanjiazi Airport;47.239601135253906;123.91799926757812;477;AS;CN;CN-23;Qiqihar;yes;ZYQQ;NDG;;;https://en.wikipedia.org/wiki/Qiqihar_Airport
327451;ZYSQ;medium_airport;Songyuan Chaganhu Airport;44.938114;124.550178;459;AS;CN;CN-22;Qian Gorlos Mongol Autonomous County;yes;ZYSQ;YSQ;;;https://en.wikipedia.org/wiki/Songyuan_Chaganhu_Airport
27242;ZYTL;large_airport;Dalian Zhoushuizi International Airport;38.965719;121.538477;107;AS;CN;CN-21;Dalian (Ganjingzi);yes;ZYTL;DLC;;;https://en.wikipedia.org/wiki/Dalian_Zhoushuizi_International_Airport
307013;ZYTN;medium_airport;Tonghua Sanyuanpu Airport;42.2538888889;125.703333333;1200;AS;CN;CN-22;Tonghua;yes;ZYTN;TNH;;;https://en.wikipedia.org/wiki/Tonghua_Sanyuanpu_Airport
27243;ZYTX;large_airport;Shenyang Taoxian International Airport;41.639801;123.483002;198;AS;CN;CN-21;Hunnan, Shenyang;yes;ZYTX;SHE;;;https://en.wikipedia.org/wiki/Shenyang_Taoxian_International_Airport
27244;ZYYJ;medium_airport;Yanji Chaoyangchuan Airport;42.8828010559;129.451004028;624;AS;CN;CN-22;Yanji;yes;ZYYJ;YNJ;;;https://en.wikipedia.org/wiki/Yanji_Chaoyangchuan_Airport
317861;ZYYK;medium_airport;Yingkou Lanqi Airport;40.542524;122.3586;;AS;CN;CN-21;Yingkou (Laobian);yes;ZYYK;YKH;;;https://en.wikipedia.org/wiki/Yingkou_Lanqi_Airport
32753;ZYYY;medium_airport;Shenyang Dongta Airport;41.784401;123.496002;;AS;CN;CN-21;Dadong, Shenyang;no;ZYYY;;;;
