@ident;@phi;@lambda;@alt;@theta;@length;@width;@number;@designator;Vasi.PRIMARY.@biasZ;Vasi.PRIMARY.@pitch;Vasi.SECONDARY.@biasZ;Vasi.SECONDARY.@pitch;OffsetThreshold.PRIMARY.@length;OffsetThreshold.SECONDARY.@length;RunwayDeformation.0;RunwayDeformation.
AGGH;-0.164553361645157;2.7934774164614367;7.9248;1.1898668729069963;2202.931;42.169;6;;796.532;0.0523598775598298;796.532;0.0523598775598298;;;10.3632;5.486400000000001
AGGM;-0.1453327539439823;2.74475809363561;2.4384;1.3790272280344684;1373.174;38.418;7;;;;;;;;2.1336;2.7432000000000003
ANYN;-0.0095554122384171;2.91328774659307;7.010400000000001;2.277937242658498;2145.654;42.472;12;;;;651.115;0.0523598775598298;58.201;116.912;7.657;6.327
AYBK;-0.094636697198301;2.699547378915489;2.4384;0.8315203214771131;1561.666;25.0;4;;491.479;0.0523598775598298;476.033;0.0523598775598298;;;3.048;1.8288
AYCH;-0.1051363996501958;2.5302168816891744;1514.5512;3.7497444283997328;993.687;27.214;21;;;;;;;;1528.572;1500.5304
AYDU;-0.1585965113698614;2.4994487574371087;3.9624;5.497287456017292;1398.879;28.473;32;;;;;;;;4.2672;3.6576
AYGA;-0.1061644038878415;2.537557461312828;1584.6552;6.1970826301251;1644.475;27.931;35;L;;;;;;;1551.7368;1609.6488000000002
AYGA;-0.1061251040565601;2.53757274588092;1584.6552;6.195737330337662;1253.871;15.5448;35;R;;;;;;;1565.743;1609.6488000000002
AYGN;-0.1799508787164044;2.623825646820455;19.964;4.908564337374703;1690.738;28.336;27;;540.569;0.0523598775598298;540.569;0.0523598775598298;;;14.0208;25.908
AYGR;-0.1536664072226633;2.58847933019211;90.982;0.6596341008218669;1666.682;31.826;3;;;;;;;;102.108;79.8576
AYKM;-0.1389917589360881;2.5441905191377394;2.286;2.5480278170692463;943.617;13.402;14;;;;;;;;2.1336;2.4384
AYKV;-0.0450180620629831;2.632096049373061;4.114;5.325544614160098;1694.657;27.542;30;;;;541.747;0.0523598775598298;;;4.572;3.6576
AYMD;-0.0909094452575826;2.5444768141564094;3.3528;1.3111155941747432;1444.014;32.0;7;;384.245;0.0523598775598298;367.324;0.0523598775598298;;;5.664;1.042
AYMH;-0.1017203864566776;2.5184986894118118;1635.784;2.1247125186978884;2186.1;27.634;12;;788.25;0.0523598775598298;;;;;1644.0912;1630.0704
AYMH;-0.1016809988503115;2.51847184974145;1635.784;1.4836316168905714;1093.843;16.29;8;;;;;;;;1638.9096000000002;1630.0704
AYMN;-0.1073064981806531;2.5072901231776568;1728.8256;3.0160752060375184;1335.824;28.951;17;;;;;;;;1728.8256;1728.8256
AYMO;-0.0359874336496331;2.5730373599168272;4.8768;2.805969329089788;1852.0;42.672;16;;627.937;0.0523598775598298;;;;;4.8768;4.8768
AYNZ;-0.1146650404877624;2.56085579321425;69.1896;1.65785013847855;2437.859;33.857;9;;;;;;;;72.5424;65.8368
AYPY;-0.1647845027016812;2.569481649750084;35.3568;2.591969971646708;2749.79;43.575;14;L;1012.388;0.0523598775598298;1005.631;0.0523598775598298;;;31.3944;39.0144
AYPY;-0.1647540213405817;2.5694058432857734;35.3568;2.59219058126416;1308.61;30.729;14;R;;;;;;;31.6992;39.3192
AYVN;-0.0469940723260278;2.466199765991728;4.724;2.2641236597606635;1757.657;27.392;12;;180.358;0.0523598775598298;471.627;0.0523598775598298;147.5232;;3.56;5.7912
AYWD;-0.0983552242955948;2.511393885369157;1793.1384;2.4234128792731777;1541.631;25.0;14;;;;;;;;1791.574;1794.782
AYWK;-0.0625477295697115;2.507495766547338;4.419;4.955138099398321;1598.404;25.722;28;;;;;;;;4.572;4.2672
BGAA;1.199423331310407;-0.921264335439344;20.878;4.505261682338412;795.878;30.777;29;;321.222;0.0523598775598298;330.317;0.0523598775598298;;;20.1168;21.6408
BGBW;1.0674291133128435;-0.792821743141247;18.745;3.844864872633424;1938.094;65.428;24;;;;664.247;0.0610865238198015;;;18.745;18.745
BGGH;1.120380913665015;-0.901924176122174;83.972;0.321411317840526;937.646;28.925;4;;195.513;0.0523598775598298;182.59;0.0523598775598298;;;82.6008;85.34400000000001
BGJN;1.2085223950315052;-0.8911116978838172;26.974;0.619205922347201;849.606;28.178;7;;120.0;0.0890117918517108;120.0;0.0977384381116824;;;28.956000000000003;24.9936
BGKK;1.144471060704906;-0.6479500502613563;33.375;1.4682055242968195;1492.675;25.0;11;;;;;;;;35.052;31.6992
BGSF;1.169572956036746;-0.8851392938635029;40.386;4.216690863675847;2798.313;61.06;27;;;;1090.046;0.0523598775598298;;;50.292;30.48
BGSS;1.1685205737322275;-0.937751835710862;7.62;4.955721562967263;788.456;27.552;31;;323.764;0.0523598775598298;314.366;0.0523598775598298;;;7.62;7.62
BIAR;1.145923732505946;-0.315416482332065;1.8288;6.205462304929776;2696.467;44.787;1;;922.798;0.0925024503556994;889.851;0.0602138591938043;;;2.1336;1.524
BIEG;1.1394119681448227;-0.2513505480830346;22.86;0.4382915323504086;1852.0;45.54;3;;618.306;0.0523598775598298;635.528;0.0523598775598298;;;22.86;22.86
BIHN;1.1221718764943769;-0.2657675706441785;4.724;2.917933945934476;1486.246;27.106;18;;431.511;0.0523598775598298;465.079;0.0523598775598298;;;7.315200000000001;2.1336
BIHU;1.151088553081454;-0.3041408559331566;14.0208;3.344694698782196;1590.741;30.465;20;;490.571;0.0523598775598298;490.571;0.0523598775598298;;;13.4112;14.630400000000002
BIIS;1.1529322277750482;-0.4037865729315238;2.4384;1.0751402725210268;1392.947;45.110400000000006;8;;;;;;;;2.4384;2.4384
BIKF;1.116629740087864;-0.394540493745689;43.662;3.1417338507262795;3050.641;57.338;19;;1200.402;0.0523598775598298;1222.719;0.0523598775598298;;;49.0728;41.148
BIKF;1.1167495823369176;-0.3948602057144044;43.662;4.71346549946732;3060.532;59.58;28;;1194.405;0.0523598775598298;1182.365;0.0523598775598298;;;51.2064;33.2232
BIRK;1.1192768084288856;-0.3829754904473569;8.458;2.029517025306361;1342.333;44.533;13;;443.815;0.0541052068118242;257.982;0.0776671517137476;;178.67;6.4008;11.871
BIRK;1.1192525532471314;-0.3828800769796698;8.458;6.201466199074408;1671.472;41.252;1;;428.888;0.0610865238198015;631.672;0.0610865238198015;191.228;;6.912;8.8392
BIRK;1.1192862881380392;-0.3829087579762532;8.458;3.950427970847648;833.386;31.066;24;;;;;;;;8.458;8.458
BISI;1.1543321057884437;-0.3299894480593439;2.7432000000000003;0.7295490235970313;794.945;25.0;6;;;;;;;;1.524;3.9624
BIVM;1.1069653755625757;-0.3538876856044821;92.506;1.9265967744586776;1205.387;39.162;12;;388.864;0.0523598775598298;309.119;0.0523598775598298;;;90.8304;99.3648
BIVM;1.1069868394966345;-0.3539305354503024;92.506;0.3239681553815275;1176.941;42.272;3;;368.699;0.0523598775598298;363.129;0.0523598775598298;;;88.69680000000001;91.1352
BKPR;0.7430583356822473;0.367143947038123;545.8968;3.066451342369532;2490.626;56.874;17;;940.513;0.0523598775598298;940.513;0.0610865238198015;;;545.2872;546.5064
CBBC;0.9108021109980828;-2.2367578790637985;37.1856;5.789935363812516;1121.142;21.572;31;;;;;;;;31.3944;42.9768
CYAG;0.8491793786782194;-1.6308461491015065;341.68080000000003;5.337265721817715;1356.485;29.343;30;;373.442;0.0523598775598298;373.442;0.0523598775598298;;;341.07120000000003;342.29040000000003
CYAM;0.8113177831222201;-1.4749201790808877;188.214;0.5730324341342351;1852.0;61.231;4;;609.572;0.0523598775598298;609.572;0.0523598775598298;;;186.8424;192.974
CYAM;0.8112900637504542;-1.474970987201059;188.214;1.8816979351050285;1852.0;59.299;12;;;;578.687;0.0523598775598298;;;186.8424;186.5376
CYAQ;0.9341722975344432;-1.5471234098428848;199.0344;3.6009832094681737;1392.754;27.774;21;;;;391.577;0.0523598775598298;;;193.2432;204.8256
CYAV;0.87359990528546;-1.6935121214631716;230.936;0.7861461067950979;843.662;22.392;4;;;;;;;;230.7336;231.3432
CYAV;0.8736904189528604;-1.6935090941980258;230.936;2.316886184778929;910.985;20.261;13;;287.102;0.0523598775598298;276.072;0.0523598775598298;;;230.7336;231.3432
CYAV;0.8736693061191404;-1.693631924701076;230.936;3.2731384683784563;910.643;21.051;18;;271.706;0.0523598775598298;272.528;0.0523598775598298;;;230.4288;231.0384
CYAX;0.8778089897764382;-1.6756889340730188;259.08000000000004;0.1035213823846431;1097.158;21.0;36;;;;;;;;259.08000000000004;259.08000000000004
CYAZ;0.856538535410922;-2.195122832614137;23.571;1.5718264201194236;1522.546;45.72;7;;;;;;223.881;110.098;22.631;24.191
CYAZ;0.8566579095261901;-2.19528043765521;23.571;3.0462730672884497;1472.884;30.48;16;;;;;;61.701;221.489;24.433;23.262
CYAZ;0.8565862265403061;-2.1951963374206698;23.571;5.334691884769799;1516.221;30.48;29;;610.237;0.0523598775598298;488.815;0.0523598775598298;;146.36;23.1648;23.503
CYBC;0.857524079914235;-1.1903867556474257;20.7264;1.3930638640107078;1828.317;48.664;10;;;;577.687;0.0436332312998582;;;21.336;20.1168
CYBD;0.914335836431931;-2.2095136942989093;35.6616;4.362178543062366;1273.937;28.8;23;;;;;;60.436;;35.6616;35.6616
CYBF;0.9477974366876076;-1.932798027058753;560.069;1.5701285638230835;1344.665;21.935;8;;;;;;;156.063;559.6128;560.647
CYBG;0.8435261248660779;-1.2390427867854703;157.8864;2.8390743852757656;1852.0;45.892;18;;;;;;;;158.496;159.1056
CYBG;0.8435527090134144;-1.2391171966506545;157.8864;4.732037897103642;3052.677;45.367;29;;1192.359;0.0523598775598298;1218.929;0.0523598775598298;;;155.7528;158.1912
CYBL;0.871827340113863;-2.186427575244623;99.822;2.3575945933182947;1985.454;43.601;12;;687.927;0.0523598775598298;687.927;0.0523598775598298;;;108.8136;90.8304
CYBR;0.8710511216326758;-1.7445028528222803;409.3464;4.717057038002074;1979.325;45.895;26;;815.364;0.0523598775598298;799.874;0.0523598775598298;;;409.3464;409.3464
CYBU;0.9308276630398488;-1.815296563965461;368.427;3.9239085655282193;891.388;21.414;21;;;;;;;;371.856;371.856
CYBU;0.9308311330815328;-1.8152915705384167;368.427;2.3470393656010087;1069.47;40.215;12;;;;;;;;365.1504;364.8456
CYBW;0.8919470865249167;-1.9961556202749176;1199.311;1.5671926756751338;1012.885;30.0;8;;360.673;0.0523598775598298;314.607;0.0523598775598298;;;1199.388;1199.0832
CYBW;0.8919560746935957;-1.9962855274003564;1199.311;6.282757003381147;1523.667;30.0;35;;454.342;0.0523598775598298;584.801;0.0523598775598298;;;1200.912;1197.864
CYBX;0.8978331315651759;-0.9980873288577612;37.033;3.621009640904332;1369.877;41.535;23;;380.139;0.0523598775598298;380.139;0.0523598775598298;;;37.1856;36.8808
CYCB;1.206163755618992;-1.8350026790671112;26.2128;5.367534967035054;1601.562;19.178;31;;;;;;;;21.9456;30.48
CYCD;0.8561632208518498;-2.1619421184813525;25.45;0.0152347469118679;2009.535;39.79;34;;444.633;0.0523598775598298;636.575;0.0523598775598298;303.803;63.393;29.0;22.671
CYCE;0.7554353540918872;-1.4225553190171354;248.1072;4.743820091285079;1527.168;26.8;28;;;;;;;;251.1552;243.2304
CYCE;0.7554736240288408;-1.4225183052391723;248.1072;2.65137679059439;1271.819;42.189;16;;;;;;;;247.4976;250.5456
CYCG;0.8603815626884337;-2.053076701635956;493.318;6.092015903550144;1606.37;41.742;33;;498.385;0.0523598775598298;498.385;0.0523598775598298;;;494.0808;492.5568
CYCH;0.8204061499863228;-1.1424369433357529;29.718;4.378138531874303;3049.631;45.191;27;;1220.016;0.0523598775598298;1220.016;0.0523598775598298;;;25.908;33.528
CYCL;0.8376001070522209;-1.1576844352321352;37.4904;4.951239906513992;1825.832;39.224;30;;608.116;0.0523598775598298;;;;;34.7472;40.2336
CYCN;0.8570740863130524;-1.4139825410503322;259.232;5.223631173944719;1372.254;28.188;31;;381.327;0.0523598775598298;381.327;0.0523598775598298;;;262.4328;256.03200000000004
CYCP;0.9097500739422308;-2.082052708328656;681.5328000000001;3.657163787293544;1604.235;17.703;19;;;;;;;;672.6936000000001;690.3720000000001
CYCQ;0.9719254147890288;-2.122786566032569;608.076;1.2640285308181134;1357.654;29.666;5;;;;374.027;0.0523598775598298;;;606.8568;609.2952
CYDA;1.11774898945195;-2.428280344209892;368.96;0.8841713374094682;1547.703;11.248;3;;469.052;0.0523598775598298;469.052;0.0523598775598298;;;367.8936;370.0272
CYDB;1.0711201258469023;-2.4267045044593645;800.1;5.3724906549131655;1544.467;23.867;29;;467.433;0.0523598775598298;467.433;0.0523598775598298;;;795.2232;804.9768
CYDF;0.858862456851578;-1.001720733628416;17.6784;0.8071690514209752;2441.018;43.525;7;;757.561;0.0523598775598298;;;;;13.4112;21.9456
CYDN;0.8918898513179835;-1.746256739455842;301.244;2.621430431288671;1524.0;43.344;14;;;;;;;;301.1424;304.4952
CYDN;0.8919886626567295;-1.7462595638630136;301.244;1.5697369119389362;829.087;23.353;8;;;;;;;;301.4472;299.6184
CYDO;0.8513464694491056;-1.2631813252048665;112.623;1.6380539857838996;1513.76;29.978;11;;;;;;;;112.1664;113.6904
CYDO;0.8513130856585368;-1.2631961572436328;112.623;3.4200917007378746;1123.763;26.48;21;;;;;;;;112.776;111.8616
CYDQ;0.9728856859196044;-2.0975898970158817;653.948;1.503403579321789;1519.192;44.732;7;;454.796;0.0523598775598298;454.796;0.0523598775598298;;;654.1008;653.796
CYEE;0.7798979132613812;-1.3950320797027898;233.78160000000003;2.593877092920362;1207.202;22.954;16;;298.801;0.0523598775598298;298.801;0.0523598775598298;;;235.6104;231.9528
CYEG;0.9306269448277008;-1.9823816262813516;713.384;0.6092698327287672;3335.791;62.512;2;;1342.847;0.0523598775598298;1175.154;0.0523598775598298;;;707.631;712.3176000000001
CYEG;0.9301964372953342;-1.9823283682610364;713.384;2.3558419336834424;3104.975;60.458;12;;;;1244.387;0.0523598775598298;;;708.817;723.573
CYEL;0.8089877759423544;-1.4409622068198005;326.4408;1.9622536067308267;1368.984;29.83;12;;379.692;0.0523598775598298;379.692;0.0523598775598298;;;331.0128;321.8688
CYEM;0.800101408806637;-1.4286830966408126;262.28;0.2067495564362683;1062.416;28.677;2;;226.408;0.0523598775598298;226.408;0.0523598775598298;;;259.38480000000004;265.176
CYEN;0.8588801991220435;-1.7970119527075337;579.4248;5.929149980801516;912.305;25.0;33;;;;;;;;579.4248;578.2056
CYEN;0.8588413615728749;-1.7970934547995654;579.4248;4.704091161521933;1517.871;25.0;26;;454.136;0.0523598775598298;454.136;0.0523598775598298;;;579.7296;580.3392
CYET;0.9351289523315268;-2.032699805435486;924.61;4.724018981855354;1824.925;29.794;25;;456.649;0.0523598775598298;432.483;0.0523598775598298;151.014;175.18;921.51;927.827
CYEV;1.1921253069984008;-2.3297224843041864;64.92240000000001;4.6405241757691975;1830.775;45.436;24;;610.587;0.0523598775598298;;;;;67.6656;61.216
CYEY;0.8476171401647146;-1.3657066345460038;322.4784;5.383737207547167;1529.349;28.973;32;;;;;;;;319.4304;325.5264
CYFB;1.112762287930101;-1.1965295369589235;27.584;5.506833883426926;2623.293;59.361;34;;;;1006.846;0.0523598775598298;;;21.6408;33.528
CYFC;0.8005263455469579;-1.161299153662524;17.754;1.2190969490876964;2431.268;62.301;9;;894.838;0.0523598775598298;907.828;0.0523598775598298;;;19.812;17.6784
CYFC;0.8005729424136188;-1.1611867859495768;17.754;2.2744151682279736;1821.444;45.532;15;;611.257;0.0523598775598298;585.6;0.0523598775598298;;;16.154400000000003;17.3736
CYFE;0.8507793663298415;-1.2059775612575352;89.30640000000001;4.352469450966447;1192.35;29.926;27;;;;;;;;89.30640000000001;89.30640000000001
CYFS;1.077918470008082;-2.1159774040798327;166.7256;5.862760623115381;1852.0;44.205;32;;612.269;0.0523598775598298;612.269;0.0523598775598298;;;167.64;165.8112
CYGD;0.7638247855110943;-1.426083448301691;213.715;1.575568929634475;911.211;16.428;10;;150.806;0.0610865238198015;150.806;0.0523598775598298;;;213.9696;216.1032
CYGD;0.7638948651387637;-1.426124558250276;213.715;2.2338661082493143;1526.739;30.937;14;;458.57;0.0523598775598298;458.57;0.0523598775598298;;;209.3976;216.1032
CYGE;0.895339587699065;-2.0417239892070573;784.86;5.898476691862343;1364.018;21.964;32;;;;;;;;784.86;784.86
CYGK;0.7718948033968744;-1.3369657246403144;91.795;6.210966200725939;1829.078;30.503;1;;443.718;0.0523598775598298;137.379;0.0523598775598298;;215.157;91.82;90.632
CYGK;0.7718298381308104;-1.3368475988818072;91.795;0.9317963810547326;1125.372;31.764;7;;257.886;0.0523598775598298;257.886;0.0523598775598298;;;91.7448;90.5256
CYGL;0.9359403042533054;-1.3561918075562205;188.214;5.115372589233716;1966.777;44.324;31;;;;;;;;195.072;181.356
CYGM;0.8836258621982372;-1.6937254032157838;227.9904;2.621584543861622;2071.671;49.161;15;;;;;;;;227.9904;227.9904
CYGP;0.8512867823914715;-1.125381846453939;30.632;1.4673201187672829;1358.826;46.029;10;;374.613;0.0523598775598298;374.613;0.0523598775598298;;;34.1376;27.1272
CYGQ;0.8688020079709213;-1.5173630605972643;347.014;4.417171424331754;1527.032;35.099;26;;458.716;0.0523598775598298;458.716;0.0523598775598298;;;346.86240000000004;347.16720000000004
CYGR;0.8277090955547476;-1.0782741756132197;5.943;0.9180669230268445;1371.972;44.477;7;;437.602;0.0523598775598298;473.774;0.0523598775598298;;;6.7056;3.6576
CYGR;0.8277414670060057;-1.0781483334494837;5.943;2.3715284294015917;1098.336;45.549;16;;;;;;;;2.7432000000000003;10.668
CYGV;0.8775856021857342;-1.1102266861444898;35.6616;4.24119266837997;1369.564;30.901;26;;379.982;0.0523598775598298;379.982;0.0523598775598298;;;37.7952;33.528
CYHD;0.8697238511693908;-1.6186839709398726;412.3944;2.0154674738936573;1822.019;40.8432;12;;606.21;0.0523598775598298;548.865;0.0523598775598298;;57.344;412.6992;412.069
CYHD;0.8696726490366165;-1.6186078289796828;412.3944;4.107808323757256;706.713;16.249;24;;;;;;;;412.3944;412.3944
CYHF;0.8676698030043257;-1.4606113188308525;251.7648;0.5486150160994466;1366.439;26.077;4;;378.42;0.0523598775598298;378.42;0.0523598775598298;;;251.7648;251.7648
CYHM;0.7535723571763021;-1.3951301615330536;233.47680000000005;1.8712976926253195;3047.814;61.013;12;;727.883;0.0523598775598298;1098.98;0.0523598775598298;488.016;119.622;235.656;233.47680000000005
CYHM;0.753496542909762;-1.3949757632084103;233.47680000000005;3.9925980926355584;1831.306;44.891;24;;608.729;0.0523598775598298;606.5;0.0523598775598298;;;230.124;235.0008
CYHN;0.8585818750156469;-1.4793290942803787;333.603;1.0304966701171892;1068.235;25.0;7;;229.317;0.0523598775598298;229.317;0.0523598775598298;;;335.58480000000003;331.6224
CYHT;1.0609784930757615;-2.40062424852726;648.462;4.336803026534695;1524.21;43.343;23;;;;;;;;652.8816;644.0424
CYHY;1.061853645780813;-2.020901023926972;162.915;5.8488658824073285;1819.211;37.0;32;;;;604.806;0.0523598775598298;;;164.8968;161.8488
CYHY;1.0618859879737097;-2.020734711597491;162.915;1.1348174429698432;1207.803;37.345;5;;;;;;;;163.3728;161.544
CYHZ;0.7832589616968252;-1.1085570089766863;137.541;0.6096710141106307;3192.819;70.784;5;;1291.609;0.0523598775598298;;;;108.063;136.8552;135.593
CYHZ;0.7834373265207218;-1.108375809992831;137.541;2.183521108591157;2334.4632;60.215;14;;;;862.433;0.0523598775598298;;;132.588;145.0848
CYIB;0.8512697715800458;-1.5993978264593045;425.8056;0.6786917523501209;1053.0;29.384;4;;221.698;0.0523598775598298;221.698;0.0523598775598298;;;422.148;429.4632
CYID;0.7774728807747586;-1.1481773792631889;146.151;0.7409719766585314;1196.727;23.233;6;;;;;;;;140.208;152.0952
CYIF;0.8937820363750861;-1.0237649975366818;4.8768;6.124644833916177;1392.75;23.012;1;;;;391.575;0.0523598775598298;;;5.7912;3.9624
CYIV;0.9399832773222192;-1.652018256360947;234.238;2.128724856115298;1349.963;25.0;12;;370.181;0.0523598775598298;370.181;0.0523598775598298;;;234.3912;234.08640000000003
CYJF;1.0513074810507206;-2.1549569148186296;215.4936;0.8442930423689355;997.543;28.424;3;;;;;;;;215.4936;215.4936
CYJT;0.8472600008998593;-1.0218880151242589;14.173;1.2408367702505378;3052.781;56.59;9;;1113.7392;0.0523598775598298;1176.358;0.0523598775598298;;;3.6576;24.6888
CYJT;0.8471734488146175;-1.0219365918067205;14.173;3.0726970030977934;1205.921;45.909;20;;;;293.486;0.0523598775598298;;;14.173;14.173
CYKA;0.8849124284288848;-2.1020690868987857;344.652;1.0635666451852022;636.5;16.61;4;;;;;;;;344.11920000000003;344.11920000000003
CYKA;0.8849351270658028;-2.102225100284989;344.652;1.8022603213980577;2430.987;42.784;9;;298.338;0.0541052068118242;910.693;0.0523598775598298;;;345.03360000000004;345.33840000000004
CYKF;0.7585550912643199;-1.4028565146047671;314.706;1.1361192840589056;2127.912;39.538;8;;;;;;;;311.8104;321.2592
CYKF;0.7585027187970821;-1.4029924762604968;314.706;2.240026073311303;1242.477;40.915;14;;316.439;0.0523598775598298;;;;;313.0296;312.7248
CYKJ;0.9993125286008196;-1.843369743444165;510.8448;0.7537843688842517;1636.511;61.14;3;;513.456;0.0523598775598298;;;;;513.5880000000001;508.1016
CYKL;0.9565307006688212;-1.1659723225816243;516.0264000000001;2.605512155845857;1521.379;42.834;17;;455.889;0.0523598775598298;455.889;0.0523598775598298;;;514.5024000000001;517.5504000000001
CYKM;0.7714537862610263;-1.4242998897883676;233.324;5.209344432286669;1238.619;22.732;31;;314.51;0.0523598775598298;314.51;0.0523598775598298;;;234.08640000000003;230.4288
CYKM;0.7714731845547573;-1.4242008638883032;233.324;3.823283003767888;628.742;14.781;23;;;;;;;;235.3056;233.47680000000005
CYKX;0.8414278380582958;-1.3959364439560482;349.453;1.237379342815507;1372.272;27.396;8;;381.336;0.0523598775598298;381.336;0.0523598775598298;;;352.65360000000004;346.25280000000004
CYKY;0.8991642758355349;-1.905560146495507;690.9816000000001;1.568811014770753;1068.027;22.462;8;;;;;;;;689.1528000000001;693.7248000000001
CYLD;0.8346594778660691;-1.454676622986949;443.103;1.5855988132469108;1519.97;30.211;10;;455.185;0.0523598775598298;455.185;0.0523598775598298;;;448.056;433.4256
CYLD;0.8346201429247537;-1.4547875004740127;443.103;0.6892344136967927;905.055;20.684;5;;147.727;0.0523598775598298;147.727;0.0523598775598298;;;445.3128;445.6176
CYLJ;0.944637873033385;-1.8940824267414569;479.602;4.889351403902899;1518.981;28.69;27;;;;;;;;478.2312;480.6696
CYLJ;0.944666610596134;-1.8939324444788557;479.602;6.281754660791727;694.0;20.132;35;;;;;;;;478.536;480.9744
CYLL;0.9304228033872476;-1.9211289966310836;665.302;1.5696927551088604;1704.735;41.679;8;;547.568;0.0523598775598298;547.568;0.0523598775598298;;;668.4264000000001;657.7584
CYLR;0.9863430049623876;-1.7450760748402303;289.712;3.2479462114222453;910.24;23.738;17;;;;;;;;292.3032;287.1216
CYLS;0.7764281641609754;-1.3885077069383809;293.674;4.649290091937339;1827.454;29.349;28;;516.238;0.0523598775598298;608.927;0.0523598775598298;92.689;;290.806;296.305
CYLT;1.4402080374399044;-1.0869680988014454;29.8704;0.8330788132326814;1464.589;46.902;5;;;;;;;;30.48;29.260800000000003
CYLW;0.8719177250444723;-2.083537979796174;424.738;3.0518457290571424;2683.332;58.295;16;;686.759;0.0558505360638185;930.844;0.0523598775598298;350.108;106.022;435.472;415.776
CYME;0.8527039579482362;-1.177265433777416;29.5656;1.2406999364371816;1552.808;45.95;9;;;;;;;;27.7368;31.3944
CYMJ;0.8784230818244083;-1.8422688566278105;574.497;0.7609110194590426;888.826;30.313;3;;;;;;;;574.497;574.497
CYMJ;0.8784665597497241;-1.8423555628070896;574.497;2.069318648032854;2536.138;48.152;11;L;978.489;0.0523598775598298;967.726;0.0523598775598298;;;573.6336;573.024
CYMJ;0.8783793405738383;-1.8423855389738129;574.497;2.0695901339980014;2219.626;47.589;11;R;805.013;0.0523598775598298;805.013;0.0523598775598298;;;574.497;574.497
CYML;0.830734685171271;-1.2256362856156464;294.284;2.211681647006235;1371.487;45.228;15;;;;;;;;297.7896;290.7792
CYMM;0.9887849663370232;-1.9412149866950972;367.5888;1.5705275460900894;2262.455;45.731;8;;823.406;0.0523598775598298;663.077;0.0523598775598298;;137.626;367.284;367.937
CYMO;0.8952154444708583;-1.4067854522341232;7.772;0.7668949157060903;1207.762;27.851;6;;299.081;0.0523598775598298;299.081;0.0523598775598298;;;7.62;7.315200000000001
CYMO;0.8952187214073558;-1.4069718084918474;7.772;5.2919119449412415;1077.066;27.244;32;;;;;;;;7.315200000000001;8.8392
CYMT;0.8686827567407719;-1.3007586270141285;385.8768;0.4923448505235711;1975.092;68.74;4;;;;682.746;0.0523598775598298;;;384.6576;387.096
CYNA;0.8759827530663489;-1.078419164448777;11.2776;2.0596625266797326;1372.671;28.447;14;;381.535;0.0523598775598298;381.535;0.0523598775598298;;;10.668;11.8872
CYND;0.7945037166231461;-1.3188337406008752;64.00800000000001;4.45680331378849;1826.562;43.31;27;;608.481;0.0523598775598298;608.481;0.0523598775598298;;;64.31280000000001;63.7032
CYNJ;0.856973256147357;-2.1402627882654683;9.601;0.5516831129382349;626.659;23.48;1;;229.493;0.0785398163397448;60.6552;0.0698131700797731;24.122;22.285;9.077;10.425
CYNJ;0.8570087582433047;-2.1403107017584;9.601;1.5938445165782031;833.881;22.774;7;;;;;;175.756;95.989;8.383;10.298
CYNL;1.0170929578213517;-1.8165715653410528;479.7552;2.880364861120672;1399.389;31.35;16;;;;;;;;487.68;471.8304
CYNM;0.8685066799207513;-1.3579137362567004;278.2824;2.333959693653638;1515.545;30.63;15;;452.973;0.0523598775598298;;;;;276.7584;279.8064
CYOD;0.949518905056532;-1.9245755770102284;540.0;0.9384038485369328;2518.739;59.351;4;;;;954.57;0.0523598775598298;;;540.1056;538.5816
CYOD;0.949550884445745;-1.924875767800094;540.0;2.5092476482874835;3837.609;62.192;13;L;1614.0;0.0523598775598298;1614.0;0.0523598775598298;;;540.1056;541.02
CYOD;0.9495584331030338;-1.92503776549652;540.0;2.5093150179966104;3046.123;46.072;13;R;1218.261;0.0523598775598298;1218.261;0.0523598775598298;;;539.8008;540.4104
CYOJ;1.0231387593675387;-2.044909257307211;336.346;2.685869034469853;1523.157;43.979;13;;456.778;0.0523598775598298;456.778;0.0523598775598298;;;338.02320000000003;334.67040000000003
CYOO;0.7665979105771702;-1.3769678190176335;137.845;0.6087477523896183;813.645;30.877;5;;244.297;0.0523598775598298;242.084;0.0523598775598298;;;135.3312;140.208
CYOO;0.7665893378772257;-1.3770002918978783;137.845;1.9393187586291447;1291.412;32.578;12;;383.32;0.0523598775598298;405.845;0.0523598775598298;;;139.9032;135.9408
CYOS;0.7782507201691773;-1.4108925849888785;306.476;6.1231330297181;1196.504;20.715;36;;293.452;0.0523598775598298;293.452;0.0523598775598298;;;307.2384;305.7144
CYOW;0.7909640224835344;-1.3207003694544115;108.254;2.2045530242093894;3027.096;62.424;14;;1158.08;0.0523598775598298;1111.323;0.0523598775598298;;;106.9848;111.8616
CYOW;0.7911604338648568;-1.3209820377508363;108.254;3.584209897224807;1006.194;22.052;22;;;;;;;75.36;102.108;106.066
CYOW;0.7909687272280773;-1.3204849108796972;108.254;4.144987851082014;2435.856;58.4;25;;838.117;0.0523598775598298;816.317;0.0523598775598298;;;110.3376;112.4712
CYPA;0.9288314293972764;-1.8443416359959623;427.0248;1.5737578014696805;1515.602;40.901;8;;;;453.0;0.0523598775598298;;;428.244;427.0248
CYPD;0.7968568027986304;-1.071078959332152;107.442;1.5739747458957034;1516.887;40.105;11;;;;;;;;101.1936;113.6904
CYPE;0.9813516689160636;-2.049862510670096;570.5856;1.041855325249046;1513.584;43.035;4;;452.0;0.0523598775598298;452.0;0.0523598775598298;;;570.5856;570.5856
CYPG;0.8710587112516712;-1.715101031638412;265.366;0.3290617766304254;926.194;43.538;2;;;;;;;;265.176;263.105
CYPG;0.8711168651711583;-1.7151828146107155;265.366;1.555405489852035;812.957;27.63;9;;;;;;;;264.2616;263.0424
CYPG;0.8710543459041228;-1.71522778666303;265.366;2.3440777163932998;941.426;43.443;13;L;;;;;;;264.5664;265.7856
CYPG;0.8709378566633068;-1.7152020939204429;265.366;2.34119897032506;2130.0;50.0;13;R;808.613;0.0523598775598298;797.941;0.0523598775598298;;;267.6144;269.4432
CYPK;0.8589448718044915;-2.141753341842532;3.098;4.835023318545595;1526.253;29.39;26;L;466.192;0.0523598775598298;433.674;0.0523598775598298;50.707;59.34;3.6576;3.6576
CYPK;0.8590310727893943;-2.1417115687044173;3.098;4.835857411395123;747.19;21.88;26;R;;;;;;;2.7432000000000003;3.048
CYPK;0.8589832412198746;-2.1416680478668377;3.098;0.3810664273275969;755.57;22.141;36;;;;;;;;2.7432000000000003;2.7432000000000003
CYPL;0.8979108300702019;-1.5745337352882;380.0856;1.5739047581926986;1497.744;29.378;9;;444.072;0.0523598775598298;444.072;0.0523598775598298;;;386.959;373.212
CYPN;0.8698113219671864;-1.122049287860449;48.31;1.5877242752099896;1477.674;44.954;11;;434.0352;0.0523598775598298;434.0352;0.0523598775598298;;;48.1584;48.4632
CYPQ;0.7719683355112108;-1.3676955477465076;191.1096;1.323772826629961;2123.862;30.359;9;;821.891;0.0523598775598298;831.585;0.0523598775598298;;;190.5;191.4144
CYPQ;0.7719493234278526;-1.367576813414079;189.5856;2.0351677032926183;604.381;15.804;13;;;;;;;;189.5856;189.5856
CYPR;0.9474677593209364;-2.2766899952424358;32.004000000000005;2.645694696681597;1827.063;59.864;13;;;;612.579;0.0523598775598298;;;28.651200000000003;35.3568
CYPW;0.8697687510510796;-2.172941662980341;121.0056;1.922639345099536;1100.555;45.37;9;;245.477;0.0523598775598298;245.477;0.0698131700797731;;;112.4712;129.54000000000002
CYPY;1.0256855768584243;-1.9393679414382488;222.656;0.8960083000228338;1522.147;46.621;4;;456.274;0.0523598775598298;456.274;0.0523598775598298;;;214.5792;230.7336
CYPZ;0.9490479039517312;-2.198266054498136;714.1464000000001;2.389403568001742;1536.416;25.63;11;;;;;;;;714.1464000000001;714.1464000000001
CYQA;0.7849871126755358;-1.3841643460733002;279.12;6.103619550549102;1827.191;43.641;36;;;;365.013;0.0523598775598298;;243.783;279.8064;276.29
CYQF;0.9106504824650028;-1.987833925863895;900.302;5.405273174253376;1052.294;30.014;30;;;;;;;;898.8552000000001;904.032
CYQF;0.9107754975923846;-1.987801218916757;900.302;0.0001537973839414;1685.093;29.724;35;;515.439;0.0523598775598298;230.454;0.0523598775598298;;305.682;901.9032;896.7216000000001
CYQH;1.0492294702875171;-2.2483753991706186;685.8000000000001;1.915008067478116;1676.736;44.443;9;;533.568;0.0523598775598298;533.568;0.0523598775598298;;;684.2760000000001;687.3240000000001
CYQI;0.7648627258883345;-1.15348708529471;35.585;3.8660819676852927;1829.141;43.731;24;;;;724.067;0.0523598775598298;;;33.528;41.148
CYQI;0.7650217684902401;-1.1534180901769768;35.585;5.457000893558133;1519.253;46.655;33;;;;;;;;31.0896;36.576
CYQK;0.8689703488801388;-1.6469471503175963;404.926;4.492948733531443;1765.378;45.53;26;;577.889;0.0523598775598298;577.889;0.0523598775598298;;;405.9936;403.86
CYQL;0.86615213667886;-1.9687770186957905;921.029;1.2226491304478178;1979.676;57.602;6;;0.0;0.0523598775598298;685.037;0.0523598775598298;;;929.3352;918.972
CYQL;0.8662209347902918;-1.9685853491196024;921.029;2.447368570454352;1675.502;43.017;13;;646.858;0.0523598775598298;653.421;0.0523598775598298;;;915.924;919.8864
CYQM;0.8048777251536703;-1.1288961189784477;65.989;3.882786863021981;3051.073;59.054;24;;1220.737;0.0523598775598298;;;;;60.6552;68.58
CYQM;0.8047246863675621;-1.1288537918820207;65.989;4.668734456067957;2440.168;55.921;29;;;;903.067;0.0523598775598298;;;66.7512;67.9704
CYQN;0.8758586859098824;-1.5131554585299398;322.021;1.4690270507757333;1069.476;30.079;9;;229.938;0.0523598775598298;229.938;0.0523598775598298;;;320.9544;323.088
CYQQ;0.8676732379359758;-2.1798585269126307;22.783;0.3918544296072215;1521.63;58.577;36;;;;;;;;18.5928;23.7744
CYQQ;0.8676229077023767;-2.179683920812919;22.783;2.363061662667242;3048.163;59.184;12;;;;;;;;23.1648;25.6032
CYQR;0.880154427816204;-1.826820316875073;577.519;1.570677469872836;1895.415;44.044;8;;637.427;0.0523598775598298;637.427;0.0523598775598298;;;577.2912;577.596
CYQR;0.8802077424026848;-1.8266803292687888;577.519;5.550082095093794;2414.596;47.229;31;;893.958;0.0523598775598298;;;;;577.596;577.596
CYQS;0.746471165566025;-1.4154972191218012;235.965;0.4348596565356271;782.065;21.9456;3;;;;;;;;235.3056;235.6104
CYQS;0.7464645648796514;-1.415601769000533;235.965;2.530819045177507;784.785;23.764;15;;;;;;;;236.22;235.3056
CYQS;0.746529448222303;-1.415635732106661;235.965;4.624453533082685;1527.865;30.287;27;;656.041;0.0523598775598298;633.628;0.0523598775598298;;;235.9152;237.4392
CYQT;0.8442764204389002;-1.5589207167299746;197.129;1.2302304916526308;2217.164;62.622;7;;814.331;0.0523598775598298;815.631;0.0523598775598298;;;199.3392;194.7672
CYQT;0.8442329132552229;-1.5590811383759895;197.129;2.120956046548821;1602.506;47.711;12;;603.785;0.0523598775598298;622.338;0.0523598775598298;;;198.7296;196.067
CYQU;0.9631499075853582;-2.07492942860594;668.35;1.567914526400466;1878.193;59.867;7;;607.915;0.0523598775598298;609.351;0.0523598775598298;;;668.7312000000001;669.0360000000001
CYQU;0.9631059673779292;-2.0750245689955853;668.35;5.496599970824931;2585.878;57.503;30;;973.122;0.0523598775598298;896.545;0.0523598775598298;;122.773;667.5120000000001;668.152
CYQV;0.8947422197305771;-1.78830197253047;491.566;0.7808001458429468;1452.773;44.595;4;;;;;;;;498.348;486.7656
CYQV;0.8947070277732622;-1.788224168695342;491.566;2.3505850019764347;903.225;29.466;13;;;;;;;;490.1184;491.0328
CYQW;0.9209954198874556;-1.8892001112515144;545.211;2.371024901912391;1512.166;27.15;12;;;;;;;;544.6776;548.0304
CYQW;0.9209562663479824;-1.889282908513686;545.211;4.466498268717468;774.778;15.156;24;;;;;;;;545.8968;542.2392
CYQX;0.8543296695513641;-0.9523948810658102;136.321;1.8843565951545915;2708.433;61.012;13;;;;1049.416;0.0523598775598298;;;143.256;134.4168
CYQX;0.8540699957406219;-0.9523183489941328;136.321;3.329271747781098;3110.105;73.19;21;;508.539;0.0523598775598298;;;;;138.3792;129.23520000000002
CYQY;0.8056709076329043;-1.0478740123186807;58.75;2.8869508610530725;1825.826;60.841;18;;;;549.214;0.0523598775598298;;;58.52160000000001;57.607200000000006
CYQY;0.8056555235863827;-1.0480763397407156;58.75;3.940086895029581;2155.2408;65.479;24;;745.614;0.0523598775598298;;;;;59.1312;59.7408
CYQZ;0.9254786903365224;-2.138209210184746;543.915;2.6105551101865694;1669.413;62.455;13;;529.907;0.0523598775598298;529.907;0.0523598775598298;;;544.9824;542.8488
CYRB;1.3040627601340589;-1.6575341441160023;59.893;2.905152899822121;2029.702;62.508;17;;710.051;0.0523598775598298;;;;;65.532;54.2544
CYRI;0.8336454532735889;-1.2144766705709813;128.778;0.5495551726076183;1822.693;40.429;5;;;;;;;;128.01600000000002;129.54000000000002
CYRJ;0.8468322846151877;-1.2612797033508738;174.65040000000002;2.494162418496646;1511.553;46.905;16;;;;;;;;178.61280000000002;170.68800000000002
CYRL;0.8912886505041279;-1.6369981136374274;381.457;1.386495317370827;1511.454;46.969;8;;450.927;0.0523598775598298;450.927;0.0523598775598298;;;377.0376;385.8768
CYRO;0.7934387064097673;-1.3202247143195611;54.5592;4.5207163983318965;1008.083;44.967;27;;;;;;62.187;60.712;53.16;55.946
CYRP;0.7910401059270009;-1.3268946298778406;114.071;0.4757322831043134;684.023;23.098;4;;36.965;0.0523598775598298;36.965;0.0523598775598298;;;114.769;109.494
CYRP;0.7909738942547333;-1.3268367373330503;114.071;1.455678249057705;1194.307;30.834;10;;478.939;0.0523598775598298;422.303;0.0523598775598298;;;116.1288;116.1288
CYRT;1.096252666386667;-1.607702722669662;27.889;5.390397383972777;1815.568;46.843;31;;602.984;0.0523598775598298;602.984;0.0523598775598298;;;29.260800000000003;26.5176
CYRV;0.8894607402157558;-2.0627059093139635;443.636;5.518142918848148;1562.036;25.0;30;;;;;;198.137;;444.226;443.1792
CYSB;0.8137688145889476;-1.4101990759947785;347.091;3.657474630433324;2004.079;49.056;22;;;;761.336;0.0523598775598298;;;348.38640000000004;344.42400000000004
CYSB;0.8138006710930417;-1.4101871619899409;347.091;4.98119028007699;1516.834;44.664;30;;518.455;0.0523598775598298;463.688;0.0523598775598298;;;347.77680000000004;347.77680000000004
CYSF;1.0341144426973763;-1.8472817346304908;240.792;4.429617018161876;1536.159;28.767;24;;463.279;0.0523598775598298;463.279;0.0523598775598298;;;237.4392;244.1448
CYSG;0.8045324764869632;-1.2342033055368895;265.4808;3.94143795440355;1683.894;23.913;24;;;;;;60.85;63.827;269.1384;261.8232
CYSH;0.7844508303143657;-1.3254073376328157;125.5776;4.004448354657825;1204.069;21.578;24;;297.234;0.0523598775598298;297.234;0.0523598775598298;;;124.0536;127.1016
CYSJ;0.7908199367560712;-1.1499582382050166;96.9264;3.6814146136512296;2135.492;66.381;23;;;;;;;;92.781;90.464
CYSJ;0.791093186446589;-1.1500143518414223;96.9264;5.253119384321789;1554.355;62.203;32;;496.94;0.0610865238198015;383.028;0.0523598775598298;;;95.7072;108.984
CYSL;0.8230514160122706;-1.1839664646279626;236.677;5.873201706299588;1212.831;28.038;36;;301.615;0.0523598775598298;301.615;0.0523598775598298;;;238.6584;234.696
CYSM;1.0475525331449256;-1.9541024913437763;204.216;2.3224719365170112;1815.084;59.736;12;;602.743;0.0523598775598298;602.743;0.0523598775598298;;;203.6064;204.5208
CYSN;0.7538116788707254;-1.381921868207953;96.723;6.24578499570445;722.747;23.087;1;;;;;;;;97.536;95.4024
CYSN;0.7538441732071022;-1.3817973914344244;96.723;0.918278055506458;1524.358;31.194;6;;513.774;0.0523598775598298;520.0;0.0523598775598298;;;97.8408;97.2312
CYSN;0.7538667489589015;-1.3818648807218146;96.723;1.6737224070422816;591.506;23.794;11;;;;;;;;95.4024;96.9264
CYSP;0.8509726470664744;-1.507019894280966;314.2488;2.6735484062141746;1197.809;28.811;16;;294.105;0.0698131700797731;233.604;0.0698131700797731;;60.501;313.944;314.586
CYSU;0.8105400490579032;-1.1141046440046196;12.344;3.756183646142041;2436.283;61.031;23;;0.0;0.0523598775598298;0.0;0.0523598775598298;;;10.0584;14.630400000000002
CYSU;0.8105936796346892;-1.1140428425427216;12.344;4.804225936696604;1675.126;40.815;30;;532.763;0.0436332312998582;;;;;12.344;12.344
CYTA;0.8004863844767046;-1.3482920889393264;161.086;2.7795049016417974;1520.054;30.276;17;;455.227;0.0523598775598298;455.227;0.0523598775598298;;;161.8488;160.3248
CYTF;0.8466340533637747;-1.250378131450932;133.959;1.993331812056464;1520.511;28.819;13;;;;;;;;131.064;136.8552
CYTH;0.9738986045460166;-1.7080214522045596;218.617;1.0622673871834325;1761.96;37.546;6;;;;576.18;0.0523598775598298;;;218.5416;218.2368
CYTH;0.9740159364276462;-1.707991912962703;218.617;5.778686716783413;1494.484;35.26;33;;;;;;;;213.6648;224.028
CYTR;0.7700222975137742;-1.3531222855344978;85.42;0.8850172286847396;3043.497;61.965;6;;1186.67;0.0523598775598298;836.61;0.0523598775598298;;303.895;83.2104;86.25840000000001
CYTS;0.8477174495315737;-1.4202503062802931;292.531;0.3512963462763296;1815.269;44.021;3;;602.835;0.0523598775598298;602.835;0.0523598775598298;;;292.3032;291.084
CYTS;0.8477040609053124;-1.4202904643568477;292.531;4.713629560417007;1484.495;43.164;28;;437.448;0.0523598775598298;437.448;0.0523598775598298;;;293.8272;292.9128
CYTZ;0.7614536761848736;-1.3856850942795196;76.352;0.8667796375588277;749.808;30.48;6;;;;;;;;76.5048;76.2
CYTZ;0.7614734782439945;-1.385724682793302;76.352;1.2434800714026832;1251.542;45.72;8;;422.362;0.0610865238198015;384.309;0.0837758040957278;;;76.5048;76.2
CYUY;0.8413572551868073;-1.37594110799957;298.856;1.115351174957112;2276.938;48.554;8;;833.669;0.0523598775598298;833.669;0.0523598775598298;;;298.856;298.856
CYVB;0.8389996047069157;-1.142495670719127;33.68;5.148027874071454;1820.917;45.488;31;;605.659;0.0523598775598298;;;;;29.8704;37.4904
CYVC;0.9625727044796748;-1.8371694596993644;375.742;0.1577702594645038;1519.393;43.019;36;;454.897;0.0523598775598298;454.897;0.0523598775598298;;;373.0752;379.1712
CYVD;0.8705394221469098;-1.761359164494369;442.722;4.705301198292341;1345.158;26.575;26;;;;;;;;443.1792;442.2648
CYVD;0.8705822095748923;-1.7614186955074078;442.722;5.492665824158011;662.26;50.9016;31;;;;;;;;442.722;442.722
CYVK;0.8769605148454802;-2.0827195102903;345.94800000000004;4.37700616225561;1037.465;20.205;23;;350.316;0.0523598775598298;338.283;0.0523598775598298;108.776;;347.926;344.42400000000004
CYVO;0.8386880499694103;-1.3575634317451115;335.28000000000003;2.951552477986391;3044.0;45.964;18;;;;1183.908;0.0523598775598298;;;335.58480000000003;334.97520000000003
CYVQ;1.1393733237008408;-2.213051092632416;71.9328;5.195669603064368;1816.365;41.912;28;;603.383;0.0523598775598298;603.383;0.0523598775598298;;;71.628;72.2376
CYVR;0.8584792366832056;-2.149943638902231;2.641;4.885187571906416;3704.0;67.3608;26;L;1176.874;0.0523598775598298;1173.363;0.0523598775598298;210.301;211.483;2.1336;2.7432000000000003
CYVR;0.858752258158503;-2.149907600402988;2.641;4.885625125949891;3032.429;63.683;26;R;1064.763;0.0523598775598298;1032.3576;0.0523598775598298;221.683;;2.373;3.9624
CYVR;0.8585634363961758;-2.150097038541466;2.641;5.617587241770729;2285.226;60.447;31;;661.085;0.0523598775598298;636.927;0.0523598775598298;;;2.1336;2.4384
CYVV;0.7809313419992648;-1.415646998526429;220.3704;3.917713693881191;1529.258;39.439;23;;459.829;0.0523598775598298;459.829;0.0523598775598298;;;221.2848;219.1512
CYVV;0.7809006967913403;-1.4155327894872594;220.3704;1.8253847995229688;1095.423;25.0;11;;242.911;0.0523598775598298;242.911;0.0523598775598298;;;220.98;220.0656
CYWA;0.8019810010649135;-1.3494467097120115;127.038;5.806445131338832;493.143;34.012;35;;;;;;;;127.395;126.682
CYWG;0.8709910717713583;-1.697160249041376;237.4392;5.559593790451313;2654.795;65.342;31;;1021.785;0.0523598775598298;;;;;235.871;238.6584
CYWG;0.8710945702996302;-1.6971309516686417;237.4392;0.1483250611514861;3357.183;65.288;36;;;;1344.367;0.0523598775598298;;;236.8296;238.3536
CYWK;0.9236756613588428;-1.1670085211110712;548.64;2.799172667916671;1822.119;43.973;18;;606.259;0.0698131700797731;;;;;545.8968;551.3832
CYWL;0.9107722616175932;-2.13025070176664;938.326;2.336951013458631;2122.976;45.492;12;;756.688;0.0523598775598298;756.688;0.0523598775598298;;;939.6984;936.9552
CYWY;1.1032132832728712;-2.154390418322729;147.675;2.3290958100941803;1065.209;32.049;11;;;;;;;;147.675;147.675
CYXC;0.8658956461778583;-2.0207780217748668;932.23;6.268981119595155;2439.066;44.577;34;;914.733;0.0523598775598298;;;;239.095;940.0032;922.78
CYXE;0.9106492653171608;-1.8622662133617955;501.776;1.763643166368431;2518.879;45.674;9;;;;1012.63;0.0523598775598298;;;503.8344;500.1768
CYXE;0.9105555741916922;-1.862287700702544;501.777;2.814525282148914;1882.659;45.748;15;;565.222;0.0523598775598298;701.0;0.0523598775598298;;;501.396;501.7008
CYXH;0.8729954099800897;-1.9324404898801804;716.127;0.7775349315184382;1519.983;43.12;3;;581.065;0.0523598775598298;430.283;0.0523598775598298;;;715.9752000000001;716.2800000000001
CYXH;0.872958649774594;-1.9324377434953064;716.127;1.8782355509349224;868.226;29.022;9;;;;;;;;715.9752000000001;716.2800000000001
CYXJ;0.9815496134355328;-2.107280008899365;684.5808000000001;3.926184998471596;2069.115;61.529;21;;639.384;0.0523598775598298;729.757;0.0523598775598298;90.374;;695.264;673.9128000000001
CYXJ;0.9815450725378148;-2.107343004102416;684.5808000000001;2.3584892490928677;2089.829;44.558;12;;740.114;0.0523598775598298;;;;;685.8000000000001;683.9712000000001
CYXK;0.8460955532187965;-1.1954863086204663;22.250400000000003;0.8386187151713141;1394.7648000000002;45.0;7;;;;;;;;22.86;21.6408
CYXL;0.8746552075744648;-1.6040563818020717;379.323;2.7777323452534723;1613.151;28.219;16;;416.389;0.0523598775598298;501.776;0.0523598775598298;85.386;;375.058;383.1336
CYXQ;1.0892655882382454;-2.4586277800357386;647.0904;5.970206931592506;1243.68;25.0;32;;317.04;0.0523598775598298;317.04;0.0523598775598298;;;650.017;644.652
CYXR;0.8324805023487069;-1.3935927009506968;241.63;4.246723267713689;1818.415;45.55;26;;604.408;0.0523598775598298;604.408;0.0523598775598298;;;243.2304;243.5352
CYXR;0.8323835693967746;-1.3937955121109766;241.63;2.588986156757498;910.661;42.094;16;;;;;;;;243.84;235.9152
CYXS;0.9405741265277456;-2.141045008611895;681.736;0.535765553080414;1342.155;45.0;1;;;;;;303.857;308.436;680.258;679.305
CYXS;0.9405050416843704;-2.141179378612754;681.736;1.4063543717317193;1656.668;39.591;6;;523.534;0.0523598775598298;;;;70.946;690.6768000000001;690.6768000000001
CYXS;0.9404535118579463;-2.1409337722222626;681.736;2.977601866138256;3487.676;39.721;15;;1310.587;0.0523598775598298;1272.918;0.0523598775598298;;151.86;680.3136000000001;668.84
CYXT;0.9505650787367224;-2.24407100264094;210.312;0.9030427099466568;1509.057;42.516;3;;;;;;;;217.3224;206.3496
CYXT;0.95065535833723;-2.24428339493936;210.312;6.143109370204726;2267.605;42.911;33;;954.9384;0.0610865238198015;822.399;0.0523598775598298;;;206.3496;211.2264
CYXU;0.7511837162398193;-1.4163762807439606;276.225;1.3788429212654578;1919.676;60.495;9;;0.0;0.0523598775598298;0.0;0.0523598775598298;;;276.4536;274.6248
CYXU;0.7510684968118961;-1.4163162737949064;276.225;2.4190024322533885;2680.724;62.494;15;;;;0.0;0.0523598775598298;;;277.9776;275.844
CYXX;0.8556536513748072;-2.135827368891496;56.946;0.4471539652261854;1624.081;60.96;1;;;;573.024;0.0523598775598298;;;57.912000000000006;57.912000000000006
CYXX;0.8555619966313049;-2.1355856246047327;56.946;1.497034872881262;2928.396;60.747;7;;;;988.7712;0.0523598775598298;;89.91600000000001;50.9016;59.392
CYXY;1.0596508598087926;-2.357408868242732;696.213;0.5978895878740634;667.04;25.0;2;;;;;;120.71;;694.3344000000001;693.4200000000001
CYXY;1.059579317263044;-2.3573674227982675;696.213;5.921865500102469;2922.241;44.513;32;L;;;;;454.981;259.0;708.637;692.273
CYXY;1.0596181372571958;-2.35733054946044;696.213;5.920814288293991;1620.137;28.668;32;R;;;;;399.288;;696.053;694.0296000000001
CYXZ;0.8371788510137874;-1.4798008873114998;285.2928;0.5116998712497799;1327.195;28.171;3;;358.797;0.0610865238198015;165.942;0.0698131700797731;;192.855;284.0736;286.975
CYYB;0.8091890208050108;-1.386214584799687;360.629;1.1387006260226051;3047.416;41.964;8;;1218.908;0.0523598775598298;1218.908;0.0523598775598298;;;356.00640000000004;370.332
CYYB;0.8092075706062558;-1.3862283323285172;360.629;2.9245482202007587;1351.846;43.51;18;;371.123;0.0523598775598298;;;;;358.14000000000004;357.22560000000004
CYYB;0.8092463964520797;-1.3860728650983971;360.629;5.185994893954714;1778.784;41.337;31;;584.592;0.0523598775598298;584.592;0.0523598775598298;;;360.629;360.629
CYYC;0.891934171884113;-1.9899722985776065;1083.906;1.5713754270407083;1889.602;54.063;8;;768.847;0.0523598775598298;749.701;0.0523598775598298;;;1076.5536;1083.564
CYYC;0.8922341403104306;-1.9900482532842825;1083.906;2.096551805749885;2436.726;60.676;11;;816.159;0.0523598775598298;778.543;0.0523598775598298;;;1081.1256;1079.6016
CYYC;0.8923763359477354;-1.9895067473302903;1083.906;3.1424506574500737;4266.294;60.0;17;L;1671.039;0.0523598775598298;1762.475;0.0523598775598298;;;1099.1088;1088.136
CYYC;0.8921078202601219;-1.99004800361293;1083.906;3.1421207902214467;3862.542;61.734;17;R;1420.779;0.0523598775598298;1443.0;0.0523598775598298;;;1083.564;1079.6016
CYYD;0.9568849023941736;-2.219760339230895;520.445;2.9777142653420845;2327.719;43.834;15;;752.067;0.0523598775598298;779.544;0.0523598775598298;107.0;79.516;518.319;522.575
CYYE;1.0268887099451751;-2.1398141288455736;379.247;0.9907733254076488;1929.774;60.632;4;;;;660.087;0.0523598775598298;;;381.9144;380.0856
CYYE;1.026901993241335;-2.1395672975050104;379.247;1.7813483098994372;1231.167;19.973;8;;;;;;;;381.0;373.9896
CYYF;0.8632826462730667;-2.087453677041634;341.98560000000003;3.1659979415862805;1852.0;43.146;16;;616.247;0.0523598775598298;503.141;0.0523598775598298;;113.106;344.503;339.609
CYYG;0.8078981652985546;-1.1017433217306916;49.0728;0.1529142473399725;2142.284;59.692;3;;0.0;0.0523598775598298;766.342;0.0523598775598298;;;48.1584;49.0728
CYYG;0.8080130745878449;-1.1015715712470708;49.0728;1.3762425552129116;2130.8568;48.445;10;;;;760.629;0.0523598775598298;;;48.1584;50.9016
CYYJ;0.8490892687762089;-2.154185633198321;16.306;1.8525779892001293;2123.308;63.9;9;;756.854;0.0523598775598298;;;;;16.154400000000003;17.0688
CYYJ;0.8490531698096848;-2.1542443683839245;16.306;2.654011714166126;1516.797;60.617;14;;;;453.599;0.0523598775598298;129.813;;19.743;13.4112
CYYJ;0.8490562887510297;-2.154227835459072;16.306;3.908855100729769;1534.55;62.292;21;;;;;;267.294;428.372;16.755;15.075
CYYL;0.9924712448681776;-1.7640084818281176;354.101;3.138354020629792;1524.248;44.23;17;;457.324;0.0523598775598298;457.324;0.0523598775598298;;;351.73920000000004;353.87280000000004
CYYL;0.9924133893839788;-1.7641265607732466;354.101;4.6544695310255575;735.15;25.0;26;;;;;;;;354.17760000000004;356.61600000000004
CYYN;0.8777480270542389;-1.879636988459541;813.5112;0.7945852624206811;755.916;12.678;4;;;;;;;;817.1688;811.6824
CYYN;0.8777702575573715;-1.8795297078003943;813.5112;2.3670563722592064;1288.94;44.451;13;;;;;;;;808.0248;817.1688
CYYQ;1.0254344347859203;-1.6417416040533193;25.145;1.2621409572320814;1434.066;54.66;7;;412.233;0.0523598775598298;412.233;0.0523598775598298;;;27.432;25.6032
CYYQ;1.025110626646583;-1.64177132274646;25.145;2.663622893291008;2789.683;53.292;15;;1090.042;0.0523598775598298;1090.042;0.0523598775598298;;;28.346400000000003;19.2024
CYYR;0.930483415009108;-1.0546436169665534;46.9392;4.107164122730345;3359.061;64.609;26;;1407.647;0.0523598775598298;1388.321;0.0523598775598298;;;48.768;48.768
CYYR;0.9306990198756304;-1.0545261934087242;46.9392;5.464183447028866;2922.862;57.108;33;;1146.292;0.0523598775598298;1175.332;0.0523598775598298;;;44.500800000000005;45.72
CYYT;0.8310966403624432;-0.9204651842543466;135.0264;6.219038872115188;1469.911;35.16;2;;441.282;0.0523598775598298;461.733;0.0523598775598298;;;135.636;134.112
CYYT;0.8312038078892581;-0.9207375366884424;135.0264;1.500540890282668;2589.568;64.24;11;;852.935;0.0523598775598298;875.838;0.0523598775598298;;;139.5984;134.112
CYYT;0.8311024510730541;-0.9205321741990324;135.0264;5.570563359333023;2125.816;63.328;34;;641.375;0.0523598775598298;659.389;0.0523598775598298;;;131.3688;135.3312
CYYU;0.8623940990900815;-1.4393664401744763;226.4664;2.7276735097794718;1671.798;35.853;17;;531.099;0.0523598775598298;531.099;0.0523598775598298;;;226.4664;226.4664
CYYU;0.8624453070745282;-1.439357178927756;226.4664;1.5510383269976946;1137.872;25.0;10;;;;;;;;226.4664;226.4664
CYYW;0.877794922356188;-1.5517747481231274;320.9544;5.216786865283024;1219.149;36.666;30;;;;;;;;321.8688;320.04
CYYW;0.8776779591299144;-1.5516542973001528;320.9544;3.1166918666186647;807.463;44.63;18;;;;;;;;320.9544;320.9544
CYYY;0.8484287495600751;-1.190431805722037;43.51;0.662994732296582;1525.355;49.499;6;;0.0;0.0523598775598298;454.696;0.0523598775598298;;;43.281600000000005;38.4048
CYYY;0.8483145366197905;-1.1904646453070804;43.51;2.300126660636653;1265.8344;41.947;15;;;;;;;125.163;40.058;52.4256
CYYZ;0.7623913423052883;-1.3897867654734457;166.573;2.384052563048052;3367.339;62.918;15;L;1230.697;0.0523598775598298;1291.18;0.0523598775598298;;;169.77360000000002;165.8112
CYYZ;0.7623078096829622;-1.3899955141305698;166.573;2.383208521821788;2769.116;62.345;15;R;711.374;0.0523598775598298;744.648;0.0523598775598298;180.862;178.637;168.103;165.653
CYYZ;0.7624409586348647;-1.3901340895332677;166.573;3.952610505077266;3388.294;61.0;23;;1094.447;0.0523598775598298;1161.177;0.0523598775598298;148.533;42.142;169.957;172.367
CYYZ;0.7621294858207718;-1.3894493580476437;166.573;3.952632321692916;2743.403;60.0;24;L;910.938;0.0523598775598298;910.676;0.0523598775598298;;;166.7256;160.02
CYYZ;0.7621880961706996;-1.3894600471024092;166.573;3.952914017834188;2970.224;61.315;24;R;942.143;0.0523598775598298;1037.561;0.0523598775598298;58.299;51.196;166.528;161.2392
CYZD;0.763454228361616;-1.3869333418092775;197.5104;5.611090428163106;2147.293;63.0;33;;746.462;0.0523598775598298;766.888;0.0523598775598298;;;196.2912;198.814
CYZE;0.8007866162282765;-1.441089508000501;186.69;1.6884535095278894;1675.814;32.626;11;;;;;;;;185.0136;186.8424
CYZE;0.800843506186543;-1.4411146623892346;186.69;0.6422673766328225;699.544;19.626;5;;;;;;;;185.0136;189.8904
CYZF;1.090274878827821;-1.9973618059840603;204.216;5.165727781614705;1519.297;44.500800000000005;28;;454.849;0.0523598775598298;454.849;0.0523598775598298;;;205.74;204.8256
CYZF;1.0901849386243077;-1.9973962138172847;204.216;6.212876463592247;2279.628;46.911;34;;831.875;0.0523598775598298;;;;;200.5584;205.74
CYZH;0.965043549708868;-2.0032403959937874;581.5584;5.165908772258137;1696.754;29.832;28;;377.228;0.0523598775598298;543.577;0.0523598775598298;166.349;;583.049;580.3392
CYZP;0.9294625439600168;-2.300586524099257;5.7912;5.660953088629182;1556.217;42.733;31;;473.308;0.0523598775598298;;;;;6.4008;5.1816
CYZR;0.7504972390052869;-1.4365479392906966;180.213;0.8140020154425329;897.646;30.0;6;;;;;;;;180.13680000000002;179.52720000000002
CYZR;0.7504855181056358;-1.4365689428932;180.213;2.3889639195631647;1549.126;35.0;15;;658.45;0.0523598775598298;596.404;0.0523598775598298;;;179.83200000000002;181.356
CYZT;0.8845391736584683;-2.222993973353307;16.052;1.6350899629284077;1210.056;40.962;8;;;;359.54;0.0523598775598298;;;21.6408;9.7536
CYZT;0.8845629490030927;-2.222936119819666;16.052;2.2762243765305907;1522.015;45.059;11;;;;438.163;0.0523598775598298;;;13.1064;10.668
CYZT;0.8845317537379703;-2.2230542221714837;16.052;3.134091577530572;1084.659;42.478;16;;;;;;;452.401;21.6408;18.232
CYZU;0.9449888095255842;-2.020861170137378;779.221;5.339402004822157;1761.451;31.275;29;;575.925;0.0523598775598298;575.925;0.0523598775598298;;;779.3736;779.0688
CYZV;0.8766223291472598;-1.1565446543004465;51.968;1.9020434999949145;1758.571;58.686;13;;615.213;0.0523598775598298;615.213;0.0523598775598298;;;51.816;53.0352
CYZV;0.8765766392898081;-1.1566503355024924;51.968;3.650112657115488;1819.635;71.347;23;;605.017;0.0523598775598298;;;;;51.968;51.968
CYZV;0.8765169229738125;-1.156550388939317;51.968;4.343546804231476;2004.184;56.878;27;;;;0.0;0.0523598775598298;;;53.0352;49.9872
CYZX;0.7851582097224147;-1.1330452355315206;26.2128;1.1223663338992855;2433.553;58.795;8;;;;919.531;0.0523598775598298;;;25.908;26.5176
CYZX;0.7850584562644255;-1.1330210174103577;26.2128;1.8421857752349795;2429.92;55.867;12;;954.339;0.0523598775598298;937.217;0.0523598775598298;;;24.6888;27.7368
CYZY;0.96515727696035;-2.14908416087676;690.0672000000001;3.2436839428559496;1519.633;41.107;17;;;;;;;;690.0672000000001;690.0672000000001
CZAM;0.8845784851930945;-2.0809330337430487;530.6568;2.77402404419176;1304.07;20.671;14;;;;347.235;0.0523598775598298;;;527.6088;533.7048
CZBB;0.8565713106275699;-2.146886756492714;1.6;1.5755794888764498;1709.702;30.48;7;;626.63;0.0523598775598298;467.244;0.0523598775598298;;182.88;1.524;1.865
CZBB;0.8564938930028151;-2.146998554642889;1.6;2.5024358027498748;1705.205;30.48;13;;;;614.409;0.0523598775598298;262.395;;1.524;1.524
CZEE;0.9780243085581488;-1.6843448526001028;185.166;2.1008510752963225;1238.562;35.444;12;;;;;;;;187.452;182.88
CZFA;1.085725718548464;-2.327799616978568;713.8416000000001;2.0105671129528333;1339.601;25.0;10;;;;;;;;713.8416000000001;713.8416000000001
CZGF;0.8554841635378156;-2.0670021993269256;520.2936;1.5686615447736123;1306.0;26.735;7;;348.202;0.0523598775598298;348.202;0.0523598775598298;;;525.4752;515.1120000000001
CZJG;0.9515369829918644;-1.7112279345674208;220.3704;2.657534312195426;1286.391;28.452;15;;;;;;;;219.456;221.2848
CZJN;0.9096913407071844;-1.7668703943182604;333.984;0.5237287328144024;1194.688;36.452;2;;;;;;;;333.984;333.984
CZJN;0.9096276394023408;-1.7668746699401665;333.984;1.572006363565304;619.439;27.525;8;;;;;;;;333.984;333.984
CZLQ;0.9654979379159604;-1.7053203514719195;202.0824;5.234271573729503;789.412;39.348;30;;;;;;;;206.6544;197.5104
CZMN;0.9702170366110776;-1.6958256542349068;193.2432;4.052720496576558;737.602;25.0;23;;;;;;;;192.6336;193.8528
CZMT;0.9429510465645776;-2.3060181789818657;5.1816;2.5833115677604885;1494.881;29.243;13;;442.641;0.0523598775598298;368.429;0.0610865238198015;;74.212;4.8768;5.519
CZPC;0.8642948978088348;-1.9896246312196757;1183.386;1.5701095397342368;2004.809;28.669;8;;578.033;0.0523598775598298;334.706;0.0523598775598298;119.571;362.899;1189.554;1175.519
CZSJ;0.926145424028657;-1.629166570904142;286.054;5.114855448176351;1190.64;42.13;29;;290.52;0.0523598775598298;290.52;0.0523598775598298;;;284.3784;287.7312
CZST;0.9762614747176148;-2.268617184158402;7.315200000000001;3.5401778581908685;1193.957;22.86;18;;;;;;;;7.315200000000001;7.315200000000001
CZUC;0.8626896495037997;-1.6008170832608564;437.388;4.030418155795799;1056.755;22.413;23;;223.578;0.0523598775598298;223.578;0.0523598775598298;;;437.388;437.388
DAAB;0.6371141185203524;0.049120474468736;158.261;1.1528091695640268;1817.769;28.644;6;;;;;;;;161.447;155.077
DAAD;0.616672664720323;0.0734068885486992;453.085;0.7275548976601652;2193.765;37.043;4;;;;;;;;459.0288000000001;447.1416
DAAE;0.6407450460830596;0.0884862111849187;3.9624;1.4272287713849592;2396.0;42.0;8;;;;;;;;4.8768;3.048
DAAG;0.6405951906066919;0.0564751215126396;20.65;0.9198664971119908;3488.161;61.245;5;;;;1439.281;0.0523598775598298;;;21.0312;24.384
DAAG;0.6403893638846112;0.0556820794735412;20.65;1.600097437876153;3500.37;41.478;9;;1445.385;0.0523598775598298;1445.385;0.0523598775598298;;;17.0688;20.1168
DAAJ;0.4238472701172262;0.1651954090823432;962.786;2.1844231296551726;2997.918;43.09;12;;1194.159;0.0523598775598298;;;;;964.0824;965.9112
DAAJ;0.4238349406436542;0.1649032389846669;962.786;3.5112814889631494;2394.169;43.721;20;;;;;;;;964.0824;957.072
DAAK;0.6378457180001216;0.0502009116409001;90.691;3.888243983994192;3597.428;40.148;22;;;;;;;;68.346;113.038
DAAP;0.4664146693688379;0.1504928249121263;539.953;1.579295382120408;3025.254;43.271;9;;;;;;;;537.972;541.9344
DAAP;0.4664969906949945;0.1502265504150104;539.953;3.822574051025728;2619.399;59.201;22;;;;;;;;539.953;539.953
DAAS;0.6314315653849195;0.0929764256184684;1013.46;4.657326460478147;2390.378;44.491;27;;;;;;505.579;;1011.0216;1015.8984
DAAT;0.3980970972677398;0.094909591887365;1365.58;1.4252927649121845;3143.28;49.813;8;;;;;;;336.143;1362.1512;1363.98
DAAT;0.3981353964630549;0.0951373389739453;1365.58;3.5250217680324;3571.458;49.569;20;;;;;;;;1377.0864;1359.1032
DAAV;0.642196342741105;0.1025122484085254;8.5344;6.12683958545056;2393.269;44.41;35;;;;878.0;0.0523598775598298;;;10.9728;6.096
DAAY;0.5850863557437697;-0.0041324821992328;1109.482;2.7969747747896347;2921.516;28.739;16;;;;;;;;1113.766;1105.199
DAAY;0.5852804732695438;-0.0042731017861269;1109.482;4.089631068663585;3597.8592000000003;43.348;24;;;;;;;;1100.328;1118.635
DAAZ;0.6240061326115537;0.0109187680143242;87.809;1.1625458378621274;1301.603;21.311;7;;;;;;;;84.63;90.989
DABB;0.6427518829558706;0.1364285957738636;3.276;4.044643985462955;2285.13;43.146;23;;;;;;;;2.1336;3.9624
DABB;0.6428340053251683;0.1363239834772939;3.276;0.1205445856343222;3001.371;41.475;36;;;;1195.885;0.0523598775598298;95.673;;4.971;2.1336
DABC;0.6331474337034365;0.1156121609600841;699.973;2.376962686560601;2392.0;42.519;13;;891.2;0.0523598775598298;891.2;0.0523598775598298;;;701.9544000000001;687.0192000000001
DABC;0.6331250276501345;0.1154823474614022;699.973;2.778049646111485;2986.602;44.437;16;;;;;;;;705.0024000000001;705.9168000000001
DABS;0.6184263816553869;0.1417875884907541;807.186;1.9691597000480432;3193.316;53.366;11;;;;;;;;804.0624;809.8536
DABS;0.6183698369457871;0.1417390508194414;807.186;2.126003713278513;2388.752;25.0;12;;;;;;;;805.8912;808.9392
DABT;0.6239872083032804;0.1101185563732117;817.4736;0.9551470538507022;2986.565;50.136;5;;;;;;;;811.9872;822.96
DAFH;0.5747427173925711;0.0577964057151445;756.776;1.381212903856741;2994.394;43.723;8;;;;;;;;761.0;752.543
DAFH;0.5747742637580324;0.057700453893604;756.776;1.539423684424448;2000.161;28.499;9;;;;;;;;762.548;751.0
DAOB;0.6168166100076505;0.0255353482059397;982.98;4.553876083323463;2999.915;44.901;26;;;;;;;;976.884;989.076
DAOF;0.4834855657659082;-0.1425517154663764;442.493;1.3187358762218755;2389.0224000000003;43.0;8;L;;;;;;;445.9224;440.1312
DAOF;0.4834375235361851;-0.1425377962884915;442.493;1.318739890479155;2995.778;41.603;8;R;;;;;;;445.008;438.912
DAOI;0.632028465219622;0.0232398073760215;151.638;1.157653505435862;1610.445;27.392;7;;;;;;;;151.638;151.638
DAOI;0.6321029745632352;0.0233900783211238;151.638;1.3474166972869732;2783.612;43.051;8;;;;;;;;151.4856;151.7904
DAOL;0.6203364260164013;-0.0092604821019645;104.511;1.3198898879232943;2435.19;43.012;8;;912.795;0.0523598775598298;912.795;0.0523598775598298;;;103.265;105.758
DAON;0.6110998538475243;-0.0254332794362705;246.43;1.2205975831785612;2591.729;41.372;7;;991.064;0.0523598775598298;991.064;0.0523598775598298;;;246.888;245.9736
DAOO;0.621737123263921;-0.0108858738136725;90.5256;1.1721627765735414;3608.539;42.528;7;L;1499.47;0.0523598775598298;1432.873;0.0523598775598298;;66.597;91.1352;89.896
DAOO;0.62167501946562;-0.0109178161422939;90.5256;1.173063715533421;2998.282;40.312;7;R;1194.341;0.0523598775598298;;;;;89.91600000000001;91.1352
DAOR;0.552317224835078;-0.0394653009701001;808.253;3.1409023758706294;2997.64;42.385;18;;;;;;;;805.8912;807.1104
DAOR;0.5523117476697892;-0.0398041205994881;808.253;4.185704462668865;3263.05;42.793;24;;;;;;252.38;;811.265;808.9392
DAOV;0.6144912256489153;0.0025687203003682;508.558;1.397269671175701;1702.489;28.206;8;;;;;;;;505.0536;512.0640000000001
DAUA;0.4858598349951802;-0.0032560031151228;279.5016;3.832410028558267;2997.185;41.86;22;;;;;;;;280.1112;278.892
DAUB;0.6072578740193574;0.1001528385258238;81.9912;2.262201528655442;2887.891;44.525;13;;;;;;;;89.00160000000001;74.9808
DAUE;0.5338258817964179;0.0499423613512427;396.5448;3.136357887564287;2989.769;44.449;18;;;;;;;287.801;398.0688;395.0208
DAUE;0.5335222268165406;0.05003585547041;396.5448;1.7882734273055003;1799.828;43.86;11;;;;;;;;396.5448;396.5448
DAUG;0.565079470536695;0.0664793823750226;449.503;5.277841449577513;3091.671;56.681;30;;1241.036;0.0523598775598298;;;;;433.1208;452.0184
DAUG;0.5653843309610697;0.0662398461192809;449.503;0.0484517380440934;2394.8136;44.188;36;;;;;;;;452.0184;460.8576000000001
DAUH;0.5527957394871339;0.1071699923193979;139.446;3.215127912832369;3002.507;42.266;18;;;;;;;;138.9888;139.9032
DAUI;0.4756164006807392;0.0438394494337982;271.119;4.028799188381649;2994.375;44.312;23;;;;;;;;269.1384;273.1008
DAUK;0.5772409074865017;0.106284330010865;81.9912;3.29028597921345;2998.24;44.515;19;;;;;;;;78.9432;85.03920000000001
DAUL;0.5893057333263536;0.0511271455441647;754.736;2.741181660058207;3783.189;38.952;16;L;;;;;;;758.937;750.535
DAUL;0.589292637283708;0.0510906623178253;754.736;2.7410483169033544;3783.702;41.895;16;R;;;;;;;754.565;754.908
DAUO;0.5847516225322164;0.118317802590442;60.731;3.4527544904913974;1928.792;28.62;20;;;;;;;;60.96;61.8744
DAUO;0.5850122092038401;0.1182350755483382;60.731;5.409545914795182;3000.419;43.1;31;;;;;;;;60.96;59.1312
DAUT;0.5102744865234146;0.0048172683004655;311.5056;4.126707970628327;3002.351;37.17;24;;;;;;;;312.1152;310.896
DAUU;0.5570333099189516;0.0945401875173331;146.304;3.1478292386059445;2988.862;39.083;18;;;;;;;;141.1224;152.0952
DAUU;0.5570870984908901;0.0944049826778898;146.304;3.4210174233731325;3009.128;45.189;19;;;;;;;;141.1224;150.876
DAUZ;0.4896382539586392;0.168357496757892;561.06;0.8160263879353362;2997.847;44.819;5;;1194.123;0.0523598775598298;;;;;559.9176;561.1368
DAUZ;0.4896779400002936;0.1682307495355043;561.06;2.537074479749581;3358.191;38.057;14;;1374.296;0.0523598775598298;;;;;561.1368;562.0512
DBBB;0.1109562505732043;0.0416181624244687;4.572;0.9225016301232368;2359.9;44.082;6;;875.15;0.0523598775598298;;;;;4.572;4.572
DFFD;0.2156023034899191;-0.0263962696439161;307.086;3.7212257484221456;3007.754;40.886;22;;1136.879;0.0523598775598298;;;;;299.0088;315.1632
DFOO;0.1947756048428955;-0.0755929640951395;441.96;0.9167928326728886;3290.509;38.496;6;;;;1340.455;0.0523598775598298;;;431.9016;452.0184
DGAA;0.0978198079819276;-0.0029226528487938;56.997600000000006;0.3878224397824343;3570.554;56.091;3;;1372.89;0.0523598775598298;1011.648;0.0523598775598298;107.588;468.83;53.9496;60.874
DGLE;0.1668060799370589;-0.0150654034583346;159.258;3.9157788218724296;2425.306;40.486;23;;;;;;;;164.8968;153.6192
DGSI;0.1171918511109958;-0.0277654127237448;287.578;3.3414604291453256;1981.887;37.819;20;;;;;;;;287.7312;287.4264
DGSN;0.1284891130930178;-0.0406438433792173;304.1904;4.248533348680932;1280.842;38.546;25;;;;;;;;301.752;306.6288
DGTK;0.0854507595499837;-0.0309751876275628;4.8768;3.6585780275864352;1748.133;42.426;21;;;;;;196.163;;5.26;4.572
DIAP;0.0918270576969668;-0.0685195796317132;4.8768;3.5324950933565145;2992.0;41.237;21;;1191.204;0.0523598775598298;1191.204;0.0523598775598298;;;3.3528;6.4008
DIBK;0.1350689148481716;-0.0885538565169041;369.7224;3.559534781325961;3294.343;42.321;21;;1342.371;0.0523598775598298;1342.371;0.0523598775598298;;;365.76;373.6848
DIDL;0.1185540150963077;-0.1129821853539007;258.66;3.629731400242398;1987.711;25.0;21;;;;;;;;261.616;255.704
DIKO;0.1638363679394912;-0.0969833075230878;367.284;4.534759317493443;2100.208;27.875;26;;;;;;;;367.284;367.284
DIMN;0.1269205196633767;-0.1324190220999784;327.507;3.570495099962636;2046.503;28.956000000000003;21;;;;;;;;330.0984;324.9168
DISP;0.0828435001357352;-0.1162497045601436;6.4008;3.48402555469938;1901.268;26.869;21;;;;;;100.538;;8.422;4.572
DIYO;0.1204826326652564;-0.0936573730226611;205.282;3.866990411560956;2997.486;45.044;23;;;;;;;;212.1408;198.4248
DNAA;0.1571981313845792;0.1267663612572984;336.651;3.750238182045122;3609.354;45.0;22;;1486.247;0.0523598775598298;1496.578;0.0523598775598298;;;341.98560000000003;331.3176
DNAK;0.1264798770345568;0.0925174672552961;331.165;3.561705621849592;2798.903;45.739;21;;;;;;;;337.71840000000003;324.612
DNBE;0.1102445175209515;0.0977204465859838;75.438;3.9353868978868856;2401.135;40.374;23;;895.767;0.0523598775598298;895.767;0.0523598775598298;;;78.9432;71.9328
DNCA;0.0868484022245539;0.1456879855636622;62.026;0.467338401319527;2442.403;43.063;3;;916.402;0.0523598775598298;916.402;0.0523598775598298;;;60.3504;63.7032
DNEN;0.1129855403126959;0.1319281136059548;146.6088;4.540122365218971;2995.089;44.413;26;;;;;;;;136.5504;156.6672
DNGU;0.2124450278395724;0.1168560860545573;463.2960000000001;3.974328858690308;1263.926;25.0;23;;;;;;;;463.2960000000001;463.2960000000001
DNIB;0.1284983938453126;0.0694348279954813;219.303;0.6963850625487985;2508.121;43.637;4;;;;;;;;220.98;217.6272
DNIL;0.1473077109060099;0.0784353476042026;337.87;0.8567629311822444;3090.537;58.604;5;;1240.469;0.0523598775598298;1240.469;0.0523598775598298;;;341.37600000000003;334.36560000000003
DNIM;0.0947262628947861;0.1257678474975733;113.538;2.917872510344805;2754.661;43.876;17;;;;;;;;113.3856;113.6904
DNJO;0.1682468786949676;0.1547948495639591;1288.236;1.662440947823241;2986.379;37.413;10;;1188.389;0.0523598775598298;1188.389;0.0523598775598298;;;1288.3896;1288.0848
DNKA;0.1866777037385246;0.1277603341193054;625.7544;0.8648921512392584;2994.76;58.0;5;;1192.58;0.0523598775598298;1192.58;0.0523598775598298;;;620.5728;630.936
DNKN;0.2102962703580555;0.148708845078396;464.667;1.064522143137499;3416.608;63.55;6;;1403.504;0.0523598775598298;1403.504;0.0523598775598298;;;475.488;459.0288000000001
DNKN;0.2102436287138911;0.1488608247118149;464.667;3.917390633436647;2649.402;55.192;23;;1019.901;0.0523598775598298;;;;206.328;457.2000000000001;466.9536000000001
DNMA;0.2069133834815242;0.2283116715299217;332.689;0.8119804005699479;2999.068;58.156;5;;1194.734;0.0523598775598298;1194.734;0.0523598775598298;;;334.36560000000003;331.0128
DNMA;0.20671966972114;0.2282499714970105;332.689;1.6006199894542;994.774;23.206;9;;192.587;0.0523598775598298;192.587;0.0523598775598298;;;332.689;332.689
DNMK;0.134458690755603;0.1503401820891782;98.602;4.047814899647978;2984.506;46.22;23;;;;;;;;88.69680000000001;108.5088
DNMM;0.1149211915917697;0.0581022141104345;25.755;3.130113099500651;2845.075;43.3;18;L;;;1117.738;0.0523598775598298;;;41.7576;26.5176
DNMM;0.114670552763085;0.0578288785953893;25.755;3.130749621078853;3900.871;57.031;18;R;;;1645.635;0.0523598775598298;;;19.5072;15.24
DNMN;0.168465122665705;0.1127897433569667;266.3952;3.930949049197839;3389.184;44.093;23;;;;;;;;273.4056;259.38480000000004
DNPO;0.0875368280659678;0.1212927693897504;26.974;0.4876924485095774;2997.0;50.656;3;;1193.697;0.0523598775598298;1193.697;0.0523598775598298;;;26.2128;27.7368
DNSO;0.2254251020431923;0.090877555594012;306.476;1.337002736519343;2986.436;57.357;8;;1188.4152;0.0541052068118242;1188.4152;0.0523598775598298;;;305.1048;307.848
DNZA;0.1942584281918406;0.1341411692628917;654.558;0.8630313684572446;1663.743;29.174;5;;;;;;;;645.5664;663.5496
DRRM;0.2356652301627743;0.1243823743508651;374.904;1.4631127408059623;1852.0;25.0;8;;;;;;;;370.9416;378.8664
DRRN;0.235309863954631;0.0381048105630709;217.932;1.5238296213434843;2989.427;48.128;9;R;;;1189.914;0.0523598775598298;;;221.8944;214.2744
DRRT;0.2596283608033512;0.0919050078239024;384.505;4.180204755662905;2141.378;30.051;24;;;;;;;;387.096;381.9144
DRZA;0.296113736657133;0.1396280873388631;504.215;1.186828952810975;2993.687;37.242;7;L;1192.043;0.0523598775598298;;;;;504.1392;505.968
DRZR;0.2404894190410335;0.1567956689670707;453.085;0.9173402900993616;1818.485;29.068;5;;604.443;0.0446804288510548;;;;;448.056;458.1144000000001
DTKA;0.6454259918746693;0.1548992746070146;64.92240000000001;1.6245129535020568;2857.813;44.581;9;;;;;;;;59.7408;70.104
DTMB;0.624091976644445;0.1876928342970726;2.4384;1.2834839952427746;2960.438;44.564;7;;1175.419;0.0523598775598298;1175.419;0.0523598775598298;;;2.4384;2.4384
DTNH;0.6296407898090715;0.1821889151624628;4.8768;4.719005523579;3289.082;59.494;27;;;;;;;;3.9624;5.7912
DTTA;0.6432089336738676;0.1785052094165705;5.029;0.2140551556192662;3202.363;41.629;1;;;;1296.381;0.0523598775598298;;;3.9624;6.4008
DTTA;0.6431420080975773;0.1785907686680758;5.029;1.9637670515384007;2848.542;44.89;11;;;;918.0;0.0523598775598298;;201.469;6.096;3.474
DTTB;0.6499987636518256;0.1708078884417794;4.898;4.573235100853658;2988.377;49.529;26;;;;;;;;2.399;7.398
DTTB;0.6500865328849094;0.1710237215235222;4.898;1.936981239161949;1201.772;45.649;11;;;;;;;;6.623;3.175
DTTD;0.5638484425280087;0.1811979773678309;316.226;3.5542443392973166;2406.439;43.193;20;;;;;;;;304.504;327.949
DTTF;0.6008517674535911;0.1540814058728323;318.058;0.84419416946681;1504.92;43.664;5;;;;447.66;0.0523598775598298;152.342;;313.0296;323.088
DTTG;0.5887639035798269;0.1731240271582537;120.548;1.1058893611096154;3145.925;39.395;6;;;;;;;;124.968;116.1288
DTTJ;0.5912383183291333;0.1880966152914099;4.2672;1.5396181141031204;3093.99;41.617;9;;1242.195;0.0523598775598298;1242.195;0.0523598775598298;;;2.7432000000000003;5.7912
DTTR;0.5533398981992428;0.1615178046801203;258.013;5.104333381714851;2689.118;44.036;29;;;;;;;;257.86080000000004;258.16560000000004
DTTR;0.5534198788564725;0.1615897958540797;258.013;0.3565002897872459;1500.878;53.84;2;;;;;;;;258.013;258.013
DTTX;0.6059153131363076;0.1866049069843428;20.4216;2.585684866477351;2701.549;44.292;15;;1045.975;0.0523598775598298;1045.975;0.0523598775598298;;;24.6888;16.154400000000003
DTTZ;0.5923585156641344;0.1413900882913704;83.972;4.714214245716425;3217.41;45.223;27;;1303.905;0.0523598775598298;1303.905;0.0523598775598298;;;87.47760000000001;80.4672
DXNG;0.1704715674764707;0.0190450477788754;459.486;3.5394462161684324;2501.74;59.083;21;;946.07;0.0523598775598298;;;;;462.0768000000001;456.8952000000001
DXXX;0.1076129678149149;0.0218893116253098;19.05;3.811793152236159;3004.145;43.913;22;;;;1197.273;0.0523598775598298;;;19.5072;18.5928
EBAW;0.8934340900874411;0.077894411212983;9.0;1.9162225722914088;1513.348;46.747;11;;311.611;0.0523598775598298;429.898;0.0523598775598298;144.339;;8.438;9.4488
EBBE;0.8859065631871593;0.0832225383089584;102.4128;0.6764105546578868;2788.295;44.701;4;L;894.65;0.0523598775598298;717.135;0.0523598775598298;61.417;349.434;107.847;94.812
EBBE;0.8858452435129488;0.0832603089032077;102.4128;0.6765558358648227;2318.905;22.742;4;R;;;;;;;110.693;96.261
EBBL;0.8930586760499394;0.0954709389116265;53.111;0.8726168039756601;3009.039;42.893;5;L;941.514;0.0523598775598298;877.133;0.0523598775598298;298.918;295.796;57.397;48.028
EBBL;0.8930325424813714;0.0955041373992387;53.111;0.8723780080274023;2393.934;22.46;5;R;;;;;;;57.912000000000006;49.05
EBBR;0.8884752834875276;0.0781866827396462;41.605;4.282960142709446;3638.631;42.375;25;R;1158.381;0.0523598775598298;1160.348;0.0523598775598298;299.038;256.822;30.522;37.428
EBBR;0.8883716913324985;0.0784826681276733;41.605;3.39322061157417;2987.686;46.514;19;;972.325;0.0523598775598298;1010.894;0.0523598775598298;219.63;45.397;30.278;53.701
EBBR;0.8882679821440231;0.0785724483854767;41.605;4.361606947732338;3211.149;43.768;25;L;1233.2208;0.0523598775598298;1028.739;0.0523598775598298;;121.554;45.72;50.789
EBCI;0.8806919682869223;0.0777212251190871;179.83200000000002;1.1426276168395926;2551.437;42.62;6;;437.675;0.0523598775598298;978.602;0.0523598775598298;448.505;;185.338;173.535
EBCV;0.8827317676298954;0.0669987377987368;56.388000000000005;1.3958328288689967;2498.166;42.823;8;;;;;;;;53.9496;58.8264
EBFN;0.8916929366928418;0.0462994534647451;2.59;1.8898472264484405;2677.941;30.047;11;;966.181;0.0523598775598298;981.039;0.0523598775598298;105.44;93.918;1.768;3.412
EBFS;0.8769164166428988;0.0811371973508991;276.4536;1.387041430893776;3387.929;44.493;8;L;1091.169;0.0523598775598298;1091.585;0.047996554429844;298.0;297.579;273.542;282.41
EBFS;0.8768195363560174;0.0811125579093293;276.4536;1.386531096620493;2241.547;22.289;8;R;;;;;143.615;146.571;274.578;275.281
EBKT;0.8869552355314289;0.0560083219085624;16.306;4.221903638552778;1897.207;43.877;24;;485.658;0.0523598775598298;666.14;0.0541052068118242;176.104;;15.755;16.764
EBLG;0.8838117756794228;0.0949792423923976;186.309;0.7878327580776402;2337.551;43.033;4;L;681.113;0.0523598775598298;765.896;0.0523598775598298;;;191.7192;175.86960000000002
EBLG;0.8838147424772875;0.0950584896400302;186.309;0.7876903043040924;3704.0;44.11;4;R;1073.786;0.0523598775598298;980.559;0.0523598775598298;232.216;414.472;197.452;179.384
EBOS;0.8936066910141051;0.0501769665977787;1.524;4.476151161211473;3196.101;46.261;26;;766.793;0.0523598775598298;884.326;0.0523598775598298;415.834;296.922;1.117;1.902
EDAC;0.889815661696803;0.2182966904038538;189.5856;0.6869000881821279;2432.808;40.955;4;;652.124;0.0523598775598298;414.372;0.0575958653158128;259.48;497.232;196.376;181.311
EDAH;0.9403635833577776;0.2469884384598501;25.2984;1.8432621197846843;2291.028;33.948;10;;841.31;0.0523598775598298;834.379;0.0523598775598298;;;23.4696;27.1272
EDAH;0.9403685280208856;0.2468902942117483;25.2984;1.844433864031303;626.927;31.858;10;R;;;;;;;25.2984;25.2984
EDAH;0.9403579189389748;0.2470804501553637;25.2984;1.8438396492341689;1175.659;34.276;10;L;;;;;;;25.2984;25.2984
EDBN;0.9355354972657556;0.2322341957264181;65.2272;4.680105625210551;2280.122;43.021;27;;835.261;0.0523598775598298;835.261;0.0523598775598298;;;69.1896;61.2648
EDBR;0.8964704643360447;0.2609456366103189;156.972;6.256800815811337;2488.198;41.469;36;;;;;;;;159.476;154.468
EDDB;0.9140737634355388;0.235716869220415;45.643;1.1998532978210574;3597.357;41.788;7;L;1097.703;0.0523598775598298;1082.07;0.0523598775598298;298.477;297.916;43.586400000000005;47.244
EDDB;0.9137138036646268;0.2355458989597698;45.643;1.199823278157923;3997.118;56.245;7;R;1554.812;0.0523598775598298;1574.831;0.0523598775598298;;;46.3296;45.415200000000006
EDDC;0.8924627417411691;0.2402968405050787;221.5896;0.7126461206567044;2839.027;58.609;4;;1061.08;0.0523598775598298;814.144;0.0523598775598298;;294.0;229.8192;211.424
EDDE;0.8897655889367859;0.1912548876766079;310.438;4.83866390083233;2598.439;45.854;27;;785.363;0.0523598775598298;998.519;0.0523598775598298;210.77;;308.826;311.8104
EDDF;0.8729493631706269;0.1488086277947467;103.065;3.135278575954853;3968.151;44.034;18;;1767.5352;0.0523598775598298;1767.5352;0.0523598775598298;;;103.065;103.065
EDDF;0.8733432275309441;0.1494142290661847;103.065;4.356654925045654;3999.594;59.144;25;C;1537.95;0.0523598775598298;1583.234;0.0523598775598298;;;110.9472;100.2792
EDDF;0.8732544576618941;0.1494057948558184;103.065;4.356814448139287;3993.921;44.552;25;L;1535.508;0.0523598775598298;1570.74;0.0523598775598298;;;110.3376;99.9744
EDDF;0.8733878816423957;0.1486218268099263;103.065;4.355262850434264;2801.657;44.507;25;R;944.217;0.0558505360638185;1048.441;0.0523598775598298;;;107.5944;92.964
EDDG;0.9099220194815956;0.1341293644892707;48.0;4.380694217497998;2168.209;45.236;25;;564.033;0.0523598775598298;768.274;0.0523598775598298;201.075;;48.556;47.5488
EDDH;0.9359777842144962;0.174228893111784;12.42;0.8760534968991771;3254.028;43.797;5;;901.843;0.0523598775598298;1073.623;0.0523598775598298;301.087;157.213;9.396;13.294
EDDH;0.936190533464928;0.1743211622808796;12.42;2.668086921918834;3666.767;43.12;15;;1429.571;0.0523598775598298;1000.104;0.0523598775598298;;447.0;16.154400000000003;9.908
EDDK;0.8877600511352293;0.124608631211562;76.961;1.123180809248021;2452.071;42.038;6;;929.693;0.0523598775598298;830.571;0.0523598775598298;;;70.4088;82.9056
EDDK;0.8878114405215177;0.1247449829787794;76.961;2.400403680145361;3812.181;56.92;14;L;1497.317;0.0523598775598298;1454.083;0.0523598775598298;;;70.104;92.0496
EDDK;0.8877561831798276;0.1244385738117982;76.961;2.400500894984697;1852.0;54.185;14;R;692.48;0.0523598775598298;644.816;0.0523598775598298;;;67.3608;78.9432
EDDL;0.8951403850700473;0.1181433993487041;38.023;4.061658676741872;2998.406;42.78;23;L;683.347;0.0523598775598298;783.119;0.0523598775598298;300.42;299.179;42.71;36.233
EDDL;0.8951969765930257;0.118055593055029;38.023;4.061497233786063;2705.789;44.877;23;R;636.17;0.0523598775598298;652.305;0.0523598775598298;295.896;301.64;38.143;35.0
EDDM;0.8441255584748938;0.2058505188813283;447.4464;1.4554420361967402;3996.984;57.321;8;L;1614.546;0.0523598775598298;1629.614;0.0523598775598298;;;447.1416;441.6552
EDDM;0.8437399859342498;0.2055617193469066;447.4464;1.4550466842145782;3997.763;60.285;8;R;1642.366;0.0523598775598298;1648.676;0.0523598775598298;;;452.9328;448.056
EDDN;0.8639159844712877;0.1933405797350063;315.1632;1.720731803247198;2699.661;45.151;10;;986.033;0.0523598775598298;934.218;0.0523598775598298;;;311.5056;318.8208
EDDP;0.8973229710692292;0.2134616330195444;134.4168;1.4957573616819722;3599.645;58.858;8;R;1435.795;0.0523598775598298;1346.133;0.0523598775598298;;;130.4544;143.256
EDDP;0.8976654987083087;0.2136567823902038;134.4168;1.4956256940432016;3600.622;60.743;8;L;1431.197;0.0523598775598298;1415.626;0.0523598775598298;;;127.4064;136.5504
EDDR;0.8589563059721992;0.1240932861339424;317.2968;4.6675855058213696;1999.98;43.617;27;;568.383;0.0523598775598298;725.586;0.0558505360638185;101.651;58.836;322.985;311.777
EDDS;0.8497984739060206;0.1609537814910524;373.0752;4.432910978059165;3346.715;45.0;25;;;;;;;302.404;359.96880000000004;388.764
EDDV;0.915681153452642;0.1691132363365265;52.781;1.6177256123871462;779.851;20.589;9;C;;;;;60.159;169.982;54.2544;53.0352
EDDV;0.9157322561069868;0.1688818456086502;52.781;1.6156490196431232;3198.191;43.018;9;L;1270.782;0.0523598775598298;1292.716;0.0523598775598298;;;50.9016;51.5112
EDDV;0.9155038653364518;0.169190985556046;52.781;1.616088842614626;2343.7;42.189;9;R;743.732;0.0523598775598298;844.327;0.0523598775598298;;;52.4256;54.5592
EDDW;0.9258434543304068;0.1534092593838046;4.064;4.674930025846687;2633.213;44.386;27;;695.344;0.0523598775598298;703.718;0.0523598775598298;300.042;294.08;4.2672;3.9624
EDDW;0.925802281963984;0.1533850490648714;4.064;4.039970342791965;699.888;22.5;23;;;;;;;;4.064;4.064
EDFE;0.8719808060720503;0.1508216654896563;117.348;1.4962695460042623;1399.264;22.515;8;;584.094;0.0523598775598298;347.865;0.0523598775598298;;234.76;117.348;117.348
EDFE;0.8719603310706129;0.1508997424028255;117.348;4.645940456036912;702.048;27.656;26;L;;;;;;;117.348;117.348
EDFH;0.8717189671425507;0.1267299014376482;492.709;0.5651864810148198;3800.316;44.626;3;;1214.609;0.0523598775598298;1244.296;0.0523598775598298;299.984;301.379;500.491;484.928
EDFM;0.8634624681633702;0.1485809197193151;93.954;4.765952087930844;1099.234;24.527;27;;278.657;0.0523598775598298;265.613;0.0523598775598298;47.422;43.953;93.221;94.1832
EDFM;0.8634752482157108;0.1486191896562688;93.954;4.768549661456587;823.332;32.25;27;C;;;;;;;93.954;93.954
EDFM;0.8634952433800182;0.1485953616465937;93.954;4.732519607977192;508.877;35.822;27;R;;;;;;;93.954;93.954
EDFZ;0.8721262142774571;0.1422062483372362;231.648;4.442803853325319;981.185;20.687;26;R;;;;;;;231.648;231.648
EDFZ;0.8720876107951813;0.1422249970953401;231.648;4.479991932763413;951.561;33.639;25;L;;;;;;;231.648;231.648
EDGE;0.8899812113583252;0.1828439279549462;335.58480000000003;1.8257967844929024;1717.662;59.126;10;;554.031;0.0523598775598298;333.868;0.0523598775598298;;220.163;335.58480000000003;335.58480000000003
EDGS;0.8850265009290338;0.1410517367957678;597.052;5.377373388028545;1625.234;28.614;31;;550.056;0.0523598775598298;548.166;0.0523598775598298;;;587.6544;597.7128
EDGS;0.8849799216173899;0.1411237513764165;597.052;0.6590248063799957;511.397;28.116;4;;;;;;;;597.052;597.052
EDGS;0.885071277925604;0.1410040651719581;597.052;5.375992832590218;659.504;28.297;31;R;;;;;;;597.052;597.052
EDHI;0.9343452261547572;0.1716148964721412;4.572;0.9000810083790701;3270.667;44.123;5;;612.966;0.0523598775598298;541.157;0.0523598775598298;656.028;752.422;4.572;4.572
EDHK;0.949100756256099;0.177049945324694;28.651200000000003;1.4375409620039052;1383.615;27.483;8;;240.129;0.0523598775598298;284.047;0.0523598775598298;242.197;103.738;30.705;27.0
EDHK;0.9491329697122044;0.1770434460673073;28.651200000000003;1.4157020759527206;402.107;37.226;8;L;;;;;;;28.651200000000003;28.651200000000003
EDHL;0.9390717389187;0.1870430411962961;15.392;1.2560480128133693;2102.336;57.899;7;;546.404;0.0523598775598298;732.681;0.0523598775598298;183.676;;16.297;14.630400000000002
EDJA;0.8375628084928719;0.1787128423548396;629.7168;1.0343809527273802;2954.114;27.828;6;;843.985;0.0523598775598298;891.066;0.0523598775598298;274.31;273.614;633.6792;625.0
EDLN;0.8941384032191957;0.1135247680155989;37.947;2.2465892094305024;1197.711;31.272;13;;372.37;0.0610865238198015;304.692;0.0523598775598298;;;37.7952;38.1
EDLP;0.9008358469946118;0.1503832269907425;209.245;0.99012027556143;2179.855;44.805600000000005;6;;789.501;0.0523598775598298;788.858;0.0523598775598298;;;213.0552;205.4352
EDLV;0.9006328524819327;0.1072004600265955;30.48;1.605977452126122;2438.156;44.361;9;;843.771;0.0523598775598298;903.643;0.0523598775598298;184.077;;28.956000000000003;32.004000000000005
EDLW;0.8991780389688246;0.1328973455974053;124.815;1.0557884108407642;2002.271;43.673;6;;261.644;0.0523598775598298;310.773;0.0523598775598298;300.817;302.331;128.517;121.115
EDMA;0.8451802755966669;0.1907984104224981;461.01;4.388271564445532;1593.688;28.776;25;;375.05;0.0610865238198015;514.919;0.0523598775598298;172.065;142.604;462.01;460.069
EDMA;0.8451509528666861;0.1908839696740033;461.01;4.388735472960712;963.511;33.107;25;L;;;;;;;461.01;461.01
EDMO;0.8391827679021122;0.1969330462061309;584.758;3.8812773277519312;2278.5;41.764;22;;793.36;0.0523598775598298;;;;;576.072;593.4456
EDNY;0.8320216200572746;0.1660068175702875;411.937;4.190874651512048;2352.061;42.838;24;;555.764;0.0523598775598298;625.7;0.0541052068118242;203.103;266.509;418.069;405.463
EDQA;0.8712792666329738;0.1904933666457241;248.564;0.6359988869979447;1250.914;22.669;3;;;;;;241.357;213.683;246.179;250.812
EDQD;0.8724030100813991;0.2031669419567207;485.2416;1.0432545382570773;1032.461;28.346400000000003;6;;456.762;0.0523598775598298;436.044;0.0523598775598298;;;483.7176;486.7656
EDQM;0.8777026356320755;0.2068950345876954;587.3496;4.655448486203;1477.395;29.046;26;;374.639;0.0610865238198015;194.809;0.0523598775598298;59.259;239.088;576.939;600.64
EDSB;0.8513603437641694;0.1410314431961722;123.596;3.695285443348529;2997.983;45.393;21;;920.154;0.0523598775598298;921.703;0.0523598775598298;255.734;257.875;123.412;123.781
EDTD;0.8373051359540621;0.1487404597133677;678.027;3.1145623903983064;1286.012;29.260800000000003;18;;;;;;88.1;;679.956;676.3512000000001
EDTL;0.8442026542576713;0.1366199220519424;154.076;0.4928612410893586;2997.537;49.307;3;;1195.703;0.0523598775598298;1185.956;0.0523598775598298;;;155.7528;152.4
EDTY;0.8572768935722174;0.1707564327365379;398.602;1.7248222441486345;1534.804;29.578;10;;246.362;0.0523598775598298;330.5;0.0523598775598298;174.703;124.126;400.153;395.224
EDTY;0.8572812706231105;0.1708134904427443;398.602;1.7234044259307766;758.828;31.722;10;L;;;;;;;399.5928;399.5928
EDUZ;0.9075660074699528;0.2119592044487924;81.0768;1.125034418726809;2467.783;54.898;7;;;;;;;;78.067;84.087
EDUZ;0.9075876879158874;0.2120323971661343;81.0768;0.6143249520143662;791.675;25.0;4;;;;;;;;80.927;81.226
EDUZ;0.9075726315630156;0.2120263192291543;81.0768;1.1247807525733244;532.629;32.951;6;R;;;;;;;80.443;81.71
EDVE;0.9131451440005264;0.1842878320002977;85.496;4.621533073645321;2295.908;43.046;26;;851.303;0.0523598775598298;789.657;0.0523598775598298;;297.206;87.78240000000001;82.525
EDVK;0.8974617434782285;0.1639238406878442;253.2888;4.800371900642349;2500.241;45.433;27;;856.982;0.0523598775598298;835.489;0.0523598775598298;;;244.4496;262.128
EDXW;0.9583882145674452;0.1456041740116223;10.9728;2.5223072489484566;2118.588;44.749;14;;759.534;0.0523598775598298;776.616;0.0523598775598298;;;9.7536;9.4488
EDXW;0.9584173266372228;0.1455706322259009;10.9728;1.039841337465292;1691.075;44.243;6;;;;;;;;8.8392;15.8496
EEEI;1.0342758961882763;0.4224528770713494;19.05;4.3740445130479;2746.945;40.658;24;;1068.672;0.0523598775598298;;;;;18.288;19.812
EEKA;1.0295835688940105;0.3984743311753319;4.114;2.5728217898901526;1516.542;28.841;14;;;;;;;241.81;3.6576;4.743
EEKE;1.0163193550376903;0.3929127301561351;2.7432000000000003;1.0267872171381704;894.221;26.379;5;;;;;;91.462;;3.6576;1.8288
EEKE;1.016340924301851;0.3928643953427962;2.7432000000000003;6.276138016725884;1995.358;29.046;35;;;;;;;;2.4384;3.048
EEPU;1.0196011776816334;0.4271234400457112;11.5824;3.75693989730693;2476.483;46.072;21;;933.442;0.0523598775598298;933.442;0.0523598775598298;;;14.3256;8.8392
EETN;1.0369570856305788;0.4334127628364882;40.386;1.574605333354449;3060.95;57.987;8;;980.278;0.0523598775598298;1225.675;0.0523598775598298;245.397;;39.511;41.148
EETU;1.017656655267327;0.4657715354711583;61.417;4.685070214267848;1787.96;29.874;26;;;;;;;;58.8264;64.00800000000001
EFET;1.193152474446905;0.4088326260151272;305.7144;3.7460602128816975;1995.367;43.705;21;;692.884;0.0610865238198015;692.884;0.0523598775598298;;;306.6288;304.8
EFHK;1.0527590936990712;0.435921008054017;46.9392;2.6715807220154764;2899.838;58.607;15;;1109.583;0.0523598775598298;1121.234;0.0610865238198015;;;49.6824;44.805600000000005
EFHK;1.052784408033515;0.4355605372370559;46.9392;0.8295988012371299;3492.07;58.077;4;R;1113.275;0.0523598775598298;1429.568;0.0523598775598298;297.475;;46.415;45.415200000000006
EFHK;1.0528220752482198;0.4350113070756055;46.9392;0.8275468874487302;3055.63;60.483;4;L;1199.228;0.0523598775598298;1129.933;0.0523598775598298;;55.88;40.8432;54.834
EFIT;1.085004856887397;0.5248901538541486;110.9472;0.379788846315137;1486.569;27.166;1;;438.485;0.0523598775598298;438.485;0.0523598775598298;;;110.9472;110.9472
EFIV;1.1974224104783089;0.4783106627589978;144.018;3.961987111950681;2491.74;44.617;22;;918.029;0.0523598775598298;962.575;0.0558505360638185;;;141.4272;146.6088
EFIV;1.197402450424035;0.4785993374577434;144.018;4.751334257313691;1708.268;41.919;26;;;;;;;;144.018;144.018
EFJO;1.0936359740766437;0.5169749634156484;116.4336;1.9249152544441364;2484.332;48.544;10;;937.366;0.0610865238198015;937.366;0.0523598775598298;;;121.6152;111.252
EFJO;1.0935267818712069;0.5167462176436595;116.4336;3.1500588967253678;1016.277;25.0;17;;203.339;0.0610865238198015;203.339;0.0523598775598298;;;116.4336;116.4336
EFJY;1.0890753445195451;0.4481715776765574;131.216;2.33784689096368;2592.804;59.444;12;;1013.35;0.0610865238198015;992.036;0.0523598775598298;;;138.0744;124.3584
EFKA;1.1017762354369176;0.4023228902337405;46.0248;6.229081845697015;2688.698;58.023;35;;1039.549;0.0610865238198015;1039.549;0.0610865238198015;;;43.096;48.953
EFKE;1.148111251464891;0.429044122746998;12.4968;0.1309249610311558;2496.252;48.93;36;;943.326;0.0523598775598298;943.326;0.0610865238198015;;;10.0584;14.9352
EFKE;1.1480486912361492;0.4292171684007583;12.4968;1.625418849197012;929.74;57.207;8;;160.07;0.0523598775598298;160.07;0.0610865238198015;;;12.4968;12.4968
EFKI;1.1219935350771697;0.4833218398755915;139.446;1.3866444557554098;2484.864;48.894;7;;937.632;0.0523598775598298;937.632;0.0523598775598298;;;131.3688;147.5232
EFKI;1.1219832887989425;0.4831085503207492;139.446;6.096600534429283;839.496;59.504;34;;114.948;0.0523598775598298;114.948;0.0523598775598298;;;139.446;139.446
EFKJ;1.0901868755278443;0.3907744120580319;124.0536;1.2268551994121992;1103.0;25.0;7;;;;;;112.732;;124.303;123.804
EFKK;1.1121049871337416;0.4039180795140628;24.612;3.3266905803503235;2490.75;56.59;19;;940.575;0.0523598775598298;940.575;0.0523598775598298;;;25.2984;24.0792
EFKK;1.1121668978268562;0.4038092540134248;24.612;5.112219477407062;689.735;17.269;29;;;;;;;;24.9936;24.0792
EFKS;1.151703048894814;0.5103155262519317;264.109;2.307577645746342;2553.7;37.346;12;;972.05;0.0523598775598298;972.05;0.0523598775598298;;;264.267;263.9568
EFKT;1.1816059195208315;0.4336599452773908;194.7672;2.900145550198149;2490.0;41.198;16;;940.2;0.0523598775598298;940.2;0.0593411945678072;;;192.9384;196.596
EFKU;1.0996714766795528;0.4851725521804257;95.0976;2.743912402205877;2788.091;55.909;15;;1117.436;0.0523598775598298;1022.796;0.0523598775598298;;;93.5736;96.6216
EFLP;1.065428502619378;0.4912123362569137;106.3752;1.165292375239528;2494.398;59.812;6;;884.617;0.0523598775598298;956.977;0.0610865238198015;;;106.3752;106.3752
EFMA;1.04933029460154;0.3472888093481319;3.505;3.5487931524445626;1896.491;60.023;21;;625.836;0.0610865238198015;729.154;0.0610865238198015;;;5.486400000000001;1.524
EFMI;1.076637211244226;0.4747592048074713;97.536;5.105369060092985;1697.216;40.595;29;;448.738;0.0610865238198015;308.187;0.0610865238198015;95.07;235.621;96.137;99.204
EFOU;1.1332445512928695;0.442522474650646;12.4968;2.111095285340903;2488.928;58.832;12;;907.682;0.0523598775598298;948.432;0.0610865238198015;;;14.630400000000002;10.3632
EFPO;1.0727135011088065;0.3804689773248341;11.353;2.194275932161701;2468.864;57.294;12;;826.426;0.0523598775598298;512.661;0.0523598775598298;152.625;400.971;13.533;10.533
EFPO;1.0726868701480914;0.3804695390853765;11.353;3.0321969868711154;789.043;30.484;17;;;;;;;;11.2776;9.7536
EFPR;1.0555654094505296;0.4641463622218835;21.9456;2.8231517465098217;1002.23;25.0;15;;;;;;;;21.358;22.533
EFRO;1.161775737262715;0.4508252564567396;189.5856;0.6473213265478225;2991.049;58.727;3;;1074.587;0.0523598775598298;1196.807;0.0523598775598298;;;193.2432;185.928
EFSA;1.0811109727257773;0.5051877058004843;91.7448;2.193385988776109;2289.02;40.747;12;;839.71;0.0523598775598298;839.71;0.0523598775598298;;;95.0976;88.39200000000001
EFSI;1.094158715668072;0.3985530400691112;88.08720000000001;2.377015395504011;1986.533;43.545;14;;688.467;0.0523598775598298;688.467;0.0523598775598298;;;89.61120000000001;86.56320000000001
EFSO;1.176265232785506;0.4645903793150728;182.118;2.8869232848508912;1489.816;29.482;16;;440.108;0.0523598775598298;440.108;0.0523598775598298;;;182.2704;181.9656
EFTP;1.0718794388467654;0.4119736086591857;115.671;4.266216501063363;2689.976;45.787;24;;1025.841;0.0523598775598298;967.419;0.0523598775598298;;;112.1664;119.1768
EFTU;1.0561705308848377;0.3885589455121005;41.91;4.622790757904309;2492.077;57.672;26;;958.286;0.0523598775598298;916.097;0.0523598775598298;;;43.281600000000005;40.5384
EFUT;1.0628428183209626;0.4701626537845759;101.955;1.3622935347651224;1984.842;38.981;7;;;;;;;;100.2792;103.632
EFVA;1.1004354417589075;0.3798243102890073;5.029;5.989525457484056;2731.281;46.611;34;;845.371;0.0523598775598298;1042.707;0.0523598775598298;233.022;;3.6576;6.4008
EFVR;1.085129567727818;0.4863536303142136;80.369;2.4718857340558915;1991.512;40.905;14;;690.956;0.0523598775598298;690.956;0.0523598775598298;;;85.16;75.578
EFYL;1.1179613466403362;0.4314898799064102;76.8096;2.707177759307452;1485.932;28.123;14;;438.166;0.0523598775598298;438.166;0.0523598775598298;;;76.603;77.017
EGAA;0.9538192873390012;-0.1086306321475763;71.475;2.827624850849757;1882.655;43.845;17;;653.963;0.0523598775598298;494.105;0.0523598775598298;;86.891;62.7888;79.43
EGAA;0.953953711955469;-0.1084841218772164;71.475;1.1351864055737149;2773.187;44.27;7;;965.0;0.0523598775598298;955.964;0.0523598775598298;;;62.7888;81.6864
EGAB;0.9494303634027026;-0.1335397187776839;46.9392;2.439479507702412;1419.1;29.607;14;;;;;;98.107;327.778;46.9392;46.9392
EGAC;0.9532657952095468;-0.1024944515224518;3.81;0.6053643094615796;1829.446;44.414;4;;572.02;0.0523598775598298;596.708;0.0523598775598298;90.214;;3.979;3.6576
EGAE;0.9606758731947524;-0.1249997335825456;4.8768;4.4162224888174455;1967.227;43.17;26;;624.347;0.0523598775598298;491.047;0.0523598775598298;;82.189;3.3528;6.538
EGAE;0.9606639942999488;-0.1250096346121061;4.8768;3.443983163802575;1202.207;40.111;20;;;;;;;114.585;4.8768;4.8768
EGBB;0.9155002548546322;-0.0305177116880441;96.164;2.545462881200516;3048.655;44.297;15;;829.57;0.0523598775598298;708.135;0.0523598775598298;286.695;442.183;91.281;101.329
EGBE;0.91403654094793;-0.0258060699740165;81.0768;3.967091152815213;1822.704;44.322;23;;343.777;0.0523598775598298;615.55;0.0523598775598298;206.069;;80.693;81.451
EGBJ;0.9057227540967654;-0.0378250304062472;25.654;4.602291167707935;1433.681;29.767;27;;329.593;0.0610865238198015;528.126;0.0523598775598298;282.649;;27.612;22.131
EGBJ;0.9056911024012024;-0.037770016884237;25.654;3.7449035831864017;989.209;21.277;22;;283.593;0.0523598775598298;378.234;0.0523598775598298;90.153;;26.303;25.2984
EGBJ;0.9057073993086052;-0.0377982063403458;25.654;6.177519583605346;802.982;16.931;36;;;;;;;;25.654;25.654
EGBJ;0.9056858710061508;-0.0377553486922956;25.654;3.751585925293512;309.163;19.257;22;L;;;;;;;27.1272;26.5176
EGBN;0.9236409492386578;-0.0188464342182044;32.461;1.5440446181520284;1046.924;30.534;9;;281.341;0.0610865238198015;381.988;0.0610865238198015;147.663;61.322;40.8432;26.59
EGBN;0.9236260099192324;-0.018792130699102;32.461;0.4954341880193561;816.078;22.536;3;;;;;;;;34.7472;28.956000000000003
EGCC;0.9311980270841406;-0.0397063118472658;66.598;4.032322310009725;3056.072;46.182;23;R;986.677;0.0523598775598298;768.747;0.0523598775598298;182.194;434.927;76.741;62.642
EGCC;0.9309805145724428;-0.0399937147825612;66.598;4.031725407405544;3289.516;60.61;23;L;657.075;0.0523598775598298;1207.171;0.0523598775598298;421.424;;70.0;56.692800000000005
EGDC;0.8916918833918247;-0.0724743504437916;6.7056;2.623794305227572;1342.965;41.017;15;;;;;;;60.6552;6.7056;6.7056
EGDC;0.8916398737282707;-0.0724383899668458;6.7056;1.5664893777997502;1832.024;38.249;9;;;;;;;;6.096;7.315200000000001
EGDM;0.8927938995809367;-0.0305612949434616;118.414;4.015720738164755;3229.462;48.046;23;;1136.188;0.0523598775598298;1261.97;0.0523598775598298;113.106;;115.0;121.92
EGDM;0.8927918456439534;-0.030203172597657;118.414;2.9074682536078167;1904.386;41.815;17;;634.215;0.0523598775598298;616.67;0.0523598775598298;;;118.414;118.414
EGDR;0.8741554220935362;-0.0917000354459802;79.146;1.9700754743065645;1824.242;45.095;11;;730.95;0.0523598775598298;746.414;0.0523598775598298;;;78.6384;81.6864
EGDR;0.8741892681662182;-0.0917504300479748;79.146;1.0973437403996606;1037.331;44.158;6;;359.045;0.0523598775598298;331.94;0.0523598775598298;;;76.8096;80.772
EGDR;0.8741534208216039;-0.0916572558202275;79.146;6.256981457388919;1044.66;43.134;36;;391.764;0.0523598775598298;352.705;0.0523598775598298;;;77.4192;79.5528
EGDX;0.8971906530547956;-0.0599204613372536;46.158;1.2747056697836512;1769.15;41.26;7;;;;579.775;0.0436332312998582;39.752;;50.35;41.966
EGDY;0.8902625831700192;-0.0461703343645115;20.192;1.4495603464306894;2312.741;45.968;8;;988.535;0.0523598775598298;959.719;0.0523598775598298;;25.044;15.8496;21.0312
EGDY;0.8902736954957493;-0.0460401229521121;20.192;0.6451276222109908;1462.107;52.593;4;;591.961;0.0610865238198015;564.097;0.0567232006898157;;;22.86;21.0312
EGEC;0.9675405928750244;-0.0991033840080213;10.515;1.8510607744813703;1967.198;46.194;11;;532.816;0.0523598775598298;287.43;0.0523598775598298;150.172;397.336;9.144;11.8872
EGED;1.0330925124955956;-0.0483543189133771;3.505;3.109878973883505;521.253;30.655;18;;;;;;;;3.505;3.505
EGED;1.0330661858218413;-0.0483905446661347;3.505;4.2648897017659975;462.718;16.234;25;;;;;;;;3.6576;3.3528
EGFE;0.9046607457912852;-0.0865841368016002;43.738;3.658114119071256;1508.817;45.529;21;;277.6728;0.0610865238198015;305.7144;0.0610865238198015;246.44;213.108;45.19;42.582
EGFE;0.9046791961141007;-0.0866169061665758;43.738;4.669190859667354;1089.733;40.134;27;;;;;;261.078;228.102;41.0;46.334
EGFF;0.8970401597461453;-0.0583520102983055;63.7032;2.0389505299133908;2353.222;45.362;12;;629.714;0.0523598775598298;726.808;0.0523598775598298;215.928;146.905;62.213;65.11
EGFH;0.9006806899031249;-0.0709982700029259;81.305;0.6324930964893413;1471.673;39.553;4;;;;;;58.468;151.095;79.5528;90.666
EGFH;0.900603014804788;-0.0710279418826884;81.305;1.6817786723365624;926.011;17.215;10;;;;;;30.78;97.024;78.041;77.713
EGGD;0.8967969466896308;-0.047457624251969;185.166;1.5082864869700938;2012.412;45.0;9;;685.1904000000001;0.0523598775598298;511.4544;0.0523598775598298;;126.833;187.1472;182.913
EGGP;0.9308473129554894;-0.049738395460959;21.0312;4.635804456405954;2288.583;44.206;27;;775.077;0.0523598775598298;741.793;0.0523598775598298;;58.8264;23.7744;18.138
EGGW;0.905383035260398;-0.0064314872191628;156.0576;1.2974932993629271;2162.303;44.079;7;;764.046;0.0523598775598298;677.429;0.0523598775598298;;82.896;156.972;155.071
EGHH;0.8862798472159374;-0.0321576155470985;10.515;1.313402324560706;2270.822;45.252;8;;385.228;0.0523598775598298;776.789;0.0523598775598298;430.951;;12.084;9.4488
EGHI;0.8892498342421041;-0.0236805553349431;11.43;3.4791033771429056;1722.49;35.594;20;;545.693;0.0541052068118242;495.694;0.0523598775598298;47.371;75.716;13.523;9.268
EGHL;0.8933901264733229;-0.0180044019784675;182.795;1.4920467218790618;1691.913;45.987;9;;452.367;0.0523598775598298;423.54;0.0523598775598298;;;177.942;187.649
EGHQ;0.8803577441708607;-0.0871866015766763;105.308;2.1038912643203718;2736.696;41.367;12;;1063.548;0.0523598775598298;771.918;0.0523598775598298;;291.63;93.2688;120.303
EGJA;0.8675460342831474;-0.0386558196329056;85.699;1.386127751030357;877.744;17.629;8;;283.062;0.0523598775598298;298.132;0.0523598775598298;;;86.56320000000001;88.39200000000001
EGJA;0.8675383802957566;-0.0386243142291505;85.699;0.4492438922856935;496.486;40.156;3;;;;;;;;85.03920000000001;87.47760000000001
EGJA;0.8675455251876558;-0.0387046069755705;85.699;5.468619724921584;734.207;38.952;31;;216.017;0.0610865238198015;286.215;0.0610865238198015;;;84.73440000000001;81.9912
EGJB;0.862802604334536;-0.0454276323117994;97.2312;4.669898939744888;1582.75;43.734;27;;349.679;0.0523598775598298;505.25;0.0523598775598298;117.266;;103.263;92.0496
EGJJ;0.8588415839364231;-0.0383148699947942;82.753;1.4437452584288946;1704.848;44.046;8;;477.516;0.0523598775598298;454.33;0.0523598775598298;57.872;93.134;82.589;82.923
EGKA;0.8872492118452938;-0.0051888494925993;1.904;3.518450952464492;1017.595;17.467;20;;319.107;0.0523598775598298;220.972;0.0523598775598298;95.253;164.578;2.1336;2.1336
EGKA;0.8872324468041054;-0.0051333210234252;1.904;4.247166755876621;798.144;24.593;24;;;;;;83.807;116.454;1.8288;1.8288
EGKA;0.8872725717211836;-0.0050861643467794;1.904;2.180223326422806;538.672;17.328;13;;;;;;;131.559;1.8288;1.8288
EGKA;0.8872630334953068;-0.0051662932463745;1.904;3.515081768876441;602.529;22.86;20;L;;;;;;;1.8288;1.8288
EGKB;0.8958946831867346;0.0005658957242093;166.7256;0.4475100298468848;1800.798;44.958;3;;433.738;0.0698131700797731;669.61;0.0523598775598298;239.668;;178.813;157.5816
EGKK;0.8927058202092202;-0.0033014354989925;59.588;4.495878268680915;3316.914;45.0;26;L;794.581;0.0523598775598298;833.827;0.0523598775598298;422.27;392.567;59.7408;59.7408
EGKK;0.8927244577855501;-0.0033980739167515;59.588;4.496366611805624;2560.888;45.0;26;R;;;552.744;0.0523598775598298;411.673;318.345;59.436;59.436
EGLC;0.8989359962467738;0.0009623192158865;5.486400000000001;1.6210124862476718;1501.898;29.749;9;;531.7;0.0959931088596881;550.061;0.0959931088596881;95.192;69.876;5.134;5.832
EGLF;0.8949239083043496;-0.0135728291037646;67.6656;1.0813816222860362;2613.767;46.541;6;;459.789;0.0610865238198015;688.83;0.0610865238198015;685.229;634.574;69.362;65.824
EGLK;0.8957723013118952;-0.0147987622564202;98.4504;1.2481044259755971;1287.135;41.392;7;;375.722;0.0541052068118242;413.21;0.0541052068118242;149.536;138.154;98.054;98.869
EGLL;0.8984531981705817;-0.0080515344034879;23.545;1.565646313957867;3908.257;49.794;9;L;1319.4792;0.0523598775598298;1480.7184;0.0523598775598298;307.127;;24.105;23.7744
EGLL;0.8982314373447817;-0.008036015768503;23.545;1.565099833915775;3659.929;52.0;9;R;1215.5424;0.0523598775598298;1407.8712;0.0523598775598298;304.915;;22.804;23.4696
EGMC;0.9000735730485565;0.0120996354879086;14.173;4.085725370863472;1975.333;36.212;23;;394.376;0.0523598775598298;537.681;0.0610865238198015;233.971;130.327;10.781;16.764
EGMD;0.8893534907655286;0.0163906433913258;3.3528;0.5696643326503215;1497.353;32.09;3;;485.126;0.0523598775598298;394.961;0.0610865238198015;;37.101;3.048;3.672
EGNC;0.9588398466368766;-0.049026910129501;48.615;1.0363194375676927;1822.961;26.8224;6;;257.781;0.0523598775598298;508.568;0.0523598775598298;453.289;242.19;42.131;58.159
EGNC;0.9588727681453326;-0.0490648211638859;48.615;0.0192862477723632;882.678;21.168;1;;;;;;;124.878;46.0248;48.853
EGNH;0.938490720522666;-0.0528595994525858;9.372;1.6518986355424197;1852.0;38.167;10;;607.633;0.0523598775598298;606.134;0.0523598775598298;;;9.7536;8.5344
EGNH;0.9384882569686204;-0.0530042293855745;9.372;2.2222704897649144;852.865;25.0;13;;;;;;;;9.808;9.4488
EGNJ;0.9350511543480716;-0.0061213251796689;27.813;3.5310492626041623;2195.064;43.288;20;;521.133;0.0523598775598298;713.413;0.0523598775598298;238.916;;20.645;36.8808
EGNJ;0.9350855212195897;-0.0060403068258816;27.813;4.580096513742024;988.57;16.682;26;;;;;;285.729;;24.8;26.5176
EGNL;0.9447193692737448;-0.0570256312397699;11.734;2.8995214204576363;1067.374;40.839;17;;429.107;0.0610865238198015;281.716;0.0610865238198015;;58.888;10.0584;13.4112
EGNL;0.9446969047037196;-0.0569230475229368;11.734;0.8572844355627404;1025.681;40.36;5;;444.648;0.0610865238198015;350.135;0.0610865238198015;;50.0;11.734;11.734
EGNM;0.9401394935663956;-0.0289861183824638;203.6064;2.406126963828501;2250.233;48.151;14;;403.549;0.0610865238198015;535.963;0.0523598775598298;310.427;270.777;206.121;201.175
EGNO;0.9380286256631316;-0.0503197942156937;12.8016;1.2418049916530816;2675.695;41.637;7;;972.742;0.0523598775598298;792.587;0.0523598775598298;133.012;183.029;8.945;16.4592
EGNR;0.928136391166144;-0.0519656277693626;7.467;3.8552349209170735;2093.087;41.322;22;;430.721;0.0523598775598298;474.905;0.0610865238198015;349.721;302.166;4.067;10.706
EGNS;0.9439326997057996;-0.0806901529925643;10.668;1.3603242797700972;2116.082;43.778;8;;494.899;0.0610865238198015;421.019;0.0523598775598298;294.761;293.665;9.07;10.148
EGNS;0.9439180939316962;-0.0807636187879476;10.668;0.4864376964037336;1201.545;45.311;3;;252.966;0.0523598775598298;350.694;0.0610865238198015;101.868;;6.564;16.154400000000003
EGNT;0.9605928613712624;-0.0294925455114722;76.5048;1.1368633179190306;2329.186;45.0;7;;687.115;0.0523598775598298;613.878;0.0523598775598298;97.153;112.357;80.59;72.36
EGNV;0.9513647682755728;-0.0249479261298333;35.204;3.968764923567876;2287.594;44.981;23;;797.674;0.0523598775598298;832.7136;0.0523598775598298;;;35.3568;35.052
EGNX;0.922074743291322;-0.0231801749339957;89.61120000000001;1.5401416081589634;2889.85;42.248;9;;918.334;0.0523598775598298;941.46;0.0523598775598298;175.344;126.853;93.779;85.582
EGOM;0.960861341948842;-0.0446905088533629;276.5;2.053670706637881;533.343;4.501;12;;;;;;;;271.105;281.897
EGOS;0.9214224398231214;-0.04656415971368;73.4568;3.139971940846391;1829.505;43.479;18;;;;;;;;73.7616;72.2376
EGOS;0.921482764713038;-0.0465911632308658;73.4568;0.7795890095151105;1373.454;39.129;5;;381.927;0.0523598775598298;;;;;75.2856;72.5424
EGOV;0.9293971164118396;-0.0792229748958503;8.153;3.25162676174885;1574.68;42.238;19;;482.54;0.0523598775598298;;;;;10.668;5.486400000000001
EGOV;0.9293375639426688;-0.0791208281038836;8.153;2.2775743887070083;2291.924;43.965;13;;;;;;;;9.4488;7.010400000000001
EGOV;0.929343731605291;-0.0792034381125411;8.153;1.218162848872029;1088.582;46.481;7;;35.868;0.0523598775598298;;;203.623;;8.153;8.153
EGPA;1.029011720068497;-0.0506220525964447;12.725;1.525024194496719;1424.279;42.392;9;;328.564;0.0610865238198015;414.678;0.0610865238198015;151.555;39.968;11.8872;11.8872
EGPA;1.029014066589096;-0.0507097574611329;12.725;2.4499877860628194;672.3888000000001;44.053;14;;;;;;;118.493;11.5824;16.398
EGPA;1.029023312231357;-0.0506663536569997;12.725;1.0078873608275891;1171.146;42.859;6;;;;;;;;12.725;12.725
EGPB;1.0451288640979528;-0.0225818063295415;4.2672;1.4579559037315577;1499.13;43.694;9;;489.423;0.0523598775598298;247.454;0.0523598775598298;103.195;87.734;6.072;6.422
EGPB;1.0450457527960333;-0.022564867688741;4.2672;2.503696279535665;1424.515;42.507;15;;318.906;0.0698131700797731;;;179.26;184.325;2.08;2.493
EGPC;1.020298106002924;-0.0539820672364459;34.7472;2.2165238186697978;1830.287;44.65;13;;543.955;0.0523598775598298;464.47;0.0523598775598298;241.336;297.822;34.7472;34.7472
EGPD;0.9983709126015908;-0.0383652958057078;61.613;2.7610452522751543;1950.641;43.372;16;;635.717;0.0523598775598298;598.537;0.0523598775598298;;;62.484;65.532
EGPD;0.998452285956832;-0.0384287435380843;61.613;3.128024987583565;569.268;34.854;18;;;;;;;;61.613;61.613
EGPD;0.9984258890630098;-0.0383765856321649;61.613;3.9503899226699537;476.59;41.615;23;;;;;;;;57.607200000000006;62.1792
EGPD;0.9983486118783904;-0.038357610609398;61.613;2.4282441251756235;581.73;34.087;14;;;;;;;;61.8744;60.0456
EGPE;1.004306544713065;-0.0706429330531443;8.153;4.003894910752018;1885.635;44.267;23;;595.201;0.0523598775598298;515.356;0.0523598775598298;;68.108;6.4008;9.234
EGPE;1.0043254163562876;-0.0707619092546949;8.153;5.0561519969172215;703.613;19.016;29;;;;;;;;7.62;9.4488
EGPF;0.9751454262182868;-0.0773832091193639;7.162;0.8092425025723444;2656.672;44.646;5;;932.788;0.0523598775598298;683.505;0.0523598775598298;;298.864;7.9248;6.203
EGPF;0.9751514944024796;-0.0774254425890337;7.162;1.5805041971603393;1084.468;44.278;9;;;;;;;;7.162;7.162
EGPH;0.9765109783218702;-0.0588633372276007;32.004000000000005;4.168089901726037;2558.877;45.68;24;;687.494;0.0523598775598298;640.479;0.0523598775598298;208.65;212.536;30.179;33.8328
EGPI;0.9718599638341624;-0.1092550289904968;11.353;2.1098215440527976;1537.516;47.409;13;;469.987;0.0523598775598298;498.712;0.0698131700797731;138.919;127.988;6.432;12.465
EGPI;0.9718590802316424;-0.1091554959454984;11.353;1.229109204874687;631.44;18.0;8;;;;;;;56.909;10.0584;17.126
EGPK;0.9688218282321912;-0.0801915515000013;16.078;5.260573511024132;2984.118;43.807;30;;1042.651;0.0610865238198015;826.699;0.0523598775598298;;240.661;19.812;10.85
EGPK;0.9685801600171684;-0.0799688212471541;16.078;3.5554067285791446;1905.758;43.552;21;;612.528;0.0523598775598298;479.185;0.0523598775598298;;78.961;18.288;14.468
EGPL;1.0032348987032784;-0.1285038398016824;4.572;0.9669514486202256;1852.0;40.34;6;;547.868;0.0523598775598298;659.696;0.0523598775598298;115.394;;4.94;3.9624
EGPL;1.0032379006111771;-0.1285151842437477;4.572;2.915414388626297;1302.369;38.954;17;;;;;;;97.673;5.486400000000001;3.9624
EGPN;0.98528075088667;-0.0528100708980942;4.724;1.5795828378482115;1394.197;28.737;9;;417.148;0.0523598775598298;493.491;0.0523598775598298;;;5.1816;4.2672
EGPO;1.0160252558387068;-0.110484176661812;5.943;1.0438779349593046;1097.741;25.0;6;;316.446;0.0523598775598298;413.638;0.0523598775598298;93.413;;7.9248;6.4008
EGPO;1.0160448472376242;-0.11049639495361;5.943;3.041938193025272;2318.198;42.23;18;;806.602;0.0523598775598298;800.924;0.0523598775598298;111.927;113.076;4.894;4.554
EGPR;0.9952575713070008;-0.1299402381020086;0.761;1.0753893310052869;411.084;25.0;7;;;;;;;;0.761;0.761
EGPU;0.9860978432989916;-0.1198876892396652;8.61;0.8219083045941896;1473.61;29.219;5;;;;;;;112.959;9.144;5.823
EGPU;0.9861303785970744;-0.1199577298561856;8.61;1.8711261965730184;803.155;17.899;11;;;;;;;;11.5824;7.62
EGPU;0.9861732538001416;-0.1200102934780524;8.61;2.919186743271557;788.956;17.418;17;;;;;;;;8.61;8.61
EGQL;0.9839262525920934;-0.0499103878137023;8.61;1.4263253016976645;2787.014;44.758;8;;;;;;287.746;182.93;10.108;6.7056
EGQL;0.9839333272639248;-0.0500416291204295;8.61;0.6414272798506675;1455.83;42.362;4;;;;;;171.715;;7.77;10.214
EGQS;1.0071754967650048;-0.0582490910855929;9.144;3.903720691136252;2755.158;43.11;23;;;;;;77.318;;7.345;6.4008
EGQS;1.007164922793128;-0.0580898319718115;9.144;4.825236733830888;1852.0;44.866;28;;;;529.298;0.0523598775598298;149.278;84.709;10.9728;11.939
EGSC;0.9111495833002704;0.0030541750357922;11.811;4.010856505539447;1963.223;44.122;23;;534.215;0.0523598775598298;469.887;0.0523598775598298;141.421;212.33;14.630400000000002;10.521
EGSC;0.9111616084868818;0.0031526937909224;11.811;4.012471633229243;1049.276;34.067;23;L;;;;;;;10.9728;10.9728
EGSH;0.9193682336629038;0.0223866491566524;33.985;1.558283886854424;1852.0;41.645;9;;641.198;0.0523598775598298;575.151;0.0523598775598298;;;35.6616;32.308800000000005
EGSS;0.905566192603922;0.0041005242661519;103.632;3.888745940687065;3042.023;43.375;22;;1056.656;0.0523598775598298;965.927;0.0523598775598298;;293.858;106.0704;100.662
EGTC;0.908833614282293;-0.0107600082432472;109.1184;0.552843250745328;1738.564;44.42;3;;435.907;0.0523598775598298;471.442;0.0523598775598298;143.382;;109.1184;109.1184
EGTE;0.885480233748827;-0.0595852853491616;30.7848;1.3277477092816232;2034.682;39.643;8;;586.697;0.0523598775598298;657.132;0.0610865238198015;;;30.477;31.101
EGTK;0.9047761934344288;-0.0230207441711597;77.266;1.9214094115756557;767.43;26.776;11;;;;;;;;77.266;77.266
EGTK;0.9047210648295296;-0.023039414906966;77.266;3.3271386063693105;1508.43;31.913;19;;386.872;0.0523598775598298;327.798;0.0610865238198015;61.169;120.243;78.771;75.639
EGUB;0.900852167308704;-0.0191262923973256;58.216800000000006;3.2794871035325857;1820.589;46.761;19;;605.494;0.0523598775598298;605.494;0.0523598775598298;;;61.8744;54.5592
EGUL;0.9147168797782016;0.0097919231795709;8.686;4.11220515720888;2731.0;41.0;24;;;;1060.699;0.0523598775598298;;;8.8392;8.5344
EGUN;0.913888212758037;0.0084888727880061;8.2296;1.802723531781537;3421.608;42.833;10;;1099.849;0.0506145483078355;;;306.155;304.876;6.4008;10.0584
EGUW;0.909788302917478;0.0166756276353968;85.34400000000001;3.976304920469416;2421.721;44.429;23;;906.061;0.0523598775598298;770.474;0.0436332312998582;;135.586;84.73440000000001;86.029
EGVA;0.902047546929635;-0.0312410251998123;82.296;4.678136893814301;3044.62;45.081;27;;1158.906;0.0497418836818383;1122.682;0.047996554429844;;;77.724;86.86800000000001
EGVN;0.903207828220008;-0.0276273522682107;81.0768;4.424028822962841;3051.82;49.102;25;;1221.11;0.0523598775598298;;;;;75.5904;86.56320000000001
EGVO;0.8942050069535086;-0.0164540209036345;119.634;1.6166615549553751;1824.401;44.924;9;;607.401;0.0523598775598298;607.401;0.0523598775598298;;;120.0912;119.1768
EGWC;0.9187504784680632;-0.040234561812902;80.4672;4.152486483680283;1178.685;44.019;24;;;;;;41.771;41.681;82.9056;78.56
EGWC;0.9187359546173722;-0.0402975024003444;80.4672;2.921106430915826;860.502;45.0;17;L;;;;;;;80.4672;80.4672
EGWC;0.9187437080831924;-0.0402707641589702;80.4672;2.9262563739396854;823.524;45.326;17;R;;;;;;;80.4672;80.4672
EGWC;0.9187582202305388;-0.0402521480387722;80.4672;1.011969476508494;1033.341;46.0;6;L;;;;;;;78.0288;82.296
EGWU;0.8997644233483735;-0.0073241715344762;36.2712;4.3600935727379335;1675.317;43.042;25;;532.859;0.0610865238198015;;;;92.06;37.7952;34.571
EGXC;0.926650458459654;-0.0029001278114879;6.4008;1.2551859946958093;2741.319;55.954;7;;;;;;;;5.486400000000001;7.315200000000001
EGXE;0.947583540509402;-0.0267976163425694;35.052;2.719618815281517;2277.219;40.793;16;;;;;;;;33.528;40.2336
EGXE;0.9477137870318352;-0.0268163260895245;35.052;0.4964058477205264;584.125;13.553;3;;913.7904;0.0436332312998582;913.7904;0.0436332312998582;;;33.2232;33.2232
EGXG;0.9000350631930379;-0.0416489110119374;102.035;1.6110730455970743;384.426;22.845;9;;;;;;;;103.953;100.118
EGXH;0.9135545913642238;0.0134917093209905;51.2064;4.560556854634246;2733.692;59.914;9;;1062.046;0.0523598775598298;1062.046;0.0523598775598298;;;50.181;52.228
EGXP;0.9303988056790754;-0.0096139465166047;55.473600000000005;3.858939905853207;2733.964;54.887;22;;;;;;;;51.2064;59.7408
EGXT;0.9182698864723348;-0.0083109117294994;78.79;1.276016150252511;2749.78;53.852;7;;;;;;36.113;;83.327;74.3712
EGXT;0.9181590909086832;-0.0086453777146835;78.79;0.3422169340679449;288.498;15.61;2;R;1133.2464;0.0436332312998582;1147.8768;0.0436332312998582;24.779;24.0;78.79;78.79
EGXT;0.9182528756609092;-0.0087095666588869;78.79;1.880367819682084;444.926;17.546;11;;1133.2464;0.0436332312998582;1147.8768;0.0436332312998582;47.414;47.8536;78.79;78.79
EGXT;0.9182170341679669;-0.0082304161251058;78.79;2.849572017127736;343.286;21.327;16;;1147.8768;0.0436332312998582;1133.2464;0.0436332312998582;10.578;36.786;78.79;78.79
EGXT;0.9182474160506372;-0.0087826345405527;78.79;0.3076639527345123;287.564;15.293;2;L;1133.2464;0.0436332312998582;1147.8768;0.0436332312998582;9.304;10.053;78.79;78.79
EGXT;0.918289255507704;-0.0087771183641151;78.79;2.949086502286248;234.114;14.652;17;R;1147.8768;0.0436332312998582;1133.2464;0.0436332312998582;;;78.79;78.79
EGXT;0.9182075017937624;-0.0086471800297572;78.79;2.84725666334204;327.755;19.538;17;L;1147.8768;0.0436332312998582;1133.2464;0.0436332312998582;11.735;30.603;78.79;78.79
EGXW;0.9279223311411136;-0.0091447828369114;67.9704;3.519305116600418;2956.61;53.451;20;;;;;;173.291;79.624;66.684;69.244
EGXZ;0.9460654821218908;-0.0241152253568847;25.984;3.520383904611075;1827.948;43.351;20;;609.174;0.0523598775598298;211.0;0.0523598775598298;;398.179;27.7368;23.496
EGXZ;0.9460703858232926;-0.0241039667393466;25.984;5.341340192956496;1250.764;44.9;31;;10.296;0.0523598775598298;320.582;0.0523598775598298;310.2864;;24.891;26.5176
EGYD;0.9255433162055922;-0.0085997424728401;58.795;4.584988148036588;2129.927;40.672;26;;642.192;0.0523598775598298;;;117.972;187.121;54.286;67.493
EGYD;0.9255052861872036;-0.0084450710701554;58.795;3.2845497800938457;1462.143;40.772;19;;426.272;0.0523598775598298;;;;;55.473600000000005;53.9496
EGYE;0.9243786169026198;-0.0097786749934451;104.952;4.143007775045627;1852.0;45.678;24;;;;460.879;0.0523598775598298;;168.075;98.4504;112.371
EGYE;0.9243557836772386;-0.0097033912785285;104.952;3.1025019907341003;870.56;20.62;18;;130.48;0.0523598775598298;70.082;0.0523598775598298;;60.398;99.167;105.049
EGYE;0.9243079228493573;-0.0098257692522528;104.952;1.790190060623578;1317.463;39.034;10;;353.931;0.0523598775598298;181.486;0.0523598775598298;;172.446;111.8616;102.92
EGYM;0.9188861611940792;0.0096071195655681;18.821;4.108406448091914;2784.552;39.549;24;;1087.476;0.0523598775598298;1087.476;0.0523598775598298;;;18.5928;17.0688
EGYM;0.9188632870069916;0.0097332738184944;18.821;3.290660701403853;1796.647;33.9;19;;593.524;0.0523598775598298;593.524;0.0523598775598298;;;23.084;16.764
EGYP;-0.9044439179252484;-1.0202659315579674;62.7888;4.978539474009061;2588.781;44.85;28;;989.591;0.0523598775598298;989.591;0.0523598775598298;;;60.0456;71.0184
EGYP;-0.9044370948753268;-1.0199827028155914;62.7888;0.964156007117184;1527.627;21.139;5;;459.014;0.0523598775598298;459.014;0.0523598775598298;;;61.8744;58.216800000000006
EHAM;0.9131127842526128;0.0832796662352325;-3.708;1.5148859259377347;3460.11;45.0;9;;1235.0;0.0523598775598298;1303.0;0.0523598775598298;98.075;;-3.6576;-3.6576
EHAM;0.91309663948869;0.0827055313564008;-3.708;3.197746004278833;3297.788;46.96;18;C;1226.0;0.0523598775598298;776.0;0.0523598775598298;;449.293;-3.6576;-3.6576
EHAM;0.9129131778582054;0.0834051260897105;-3.708;3.198305382304097;3400.819;45.0;18;L;;;1281.0;0.0523598775598298;577.0;;-3.72;-3.3528
EHAM;0.9136035464548284;0.0822117906529758;-3.708;3.197356621322713;3799.384;60.0;18;R;1214.0;0.0523598775598298;;;270.269;;-3.986;-3.6576
EHAM;0.9129327985154844;0.0836580275650244;-3.708;3.860607044354712;2021.1288;41.514;22;;733.0;0.0523598775598298;;;;;-4.2672;-3.9624
EHAM;0.9127400853910664;0.0830002293765181;-3.708;4.152341446819443;3444.909;45.0;24;;1284.0;0.0523598775598298;1053.0;0.0523598775598298;;246.482;-3.6576;-3.33
EHBD;0.8945887713274067;0.0977725654807545;34.4424;0.5258288351434496;1189.54;21.142;3;;412.346;0.0523598775598298;340.699;0.0523598775598298;49.229;132.038;35.112;33.669
EHBK;0.8885536081214915;0.1006826021240327;112.1664;3.709632922464549;2749.271;43.625;21;;767.666;0.0523598775598298;774.562;0.0523598775598298;246.332;245.584;113.284;111.049
EHDL;0.9087567350113914;0.1025555819925908;47.091;3.4369398876061514;1046.747;50.0;19;;;;;;274.938;;48.929;46.0248
EHEH;0.8979742095330681;0.09380295482768;21.336;3.75133878667143;3000.644;50.0;21;;919.935;0.0523598775598298;907.533;0.0523598775598298;243.272;242.562;20.245;22.427
EHGG;0.9271894033317284;0.1148170825390193;3.9624;3.294228677993705;1491.811;39.69;19;;;;;;;;3.9624;3.9624
EHGG;0.927084330703603;0.1147653225468174;3.9624;4.046189299982671;2496.709;42.828;23;;834.2;0.0523598775598298;839.48;0.0523598775598298;;;3.9624;3.9624
EHKD;0.9236891845735674;0.0834380124881324;0.762;3.732101244057173;1281.012;30.0;21;;88.341;0.0523598775598298;254.953;0.0523598775598298;248.542;140.094;0.525;0.962
EHLE;0.9155114491037748;0.0963036162778859;-3.81;0.8283406980991223;1245.203;30.354;5;;390.902;0.0523598775598298;388.97;0.0523598775598298;;;-4.0;-3.614
EHLW;0.9289589197820484;0.1004075969318197;1.066;4.107666079423218;2942.706;50.0;23;;876.221;0.0523598775598298;889.42;0.0523598775598298;304.065;242.151;1.2192;1.2192
EHLW;0.929013194042789;0.1004383377170587;1.066;4.71753595634882;2000.616;50.0;27;;;;;;;58.307;0.9144;0.9144
EHRD;0.9068287552747252;0.0775220341934141;-4.419;0.9953566647431408;2195.882;41.953;6;;582.567;0.0523598775598298;580.446;0.0523598775598298;193.056;200.88;-4.234;-4.605
EHTW;0.9123851580583467;0.1202367609989527;32.461;0.9588063111604336;2403.376;41.813;5;;;;984.446;0.0523598775598298;;;30.1752;34.7472
EHVK;0.9015884071646209;0.0996205548074038;20.497;1.0097953198592844;3024.893;44.608;6;L;1049.839;0.0523598775598298;1050.521;0.0523598775598298;126.417;129.24;22.093;18.75
EHVK;0.9015603893575668;0.0996483697564842;20.497;1.009665031030623;3029.011;21.961;6;R;1141.211;0.0523598775598298;1142.0;0.0523598775598298;135.671;136.786;22.411;18.737
EHWO;0.8979545069523764;0.0757848521337608;15.392;1.209376163285789;2442.329;42.268;7;;908.474;0.0523598775598298;863.187;0.0523598775598298;;;11.2776;19.5072
EICK;0.9048007763098328;-0.1481977132048447;145.618;2.791745942883585;2120.026;42.0;16;;686.478;0.0523598775598298;666.645;0.0523598775598298;;;145.3896;140.5128
EICK;0.9048542722981552;-0.1481347882218618;145.618;1.0902145067375768;1304.03;39.018;7;;413.136;0.0523598775598298;379.738;0.0523598775598298;;;143.5608;153.0096
EICM;0.9302647321629468;-0.1560523427359781;20.719;1.3142317748344237;1287.718;29.78;8;;503.968;0.0523598775598298;297.053;0.0523598775598298;;77.147;18.632;22.806
EIDL;0.9607021530551284;-0.1455779273107228;6.248;3.497232810215072;1494.935;25.0;21;;;;402.0;0.0523598775598298;128.403;208.382;10.161;1.892
EIDW;0.9323782801321318;-0.109437772815844;65.76;1.6624746326778044;2624.903;43.829;10;R;876.656;0.0523598775598298;941.15;0.0523598775598298;;;73.7616;61.5696
EIDW;0.9325023648436152;-0.1091841301287032;65.76;2.7338011862502984;2060.319;57.076;16;;656.554;0.0523598775598298;655.377;0.0523598775598298;;;66.1416;61.5696
EIKN;0.9409115749152542;-0.1539170441007905;191.566;4.515821273378829;2337.524;38.749;26;;863.962;0.0523598775598298;671.328;0.0523598775598298;;192.6336;202.692;178.856
EIKY;0.9107284677019724;-0.16622169878;29.5656;1.241806475182946;1991.129;44.782;8;;695.89;0.0523598775598298;687.926;0.0610865238198015;;;24.9936;34.1376
EIME;0.9303127100242744;-0.112667412196621;92.964;4.921400884957271;1821.932;42.162;28;;;;606.166;0.0523598775598298;178.295;;97.078;86.25840000000001
EIME;0.930235081739316;-0.1125149098138084;92.964;3.855353428773284;1451.566;40.686;22;;420.983;0.0493928178314395;;;;;92.6592;96.9264
EINN;0.919824254486573;-0.1557657824414964;9.296;4.052388709485754;3197.622;42.771;24;;989.891;0.0523598775598298;1058.294;0.0523598775598298;143.349;;4.14;14.0208
EISG;0.947368555920145;-0.1500848931315588;3.505;4.894037612944503;1198.576;29.227;28;;459.743;0.0523598775598298;449.24;0.0523598775598298;39.613;40.381;3.6576;3.3528
EIWF;0.910838385514776;-0.123690659869609;30.327;0.3658718875657071;1430.015;27.603;3;;322.824;0.0558505360638185;267.149;0.0558505360638185;87.384;143.059;25.596;35.422
EIWT;0.931161366357074;-0.11328097954464;46.786;1.0989919420787817;1437.773;21.622;7;;;;;;420.783;92.351;47.244;46.3296
EKAH;0.982679647431699;0.1853284465917867;23.85;1.7498041016635175;3201.191;44.03;10;R;1086.224;0.047996554429844;1145.162;0.047996554429844;280.813;217.361;24.6888;22.86
EKAH;0.982711667782618;0.1853525398772735;23.85;1.7511183345902694;2768.342;22.364;10;L;1026.96;0.0523598775598298;1034.239;0.0523598775598298;;;24.0792;23.7744
EKBI;0.9728553684053296;0.1598206324546562;69.951;1.515230541198541;3102.369;38.1;9;;1090.07;0.0523598775598298;1046.333;0.0523598775598298;150.5712;146.479;65.059;74.845
EKCH;0.9704767981969044;0.2202974239824381;3.454;0.717447259629553;3553.457;44.0;4;L;1382.97;0.0523598775598298;845.549;0.0523598775598298;;552.046;3.9624;4.328
EKCH;0.9706523600697612;0.2207905327052528;3.454;0.7181066101143715;3304.9464000000003;44.0;4;R;1311.051;0.0523598775598298;1264.22;0.0523598775598298;;;3.6576;2.4384
EKCH;0.970753699330948;0.2207869670862543;3.454;2.149037975334389;3071.058;44.0;12;;529.946;0.0523598775598298;902.04;0.0523598775598298;704.752;270.236;4.279;2.242
EKEB;0.9691109886197392;0.1492904154821853;26.67;1.3867428050587598;2596.392;41.891;8;;1012.959;0.0523598775598298;975.531;0.0523598775598298;;889.637;23.7744;29.5656
EKKA;0.982572953890342;0.1588421392164853;50.253;1.55874831896838;3383.171;42.0624;9;R;1228.885;0.0523598775598298;1220.056;0.0523598775598298;223.317;225.137;46.9392;51.816
EKKA;0.982606653671216;0.1588512912319891;50.253;1.5583793563645083;3309.208;20.951;9;L;1245.047;0.0523598775598298;1276.559;0.0523598775598298;174.523;138.53;47.244;52.1208
EKKA;0.9826470243585314;0.1589905922420544;50.253;3.740628399183641;878.16;16.356;21;;;;;;;;50.9016;49.9872
EKKA;0.982630095470518;0.1591178466093762;50.253;2.3448744591968347;694.144;20.934;14;;;;;;;;50.9016;52.1208
EKMB;0.9546856625355772;0.1996385317918936;4.8768;4.8260244009223126;1197.037;27.205;28;;;;;;;;4.8768;4.8768
EKOD;0.9682269296694208;0.180237905194114;14.173;1.041777884990135;1990.435;43.532;6;;695.321;0.0523598775598298;686.132;0.0523598775598298;;;14.3256;14.0208
EKRK;0.9701266575321404;0.2117078634194296;43.635;3.679713441229311;1501.068;32.261;21;;421.726;0.0523598775598298;449.322;0.0523598775598298;;;44.500800000000005;38.7096
EKRK;0.970165477526292;0.2116819834233287;43.635;5.172523570123195;1792.815;29.788;29;;529.236;0.0523598775598298;590.206;0.0523598775598298;58.92;;41.99;44.196000000000005
EKRN;0.9610353297218454;0.2576032862184854;14.782;1.987420381879959;1993.213;42.951;11;;770.2296;0.0523598775598298;770.2296;0.0523598775598298;;;14.0208;15.5448
EKRN;0.9610589880330233;0.2575837494351761;14.782;1.989160824210048;549.966;18.395;12;;;;;;;;14.782;14.782
EKSB;0.9592824378725782;0.1709385211745856;5.029;5.574332048786853;1795.838;28.711;32;;590.0;0.0523598775598298;644.876;0.0523598775598298;;;6.4008;3.6576
EKSN;1.0036262643995164;0.1785369800961373;27.889;1.5050130521448082;1184.611;28.026;8;;;;;;;;27.7368;28.041600000000003
EKSP;0.963788758058902;0.161734917327543;40.385;4.982925137353472;3013.597;43.193;28;R;1266.588;0.0523598775598298;1221.777;0.0523598775598298;;;42.9768;38.4048
EKSP;0.9637562286124912;0.1617193440769498;40.385;4.982086855713739;2980.501;21.842;28;L;;;1267.406;0.0523598775598298;;;42.3672;37.7952
EKSV;0.9869871746060674;0.1600980251291745;21.183;2.433204350909792;1192.625;25.0;14;;;;;;;;20.4216;21.9456
EKTS;0.9960385296427644;0.1519358160965964;6.238;1.747563622502733;1599.463;43.512;10;;494.932;0.0523598775598298;494.932;0.047996554429844;;;6.056;6.42
EKVD;0.967529147003972;0.1628454008864977;42.291;3.447595471755428;970.1784;20.089;19;;180.29;0.0523598775598298;180.29;0.0523598775598298;;;43.721;39.3192
EKVD;0.9675455843515108;0.162854443670785;42.291;1.340068861136077;707.182;23.373;7;;;;;;;;43.281600000000005;42.9768
EKVG;1.0832090781317176;-0.1269917754771816;76.047;2.058345763025565;1800.032;27.888;12;;683.323;0.1570796326794896;702.376;0.0610865238198015;;;80.4672;71.628
EKVJ;0.9772121608089352;0.1458035131796607;4.419;1.6145652399908048;1438.738;28.404;9;;414.569;0.0523598775598298;414.569;0.0523598775598298;;;4.8768;3.9624
EKYT;0.9964976986661402;0.171996682980796;2.59;4.594715042490878;3146.274;38.636;26;R;899.689;0.0523598775598298;845.588;0.0523598775598298;218.651;273.901;3.048;2.1336
EKYT;0.9964656256501704;0.1720257072754887;2.59;4.594608926472357;2851.367;20.625;26;L;829.215;0.047996554429844;816.0;0.047996554429844;148.552;151.337;3.048;2.1336
ELLX;0.8661449683802717;0.1084120292742701;361.4928000000001;4.1922688205185406;3997.773;55.634;24;;1583.577;0.0523598775598298;1662.677;0.0523598775598298;;;369.7224;353.26320000000004
ENAL;1.091884849432416;0.1066400024565261;12.8016;1.127788932258892;2300.292;44.648;6;;699.395;0.0523598775598298;656.765;0.0523598775598298;143.923;220.0656;10.337;15.445
ENAN;1.209327901132639;0.2816781428386121;6.553;3.6895838017481135;1664.562;43.058;21;;534.856;0.0523598775598298;;;;;6.553;6.553
ENAN;1.2094692131674238;0.2816217015085565;6.553;5.7566224389126255;2989.883;42.47;32;;942.403;0.0523598775598298;918.088;0.0523598775598298;270.303;277.197;4.881;8.219
ENAT;1.221338119166428;0.4077931037358042;2.895;2.115265575055618;2250.016;44.896;11;;566.752;0.0645771823237902;687.955;0.0523598775598298;274.202;213.647;3.096;2.706
ENBN;1.1424765416023224;0.2131676059911861;5.943;3.816152461108865;1435.069;25.0;21;;;;;;118.043;116.064;7.952;3.935
ENBO;1.17405983111596;0.2506083609774864;9.0;1.3569313597042203;3404.439;43.387;7;;768.87;0.0523598775598298;1454.098;0.0610865238198015;615.207;;5.7912;12.192
ENBR;1.052319001127449;0.0910739611236621;47.701;6.117982563095465;2981.278;44.591;35;;872.961;0.0523598775598298;868.153;0.0523598775598298;267.474;268.404;44.167;51.235
ENBS;1.2322072552467165;0.518234102858146;147.675;3.914013770399888;995.819;25.0;21;;193.109;0.0575958653158128;193.109;0.0575958653158128;;;149.0472;146.304
ENBV;1.2369382620949985;0.5067030080503339;10.9728;1.3040658602600876;919.966;29.025;6;;155.183;0.0837758040957278;155.183;0.0785398163397448;;;13.334;8.561
ENCN;1.015855487121444;0.1411168386008526;14.173;0.6093496989953385;2030.0;42.852;3;;680.468;0.0593411945678072;696.277;0.0610865238198015;62.817;97.675;12.362;15.984
ENDU;1.2052501457234728;0.3235630556962118;72.085;1.89963957074968;2975.01;45.529;10;;;;913.338;0.0645771823237902;281.757;269.367;80.733;65.683
ENEV;1.1953989490044448;0.2910908152341989;24.841;6.241922756602712;2808.07;45.93;35;;1093.348;0.0610865238198015;1039.846;0.0663225115757845;58.016;92.311;24.682;25.0
ENFG;1.064852674656689;0.1621923308492236;821.436;5.752235728370663;1980.356;42.594;33;;691.405;0.0575958653158128;582.137;0.0663225115757845;;143.194;822.087;820.73
ENFL;1.0748203664682054;0.0875923331284526;9.0;4.37774199306825;1199.577;29.367;25;;;;;;;;6.595;11.408
ENGM;1.050487527170636;0.1939962635192487;204.444;0.2794448410697372;2949.741;43.78;1;R;1068.197;0.0523598775598298;1023.936;0.0523598775598298;;;204.216;207.5688
ENGM;1.0506978245703669;0.1934304536195667;204.444;0.278861726566646;3600.487;45.425;1;L;1412.804;0.0523598775598298;1378.103;0.0523598775598298;;;199.9488;206.0448
ENHD;1.0357494584594886;0.0909464726894476;22.86;2.3458928588153736;2095.606;44.849;13;;727.989;0.0523598775598298;661.066;0.0523598775598298;50.139;45.778;18.979;26.737
ENHF;1.2335903097022;0.4130865109093649;79.705;4.116304586555964;849.639;27.088;22;;283.389;0.0523598775598298;308.876;0.0523598775598298;;;79.537;79.872
ENHV;1.2393529956383431;0.4535069764506653;10.668;1.5787899347690306;802.713;25.0;8;;298.175;0.0785398163397448;299.781;0.0785398163397448;;;6.812;14.524
ENKB;1.101521921758018;0.1366450998473654;55.473600000000005;4.386732009512348;2390.465;41.986;25;;850.212;0.0523598775598298;868.167;0.0523598775598298;64.979;81.755;56.121;54.819
ENKR;1.2169431446009535;0.5217190780099208;85.64880000000001;1.2055497034337164;2106.356;44.495;5;;692.124;0.0593411945678072;309.105;0.0593411945678072;56.255;439.273;85.296;86.05
ENLK;1.1894976779128166;0.2375459069309867;22.098;3.6219683502624527;951.814;29.0;20;;374.307;0.0785398163397448;375.906;0.0785398163397448;;;21.582;22.614
ENMH;1.23970008758183;0.4856665425552029;11.43;0.0409008659959835;860.344;27.082;35;;125.372;0.0890117918517108;125.372;0.0872664625997164;;;13.0;9.899
ENML;1.0951158210439238;0.1268371898990242;3.048;1.237795883094788;2218.687;43.0;7;;648.627;0.0541052068118242;734.694;0.0610865238198015;137.228;98.676;3.048;3.048
ENMS;1.1481409955152786;0.2306497891276189;70.4088;5.943263760330694;918.148;30.404;33;;349.811;0.0785398163397448;357.351;0.0785398163397448;;;73.39;67.302
ENNA;1.2229319684137896;0.4358705588364141;6.4008;6.204429070012594;2782.559;42.069;34;;998.427;0.0610865238198015;995.469;0.0523598775598298;88.052;91.01;8.03;4.77
ENNO;1.0396169164689235;0.1607785200040413;17.9832;5.361289480839717;1393.2408;36.517;30;;;;547.023;0.0767944870877505;;630.24;17.656;18.31
ENOL;1.1117555837796895;0.1676221444056101;7.467;2.687617679847426;2983.607;44.0;15;;1045.306;0.0523598775598298;1045.108;0.0558505360638185;134.386;133.96;5.7912;9.144
ENOV;1.0852316677064062;0.1059576350465179;73.0;4.192419267900063;950.0616;27.808;24;;374.344;0.0523598775598298;363.0;0.0523598775598298;;;72.484;73.515
ENRA;1.1582664133024292;0.2496086846855276;68.2752;2.4381876149900856;801.843;28.207;13;;298.826;0.0523598775598298;299.0088;0.0523598775598298;;;69.27;67.279
ENRM;1.131619641368849;0.1944825296865674;3.9624;0.7188262442715538;800.511;28.8;4;;329.946;0.0785398163397448;299.113;0.0785398163397448;;;3.263;4.662
ENRY;1.0363550948409606;0.1882410579708844;51.358;5.180990336857545;2438.657;45.641;30;;871.77;0.0523598775598298;898.477;0.0523598775598298;;;51.5112;51.2064
ENSB;1.365654168452009;0.2698915562152071;22.86;1.8377812623346463;2474.413;45.799;10;;766.621;0.0523598775598298;875.915;0.1396263401595463;216.466;123.181;21.391;24.318
ENSH;1.1910581784796432;0.2560151969672412;6.553;3.3586643141151584;805.016;29.829;19;;296.402;0.0523598775598298;303.727;0.0523598775598298;;;3.865;9.242
ENSK;1.1969608247142658;0.2621719442700028;3.6576;4.739346637879293;827.11;26.109;26;;303.924;0.0523598775598298;302.431;0.0523598775598298;;;3.988;3.309
ENSN;1.0329719680458642;0.166976689344578;136.012;0.1499088427279158;1410.1;32.747;1;;494.884;0.0523598775598298;474.928;0.0523598775598298;56.458;57.819;129.594;142.431
ENSO;1.043566643139465;0.0932153298936;46.786;2.5278303433663925;1456.96;23.063;14;;411.295;0.0523598775598298;407.852;0.0523598775598298;66.28;67.555;46.955;46.619
ENSR;1.218017178093045;0.3658030012166328;4.114;5.830244441019026;888.276;27.042;32;;139.338;0.0837758040957278;139.338;0.0802851455917391;;;4.985;3.247
ENSS;1.2279279857979672;0.541839226235807;10.0584;2.844204955144928;1019.403;25.0;15;;;;204.902;0.0523598775598298;;;13.128;6.989
ENST;1.15116392847257;0.2176231395134699;13.1064;3.5755178084840247;983.555;28.458;20;;388.455;0.0523598775598298;393.863;0.0523598775598298;;;16.385;9.828
ENTC;1.216173948126547;0.3301774193786277;6.4008;3.368626828018468;2004.451;42.205;18;;720.226;0.0698131700797731;746.205;0.0698131700797731;;;3.858;8.332
ENTO;1.0329964689978557;0.1790471210865096;81.838;3.1297783453501187;2810.144;44.651;18;;950.046;0.0523598775598298;856.948;0.0523598775598298;137.891;218.664;86.424;76.985
ENVA;1.1075442756532308;0.1905545907426202;10.9728;4.717543810330454;2846.713;42.297;27;;942.701;0.0593411945678072;881.58;0.0523598775598298;225.697;253.236;18.193;3.68
ENVA;1.10761867381507;0.1907600312543278;10.9728;5.477666988165147;947.496;77.5;31;;;;;;;;10.9728;10.9728
ENVD;1.2228689927163132;0.52090692050792;32.6136;1.5261213957309856;915.55;27.775;7;;152.975;0.0925024503556994;152.975;0.0785398163397448;;;39.257;25.971
ENZV;1.0276725004903402;0.0983964473765111;5.638;6.26790041172232;2647.812;76.299;36;;797.83;0.0523598775598298;958.86;0.0523598775598298;150.106;;9.187;2.909
ENZV;1.0276284139911034;0.0981700032623;5.638;4.997955563805797;2395.806;43.911;28;;876.557;0.0610865238198015;663.221;0.0523598775598298;96.142;100.152;8.98;1.843
EPBY;0.9267139256976048;0.3137705161404902;71.628;4.573352561512317;2492.04;61.071;26;;;;;;;;71.3232;71.9328
EPBY;0.9268156219108032;0.3134000506672114;71.628;5.367158499515399;1042.29;48.633;30;;;;;;;;71.628;71.628
EPBY;0.926835365453201;0.3134595738780206;71.628;5.232903235595939;651.395;25.0;29;;;;;;;;71.628;71.628
EPBY;0.926885379696495;0.3134775424131489;71.628;4.623999223878389;646.7856;25.0;26;R;;;;;;;71.628;71.628
EPBY;0.9268411469054502;0.313505786484866;71.628;3.7083495818655576;461.619;25.0;21;;;;;;;;71.628;71.628
EPCE;0.949742620340886;0.3100284653204818;151.333;4.46901555709762;2493.818;46.844;25;;;;;;;;153.6192;149.0472
EPDE;0.8997368093067093;0.3820884315396977;119.634;5.250711353552813;2499.481;41.419;30;;;;;;;;119.7864;119.4816
EPGD;0.9490431289871206;0.322395506628821;143.103;1.9717893876320232;2790.066;42.473;11;;;;;;;;137.4648;148.7424
EPKK;0.874023238667566;0.345323029758855;239.268;4.499874200003356;2547.91;56.557;25;;;;;;238.792;;237.061;241.0968
EPKS;0.9133646753391732;0.2961229413376877;83.2104;5.199318388398588;2499.474;59.159;29;;;;;;;;83.51520000000001;82.9056
EPKT;0.8809723921277008;0.3330457062904809;300.685;4.715886271139836;3199.012;41.513;26;;;;;;319.502;;306.832;295.656
EPLB;0.8943096055961761;0.396426144435371;191.7192;1.3457814983107796;2518.788;43.289;7;;;;;;;;192.6336;190.8048
EPLB;0.8941743793006012;0.3960430081409684;191.7192;1.0862920537766447;1051.95;38.752;6;;;;;;;;191.7192;191.7192
EPLK;0.8997470965466426;0.3347366523365999;190.347;1.874661465692688;2499.64;43.437;10;;;;;;;;188.3664;192.3288
EPLL;0.9026832667584888;0.3384057132972398;182.5752;4.374326732787948;2495.903;43.249;25;;;;;;;;184.7088;180.4416
EPLL;0.9026903238753032;0.3386189482364738;182.5752;4.379529559288143;696.851;167.931;25;L;;;;;;;182.5752;182.5752
EPLY;0.9076580776821894;0.3341253554374397;118.872;1.8105691358351024;2501.24;52.831;10;;;;;;;;114.9096;122.8344
EPMB;0.9429413561952203;0.3339788841782286;5.638;4.521704778287301;2487.345;42.387;25;;;;;;;;5.486400000000001;5.7912
EPMI;0.9319190291853436;0.2806994155335484;150.114;2.1791917495684148;2498.765;40.66;12;;;;;;;;150.2664;149.9616
EPMM;0.9109839458636632;0.3779674498271253;177.546;1.5750983888681374;2492.318;39.349;8;;;;;;;;170.99280000000002;184.0992
EPMO;0.915446489689383;0.3604431268477799;103.784;4.559699374372742;2502.602;40.897;26;;;;;;;;103.632;103.9368
EPPO;0.9149289677896614;0.293626079573373;90.8304;1.878086674349727;2489.272;46.985;10;;939.836;0.0523598775598298;;;;;93.8784;87.78240000000001
EPPW;0.9141871278833372;0.3115793145291001;114.147;5.017511629008543;3512.053;56.057;28;L;;;;;;536.637;116.4336;110.9472
EPPW;0.9142434736360784;0.3115038279562099;114.147;5.015997381349513;2731.264;25.0;28;R;;;;;;;117.348;111.8616
EPRA;0.8969040791064119;0.3702136719178191;186.69;1.3073733464590795;1998.19;41.054;7;;;;;;207.226;;188.924;183.4896
EPRZ;0.8745826702444224;0.3843908071228823;206.806;1.591146080474987;3201.763;41.179;9;;1296.082;0.0523598775598298;;;;697.954;209.7024;203.9112
EPSC;0.9352301628559232;0.2600930713604112;41.7576;2.286665983313572;2491.839;56.013;13;;941.12;0.0523598775598298;;;;;36.2712;47.244
EPSN;0.9388231774336876;0.2762205455420641;117.5;5.078627125293928;2493.223;42.354;29;;;;;;;;115.5192;119.4816
EPSY;0.9333980920285336;0.3654111108204438;137.7696;3.464146254519165;1992.669;56.738;19;;691.535;0.0523598775598298;;;;;141.4272;134.112
EPTM;0.9003197997163142;0.3507613399434459;183.642;2.018651827113921;1994.3064;57.04;11;;;;;;;;184.0992;183.1848
EPWA;0.9104329231399264;0.3659724422402458;107.746;2.6496188949717814;3704.0;59.7408;15;;1384.235;0.0523598775598298;733.706;0.0523598775598298;;660.0;107.2896;108.034
EPWA;0.9104728022867672;0.3659140659572107;107.746;1.999562113887308;2801.376;49.464;11;;975.963;0.0523598775598298;533.217;0.0523598775598298;;494.844;110.3376;104.401
EPWR;0.8919308013208583;0.2946447855037069;122.682;2.0243639406898484;2499.673;43.85;11;;;;;;;;123.1392;122.2248
EPZG;0.9099887461010272;0.2757369243306328;58.064;4.271004113734509;2498.206;50.602;24;;;;944.303;0.0523598775598298;;;56.997600000000006;59.1312
ESCF;1.01931811473664;0.2710756538119105;86.426;1.453427297921408;1852.0;34.631;8;;;;629.75;0.0499164166070378;;;94.1832;84.73440000000001
ESCF;1.0192054115278133;0.2709089513709419;86.426;3.462095318115146;2219.036;35.495;19;;;;804.718;0.0523598775598298;;;89.91600000000001;76.5048
ESDF;0.9820496739450604;0.2664316730343278;55.397;3.293787458758801;2330.5008000000003;44.375;19;;782.66;0.0523598775598298;856.776;0.0523598775598298;;;57.302400000000006;55.168800000000005
ESFR;1.020986116375603;0.2278220269971186;73.914;3.222429148692237;1996.353;34.07;18;;;;;;;;73.152;74.676
ESGG;1.0064067976827455;0.2143223750062364;149.9616;3.595475473947655;3292.579;47.267;21;;1310.859;0.0523598775598298;1328.085;0.0523598775598298;;;154.2288;145.6944
ESGJ;1.0080615277288938;0.2455455096932181;224.6376;0.3142473172197424;2193.051;43.52;1;;792.905;0.0523598775598298;757.201;0.0523598775598298;;;223.7232;225.2472
ESGJ;1.0079697442486006;0.2456288297047834;224.6376;1.9886721320194891;600.053;25.0;11;;;;;;;;224.6376;224.9424
ESGP;1.0083640650393586;0.2071750019980332;15.087;0.0853058766550859;1918.11;43.708;1;;625.551;0.0523598775598298;657.66;0.0523598775598298;;;15.5448;14.630400000000002
ESGP;1.0084281759612646;0.2073002667967672;15.087;0.7760606518992786;861.466;27.208;4;;;;;;;;15.087;15.087
ESGR;1.02025665275623;0.2438693488724872;94.488;0.2732571427259343;1730.0;29.865;1;;560.203;0.0523598775598298;560.203;0.0523598775598298;;;98.7552;90.2208
ESGT;1.0178390577451224;0.2154561092098643;41.3;5.691897950799968;1704.921;28.143;33;;404.747;0.0523598775598298;616.221;0.0523598775598298;205.176;;41.106;41.4528
ESGT;1.0178824888570597;0.2153471276646312;41.3;5.693295435932039;720.093;49.898;33;L;;;;;;;41.3;41.3
ESIB;1.0197944233082323;0.221832005542015;52.654;1.9540365267992676;1927.516;36.513;11;;658.958;0.0499164166070378;658.958;0.0499164166070378;;;50.5968;55.168800000000005
ESIB;1.019766932151687;0.2218526112308008;52.654;3.221650731845848;2262.094;37.865;19;;;;826.247;0.0523598775598298;;;53.34;51.5112
ESKK;1.0357804664710968;0.2530013672615177;120.548;0.380620216451032;1493.775;25.0;3;;;;;;61.336;;121.044;120.0912
ESKM;1.0639164831576982;0.2532696859428296;190.347;2.814062420831285;1801.872;36.458;16;;596.136;0.0523598775598298;596.136;0.0567232006898157;;;192.3288;188.3664
ESKN;1.0260481406235176;0.2950506574956188;38.557;4.592620298322634;2887.752;44.196000000000005;26;;1096.142;0.0523598775598298;1030.463;0.0523598775598298;;126.411;39.0144;34.549
ESKN;1.0261252481096397;0.2951281960549348;38.557;5.965589488523429;2037.482;38.841;34;;717.079;0.0523598775598298;704.428;0.0523598775598298;;;39.9288;40.5384
ESKS;1.0674146713855652;0.2241477619492313;501.0912;2.554083411441966;1174.791;21.941;15;;;;;;;;501.0912;501.0912
ESMK;0.9760186829815076;0.2458387877075198;21.488;3.266562242289867;2249.237;41.917;19;;;;;;;;22.555200000000003;23.4696
ESMQ;0.9892967594495464;0.2841653142335696;4.114;0.8425994621292627;919.422;36.399;5;;;;;;142.787;120.182;3.048;3.048
ESMQ;0.989384914893003;0.2842366890313784;4.114;5.798588531710979;2313.652;43.105;34;;553.391;0.0523598775598298;854.484;0.0523598775598298;268.684;;4.8768;5.486400000000001
ESMS;0.9692787853234311;0.2334615176759704;68.961;3.025761608853162;2791.321;44.507;17;;1086.836;0.0523598775598298;;;;;63.7032;71.9328
ESMS;0.9690454908514942;0.2332785943993388;68.961;1.838529310452051;787.456;17.34;11;;;;;;;;70.7136;69.4944
ESMT;0.9894463574523324;0.2237546231962813;21.336;3.2496674551305618;2259.263;39.047;19;;854.903;0.0523598775598298;857.748;0.0567232006898157;;;25.6032;19.5072
ESMX;0.9936008985056431;0.2570512004409443;178.765;0.2302954617623659;2096.424;43.177;1;;718.478;0.0523598775598298;732.482;0.0506145483078355;;;185.928;171.60240000000002
ESNG;1.1716820099215917;0.3632837860640669;304.4952;2.0573564231390726;1702.965;41.114;12;;546.683;0.0698131700797731;546.683;0.0523598775598298;;;313.0296;295.9608
ESNK;1.1004061424356162;0.3101242142840485;9.0;2.993066879574328;1995.071;43.547;17;;692.736;0.0567232006898157;692.736;0.0567232006898157;;;10.668;7.315200000000001
ESNN;1.0913148263286658;0.304459319545111;4.572;5.938197767643856;2111.184;44.505;34;;561.126;0.0523598775598298;580.674;0.0567232006898157;146.91;156.341;3.9624;5.283
ESNO;1.1067010379689963;0.3314066606766999;104.5464;2.123569153504907;2001.872;41.425;12;;696.136;0.0567232006898157;696.136;0.0523598775598298;;;107.8992;101.1936
ESNQ;1.1837178875384908;0.3549471269763724;448.208;3.7298658263512174;2498.017;43.098;21;;923.392;0.0523598775598298;838.293;0.0523598775598298;;;436.4736;459.9432000000001
ESNS;1.1279152402085288;0.3678598094204741;42.672;1.8543695696773013;2101.323;42.841;10;;745.862;0.0523598775598298;745.862;0.0523598775598298;;;48.1584;37.1856
ESNU;1.1133591819131312;0.3540380501763415;6.4008;2.416902626630314;2297.021;43.862;14;;785.33;0.0523598775598298;729.24;0.0523598775598298;;59.433;7.62;5.116
ESNV;1.1271180376304129;0.2938010601801129;347.16720000000004;4.943559585140591;1502.262;25.0;28;;203.498;0.0523598775598298;446.331;0.0523598775598298;242.833;;347.16720000000004;347.16720000000004
ESNX;1.1447899475878245;0.3364550466270004;378.2568;2.2369879786823565;2494.4832;42.229;12;;942.4416;0.0523598775598298;942.4416;0.0523598775598298;;;378.5616;377.952
ESNZ;1.1029458501446363;0.2531077584664717;369.874;2.002479955330792;2504.78;44.398;12;;907.575;0.0523598775598298;807.394;0.0523598775598298;;;363.9312000000001;375.8184
ESOE;1.0336264892978728;0.2624527699256138;53.797;3.3451343472207737;2598.463;43.552;19;;908.742;0.0523598775598298;967.837;0.0523598775598298;;;58.52160000000001;49.0728
ESOE;1.0337616629283972;0.2626921891479092;53.797;0.0854463913678347;1048.508;32.004000000000005;36;;;;;;;;53.797;53.797
ESOK;1.0375058847188352;0.2327810696144821;104.5464;0.4473585003612266;2504.171;46.043;3;;893.279;0.0523598775598298;881.558;0.0523598775598298;;;101.4984;107.5944
ESOK;1.0376381091065117;0.2328201821922494;104.5464;0.4429454004409739;613.456;25.0;3;L;;;;;;;104.5464;104.5464
ESOW;1.0400389332247586;0.2903155388722551;4.2672;3.3446103993793246;2567.6352;44.917;19;;983.124;0.0523598775598298;991.683;0.0567232006898157;;;6.7056;1.8288
ESOW;1.0399968187390929;0.2902607672193674;4.2672;3.332326423037938;768.021;44.485;18;;;;;;;;4.2672;4.2672
ESPA;1.143954937354868;0.3861022418243405;13.1064;2.3965768712274382;3353.806;43.618;14;;1297.374;0.0506145483078355;1365.081;0.0506145483078355;;;19.812;6.4008
ESSA;1.0408696775885955;0.3133697546090685;34.899;3.323045460207533;2487.724;43.15;19;L;925.097;0.0523598775598298;868.307;0.0523598775598298;;;30.1752;42.0624
ESSA;1.0411209191395292;0.3127371420182148;34.899;3.322379966163748;3287.462;43.628;19;R;1286.154;0.0523598775598298;1301.292;0.0523598775598298;;;35.9664;30.1752
ESSA;1.0412837653284408;0.3134205003114021;34.899;4.465377592804763;2487.811;43.253;26;;852.052;0.0523598775598298;936.127;0.0523598775598298;;;38.1;32.9184
ESSB;1.0359290521345716;0.3131411258705258;13.716;2.1813547361104115;1887.617;40.028;12;;529.504;0.0610865238198015;607.917;0.0610865238198015;108.321;107.928;14.3256;13.1064
ESSD;1.0545649724411694;0.2707940479333239;152.7048;2.312290383792577;2311.057;44.126;14;;787.374;0.0567232006898157;818.185;0.0523598775598298;;;153.6192;150.2664
ESSK;1.0575507999442983;0.2958544978206996;65.989;3.158758315849008;1995.0;44.805600000000005;18;;692.7;0.0523598775598298;692.7;0.0575958653158128;;;64.00800000000001;67.9704
ESSL;1.019346846447717;0.2738377289700942;48.1584;1.9574008932785816;2132.817;45.651;11;;787.464;0.0523598775598298;709.512;0.0523598775598298;;;43.586400000000005;52.7304
ESSP;1.0225177857529235;0.2836276313721584;4.495;1.5854357994947743;2196.355;44.627;9;;769.527;0.0523598775598298;713.878;0.0523598775598298;;;3.9624;9.7536
ESSP;1.022573435156659;0.2834465338172897;4.495;2.0202938328741973;800.624;39.407;11;;;;;;;;1.8288;2.4384
ESST;1.0499440355491714;0.2267432907110414;113.3856;5.892452687949084;1578.28;28.34;34;;484.34;0.0610865238198015;484.34;0.0610865238198015;;;120.0912;106.68
ESSU;1.0358950539184093;0.2916149534247536;39.471;3.107945672671071;2172.26;33.797;18;;497.123;0.0499164166070378;781.33;0.0523598775598298;284.207;;39.3192;39.624
ESSV;1.0064056273482822;0.3202016756660032;44.424;0.366840580207149;2000.024;43.406;3;;671.023;0.0523598775598298;646.709;0.0523598775598298;;;42.672;42.175
ESSV;1.0061826493746402;0.320069217211434;44.424;4.912996426477218;1103.562;40.112;28;;;;;;;;49.9872;43.281600000000005
ESTA;0.9824727498535843;0.224363212721716;17.0688;5.523463729605778;1942.069;43.266;32;;716.804;0.0523598775598298;641.047;0.0523598775598298;;;15.8496;18.288
ESTL;0.9788382703257807;0.2307681957663973;39.9288;1.9726188728123255;799.892;22.665;11;;;;;;;;39.9288;39.9288
ESTL;0.9788683303664736;0.2305112215271507;39.9288;1.9736996504983308;2000.723;39.438;11;L;;;;;;;38.4048;42.3672
ESTL;0.9788319505196784;0.2303104623532967;39.9288;1.9883202736422871;1991.943;38.361;11;R;819.639;0.0523598775598298;689.296;0.0523598775598298;;;37.4904;41.4528
ESUD;1.1337819045100737;0.3088645754988466;274.0152;5.788532817225613;2271.269;35.793;33;;830.835;0.0558505360638185;830.835;0.0523598775598298;;;275.5392;272.4912
ETAD;0.8722555654940259;0.1169105768271738;354.33;0.777960495149952;3050.422;44.494;5;;;;;;;;343.81440000000003;364.8456
ETAR;0.8628341331449804;0.1325798650664002;234.3912;4.648029964217399;2993.38;36.885;27;;1087.811;0.0523598775598298;1106.719;0.0523598775598298;;;237.744;231.648
ETAR;0.8627947104285804;0.1326564751603753;234.3912;4.578240181549603;3191.684;39.507;26;;1216.272;0.0523598775598298;1192.15;0.0523598775598298;;;236.5248;231.648
ETHB;0.9124309005808494;0.1585137121571323;66.7512;1.3530624883513245;1820.838;42.888;8;;634.762;0.0593411945678072;635.698;0.0558505360638185;158.885;;68.937;64.92240000000001
ETHB;0.9124053053661344;0.1584577155541728;66.7512;1.355543124817184;841.924;73.3;7;R;;;;;;;66.7512;66.7512
ETHC;0.917889802800324;0.1749199678102001;38.7096;1.4078482863049635;1824.646;43.857;8;;643.57;0.0523598775598298;589.263;0.0523598775598298;;;38.4048;39.0144
ETHF;0.892117674476304;0.1620688917722525;170.99280000000002;2.072578661276192;1045.0;29.123;12;;344.073;0.0767944870877505;252.052;0.0593411945678072;;;172.21200000000002;169.77360000000002
ETHL;0.8415996490091973;0.1729657589276513;537.286;1.6207317674907813;1633.014;29.337;9;;511.707;0.0523598775598298;511.707;0.0523598775598298;;;536.7528;538.2768
ETHL;0.841657908258786;0.1728979185399222;537.286;3.72406941337242;686.118;48.52;21;;;;;;;;536.1432;537.972
ETHN;0.8620488679783914;0.1737911568135483;466.801;1.301268272002066;1305.69;27.394;7;;348.045;0.0523598775598298;248.529;0.0593411945678072;;99.516;465.7344000000001;468.046
ETHN;0.8620685881140999;0.1738320482997;466.801;1.298791649793486;640.541;33.88;7;L;;;;;;;466.801;466.801
ETHN;0.8620371470787402;0.1737939422095712;466.801;1.3034783824338665;196.854;40.355;7;R;;;;;;;466.801;466.801
ETHS;0.9236175191427004;0.1777416910148691;72.5424;4.672892703010834;2987.204;30.528;27;;915.424;0.0523598775598298;;;273.378;;74.3712;70.7136
ETHS;0.9236424589701157;0.1777982025649925;72.5424;4.680177183709882;820.057;70.032;27;R;;;;;;;72.5424;72.5424
ETIC;0.8674060271712891;0.2083956140299951;413.156;5.648028925518164;1015.667;22.065;32;;203.033;0.0523598775598298;203.033;0.0523598775598298;;;414.8328;411.48
ETIH;0.8589902222649488;0.2065784825220312;443.484;4.713199685822241;667.0;21.26;27;;;;;;;;443.484;443.484
ETMN;0.9384219399662512;0.1511201085800566;16.764;1.3690954319259947;2439.302;45.887;8;;914.851;0.0523598775598298;;;;;21.0312;12.4968
ETND;0.9177902775575554;0.1455758597198375;37.947;1.4824774306562276;1256.429;44.63;8;;;;;;12.63;;38.43;37.4904
ETNG;0.8894340507383177;0.1054490232931778;82.219;1.5857412321138735;3050.656;43.829;9;;1074.388;0.0523598775598298;1078.233;0.0523598775598298;146.14;142.295;80.035;88.824
ETNH;0.9479267762008318;0.1664725560711178;9.7536;1.3857123626683825;2450.7;29.431;8;;920.55;0.0523598775598298;920.55;0.0523598775598298;;;7.9248;11.5824
ETNL;0.941048252425564;0.2143142762917496;38.252;1.7052873846963;2518.392;40.0;9;;1118.539;0.0523598775598298;1115.97;0.0523598775598298;;;42.672;33.8328
ETNN;0.8871718878472961;0.1162062071292534;108.356;1.164546421517226;2746.103;35.0;7;;896.762;0.0523598775598298;932.244;0.0523598775598298;;;116.4336;100.2792
ETNS;0.9504668642685526;0.1660786761063411;19.659;4.435942265904028;2447.453;35.0;25;;;;;;;;21.9456;17.3736
ETNS;0.9504950693291208;0.1660921193482109;19.659;0.8312484166329449;2440.916;25.0;5;;950.938;0.0523598775598298;957.464;0.0523598775598298;;;19.5072;19.812
ETNT;0.9345876141254752;0.1338212700406622;6.4008;1.3577650162214354;2431.883;28.668;8;;1052.521;0.0523598775598298;1038.795;0.0523598775598298;;;7.010400000000001;5.7912
ETNW;0.9154581579239832;0.1646322519407783;52.882;3.6068101657088816;1686.4;45.295;20;;;;;;;;51.816;54.5592
ETNW;0.9155589529796448;0.1645989988375578;52.882;4.565917807964672;2497.317;43.335;26;;;;;;224.822;247.59;53.137;52.0
ETOU;0.8735341968570117;0.1453066125731845;139.141;1.2795015727687438;2148.019;34.77;7;;800.7096;0.0523598775598298;763.8288;0.0523598775598298;;37.361;138.3792;139.934
ETSB;0.8756990815474344;0.1232791780745025;474.5736;0.5097410882302666;2507.11;45.653;3;;1252.682;0.0523598775598298;1313.984;0.0523598775598298;;;472.44;476.7072
ETSH;0.903519617024406;0.2298177125330507;78.79;1.6300111595248594;2999.182;25.0;9;;837.026;0.0523598775598298;849.3;0.0523598775598298;290.803;289.924;77.4192;80.1624
ETSI;0.8503373251513379;0.2012503008104475;364.159;1.1889817117235546;2438.745;32.341;6;L;958.346;0.0523598775598298;961.802;0.0523598775598298;;;364.236;362.7120000000001
ETSI;0.8501406504447612;0.201363011821504;364.159;1.1888476006238315;2936.964;59.306;6;R;1194.47;0.0523598775598298;1166.338;0.0523598775598298;;;366.0648;363.6264000000001
ETSL;0.8410103797551961;0.1895757151951912;548.9448;0.5042812096378378;2672.46;26.35;3;;;;;;;;554.736;543.1536
ETSL;0.8411007763891503;0.1895143896693083;548.9448;1.507849177272714;1058.35;34.802;8;;;;;;;;548.9448;548.9448
ETSN;0.8501673223671824;0.1956807415168996;379.933;1.579375667266;2505.44;27.178;9;;905.542;0.0523598775598298;925.667;0.0523598775598298;20.644;;380.403;379.476
EVDA;0.9763666117141356;0.4654419848907205;118.642;3.558383562151346;2298.209;42.517;20;R;;;;;;;119.534;117.751
EVDA;0.9764195986069668;0.4653935798573138;118.642;3.5576178862084964;997.0;21.058;20;L;;;;;;;119.791;117.494
EVKA;0.9867175236940244;0.4518357388369106;94.272;4.428426005480315;1994.53;40.793;25;;;;;;;;98.256;90.289
EVLA;0.9864167886986334;0.3682122205340972;3.809;1.2263210413946262;1994.554;35.758;6;;;;;;;;2.1336;5.486400000000001
EVRA;0.9934311122333634;0.4183640795565208;10.668;3.2314591331762053;2898.892;44.649;18;;1144.646;0.0523598775598298;1144.646;0.0523598775598298;;;10.0584;11.2776
EVTA;0.9938344680061788;0.4053319449748533;66.863;2.4239352563183;2498.211;40.698;13;;;;;;;;71.17;62.558
EYKA;0.9593013797358684;0.4203587976159632;75.133;1.4847643355751157;3249.832;40.042;8;;;;;;297.123;298.809;70.464;79.802
EYKD;0.9653725892432566;0.4181138854549323;48.633;6.028485395178774;1974.832;54.18;34;;;;;;;;47.339;49.929
EYPA;0.9769149894819852;0.3681571680009383;9.7536;0.2215324253874902;2278.154;45.337;1;;;;;;150.263;149.589;9.7536;9.7536
EYPP;0.9726524499643906;0.4269201451471863;60.0456;2.398168262439407;2009.48;40.503;13;;;;;;;;60.0456;60.0456
EYSA;0.9755317536246596;0.4083198868822462;134.264;2.550535506138512;3497.231;44.184;14;L;1443.815;0.0523598775598298;1443.815;0.0523598775598298;;;136.2456;134.4168
EYSA;0.975499651350328;0.4082758823064218;134.264;2.550937106399396;3242.737;30.719;14;R;1316.568;0.0523598775598298;1316.568;0.0523598775598298;;;134.112;132.2832
EYSB;0.978616012107834;0.4111660934838898;82.296;1.7929873172690418;1393.843;38.796;10;;;;;;164.0;180.707;81.761;82.831
EYVI;0.9535465408923028;0.441320642585707;189.5856;3.5230460553191425;2509.702;46.075;19;;950.051;0.0523598775598298;950.051;0.0523598775598298;;;197.8152;181.356
FAAB;-0.4987189258736448;0.2885581490375336;24.942;2.8261423681831137;1852.0;36.827;19;;614.94;0.0523598775598298;614.94;0.0523598775598298;;;24.9936;29.8704
FAAB;-0.4986785668896741;0.28851188181508;24.942;3.890734568836788;1701.118;47.217;25;;;;;;;;24.942;24.942
FAAB;-0.498598597935789;0.2884743140788043;24.942;4.663230734804719;1665.502;48.854;29;;;;;;;;24.942;24.942
FAAG;-0.5110635377219928;0.3283628001886452;807.1104;3.997213790375383;2079.629;15.674;25;;;;;;;;807.1104;807.1104
FABE;-0.5741632379863564;0.476114303873739;593.1408;4.125605446139842;2501.298;44.403;26;;945.849;0.0523598775598298;945.849;0.0523598775598298;;;593.7504;592.5312
FABL;-0.5077779992661282;0.4590640287699142;1349.0448;3.146870529247824;2562.907;39.776;20;;976.654;0.0523598775598298;;;;;1347.5208;1345.0824
FABL;-0.5077441824518079;0.4589594944956421;1349.0448;4.91932568847665;2182.681;39.981;30;;;;786.541;0.0523598775598298;;;1345.0824;1358.4936
FABR;-0.4488525250807499;0.5406167572731633;682.394;2.640335837746274;744.096;11.73;17;;;;;;;;690.85;673.939
FACT;-0.5928327878537605;0.3247003243099192;44.577;2.3620366307975456;1700.704;44.989;16;;590.912;0.0523598775598298;569.642;0.0523598775598298;;;43.586400000000005;46.0248
FACT;-0.5929545611546787;0.3247094217098147;44.577;2.884991728967709;3202.243;58.728;19;;1165.763;0.0558505360638185;1162.371;0.0523598775598298;;;44.805600000000005;43.891200000000005
FAEL;-0.5765923198302224;0.4856448289497916;123.215;0.6419565858529198;1582.236;42.683;6;;;;486.318;0.0523598775598298;;;119.7864;123.7488
FAEL;-0.5765872581336682;0.4855891210293331;123.215;4.571101959441871;1936.039;42.483;29;;;;663.22;0.0523598775598298;;;117.348;131.9784
FAEO;-0.4624288437317729;0.5232506010954333;1767.84;5.115408892082157;1531.421;9.287;31;;;;;;69.627;109.108;1769.0;1766.674
FAFB;-0.5030607379961188;0.4870990007295022;1620.0120000000002;1.0453772775065229;1388.936;14.289;8;;;;;;;;1620.0120000000002;1620.0120000000002
FAGC;-0.4535599730962835;0.4911456037858098;1611.324;5.810651025770286;1827.733;22.11;35;;555.025;0.0523598775598298;557.106;0.0523598775598298;54.042;51.961;1624.092;1598.557
FAGG;-0.5935084629011954;0.3905676529694956;193.548;4.674430338081841;2114.032;42.325;29;;630.565;0.0523598775598298;752.216;0.0523598775598298;121.651;;197.5104;189.5856
FAGM;-0.4580062726796511;0.4913253125437819;1662.302;2.7387624591820177;1383.701;13.791;17;;295.989;0.0610865238198015;293.469;0.0523598775598298;91.061;93.582;1656.793;1666.136
FAGM;-0.4580190176219576;0.4912913962510322;1662.302;4.698927779462833;1654.13;13.627;29;;;;522.265;0.0523598775598298;81.3816;;1668.78;1657.5024
FAHR;-0.4927914802517424;0.5080009791903275;1693.164;5.481204246960164;1200.208;13.962;33;;;;;;;;1693.164;1693.164
FAHR;-0.4927744109235936;0.5080223104864807;1693.164;5.473568431482689;1217.178;16.506;33;R;;;;;;;1693.164;1693.164
FAKD;-0.4689916171204841;0.4663189399108456;1354.5312;2.8936265709090256;1490.514;16.978;18;;;;;;;;1354.5312;1354.5312
FAKD;-0.4689365938456867;0.4663639509743086;1354.5312;2.3144846117281843;1027.717;23.97;15;;;;;;;;1354.5312;1354.5312
FAKD;-0.4688991606978744;0.4663628352554534;1354.5312;0.5358943932857961;898.927;24.52;5;;;;;;;;1354.5312;1354.5312
FAKM;-0.5027723851393506;0.4322334714133145;1196.6448;3.1395001783495773;3000.905;44.589;20;;1195.652;0.0523598775598298;1195.652;0.0523598775598298;;;1200.912;1188.4152
FAKM;-0.5027106382930608;0.4321983457749526;1196.6448;4.534307102684251;2436.659;43.82;28;;913.53;0.0523598775598298;913.53;0.0523598775598298;;;1193.292;1203.96
FAKN;-0.443019414268271;0.5428951878132264;861.517;0.5964000191706564;3261.063;45.123;5;;827.933;0.0523598775598298;1171.408;0.0523598775598298;497.799;154.324;860.884;862.031
FAKU;-0.4792348290713772;0.4086127201694519;1334.704;0.0668998804549782;1690.286;15.622;2;;;;;;;;1338.983;1330.427
FAKU;-0.47918043777719;0.4085672643788928;1334.704;5.250412553184871;590.132;22.519;32;;;;;;;;1333.072;1336.338
FAKZ;-0.5181604810181675;0.2983467718739177;78.486;3.215489894119233;1491.961;15.418;20;;441.181;0.0523598775598298;;;;;78.0288;78.9432
FAKZ;-0.5182122098014503;0.2983374013959806;78.486;4.158901441345988;1426.513;17.193;26;;408.457;0.0523598775598298;;;;;78.486;78.486
FALA;-0.4527233595051123;0.4874084371616289;1358.645;0.8256710250219793;2993.257;40.813;7;;1191.829;0.0523598775598298;1123.256;0.0523598775598298;;68.573;1378.0008;1338.355
FALC;-0.4949717138786528;0.4090971059993992;1493.52;5.367327272854066;1599.481;13.903;33;;494.94;0.0523598775598298;;;;287.455;1493.52;1493.52
FALE;-0.5168228004298302;0.5431343963753184;89.61120000000001;0.6479708682822447;3733.159;57.724;6;;;;;;;;87.47760000000001;91.7448
FALW;-0.5754235302083004;0.3169905743831266;31.47;0.0206868430811621;2247.455;42.529;2;L;818.928;0.0523598775598298;627.16;0.0523598775598298;;191.767;31.6992;31.3944
FALW;-0.5754201596450458;0.3170616761028939;31.47;0.0207166742487372;2302.833;41.625;2;R;846.617;0.0523598775598298;846.617;0.0523598775598298;;;32.004000000000005;31.0896
FALW;-0.5753182176616102;0.3169201280506589;31.47;0.8042841094338912;1518.629;39.0;7;;;;;;;;31.0896;31.0896
FALW;-0.5754856223032568;0.3169848007331072;31.47;2.380460500914523;1784.562;38.602;16;;;;587.481;0.0523598775598298;;;31.0896;32.308800000000005
FALY;-0.4988389670795571;0.5192377738917398;1071.9816;4.666064451378256;1320.213;11.988;29;;;;;;;97.208;1081.4304;1062.5328
FAMD;-0.4331355710693861;0.5505489645437487;338.63280000000003;2.455398306744002;1297.636;19.336;16;;;;;;;;342.59520000000003;334.67040000000003
FAMG;-0.5385622487765426;0.5295857931949465;146.9136;0.3978148511758297;1334.978;28.496;5;;;;;;;;148.7424;145.0848
FAMM;-0.4502688872550625;0.445896416270762;1267.968;0.4025306435482558;4499.257;43.899;4;;1944.828;0.0523598775598298;1944.828;0.0523598775598298;;;1271.6256;1264.3104
FAMS;-0.3901846122524074;0.5233814054772942;573.3288;4.914613299496264;1912.229;27.042;30;;;;;;;;564.935;581.722
FAMU;-0.4821666222323302;0.5592793163427059;121.92;2.7302553753419465;1852.0;28.603;17;;;;;;147.589;;121.92;121.92
FANC;-0.4846874582981279;0.5231960088938299;1239.0120000000002;1.5851654479936408;1509.051;20.136;11;;;;;;;103.103;1242.0600000000002;1235.9640000000002
FANC;-0.4847370804793766;0.5231622330412158;1239.0120000000002;4.001815001882416;1183.514;40.853;25;;;;;;;;1239.0120000000002;1239.0120000000002
FAOH;-0.5865586950154673;0.3872685425349703;320.192;3.36521540746252;1612.465;28.458;22;;501.433;0.0523598775598298;501.433;0.0523598775598298;;;323.733;316.992
FAOR;-0.4560061184166262;0.4928863436622319;1681.505;3.4126213424734884;4413.585;59.476;21;R;1370.658;0.0523598775598298;1759.316;0.0523598775598298;440.056;;1676.0952;1694.0784
FAOR;-0.4564030080915314;0.4931029881758693;1681.505;3.412562001278921;3400.262;58.515;21;L;1358.023;0.0523598775598298;1351.804;0.0523598775598298;;;1674.5712;1679.448
FAPE;-0.5932223278282355;0.4469633789921372;60.502;4.1547632656895095;1979.456;41.884;26;;684.928;0.0523598775598298;684.928;0.0523598775598298;;;57.607200000000006;69.7992
FAPE;-0.5932358978563387;0.4471755294214351;60.502;2.544093146803551;1718.598;42.706;17;;510.795;0.0488692190558412;554.499;0.0506145483078355;43.704;;58.52160000000001;56.083200000000005
FAPG;-0.5949525678539632;0.4071759317576378;137.922;1.7337061445742108;1316.191;17.053;12;;;;;;;;140.8176;135.0264
FAPH;-0.4177653052361194;0.543774335259913;430.9872;6.180280694482001;1371.377;19.074;1;;;;380.889;0.0523598775598298;;;425.5008;436.4736
FAPI;-0.417588695913918;0.5145998320399883;1307.8968;1.0597696813974884;2248.712;22.878;8;;819.556;0.0516617458590321;;;;;1288.6944;1327.0992
FAPJ;-0.5516311338109187;0.5152492740404259;372.306;4.261963831807954;1095.564;22.494;27;;;;;;;;369.245;375.367
FAPM;-0.5174800017477601;0.5305653163274452;727.5576000000001;2.481868493778524;1772.737;28.921;16;;525.684;0.0523598775598298;398.327;0.0558505360638185;55.884;183.241;716.5848000000001;738.5304
FAPM;-0.5174216547230867;0.530558286518435;727.5576000000001;5.279149050253108;583.827;39.313;33;;;;;;;;727.5576000000001;727.5576000000001
FAPP;-0.4162411142960202;0.5141499710767116;1229.715;6.266334502317432;2556.444;40.672;1;;;;;;;;1242.3648;1223.1624000000002
FAPP;-0.4162178129368536;0.5141168506113969;1229.715;0.6587602668252709;3174.636;37.973;5;;1282.518;0.0523598775598298;;;;850.342;1223.4672;1229.8680000000002
FAPS;-0.465495804671578;0.4726678639347295;1365.1992;0.2290723873824459;1474.499;27.664;3;;;;;;;;1374.9528;1357.884
FAPS;-0.4655083799153874;0.472745933045669;1365.1992;2.354657029654263;962.782;51.963;15;;;;;;;;1367.028;1360.932
FAQT;-0.5571072575020224;0.4691828731784951;1108.5576;1.6510209967280542;1199.378;19.286;12;;;;;;;;1108.5576;1108.5576
FARB;-0.5016264287428098;0.5601121419513306;27.7368;3.736755164507616;1290.54;18.936;23;;340.47;0.0593411945678072;340.47;0.0471238898038469;;;33.2232;22.250400000000003
FARG;-0.4475803949257084;0.4759693852582495;1127.76;2.5311326808440917;1269.456;16.618;16;;;;;;;;1127.609;1127.912
FARS;-0.5901115320111032;0.3474953499742352;195.072;1.4097816747838603;1539.477;14.954;10;;;;;;;;195.072;195.072
FARS;-0.5901250259674664;0.3473706001226651;195.072;1.9754001247885489;808.829;15.862;14;;;;;;;;195.072;195.072
FASB;-0.5181767428155366;0.313104299346077;819.912;1.2907327665053274;1577.3;19.961;10;;;;;;;;819.912;819.912
FASC;-0.4629272248113453;0.509116268922812;1603.5528000000002;4.711167249908294;1094.522;18.142;29;;;;;;;;1609.0392000000002;1598.0664000000002
FASD;-0.575337463811861;0.31362817226082;15.24;3.097739510804184;1433.799;17.784;20;;;;;;;;15.24;15.24
FASK;-0.4504658194352211;0.4915629918688418;1455.7248000000002;0.1033034029783738;1986.175;29.68;2;;688.288;0.0523598775598298;688.288;0.0523598775598298;;;1460.2968;1461.2112
FASK;-0.4504580893760903;0.4916330246831325;1455.7248000000002;0.8455047721087176;1946.14;46.519;6;;;;;;529.588;;1450.2384000000002;1451.1528
FASS;-0.4825196068098406;0.4013920218060008;1175.156;5.826387263372118;2334.238;21.763;35;;;;;;;;1181.4048;1168.908
FASZ;-0.4356648686533543;0.5513333539100477;316.992;5.858514411578205;1585.742;28.024;35;;;;;;120.678;;311.252;322.732
FATZ;-0.4157819218659552;0.5293019558786496;567.2328;0.8763753705198298;1433.628;11.68;6;;;;;;;;583.3872;551.0784
FAUL;-0.4942637317483554;0.5483379764776972;518.4648000000001;3.739486953852837;1632.068;20.021;23;;511.234;0.0558505360638185;;;;;524.8656;512.0640000000001
FAUL;-0.4942641296620729;0.5483233160879857;518.4648000000001;3.21437096353578;1031.311;12.397;21;;;;;;210.6168;;518.4648000000001;518.4648000000001
FAUP;-0.4956670212867116;0.3711147748390394;838.606;2.680802692717164;4888.318;54.091;17;;2139.359;0.0523598775598298;2139.359;0.0523598775598298;;;847.9536;826.3128
FAUP;-0.4957109497907958;0.3710284587712477;838.606;2.963002186945324;2424.017;43.189;19;;907.208;0.0523598775598298;907.208;0.0523598775598298;;;850.6968;829.9704
FAUP;-0.4957406470278049;0.3710596052724341;838.606;1.0390280140338626;1822.677;29.217;8;;;;;;674.919;319.38;837.5904;839.1144
FAUT;-0.5505862709053274;0.5004788416802499;731.062;1.9769008286925835;2591.573;39.113;14;;;;;;;;725.4240000000001;736.7016
FAVB;-0.4709329796317394;0.4316004140953647;1214.736;2.8677182053607213;1197.764;17.588;18;;;;;;;;1211.832;1217.641
FAVG;-0.5195960308260077;0.5420741747804524;6.096;0.4859618847430549;901.542;22.168;5;;;;;;;;6.096;6.096
FAVR;-0.5522398774303909;0.3236673793102805;99.822;0.9850984222513742;1296.663;18.425;8;;;;;;;;99.9744;99.6696
FAVV;-0.4637392321204233;0.487991802078262;1481.536;3.299182271476716;1592.953;14.313;21;;491.677;0.0593411945678072;491.677;0.0593411945678072;;;1480.096;1482.978
FAVV;-0.4636723884675455;0.4880019137680259;1481.536;2.1860107509559565;1129.043;11.917;15;;;;;;;;1485.814;1477.259
FAWB;-0.4477372314471506;0.4925651024564844;1240.2312000000002;1.6166816611483583;1814.341;25.0;11;;;;;;;;1230.7824;1248.1560000000002
FAWB;-0.4478164221286174;0.4925415553270805;1240.2312000000002;3.8878561718343994;1251.278;18.637;24;;;;;;;;1241.4504000000002;1240.536
FAWK;-0.45080309227256;0.4925735288646208;1496.186;3.002811052788212;3346.97;43.944;19;;;;1368.685;0.0523598775598298;;;1493.52;1486.2048
FAWK;-0.4507734418489293;0.4926255775393238;1496.186;3.92022452454311;1917.708;42.681;24;;654.054;0.0523598775598298;;;;;1505.712;1499.3112
FAYP;-0.5916906350442258;0.3228533648775978;14.3256;6.207292631716342;1576.124;25.97;2;;483.262;0.0523598775598298;483.262;0.0523598775598298;;;12.8016;15.8496
FBFT;-0.369308899998056;0.4795184947386193;1004.262;4.84103545421994;2196.257;29.636;29;;793.329;0.0523598775598298;793.329;0.0523598775598298;;;1002.406;1006.118
FBFT;-0.3692675813398251;0.4793656490576975;1004.262;5.259533294789944;2996.768;44.408;31;;1193.584;0.0523598775598298;1193.584;0.0523598775598298;;;997.57;1010.955
FBJW;-0.4293711961194882;0.4309499656072886;1188.72;4.276099777018631;1985.211;21.057;26;;528.412;0.0523598775598298;540.621;0.0523598775598298;159.394;147.185;1188.72;1188.72
FBKE;-0.3112174588163572;0.4392395382384051;1002.639;1.2320738211421247;3001.309;43.241;8;;;;;;;;1002.639;1002.639
FBMN;-0.3485539428536396;0.4089496672636984;938.4792;1.149885743066936;3704.0;44.934;8;;1544.669;0.0523598775598298;1544.669;0.0523598775598298;;;938.1744;938.784
FBSK;-0.428532592959729;0.4524378447094178;1001.115;4.21429522474456;4002.689;41.519;26;;1696.545;0.0523598775598298;1696.545;0.0523598775598298;;;998.8296;1003.4016
FBSN;-0.3587253138234961;0.45580679290249;909.828;1.798278090910245;1674.545;22.4;11;;;;;;;;908.891;910.765
FBSP;-0.3849889475121161;0.4857045784252639;891.5400000000001;1.7791298218872271;1852.0;25.0;12;;;;;;;;891.5400000000001;891.5400000000001
FCBB;-0.0741624213682452;0.2662157463258279;316.992;0.8717582241567265;3292.506;42.227;5;;;;1341.453;0.0523598775598298;;;313.3344;320.6496
FCBB;-0.0742059870686458;0.2662155902812328;316.992;0.8702880111547241;3287.898;44.764;5;R;;;1339.149;0.0523598775598298;;;316.992;316.992
FCOD;-0.0214086357556114;0.2776809981167283;323.088;3.756068978010185;3300.364;44.182;22;;;;;;;;320.04;326.136
FCOO;-0.0091464037501432;0.2781613736005811;345.49;2.4388707368593163;2047.482;28.089;14;;;;;;;;348.08160000000004;342.90000000000003
FCOO;-0.009274812847469;0.2783846188005922;345.49;1.386314239460933;1790.857;25.0;6;;;;;;;;345.49;345.49
FCOU;0.0282092328106329;0.2799085737232412;352.04400000000004;0.2458066042505675;2052.036;28.819;2;;;;;;;;350.224;353.864
FCPP;-0.0840559666398318;0.2074606650360929;16.611;2.898852261222422;2610.152;42.552;17;;1000.276;0.0523598775598298;;;;;17.0688;16.154400000000003
FDMS;-0.4630188268897968;0.5464200479635144;624.84;4.072006035745246;2600.212;41.213;25;;1000.139;0.0523598775598298;1001.734;0.0593411945678072;;;632.46;617.22
FDSK;-0.4600454810037201;0.5535680217434089;331.774;3.1362210537509303;3565.755;40.267;20;;;;;;;;330.708;332.8416
FEFF;0.0767839413079304;0.3232231515568877;364.236;2.888128609232318;2596.107;42.321;16;;993.254;0.0523598775598298;;;;;368.1984;360.27360000000004
FEFT;0.0736797637321887;0.2755235567534929;587.9592;2.9357172802159712;1509.593;25.0;17;;;;;;;;587.9592;587.9592
FGSL;0.0655424106530561;0.1519954797475413;18.135;3.8707112789932823;2939.297;42.303;22;;1164.849;0.0523598775598298;1164.849;0.0523598775598298;;;13.1064;23.1648
FHAW;-0.1390955734546652;-0.2512165291825142;72.694;2.03850573275352;3052.7;44.0;13;;1221.55;0.0523598775598298;;;;;80.1624;65.2272
FIMP;-0.3565748652086797;1.0067686670493907;42.824;2.0459292289274904;3370.0;47.09;14;;1179.315;0.0610865238198015;1117.856;0.0523598775598298;332.301;;55.778400000000005;29.8704
FIMR;-0.344835749301668;1.105857616932363;22.707;1.8480249487804516;1339.833;29.025;12;;365.117;0.0523598775598298;365.117;0.0523598775598298;;;19.871;25.374
FJDG;-0.1276405737936643;1.263811448884428;4.114;2.12724324611328;3660.771;58.981;13;;;;1525.586;0.0523598775598298;;;3.9624;3.9624
FKKC;0.0713856273036266;0.1633762567968724;44.958;0.7548986394386025;1372.548;41.101;5;;;;;;;;46.0248;43.891200000000005
FKKD;0.0699180161831612;0.169640550034592;7.010400000000001;2.0357579736456426;2887.219;43.333;12;;1138.809;0.0523598775598298;;;;;10.0584;3.9624
FKKM;0.0983813929741967;0.1876353474682298;1209.1416000000002;3.7956207568542544;2086.745;41.713;22;;;;;;;;1209.1416000000002;1209.1416000000002
FKKN;0.128404129255957;0.2366527700863474;1106.1192;3.528517662524145;2619.821;42.86;20;;;;;;;;1100.0232;1112.2152
FKKU;0.0966381563842527;0.1807224470686566;1317.497;5.712964249404464;2500.627;44.666;33;;945.514;0.0523598775598298;945.514;0.0523598775598298;;;1321.0032;1313.9928
FKKV;0.1054046754192442;0.1766723798223373;1226.972;6.131313736988048;2498.609;42.048;36;;438.015;0.0523598775598298;944.505;0.0523598775598298;506.489;;1239.099;1218.8952000000002
FKKY;0.0669525700547126;0.2011217278662969;745.083;0.4201455186503487;1989.728;39.367;3;;690.0672000000001;0.0523598775598298;;;;;740.0544;750.1128
FKYS;0.064971006554639;0.2016440637417779;691.8960000000001;0.1726977638508384;3402.691;42.732;1;;1396.546;0.0523598775598298;;;;;690.0672000000001;693.7248000000001
FLKE;-0.2194389231862435;0.4868452956245235;1413.0528000000002;4.961200675088048;1429.166;21.652;29;;;;;;;;1414.788;1411.316
FLLC;-0.2690238000239643;0.4944654993604053;1280.16;1.257357009752365;2021.535;17.845;8;;;;;;663.823;;1280.16;1280.16
FLLI;-0.3105838865512436;0.4472660118799165;1014.0;1.8428938553125132;1100.334;30.153;11;;;;;;;;1013.802;1014.207
FLMF;-0.2314125507130339;0.5573954913747869;561.594;1.441393950860608;2184.219;33.878;9;;787.31;0.0523598775598298;;;;;561.1368;562.0512
FLMG;-0.266245589854645;0.4042693124909927;1061.465;1.4955878203984334;1448.271;16.802;10;;;;;;;;1067.7144;1055.2176
FLND;-0.2777794642068077;0.4875079702066273;1111.212;5.74816788948304;900.626;15.815;34;;;;;;;;1106.924;1115.502
FLSK;-0.2268519796726586;0.5003097829658949;1265.2248;1.577305183174359;2509.932;48.0;10;L;;;;;;;1268.865;1261.583
FLSK;-0.2268757491656106;0.5002843008835115;1265.2248;1.577327523388785;1208.398;20.124;10;R;;;;;;;1267.191;1263.257
FLSO;-0.2251564459154434;0.4913071879640585;1263.396;1.8436335258495085;2004.145;26.444;11;;;;;;;;1266.578;1260.214
FMCH;-0.2012991778787545;0.755236678113378;22.098;0.172346027646684;2898.562;56.997600000000006;2;;1144.481;0.0523598775598298;1144.481;0.0523598775598298;;;20.1168;24.0792
FMCI;-0.2146407215847444;0.7638676607141616;22.098;2.1514337538920167;1290.408;28.601;13;;;;;;;;24.0792;20.1168
FMCV;-0.2117269106128217;0.7754597689586662;17.9832;1.65893074163163;1345.586;28.109;10;;514.763;0.0523598775598298;;;;;13.1064;22.86
FMCZ;-0.2235605193244093;0.7903200986100918;5.029;2.616708966596176;1932.519;43.415;16;;359.371;0.0523598775598298;620.101;0.0523598775598298;253.727;;2.456;7.010400000000001
FMEE;-0.3645918435365777;0.9689307785685052;12.268;5.176577969975578;2670.984;43.891200000000005;32;;628.474;0.0663225115757845;894.567;0.0523598775598298;354.827;120.646;21.677;7.597
FMEE;-0.3645824223441473;0.969000873800634;12.268;4.926242951901078;3199.086;43.77;30;;1221.157;0.0610865238198015;1074.507;0.0575958653158128;;121.063;9.4488;11.666
FMEP;-0.3720884794586975;0.9673024376139494;14.9352;5.394968052217901;2184.585;43.747;33;;740.645;0.0523598775598298;716.553;0.0523598775598298;84.344;88.976;11.282;18.588
FMMI;-0.3280679461239327;0.8286615273949758;1267.0536;1.7268909829110233;3099.474;43.959;11;;;;1244.937;0.0523598775598298;;;1279.2456;1254.8616
FMMN;-0.3414410010853501;0.793262093186451;61.8744;2.574194142280996;1093.203;24.958;16;;;;;;;;61.8744;61.8744
FMMS;-0.2983809905030705;0.86945677304261;3.048;3.029940625214137;1417.703;27.389;19;;;;;;;;3.048;3.048
FMMT;-0.3160687116790829;0.8620630056187094;6.553;6.1762098885346495;2280.279;39.487;1;;;;;;;;6.096;7.010400000000001
FMMV;-0.3540340924952977;0.773564373284019;8.077;1.52276242231906;1500.961;29.52;10;;;;445.68;0.0436332312998582;;;7.315200000000001;8.8392
FMMV;-0.3540308682238509;0.7734787516146756;8.077;2.16354504735721;1339.738;29.0;14;;;;;;;;8.077;8.077
FMNA;-0.2155377185825556;0.8603026509366806;104.5464;5.3034150609752855;1510.18;29.15;31;;;;;;;;113.9952;95.0976
FMNC;-0.2821135579734954;0.8687170514416648;2.7432000000000003;1.684331914499305;1227.293;18.03;11;;;;;;;;2.7432000000000003;2.7432000000000003
FMND;-0.2557056922656043;0.8660448735747308;471.068;3.2366764459091923;1226.048;17.941;20;;;;;;;;469.0872;473.0496
FMNH;-0.2617877683284851;0.878253919730509;6.096;2.8383629890726527;1191.64;25.0;18;;;;;;;;6.096;6.096
FMNL;-0.2553323380167583;0.8336312590671051;104.8512;4.875680763470803;1227.139;20.276;29;;;;;;;;121.293;88.409
FMNM;-0.2734430999912609;0.8089914741992588;19.049;2.306007547551248;2188.569;43.57;14;;;;789.484;0.0523598775598298;;;10.9728;27.1272
FMNN;-0.2323391396177525;0.8432524070417747;5.943;0.7507169527238717;2189.95;40.356;5;;;;790.175;0.0523598775598298;;;8.0;4.8768
FMNQ;-0.2922385017751882;0.7763863929734187;38.1;4.400149402669979;847.826;13.127;26;;;;;;;;38.1;38.1
FMNR;-0.2694402284327362;0.8672392311035635;3.9624;2.2814425619282037;1295.09;19.786;14;;;;;;;;4.554;3.371
FMNS;-0.2492434857173343;0.8757323639090164;5.486400000000001;2.6382780945581725;1877.42;28.691;16;;;;;;;;6.096;4.8768
FMNV;-0.2334674005572065;0.872724479502367;5.7912;2.2864336799901315;1231.809;22.727;14;;;;;;100.446;;5.7912;5.7912
FMNW;-0.260030873935353;0.8376502578345356;28.041600000000003;0.0431516076927704;1497.278;25.0;1;;;;;;;;28.041600000000003;28.041600000000003
FMSD;-0.4370239078456488;0.8194978631620546;7.010400000000001;4.050241954505801;1797.795;27.0;26;;;;;;;;6.7056;7.315200000000001
FMSF;-0.3742273359106539;0.8222557095117105;1108.709;1.0747723222081216;1244.152;26.53;8;;;;;;;;1113.7392;1103.6808
FMSK;-0.386062746937315;0.8381321001375825;10.0584;0.5876846826442377;1198.0;22.449;5;;;;;;;;10.0584;10.0584
FMSM;-0.3700383343590679;0.8440122974066395;5.638;0.3857019171011387;1515.579;27.426;4;;;;;;;;5.486400000000001;5.7912
FMSR;-0.3796644991674707;0.7570404287973104;3.9624;3.635124816696911;1297.627;25.0;23;;;;;;;;3.9624;3.9624
FMST;-0.4081146979924482;0.7632045570094211;6.476;0.4066329701418984;2002.282;25.0;4;;;;;;;;5.1816;11.2776
FNBG;-0.2200683934290629;0.233936298961088;33.528;2.2758032285820846;1600.478;28.39;14;;;;;;;;31.0896;35.9664
FNCA;-0.0976880517280365;0.2127237917559703;16.764;3.124436067042689;2507.36;29.634;18;;;;;;;;20.1168;13.4112
FNCT;-0.2178086121686743;0.2353965486777786;3.9624;3.32070165755503;3704.0;41.764;20;;;;;;;;3.9624;3.9624
FNDU;-0.1291653323459782;0.363353038655382;751.789;3.860372297570319;1898.611;25.0;22;;;;;;;;741.5784;763.774
FNGI;-0.2974642382595169;0.2737350282198147;1111.9104;5.147807788052778;3235.221;25.0;30;;;;;;;;1111.9104;1111.9104
FNHU;-0.2235572248328947;0.2750735085367021;1700.63;1.754321816619135;2659.802;45.336;11;;1025.101;0.0523598775598298;;;;;1704.4416;1696.8216
FNKU;-0.2164995930713461;0.295799562320987;1727.651;4.3486951764590085;2679.167;43.213;26;;;;;;;;1710.314;1744.989
FNLU;-0.1547303231733188;0.230837908689268;71.17;3.955413503855969;3704.0;40.5384;23;;1396.333;0.0523598775598298;1548.539;0.0523598775598298;152.206;;70.7136;72.5424
FNLU;-0.1544828325443407;0.2310128034714806;71.17;4.321665436866298;2496.448;42.299;25;;;;;;175.898;;67.9704;73.4568
FNMA;-0.1662415281469251;0.2847044561119453;1173.082;5.2939990096607765;2199.657;38.033;31;;;;;;;;1173.761;1172.404
FNME;-0.2558210813920245;0.3092676698969653;1421.892;2.065336417545041;3498.407;41.666;13;;;;1441.892;0.0523598775598298;;;1420.0632;1423.7208
FNNG;-0.1353378694112087;0.2668198651736124;1258.84;5.8499972048284725;2451.217;28.829;34;;;;;;;;1254.766;1262.916
FNPA;-0.1871322440890974;0.2402515329568851;4.782;0.944590342603552;1001.403;26.694;6;;;;;;;;4.135;5.431
FNSA;-0.1691033996753616;0.3566017848518955;1092.4032;2.27134461047494;3406.869;42.962;13;;;;;;;;1092.4032;1092.4032
FNSO;-0.107183250258311;0.2159278398231474;10.917;4.103098727303674;2140.616;35.826;24;;;;;;;;11.551;10.285
FNSU;-0.1949210715650254;0.2416850444322016;8.096;0.77197490593353;948.6;18.476;5;;;;;;;;5.686;10.506
FNUE;-0.2053763773790507;0.3472050914228491;1356.0552;4.9563814719574415;3349.665;43.7;29;;;;;;;;1354.2264;1357.884
FNUG;-0.1326993913251486;0.2622844602253154;832.197;3.2291635016110574;2373.835;30.335;19;;;;;;58.1;61.23;838.259;826.136
FOGM;-0.0322010505601506;0.1929727514153851;85.496;2.923742925283889;1798.234;25.0;17;;;;;;;;85.03920000000001;85.95360000000001
FOGO;0.0269332639585514;0.2021338175057976;656.386;3.5675062236185955;1797.083;25.0;21;;;;;;;;659.892;652.8816
FOGQ;-0.0116328261310442;0.2386480108951834;403.86;4.40739199546698;1490.505;23.731;26;;;;;;;;403.86;403.86
FOGR;-0.0123131532579713;0.1787970050072186;23.926;3.873937171049744;1804.486;25.0;23;;;;;;;;21.9456;25.908
FOOB;0.0362525436639579;0.2005753455187076;596.917;2.1415498845248027;1830.539;25.0;12;;;;;;;;596.571;597.265
FOOG;-0.012475373317945;0.1527717079815153;3.505;0.3876002244620704;2600.475;44.785;3;;299.354;0.0523598775598298;939.563;0.0523598775598298;;;3.9624;3.048
FOOL;0.0079995403443933;0.164277640598364;9.144;5.832767488985709;3054.658;39.693;34;;;;1222.529;0.0523598775598298;;;9.144;9.144
FOON;-0.0289084257291101;0.2345386545049476;434.0352;5.649908296056712;3133.284;42.628;33;;;;;;;;430.0728;437.9976
FPST;0.0066008736271675;0.1171476085671639;8.382;4.948293441670774;2220.724;41.961;29;;744.684;0.0523598775598298;745.636;0.0523598775598298;60.878;59.927;4.8768;11.8872
FQBR;-0.3455120738847302;0.6092893074214745;10.21;0.7829874622747162;863.586;37.725;6;;;;;;;;10.21;10.21
FQBR;-0.3455129282288885;0.6092534093623667;10.21;1.8313962196123204;2401.978;44.0;12;;928.258;0.0523598775598298;896.022;0.0523598775598298;;;9.7536;10.668
FQBR;-0.3455399102899425;0.6092772529765013;10.21;5.934253847133124;1482.738;36.2712;35;;;;;;;;10.21;10.21
FQCH;-0.3342541058823173;0.5834438049782705;691.438;3.2237117911595283;2402.324;47.644;19;;888.912;0.0523598775598298;892.479;0.0523598775598298;;;693.731;692.5056000000001
FQIN;-0.4167232862432743;0.6179818574172633;7.315200000000001;0.8228209023534725;970.251;34.465;6;;;;;;;;7.315200000000001;7.315200000000001
FQIN;-0.4167238421521444;0.6179955191215663;7.315200000000001;2.598640445514905;1493.902;33.0;16;;;;;;;;6.721;9.4488
FQLC;-0.2316747231878555;0.6155126779641232;1369.4664;1.235744161292606;2528.98;45.0;8;;;;;;;;1372.8192;1366.1136
FQMA;-0.4522191384565673;0.568610697306464;39.395;0.5049760950262269;3673.686;46.519;5;;488.256;0.0523598775598298;1532.043;0.0523598775598298;1043.786;;36.2712;44.805600000000005
FQMA;-0.4523992412271422;0.5685375826114196;39.395;1.5111666293017347;1695.925;43.827;10;;;;;;;;36.2712;40.2336
FQMD;-0.2037316770992538;0.6905081785134604;840.934;2.7564211769549205;2341.265;18.0;16;;;;;;;;832.633;849.235
FQMP;-0.1982998037542116;0.7043269104924477;27.1272;3.5739464885584544;2001.586;34.303;21;;;;;;;;27.1272;27.1272
FQNP;-0.2636404897074815;0.6855950520182115;424.8912;0.8018294609205937;1997.085;39.786;5;;693.742;0.0523598775598298;693.742;0.0523598775598298;;;434.9496;416.052
FQNP;-0.2636637910666481;0.6857857931290586;424.8912;2.0810501403995216;1567.362;40.772;13;;;;;;;;425.8056;422.7576
FQPB;-0.2267745444928869;0.7072914379083425;98.907;2.803293913879405;1786.275;41.169;17;;;;;;;;100.8888;96.9264
FQPB;-0.226668594113914;0.7072170202409288;98.907;4.4767339266487145;791.463;23.4696;26;;;;;;;;98.907;98.907
FQQL;-0.3116415295091752;0.6434799187671987;4.8768;6.1823686318661615;1787.051;45.388;36;;588.726;0.0523598775598298;588.726;0.0523598775598298;;;4.8768;4.8768
FQTT;-0.2810798483553406;0.5871341114105365;160.02;0.0247885640455543;2492.295;38.278;1;;941.347;0.0523598775598298;941.347;0.0523598775598298;;;160.02;160.02
FQVL;-0.38429634942834;0.6163436310376066;14.706;1.5625964209031769;747.49;29.0;10;;;;;;;;17.0688;12.192
FQVL;-0.3842742944753772;0.6163185936823192;14.706;2.7238210445215443;1456.409;37.808;17;;;;;;;;16.154400000000003;13.4112
FTFY;0.3233708672717449;0.3523581676920168;396.04;4.713065470002763;3636.515;31.455;27;;;;;;;;393.094;398.987
FTTD;0.1506038233337514;0.2805541146088007;425.5008;0.6056309259581143;2996.412;43.77;4;;;;;;;;421.5384;429.4632
FTTJ;0.2117731212691096;0.2623928409988572;294.894;0.7981367281958093;2799.779;44.182;5;;;;1095.089;0.0506145483078355;;;295.0464;294.7416
FTTY;0.3127190213396063;0.3335545365062544;235.0008;1.0155643311688265;2796.457;38.657;6;;;;;;;;230.882;239.12
FVBU;-0.3494372761965905;0.4996250358758111;1328.355;2.014441918425186;2716.108;46.547;13;;997.641;0.0523598775598298;986.82;0.0523598775598298;55.613;66.434;1327.363;1329.348
FVBU;-0.3492269612418427;0.4994961118313214;1328.355;0.1337984065344569;1350.088;24.864;2;;;;;;;;1331.783;1324.928
FVCZ;-0.3666606145091926;0.5511493539257097;431.444;2.2679872951258035;1756.168;29.667;14;;392.899;0.0523598775598298;;;180.385;;433.1208;429.768
FVFA;-0.3158522992817807;0.4509204280553044;1062.5328;5.062347043097176;4008.395;43.84;30;;1707.143;0.0523598775598298;1647.725;0.0523598775598298;;;1058.2656;1066.8
FVHA;-0.3129681153267993;0.5426730037164622;1481.901;3.923670677151173;4715.498;45.557;23;;2052.949;0.0523598775598298;2052.949;0.0523598775598298;;;1495.703;1468.101
FVKB;-0.2883250671763575;0.5041371277615969;513.5880000000001;1.4444695700684722;1640.19;18.251;9;;515.295;0.0523598775598298;515.295;0.0523598775598298;;;507.1872;519.9888000000001
FVMT;-0.3042439038826602;0.5617255494381332;1203.96;1.4644127492993106;1099.683;13.772;9;;;;;;;;1203.96;1203.96
FVMV;-0.3501511451092389;0.5386348894861291;1094.5368;2.830591910578148;1732.072;18.363;17;;561.236;0.0523598775598298;;;;;1095.756;1093.3176
FVMV;-0.3500319172857786;0.5385544875084926;1094.5368;4.668190262407186;1197.2544;15.783;28;;;;;;;;1094.5368;1094.5368
FVTL;-0.3392325858045606;0.521184289775749;1426.4640000000002;5.168305632919901;2665.522;34.029;31;R;;;;;;;1426.4640000000002;1426.4640000000002
FVTL;-0.3392495849126418;0.5211759179832207;1426.4640000000002;5.168632707621724;2666.936;17.0688;31;L;;;;;;;1426.4640000000002;1426.4640000000002
FVWN;-0.3251527951190494;0.4716033199045787;1077.925;1.1865577286452151;4601.585;25.0;8;;;;;;;;1079.9064;1075.944
FWCL;-0.2736420685533858;0.6103312015786434;766.069;4.824849968868645;2323.716;25.0;28;;857.058;0.0523598775598298;857.058;0.0523598775598298;;;778.764;753.4656
FWCL;-0.2735980522742168;0.6103654767739619;765.124;5.5905217229283535;1360.228;25.0;33;;;;;;;;776.0208;752.2464
FWDW;-0.2184632211957679;0.5957051026667255;493.828;2.443533209423094;1358.05;18.037;14;;;;;;;;494.31;493.347
FWKA;-0.1737176539575736;0.591545031783075;531.5712;5.540156407637702;1676.119;16.135;32;;;;;;;;531.5712;531.5712
FWKI;-0.2406694398881958;0.5895890986077502;1225.9056;2.269490547210546;3540.786;43.718;14;;;;;;;;1226.8200000000002;1224.9912000000002
FWUU;-0.1997372670588995;0.5936225236979997;1253.9472;5.96128376125876;1300.671;17.349;35;;;;;;;;1254.5568;1253.3376
FXMM;-0.5140965355556695;0.4809179884921992;1623.212;3.4072574220833345;3197.801;39.12;22;;1294.1;0.0523598775598298;1090.194;0.0523598775598298;;203.906;1621.536;1623.3648
FXMM;-0.5142139552123838;0.4808689826871012;1623.212;4.628899410286289;1003.298;25.0;29;;196.849;0.0523598775598298;;;;;1630.0704;1617.8784
FYAR;-0.3920322251214709;0.2614409611663844;568.7568;4.502759927388604;1918.451;20.0;28;;;;;;;;580.644;556.8696
FYGF;-0.3420620917334114;0.3164552243884124;1404.8232;1.1827747274915172;3555.888;44.801;8;;1471.333;0.0523598775598298;1471.333;0.0523598775598298;;;1404.8232;1404.8232
FYKM;-0.3077755227144744;0.4219616018725273;955.548;4.543790698240813;2295.083;30.0;27;;;;;;;;952.8048;958.2912
FYKT;-0.4632058872987565;0.3161053021860814;1061.77;3.4186210863101443;2313.533;47.0;22;;853.075;0.0523598775598298;853.075;0.0523598775598298;;;1068.6288;1048.811
FYKT;-0.4631689573947635;0.3161165373969303;1061.77;5.854889886320588;1431.551;33.0;36;;;;;;;;1062.8376;1067.4096
FYLZ;-0.4657180043728018;0.2660599826109774;128.778;0.2950881398888998;1830.505;34.0;4;;;;;;;;128.162;119.4816
FYLZ;-0.4657932861371608;0.2661287280573582;128.778;1.721695399527224;1205.329;32.705;12;;;;;;;;128.32080000000002;139.59
FYML;-0.429405890684656;0.3128544641470572;1112.52;6.093379005695952;2003.0;25.0;1;;;;;;;;1112.52;1112.52
FYML;-0.4294256634854154;0.3127778462508523;1112.52;4.941039329700711;1512.924;30.0;30;;;;;;;;1112.52;1112.52
FYOA;-0.3120781344840963;0.2783271085650601;1096.9752;1.1420296670378594;1657.082;44.135;8;;;;;;;;1096.9752;1096.9752
FYOG;-0.4988988296873609;0.2870431588768742;3.9624;0.0077243499217764;1598.331;29.295;2;;;;494.365;0.0523598775598298;;;3.9624;3.9624
FYRU;-0.3134012034466579;0.344163673032708;1098.4992;4.393462173640963;3289.021;29.759;26;;;;;;241.291;;1090.111;1105.5096
FYRU;-0.3133755087535136;0.3442333079332812;1098.4992;6.13008153453614;1353.887;19.966;36;;;;;;;;1098.4992;1098.4992
FYTM;-0.3361870244304191;0.3094896121246071;1326.7944;1.8812553196067223;1547.7;17.591;12;;;;;;;;1326.7944;1326.7944
FYWB;-0.4010665751984147;0.2556400345516493;83.972;4.396231487565102;3434.688;56.331;27;;1412.544;0.0523598775598298;;;;;96.3168;71.628
FYWE;-0.3945310881577181;0.2980840786002598;1693.544;2.9886148937183403;2194.073;27.803;19;;792.237;0.0523598775598298;699.847;0.0750491578357561;;92.39;1679.448;1699.26
FYWE;-0.3946607612162643;0.2980940264431989;1693.544;4.457501794555139;1004.604;30.337;27;;;;;;;;1697.1264;1698.3456
FYWH;-0.3923601118764133;0.3048996227769365;1670.899;1.1092276000100274;4573.126;44.181;8;;1800.023;0.0523598775598298;1950.284;0.0523598775598298;;;1719.3768;1676.7048
FYWH;-0.3924030046344974;0.3049737595640789;1697.811;2.4651306117189726;1509.822;37.197;16;;;;450.111;0.0523598775598298;;;1698.9552;1696.212
FZAA;-0.0766041252692992;0.2694658275485659;304.952;0.9974497683018876;3368.688;59.622;6;;;;1379.544;0.0523598775598298;77.148;;304.1904;305.7144
FZBO;-0.0577942698547487;0.3033685990341284;324.0024;1.8525048599044704;1373.974;22.394;11;;;;;;;;322.859;325.146
FZCA;-0.0878906845426532;0.3278717122433373;479.1456;0.8024015100362275;1560.414;27.578;6;;;;;;;;479.1456;479.1456
FZEA;0.0003927057291984;0.319198496172884;315.1632;3.02250883872622;2189.131;40.553;18;;;;789.766;0.0436332312998582;;;319.1256;311.2008
FZFD;0.074226643471925;0.3660918943778116;410.5656;1.2695186385131867;3194.077;58.788;7;;;;;;;;414.2232;406.908
FZGA;0.0378868864837535;0.3751905660368645;462.9912000000001;3.97401976087978;2184.916;43.05;23;;;;;;;;469.424;456.559
FZIC;0.0084069162160906;0.4422318181855423;430.225;2.181632592527329;3488.737;48.768;12;;1439.5704;0.0436332312998582;1439.5704;0.0436332312998582;;;428.8536;431.5968
FZKA;0.0273291471458181;0.5274499327992164;1253.6424;1.678900100801248;1769.391;26.391;9;;;;;;;;1240.905;1266.379
FZKJ;0.0491854533887022;0.4327366216058253;420.0144;4.4100049278901405;2092.921;25.0;25;;741.661;0.0436332312998582;;;;;420.0144;420.0144
FZMA;-0.0403370401996333;0.5028188318130886;1714.042;6.008396131889544;1496.812;41.456;35;;;;;;;;1704.4416;1723.644
FZNA;-0.0291401226945045;0.510303932138514;1531.162;3.045074898756956;2269.875;44.29;17;;;;830.137;0.0523598775598298;277.887;;1545.9456;1516.38
FZOA;-0.050948433521044;0.4523084915422916;495.6048;6.211203216438359;2169.917;45.183;36;;;;780.159;0.0436332312998582;;;496.2144;494.9952
FZQA;-0.2023066427465673;0.4805016927213332;1299.6672;1.156381160411158;3199.427;49.433;7;;1294.913;0.0523598775598298;;;;;1310.9448;1288.3896
FZQM;-0.1879119209086237;0.4452171385437371;1499.0064;4.902358121087536;2347.232;27.564;29;;;;;;;;1496.697;1501.315
FZRF;-0.1025469702814975;0.5104979813947778;777.24;1.0120675291058707;1713.435;29.283;6;;;;;;;;778.1544;776.3256
FZSA;-0.1508708175865623;0.4405028830827412;1101.5472;5.259543417699605;2696.488;39.582;31;L;;;;;;;1100.9376;1102.4616
FZSA;-0.1507913226181349;0.4409896641972238;1101.5472;5.257798437513461;2686.05;36.8808;31;R;;;;;;;1101.2424;1101.5472
FZUA;-0.1029756520921013;0.3921608916923787;646.7856;5.020744676914938;2197.447;45.389;29;;793.923;0.0436332312998582;;;;;653.1864;640.3848
FZWA;-0.1068342682246656;0.4113562104163565;671.4744000000001;5.957488717333224;1997.292;42.574;34;;;;693.972;0.0523598775598298;;;673.9128000000001;669.0360000000001
GABS;0.2187729794698719;-0.1387191587811974;371.094;4.130228823328375;3193.249;44.968;24;;1291.825;0.0516617458590321;;;;;380.0856;362.1024000000001
GAGO;0.2835900987459167;-9.267488504285376e-05;257.022;1.089605596268141;2501.33;45.57;6;L;945.865;0.0558505360638185;;;;;255.1176;263.0424
GAKY;0.242204631972251;-0.2036528726281598;152.159;2.7999444525119035;1336.038;18.623;17;;;;;;;;150.023;154.296
GAMB;0.2532946979408703;-0.0712014400657746;275.082;0.8226841558065787;2534.023;26.087;5;;;;;;;;276.1488;274.0152
GATB;0.2920011403909909;-0.0524917087151266;262.7376;1.1837610130518192;2106.617;28.807;7;;;;;;;;263.3472;262.128
GBYD;0.2327896364627543;-0.2906366318356373;24.6888;2.2825820873968303;3596.368;44.0;14;;1493.384;0.0523598775598298;1493.384;0.0523598775598298;;;26.8224;22.555200000000003
GCFV;0.4965146945385622;-0.2419707230747209;18.288;3.1709077273050656;3409.478;42.347;19;;849.38;0.0610865238198015;373.126;0.0523598775598298;464.91;1004.975;28.667;4.05
GCHI;0.4854592763217323;-0.3121868975668962;26.5176;5.806495396821289;1257.684;28.938;34;;466.059;0.0837758040957278;494.573;0.0837758040957278;;;31.3944;21.6408
GCLA;0.4996258882694119;-0.3098944074088127;26.06;3.124216679155713;2199.558;44.814;18;;806.57;0.0523598775598298;810.404;0.0523598775598298;;;20.136;32.478
GCLP;0.4875035990074063;-0.2685464049918784;15.5448;3.513562808828431;3088.485;43.659;21;R;1122.339;0.0523598775598298;1112.685;0.0523598775598298;;;9.7536;23.4696
GCLP;0.4874916674475519;-0.2685117943006803;15.5448;3.5132509184911;3086.247;43.829;21;L;1168.61;0.0523598775598298;1051.752;0.0523598775598298;;;7.9248;21.0312
GCRR;0.5051939592876339;-0.2374559940352775;10.0584;0.4683560329931948;2388.696;39.482;3;;794.133;0.0523598775598298;792.53;0.0523598775598298;;;5.459;14.3256
GCTS;0.4894691991453991;-0.2892438089884989;60.502;4.335937866824482;3196.884;64.52;25;;1135.0;0.0523598775598298;1175.239;0.0523598775598298;;;63.7032;57.302400000000006
GCXO;0.4971162757111184;-0.2852134891856923;620.115;1.9319187371336144;3398.565;45.242;12;;1294.466;0.0523598775598298;1277.603;0.0523598775598298;;;628.4976;611.7336
GEML;0.6157606698863632;-0.0516049228855088;43.738;2.554839139008079;1488.579;42.097;15;;288.787;0.0523598775598298;606.669;0.0523598775598298;292.3032;;48.619;40.2336
GFBO;0.1386683487104683;-0.2052620513064346;98.6;0.4783718492518596;1335.6336;11.0;3;;;;;;;;104.508;92.693
GFKE;0.1378186156699621;-0.1950239186071128;147.828;0.5746805485468932;1158.603;25.0;4;;;;;;;;149.521;146.135
GFLL;0.1503820625079514;-0.2302968942757509;26.8224;1.870266377570316;3320.874;43.444;12;;1355.637;0.0523598775598298;1236.427;0.0523598775598298;;119.209;26.2128;27.432
GGOV;0.2076049341159554;-0.2732080968310074;33.07;0.3242877251675677;3194.366;43.771;3;;1292.383;0.0523598775598298;1292.383;0.0523598775598298;;;39.0144;27.1272
GLMR;0.1097650373429632;-0.1877772544230336;5.334;0.6699464659737381;1852.0;28.611;5;;;;556.847;0.0523598775598298;71.422;61.934;5.334;5.334
GLRB;0.1088001024295509;-0.180857168169855;8.2296;3.681496120527298;3356.407;42.403;22;;1007.892;0.0436332312998582;1373.404;0.0453785605518525;365.511;;7.471;8.8392
GMAD;0.5292296389615978;-0.164262285810204;68.58;1.5984717683976752;3190.032;40.922;9;;1290.2184;0.0523598775598298;1290.2184;0.0523598775598298;;;60.0456;77.1144
GMAT;0.4965154903659973;-0.1948017423125784;195.9864;0.4842805218081462;1997.932;30.0;3;;;;;;;;198.218;194.547
GMFB;0.5674820384532925;-0.0346021399542093;1110.538;4.711609690873675;3188.437;40.543;27;;;;;;;;1121.9688;1099.1088
GMFB;0.5675138715506973;-0.0343816489413021;1110.538;4.712157898791726;827.21;32.397;27;R;;;;;;;1110.538;1110.538
GMFF;0.5921430336827307;-0.086879685264761;571.5;1.5750784223014946;3190.308;41.529;9;;1290.354;0.0523598775598298;;;;217.678;566.0136;577.8
GMFK;0.5576010508704983;-0.0768059299419405;1034.947;2.184762316942005;3186.478;43.679;13;;;;;;;;1044.8544;1025.0424
GMFM;0.591391918875784;-0.09634251039322;562.9656;1.3459977446051017;1957.832;44.328;8;;;;;;;;552.9072;552.9072
GMFM;0.5912086035371072;-0.0961727728848762;562.9656;1.4473392404246013;2812.772;46.353;9;;;;;;153.641;;569.633;576.072
GMFO;0.6071509171527459;-0.0335794860956188;457.733;1.0073563967625476;3005.838;45.0;6;;1189.883;0.0558505360638185;;;;;468.019;455.463
GMFO;0.6073931588316557;-0.0338568631656776;457.733;5.426465485629866;3001.51;45.0;31;;;;1195.596;0.0593411945678072;;;455.0664;452.9328
GMMA;0.4665668128490818;-0.2039213941674454;176.152;2.643525252421368;2993.485;31.0;17;;;;;;;;172.047;185.581
GMME;0.5943097616499332;-0.1178364206189507;78.0288;0.5466766010723041;3495.067;43.0;3;;887.084;0.0523598775598298;873.767;0.0523598775598298;;;84.813;73.855
GMMH;0.4139636960952679;-0.2780642904557261;9.4488;0.398202768055378;2998.381;44.0;3;;;;;;;;10.9728;7.9248
GMMI;0.547981890513859;-0.1689833058043983;115.062;2.771628928859248;2087.633;41.777;16;;;;739.017;0.0523598775598298;;;102.108;128.01600000000002
GMML;0.4737149290196693;-0.2309340087531738;67.513;3.429594145850358;2700.534;42.15;20;;1125.3216;0.0523598775598298;1125.3216;0.0523598775598298;;;71.383;67.9704
GMML;0.4737761843254844;-0.2307202978779247;67.513;3.695247569703761;2498.554;45.0;22;;1023.8232;0.0523598775598298;1023.8232;0.0523598775598298;;;67.056;67.9704
GMMN;0.5823797817469559;-0.1324357422783457;196.977;2.862946126119918;3704.0;39.352;17;L;1548.557;0.0471238898038469;;;;;192.9384;199.9488
GMMN;0.5823638534949088;-0.1325045189336456;196.977;2.8628396610355464;3704.0;43.11;17;R;1548.461;0.0523598775598298;;;;;195.072;199.9488
GMMW;0.6106783110771473;-0.0528458831326746;177.546;4.504740177957916;3000.319;42.091;26;;1195.143;0.0488692190558412;1198.711;0.0558505360638185;;;174.04080000000002;181.0512
GMMX;0.5516441596334964;-0.1402587337678182;464.8200000000001;1.673707746276565;3099.571;44.753;10;;1118.197;0.0523598775598298;1095.812;0.0523598775598298;;;458.7240000000001;470.916
GMMY;0.5986744479594946;-0.1151914569294059;4.368;4.237820517732192;2441.036;41.273;25;;;;;;;;3.6576;4.8768
GMMY;0.5985876442523432;-0.115040436970247;4.368;3.47065755435958;1852.0;37.016;21;;;;;;;;3.9624;3.9624
GMMY;0.5986701820903755;-0.1150805248267338;4.368;4.712387235055438;1827.8856;39.259;27;;;;;;;;4.368;4.368
GMMZ;0.5399889976692179;-0.1205928547650207;1142.0856;5.1807489578219945;2999.364;45.175;30;;1194.344;0.0523598775598298;1199.048;0.0523598775598298;;;1132.0;1153.0584
GMTA;0.6139594841854633;-0.0670128520323656;17.526;3.012757684195328;2496.817;41.987;17;;943.608;0.0523598775598298;;;;;6.096;28.956000000000003
GMTN;0.6212392571315125;-0.0928507707082466;3.2;0.951739996617884;2302.59;44.887;6;;;;;;244.913;;4.148;2.4384
GMTT;0.6236349142231035;-0.1033416644427468;12.4968;4.825757540079683;3500.142;42.154;28;;940.158;0.0523598775598298;1444.737;0.0523598775598298;504.578;;21.0312;6.096
GOBD;0.2560574831019618;-0.2979775313507107;80.01;6.27240650278512;3507.759;57.526;1;;1370.428;0.0523598775598298;1313.9928;0.0523598775598298;;;82.9056;77.1144
GOGG;0.2191377727221179;-0.284208327926215;21.488;4.6721975383697645;1986.418;30.489;28;;688.409;0.0471238898038469;;;;;24.0792;18.8976
GOGS;0.2163386486759374;-0.2923072842821604;11.8872;2.3633800107228056;1996.755;29.396;14;;;;693.578;0.0523598775598298;;;14.630400000000002;9.144
GOOK;0.246911254901988;-0.2801494987758796;7.9248;0.8818210421321475;1599.958;14.113;6;;;;;;;;7.9248;7.9248
GOOY;0.2572331016254778;-0.3054644183867502;19.5072;3.531343874181899;1493.506;27.785;21;;;;;;;;17.0688;18.8976
GOOY;0.2572936605822872;-0.305066777747231;19.5072;3.0126794934448387;3468.0144;42.316;18;;1285.291;0.0523598775598298;;;143.918;;18.8976;23.1648
GOSM;0.2721791621774633;-0.2325323423320877;25.908;5.333570161659544;1955.241;111.817;31;;;;;;;;22.97;28.846
GOSS;0.2801301394932973;-0.2873008743279477;3.048;3.012372315496487;1901.936;32.276;18;;;;;;;;3.048;3.048
GOTK;0.2194303095245928;-0.2132846784486762;165.5064;1.8140855379455576;1797.496;16.312;11;;;;;;;;176.017;155.0
GOTT;0.2397513768700432;-0.2382920731737105;49.225;0.8589274361606902;1987.83;14.544;6;;;;;;;;49.0728;49.3776
GQNO;0.3195382208609237;-0.2787039796689685;1.8288;2.6129216021193487;2980.677;69.276;16;;;;;;;;0.9144;1.8288
GQNO;0.3194678076879324;-0.2789182523047601;1.8288;4.00340255337003;2509.154;66.876;24;;;;;;;;1.8288;2.7432000000000003
GQPA;0.357910076391299;-0.2276452596797646;231.9528;0.5149991020414098;2987.942;25.214;3;;;;;;;;231.089;232.817
GQPP;0.3653486286139996;-0.2972276356421635;1.524;0.2500214871276712;2426.823;41.903;2;;;;;;;;0.9144;2.1336
GUCY;0.1671482857341611;-0.2375729416570916;18.5928;0.8617928653667369;3290.942;47.276;6;;;;;;;;20.7264;16.4592
GVAC;0.2921237212226888;-0.4005348922516858;54.864;6.276516404107716;3000.4512;41.865;1;;1195.4256;0.0523598775598298;1195.4256;0.0523598775598298;;;56.083200000000005;53.6448
GVAC;0.2921706106729655;-0.4005902412695755;54.864;4.15282071423204;1499.156;29.077;25;;;;444.778;0.0523598775598298;;;54.864;54.864
GVBA;0.2816484260960286;-0.3994814039810994;22.555200000000003;0.2897152834129755;2093.352;41.156;3;;;;;;;;17.3736;27.7368
GVMA;0.2645222957639576;-0.4051556067801359;12.4968;3.173931161168295;1198.329;29.43;19;;;;;;;;17.9832;7.010400000000001
GVNP;0.2607719882343098;-0.4098853652716572;96.774;3.5233061093776894;2096.24;45.407;21;;;;;;;201.532;99.06;94.0
GVSN;0.2895198031133335;-0.4238363060338615;179.984;3.086015436086837;1400.216;20.276;19;;;;;;;200.816;181.0512;178.586
GVSV;0.2938039177467611;-0.4372852903447077;19.659;4.073958361046526;1995.667;44.268;24;;;;545.545;0.0523598775598298;;147.488;30.7848;6.73
HAAB;0.1566809430301797;0.6771890155035257;2318.384;4.425034132611989;3797.743;42.54;25;L;;;;;358.215;361.701;2313.563;2321.835
HAAB;0.1567078665745105;0.6771620900086375;2318.384;4.425624577497939;3704.0;42.238;25;R;1177.615;0.0523598775598298;1543.083;0.0523598775598298;365.468;;2316.604;2321.472
HAAM;0.1054073028201145;0.6560821504893055;1184.909;3.7043021633301834;2798.361;43.622;21;;;;;;;;1182.9288;1186.8912
HAAX;0.2469114363038298;0.6767093188136617;2102.5104;2.8129324946735443;2398.087;43.694;16;;;;;;;;2097.9384;2107.0824
HABD;0.2026014792562628;0.6513858245522892;1821.942;0.7821713986763612;3112.983;45.808;4;;;;;;;;1840.992;1803.081
HADR;0.1679893934096719;0.7304929831496401;1130.5032;5.799654404285172;2699.232;41.136;33;;;;1043.691;0.0474729556542457;;;1132.085;1104.9
HAGM;0.1418715365818147;0.6032428212296259;541.781;3.1368024229247693;2516.479;45.586;18;;;;;;;;533.7048;549.8592
HAGN;0.2185098473207903;0.6533486627009483;1963.2168;2.96513428115956;2842.33;56.265;17;;;;;;;;1986.0768;1940.3568
HAGO;0.1035783275273808;0.7605818062679919;251.917;0.671395752478009;2293.903;33.492;4;;;;;;;;249.849;253.985
HAHM;0.1521324966548454;0.6807799839465372;1883.114;2.77924886184053;3093.678;42.988;16;;;;1242.039;0.0523598775598298;;;1886.563;1879.667
HAJJ;0.162880532376532;0.7489552901902629;1789.7856000000002;0.498851944120489;2500.373;44.045;3;;;;;;;;1795.5768;1783.9944
HAJM;0.1337170498061377;0.6426258398847183;1712.0616;5.320580897767425;3351.489;44.946;31;;;;;;;;1709.0136;1715.361
HAJM;0.1337961819708815;0.6425696560282448;1712.0616;5.320787021152086;1982.579;48.346;30;R;;;;;;;1712.0616;1712.0616
HAKD;0.1175065423448631;0.7721408174538712;526.0848;4.614320151445606;2176.191;48.897;26;;;;;;;;524.481;527.689
HAMK;0.2350492538763181;0.6899922014552304;2249.881;1.951694364756261;3591.541;43.881;11;;;;;;300.105;294.806;2255.916;2243.846
HASO;0.1748906684869085;0.6035718178517511;1557.984;2.0074378248704696;2497.777;42.794;11;;;;;;;;1571.8536;1544.1168
HBBA;-0.0580145911691587;0.5117055324941281;783.488;2.9856530699777064;3605.286;44.769;17;;1497.843;0.0558505360638185;1497.843;0.0523598775598298;;;786.9936;779.9832
HCMH;0.1661222125483801;0.7695101708559289;1362.302;4.107993328657967;2285.42;45.162;24;;;;;;;;1361.8464;1362.7608
HCMI;0.1813217031767455;0.7843687137967403;33.8328;3.9536833589684672;4063.615;42.522;23;;;;;;;;24.384;43.281600000000005
HCMK;-0.0065840500692559;0.741051444193828;15.5448;3.888327759798288;3704.0;38.162;22;;;;;;;;14.9352;16.154400000000003
HCMM;0.0351503928863826;0.790704303809971;6.248;4.017182800479151;3174.924;43.498;23;;1282.662;0.0436332312998582;1282.662;0.0436332312998582;;;8.5344;3.9624
HDAM;0.2015391139987713;0.7532749010679659;11.125;1.584691591101724;3150.663;41.275;9;;;;;;;223.174;14.9352;6.74
HEAL;0.5397336892060242;0.4967460911181108;43.129;5.426214158217579;3497.377;50.196;31;;;;;;;;42.672;43.586400000000005
HEAR;0.5423300411030736;0.5905470485749733;33.8328;2.7414521860922663;3006.777;45.0;16;;1198.589;0.0523598775598298;1198.589;0.0523598775598298;;;30.7848;36.8808
HEAT;0.4720504793458023;0.5412616271669637;229.971;2.268138091573176;3005.869;42.376;13;;1198.134;0.0523598775598298;1198.134;0.0523598775598298;;;224.6376;235.3056
HEAZ;0.5252040980245167;0.5473341572017381;79.781;0.7988272502610683;1134.114;50.193;5;;;;;;;;81.3816;79.8576
HEAZ;0.5252164274980888;0.5473313874101746;79.781;3.157211779598816;2044.415;39.297;18;;769.134;0.0506145483078355;581.426;0.0680678408277788;;174.628;68.2752;89.61120000000001
HEBA;0.5395966020786522;0.5182612858266161;46.405;2.4963510613786477;3012.344;25.0;14;R;1201.372;0.0523598775598298;1201.372;0.0523598775598298;;;52.4256;38.7096
HEBL;0.3905340097547874;0.5517287787163162;187.7568;2.6194650160180006;2999.988;43.151;15;;1195.194;0.0523598775598298;1195.194;0.0523598775598298;;;187.7568;187.7568
HEBL;0.3905139970354629;0.5516913982335546;187.7568;2.618369123780673;2999.0;43.37;15;R;1194.696;0.0523598775598298;1194.696;0.0523598775598298;;;187.7568;187.7568
HECA;0.5255443961764436;0.5482768850187071;104.698;3.9973963518151416;3999.178;60.281;23;C;1603.248;0.0523598775598298;1615.207;0.0523598775598298;;;114.3;116.4336
HECA;0.5255002921221898;0.5486403440896648;104.698;3.9977822441127575;3996.946;60.24;23;L;1502.13;0.0523598775598298;1527.321;0.0523598775598298;;;142.3416;136.5504
HECA;0.5258574430903898;0.5479154857364049;104.698;4.00203735682912;3301.389;57.762;23;R;1258.323;0.0523598775598298;1228.786;0.0523598775598298;;;60.6552;57.912000000000006
HEGN;0.4743617143608749;0.5899453796273324;20.7264;2.867579451685187;4013.4;47.659;16;L;1404.439;0.0523598775598298;1701.9;0.0523598775598298;297.46;;15.611;10.668
HEGN;0.4747313235394379;0.5896818203061716;20.7264;1.7425002478097718;2062.327;18.357;8;;726.363;0.0523598775598298;726.363;0.0523598775598298;;;20.7264;20.7264
HEGN;0.474606565885638;0.5896955834394614;20.7264;2.214495152667035;2764.435;33.941;13;;1077.418;0.0523598775598298;1077.418;0.0523598775598298;;;20.7264;20.7264
HEGR;0.5423231653881011;0.5959901025152561;92.43;1.3166549201547229;2631.074;28.44;8;;;;;;270.646;159.78;94.1832;98.7552
HEGR;0.5425242112938986;0.5955795413832606;92.43;2.889870098759958;2397.142;49.14;17;;;;;;;;84.73440000000001;92.0496
HEGS;0.5379450377872274;0.5269684025853597;5.71;2.166211735921333;3201.083;42.821;12;;1215.397;0.0523598775598298;1061.466;0.0523598775598298;80.345;234.275;5.156;6.266
HEGS;0.5378600188401327;0.5269174228161334;5.71;1.9679427517737973;3135.739;41.49;11;;1170.195;0.0523598775598298;1110.669;0.0523598775598298;92.874;152.4;3.439;7.983
HEIS;0.5310321881021476;0.5643581700002038;10.326;3.143210748339317;593.068;44.467;18;;;;;;;;11.203;9.4488
HEIS;0.5309812375912829;0.5644022682027853;10.326;1.583211447176278;431.695;43.11;9;;;;;;;;10.4;10.254
HELX;0.4480441458085085;0.5708343952047882;86.25840000000001;0.3949527206420693;2990.908;44.871;2;;1190.654;0.0523598775598298;1190.654;0.0523598775598298;;;89.61120000000001;82.9056
HEMA;0.4460738350743006;0.6035895523199867;73.152;5.758196376832074;3227.811;45.0;33;;1309.106;0.0523598775598298;;;;;71.0184;75.2856
HEMM;0.5467326286942327;0.4751090021741261;26.365;2.615899831954952;2999.188;38.454;15;;;;;;;;24.9936;28.041600000000003
HEMM;0.5467920758333018;0.475227713099865;26.365;1.0435801817889143;2896.229;37.533;6;;;;;;;;28.956000000000003;23.4696
HEPS;0.5459288254297432;0.5626945005493125;1.981;1.847677191926992;2345.138;42.505;10;;867.769;0.0523598775598298;867.769;0.0523598775598298;;;2.4384;1.524
HESC;0.5006507326040064;0.5945051821480767;1320.85;2.9941050014134136;2115.145;33.498;17;;;;;;;;1310.3352;1331.3664
HESG;0.4597672164300266;0.5540176174308739;90.8304;5.746952442191951;2986.259;44.577;33;;;;;;;;92.6592;89.00160000000001
HESH;0.48832150480218;0.6002756488578439;36.8808;0.7445663077200887;3069.662;43.984;4;L;1230.031;0.0523598775598298;1230.031;0.0523598775598298;;;40.8432;36.2712
HESH;0.4882733572423552;0.6003343216256096;36.8808;0.7447485724538743;3068.075;41.784;4;R;1229.237;0.0523598775598298;1229.237;0.0523598775598298;;;34.7472;35.6616
HESN;0.4182568632657701;0.5728163800252686;194.4624;6.125226901221718;3390.527;41.622;35;;1390.464;0.0523598775598298;1390.464;0.0523598775598298;;;194.4624;194.4624
HESX;0.525601485091569;0.5396947521784264;158.14;1.8553068114856224;2799.667;43.591;10;;;;;;;;152.7048;168.55440000000002
HESX;0.5256807752514652;0.5395634718605504;158.14;2.892465926956449;2977.925;59.019;16;L;;;;;;;154.8384;165.2016
HETB;0.5164064714994877;0.6069935715358123;740.3592;3.871346753373933;3988.289;41.889;22;;1689.345;0.0523598775598298;1689.345;0.0523598775598298;;;731.8248;748.8936
HETB;0.5168011902039633;0.606934945581425;740.3592;5.513745910863599;2999.31;31.36;32;;1194.855;0.0523598775598298;1194.855;0.0523598775598298;;;740.3592;740.3592
HHAS;0.2668227637019668;0.6790713424433317;2327.604;4.437204662551996;2999.416;44.486;25;;1194.908;0.0523598775598298;1194.908;0.0523598775598298;;;2327.604;2327.604
HHAS;0.2669624548235198;0.6791852940089195;2327.604;5.221980092472333;1914.867;42.531;30;;;;652.634;0.0523598775598298;;;2327.604;2327.604
HHMS;0.2734926226940802;0.687138153612682;50.444;4.450456773029464;3601.513;54.79;25;;;;;;;;41.7576;59.1312
HHSB;0.2281448598577365;0.7442973044102681;14.0208;2.1005561146527354;3491.878;44.086;12;;;;;;;;14.0208;14.0208
HJJJ;0.0850328565197879;0.5515435849908256;445.6176;5.417582283335991;2399.494;43.258;31;;;;;;;;445.008;446.2272
HKAM;-0.0461595068201675;0.6501835867714028;1143.0;1.45347302554781;1184.244;14.069;8;;;;;;;;1143.568;1142.432
HKAM;-0.046179484429458;0.6501868871145896;1143.0;1.3721968820067885;1016.69;18.823;8;R;;;;;;;1142.481;1143.519
HKEL;0.0070513061037739;0.6149966384880554;2101.138;1.3722064813176746;3485.469;40.963;8;;1437.935;0.0523598775598298;1294.687;0.0523598775598298;;143.247;2085.4416;2116.836
HKJK;-0.0229791251270833;0.6445727926935939;1617.116;0.9383291484449476;4115.623;47.117;6;;1614.771;0.0523598775598298;1707.586;0.0523598775598298;;;1624.584;1609.6488000000002
HKKI;-0.0014965183817117;0.606139110344074;1147.724;1.0752009576191188;1937.476;42.275;6;;472.139;0.0523598775598298;515.136;0.0523598775598298;191.799;148.803;1136.884;1157.662
HKKT;0.0169651274199391;0.610142067727126;1827.123;3.8306182735481697;1451.233;16.285;22;;;;;;;;1827.8856;1826.3616
HKLK;0.073374809681057;0.5994892231095786;640.3848;1.6014072376666046;1786.611;19.069;9;;;;;;;;644.652;636.1176
HKLO;0.0544888415646785;0.6214892249684382;522.732;1.4419126627143006;1001.32;15.343;9;R;;;;;;;522.732;522.732
HKLU;-0.0393030028878288;0.7140963164369425;5.41;1.2836161864803204;952.027;19.705;8;;;;;;;;5.486400000000001;5.486400000000001
HKLU;-0.0392752367026843;0.714050298885841;5.41;5.815022901013608;1002.173;14.096;33;;;;;;;;5.486400000000001;5.1816
HKML;-0.0563790546082103;0.6998213802818868;24.307;4.489849028779901;1094.052;16.331;26;;;;;;;;24.0792;26.8224
HKML;-0.0562531558783086;0.6998858032929828;24.307;6.081831209233056;1391.921;30.606;35;;391.161;0.0523598775598298;391.161;0.0523598775598298;;;23.1648;23.1648
HKMO;-0.0702717556264003;0.6911345181115902;58.674;0.5090564479245868;3337.663;41.922;3;;1364.032;0.0523598775598298;1364.032;0.0523598775598298;;;57.912000000000006;60.96
HKMO;-0.0704270648613676;0.6910536714068575;58.674;5.767726747212589;1396.925;31.66;33;;;;;;;;59.436;56.388000000000005
HKNW;-0.0230873693616044;0.642499623213954;1676.7048;1.2341430835032892;1450.604;19.893;7;;420.502;0.0523598775598298;;;;;1690.4208;1669.6944
HKNW;-0.0231087806306125;0.6425761084722531;1676.7048;2.348139272095615;1547.845;23.643;14;;274.575;0.0523598775598298;469.123;0.0523598775598298;194.547;;1681.577;1666.9512
HKNY;-0.0010853623296975;0.6464931711079203;1905.0;3.6508840926448687;1197.554;12.395;21;;;;;;;;1908.724;1901.276
HKRE;-0.0222911206060762;0.6433685497396603;1614.5256000000002;4.139187423845937;2439.186;43.78;24;;;;914.793;0.0523598775598298;;;1602.6384;1626.4128
HKRE;-0.0222978909909471;0.643325660882691;1614.5256000000002;5.567045822758553;1272.664;47.398;32;;;;;;;;1614.5256000000002;1614.5256000000002
HKWJ;0.0302483592112895;0.6997281280318419;228.6;2.554719758487243;2801.26;38.173;15;;;;;;;;230.7336;226.4664
HLGD;0.5420958571769445;0.2896204538277445;80.4672;3.1293250833433754;3600.047;44.248;18;;;;;;;;78.6384;82.296
HLGD;0.5420521568880806;0.2897647092537048;80.4672;2.3462454153242764;3589.517;42.583;13;;;;;;;;80.4672;80.4672
HLGT;0.4387029808486362;0.1770935363823413;696.239;2.9940109281667318;3704.0;36.925;17;R;1547.247;0.0436332312998582;1547.247;0.0523598775598298;;;696.239;696.239
HLGT;0.4387069131724332;0.1770493913663814;696.239;2.993878457676505;3704.0;44.836;17;;1551.957;0.0436332312998582;1551.957;0.0523598775598298;;;699.8208000000001;685.4952000000001
HLGT;0.4389160460893731;0.177105863905356;696.239;1.0630681791508323;2121.814;25.0;6;;;;;;;;699.8208000000001;699.8208000000001
HLKF;0.4219947067333825;0.4069260263385502;398.0688;3.4050061218811867;3652.576;42.417;20;;;;;;;;416.6616;413.004
HLKF;0.4220044088060841;0.4068865548582141;398.0688;3.405234934546124;3650.31;26.201;20;R;;;;;;;382.8288;379.7808
HLLB;0.5601831715004726;0.353746324805761;123.291;5.764313581327389;3587.755;40.847;33;L;1489.078;0.0523598775598298;1489.078;0.0523598775598298;;;131.9784;114.6048
HLLB;0.5602071867636619;0.3537951511595747;123.291;5.764040611832377;3587.534;40.694;33;R;1488.967;0.0523598775598298;1488.967;0.0436332312998582;;;131.9784;114.6048
HLLM;0.5740703602433399;0.231913133971955;8.5344;1.8378568350912576;3360.962;43.103;10;;1375.681;0.0523598775598298;1375.681;0.0541052068118242;;;9.144;7.9248
HLLQ;0.5723066896136647;0.3831487623657803;656.386;1.7914062933128303;3598.979;49.028;10;;;;;;;;657.4536;657.4536
HLLQ;0.5722481728904941;0.3833353136792484;656.386;3.653798967028624;1893.28;49.622;21;;;;;;;;660.8064;649.8336
HLLS;0.4711257863829145;0.2524567404156235;431.063;2.317665474289944;3591.554;36.602;13;;;;1490.977;0.0436332312998582;;;428.244;434.9496
HLLS;0.4711571220881723;0.2524730392735839;431.063;2.317057925177325;3416.421;25.0;13;L;1403.411;0.0436332312998582;1403.411;0.0436332312998582;;;431.063;431.063
HLLS;0.4709715245972918;0.2525109034945902;431.063;4.206775822728193;1705.618;25.0;24;;187.325;0.0436332312998582;548.0;0.0436332312998582;360.685;;431.5968;429.4632
HLMB;0.530208875362153;0.3416659998364988;15.24;2.5517134288506824;2203.527;27.487;15;;;;;;;190.573;15.24;15.24
HLTD;0.526135848104219;0.1695438413967652;347.243;3.28899967155473;1983.275;40.649;19;;;;;;;;351.73920000000004;357.53040000000004
HLTD;0.5261592899035211;0.1693698750798937;347.243;4.229287079420415;3587.43;43.041;24;;;;;;;;341.37600000000003;338.32800000000003
HRYG;-0.0292733243114579;0.5106634354789855;1547.1648;0.1685893286048139;1013.264;20.852;1;;;;;;;;1539.5448;1554.7848
HRYR;-0.034359802697985;0.5260359581072092;1486.2048;1.7443004676667415;3552.637;43.443;10;;1471.519;0.0523598775598298;1192.96;0.0523598775598298;;278.558;1486.859;1485.511
HRZA;-0.0429732946502129;0.5045391688586985;1588.465;3.43058078047651;1486.526;37.589;20;;;;;;;;1587.7032000000002;1589.2272
HSDN;0.3342983152666728;0.5311050043619038;235.3056;6.1911842899179845;2988.254;41.925;35;;1189.3296;0.0523598775598298;1189.3296;0.0523598775598298;;;235.6104;235.0008
HSFS;0.2376264825082353;0.4420008877892216;729.3864;4.047232832342438;2970.0;47.26;23;;;;;;;;732.1296;726.6432000000001
HSFS;0.2375938243250338;0.4421686513334371;729.3864;3.201926591436135;2048.457;25.0;18;;;;;;;;729.3864;729.3864
HSKA;0.2685344539264495;0.6340459462843777;508.7112;3.523038899469209;2483.5104;40.455;20;;;;;;;;508.1016;509.3208
HSMN;0.3218928869879336;0.5557763258424242;266.852;0.4055953195417102;4006.583;58.888;2;;;;;;;;266.7;267.0048
HSNN;0.2103731671839741;0.4355658583577494;637.794;0.7199633611858131;2995.929;42.0624;4;;;;;;;;638.556;637.032
HSOB;0.229565891666558;0.5276609050918212;583.3872;3.2867883393924533;2986.354;45.632;19;;;;;;;;579.12;587.6544
HSPN;0.3391807926528823;0.6498571804895567;41.148;6.064727331629362;2497.681;42.735;34;;;;;;;;41.148;41.148
HSSG;0.2352305620913901;0.3933545002071548;802.081;3.8716279259164303;3186.375;60.519;22;;;;;;;;800.4048;803.7576
HSSK;0.2720887187301307;0.5681598298555487;384.6576;3.1326907762729213;2980.875;43.281600000000005;18;;;;;;;;385.2672;384.048
HSSM;0.166835572365537;0.5524358479857321;399.486;0.768342683773912;2004.113;37.768;4;;;;;;;;403.35;395.623
HSWW;0.1348399623170939;0.4882788227042994;468.352;4.7193409758612335;2130.35;12.095;27;;;;;;;;463.157;473.548
HTAR;-0.0587589472945791;0.6392402729422659;1390.344;1.6150652070083311;1680.772;27.635;9;;;;;;;;1383.792;1396.8984
HTDA;-0.1199515992541547;0.6843088934540684;52.7304;0.7825602580337055;3152.518;42.268;5;;;;;;;;53.6448;50.292
HTDA;-0.1200213862982081;0.6841908223111696;52.7304;2.3587864786644817;987.881;25.627;14;;;;;;;;55.473600000000005;51.5112
HTDO;-0.1076954880979302;0.6240404370652337;1121.816;1.5977349602006534;2506.0;29.355;9;;;;;;;;1123.7976;1119.8352
HTGW;-0.1556834318569783;0.5807429227080638;1333.8048;1.5724905178998074;3354.731;41.883;9;;;;;;;;1323.7464;1343.8632
HTIR;-0.1338430421627965;0.6239901360899962;1411.5288;0.2237933598071087;1676.015;32.256;2;;;;;;;;1430.1216000000002;1392.936
HTKJ;-0.0598548367827751;0.6470701694050726;889.253;1.527210044851917;3590.349;45.0;9;;1305.218;0.0523598775598298;1392.697;0.0523598775598298;;;893.6736000000001;884.8344000000001
HTLM;-0.0589177792362813;0.6251503588636461;1237.03;2.073372087954148;1233.789;25.0;12;;;;;;;;1241.4504000000002;1232.6112
HTMT;-0.1804502194702368;0.7013058013063617;110.6424;0.0688542949153737;2257.643;29.92;1;;;;;;;;113.0808;108.204
HTMT;-0.1803974081275753;0.7013186047653915;110.6424;4.5355277859630965;1168.095;30.08;26;;;;;;;;110.6424;110.6424
HTMW;-0.0426828176363936;0.5748197741641997;1138.7328;2.03306004368791;3446.933;39.615;12;;1418.667;0.0523598775598298;985.1136;0.0523598775598298;;433.555;1136.904;1140.5616
HTPE;-0.0917560359500545;0.6948404836189764;18.288;0.3894301149163238;1515.314;28.78;2;;;;;;;;17.3736;19.2024
HTTG;-0.0888786457866332;0.6819202408142411;33.985;4.210367710328796;1258.471;28.028;24;;;;;;;;31.0896;39.0144
HTTG;-0.0889284025563452;0.6819783674259241;33.985;2.385635925745462;1383.463;32.905;14;;;;;;;;39.0144;26.8224
HTZA;-0.1086384207234303;0.6846081791852825;14.9352;3.0422425784468192;3024.288;42.27;18;;1207.344;0.0523598775598298;1207.344;0.0523598775598298;;;16.4592;13.4112
HUAR;0.0532218550296037;0.539513326929908;1198.321;6.1745965061741055;1706.227;28.515;36;;;;;;;;1204.8744000000002;1191.768
HUEN;0.0007882319644537;0.5663404044920365;1146.81;2.133702186076136;2309.281;42.826;12;;;;;;346.99;;1146.81;1146.81
HUEN;0.0006849382447128;0.566159494190682;1146.81;3.003205148133312;3658.961;44.175;17;;1534.121;0.0523598775598298;1532.937;0.0523598775598298;;;1152.144;1141.476
HUGU;0.0489625397834558;0.5632500037034867;1044.5496;5.946087703060421;3138.872;43.555;34;;;;;;;;1057.9608;1031.1384
HUSO;0.0301523800819449;0.5868311898402564;1126.8456;0.8920029788290171;1852.0;25.739;5;;;;;;;;1126.8456;1126.8456
HUSO;0.0301428945211189;0.5867484081825441;1126.8456;1.56651555773853;752.814;30.662;9;;;;;;;;1126.8456;1126.8456
KABE;0.7095375984261344;-1.3166755970369617;117.0432;4.035574731070817;2316.501;46.476;24;;696.276;0.0523598775598298;;;157.175;;115.5192;120.0912
KABE;0.7094913994731911;-1.3166938464523612;117.0432;2.1479315064017945;1763.886;44.199;13;;;;577.143;0.0523598775598298;;;116.7384;115.5192
KABI;0.5654627492217907;-1.7396524484520413;539.8008;3.1370403113018166;2197.283;45.72;17;L;793.841;0.0523598775598298;;;;;545.8968;541.3248
KABI;0.5658039660862713;-1.739829434231828;539.8008;3.1374413879639245;2195.218;45.72;17;R;;;792.809;0.0523598775598298;;;535.8384;544.3728
KABI;0.5658841983654106;-1.7399186293224;539.8008;0.9098204517506816;1122.12;30.48;4;;;;;;;15.969;534.0096;537.3624
KABQ;0.6116368267060277;-1.860496269739396;1621.383;4.720367229461406;4202.165;38.973;26;;1796.282;0.0523598775598298;1491.093;0.0523598775598298;;305.189;1632.2040000000002;1619.059
KABQ;0.6115369737696092;-1.860750560011607;1621.383;2.2524725398060506;1872.902;45.72;12;;;;631.651;0.0523598775598298;44.47;;1619.0976;1619.7072
KABQ;0.6114248674313589;-1.860848790084236;1621.383;0.7794326803740093;3065.033;45.72;3;;1227.717;0.0523598775598298;;;;20.786;1616.9640000000002;1620.3168
KABQ;0.6116334912528072;-1.860730328829849;1621.383;3.199884905277152;3047.081;46.575;17;;;;1218.74;0.0523598775598298;272.796;;1621.383;1621.383
KABR;0.793218671827301;-1.7178818477524698;396.621;3.140323799223593;1668.899;30.48;17;;529.65;0.0523598775598298;529.65;0.0523598775598298;;;396.8496;396.24
KABR;0.7932274551874489;-1.7177283388820188;396.621;2.3590704437337813;2100.233;30.48;13;;745.317;0.0523598775598298;745.317;0.0523598775598298;;;396.8496;396.5448
KABY;0.5503819012496538;-1.469511985503155;58.978;2.825861021107692;1585.114;45.110400000000006;17;;487.757;0.0523598775598298;487.757;0.0523598775598298;;;59.1312;59.436
KABY;0.5504136699786631;-1.469438223223041;58.978;0.7323939102777821;2012.525;45.110400000000006;5;;;;701.463;0.0523598775598298;;;59.7408;57.607200000000006
KACK;0.7199776664854459;-1.2227343945002336;12.192;1.870926984692196;820.733;15.24;12;;;;;;;;12.192;12.192
KACK;0.7200120450603087;-1.2226909750916408;12.192;2.3587058444530395;1355.933;30.48;15;;;;373.166;0.0523598775598298;;;13.716;12.192
KACK;0.7200014418300702;-1.2228555007105075;12.192;0.7829417870081915;1914.374;45.72;6;;488.709;0.0523598775598298;;;163.6776;;8.0;14.3256
KACV;0.7151997409285256;-2.166095690107616;61.036;2.668129507952582;1852.0;42.875;14;;540.102;0.0488692190558412;555.899;0.0523598775598298;76.756;60.96;55.908;67.753
KACV;0.7151966278388527;-2.1661103036839493;61.036;0.5171320863735646;1360.822;45.72;1;;375.611;0.0523598775598298;;;;;56.997600000000006;63.3984
KACY;0.6886689608436143;-1.3015860144686129;20.269;2.0607727306169266;3046.424;43.412;13;;1092.792;0.0523598775598298;1120.851;0.0523598775598298;;;22.86;19.2024
KACY;0.6886578719245735;-1.301667742825308;20.269;0.4874792914480313;1872.567;43.205;4;;669.783;0.0523598775598298;;;;;18.5928;20.4216
KADH;0.6074574394520587;-1.6872449414004422;303.199;3.140942867509276;1892.088;28.186;18;;641.244;0.0523598775598298;606.197;0.0523598775598298;;35.048;309.6768;298.834
KADH;0.6074341790545983;-1.687205789811526;303.199;2.360314688957528;907.239;15.24;13;;;;;;80.573;;306.0192;298.0944
KADW;0.6773826765988592;-1.3415236000103088;80.619;6.280753365399858;2965.544;45.72;1;R;1038.751;0.0523598775598298;1167.82;0.0523598775598298;;;76.8096;84.42960000000001
KADW;0.67737121317279;-1.3416458687528166;80.619;6.280695245935766;3442.191;60.96;1;L;1022.424;0.0523598775598298;993.275;0.0523598775598298;304.139;304.8;77.724;83.51520000000001
KAEX;0.5467627589549933;-1.6152339497774049;26.136;3.297592451061074;2131.836;44.238;18;;;;761.118;0.0523598775598298;;;25.6032;26.5176
KAEX;0.546767276446022;-1.6153099356929996;26.136;2.515223655646313;2846.159;45.72;14;;1118.279;0.0523598775598298;;;;;25.6032;26.8224
KAGC;0.7043220672583266;-1.395013393362524;380.466;2.0949865944766963;1165.678;30.48;13;;;;;;;;379.476;380.6952
KAGC;0.7043153436868342;-1.395031853438127;380.466;1.5689633820144522;1981.481;45.616;10;;685.941;0.0523598775598298;;;;;380.6952;381.0
KAGS;0.5824447587163646;-1.4306141953188236;41.986;2.9371674742914533;2439.052;45.72;17;;;;;;;;44.196000000000005;40.8432
KAGS;0.5823767973940742;-1.4304651103126442;41.986;1.3640752366787283;1828.559;22.86;8;;;;609.479;0.0523598775598298;;;40.8432;42.0624
KAHN;0.5925244222776679;-1.454349639340101;239.725;1.5405476764627324;1852.0;25.465;9;;621.78;0.0523598775598298;621.78;0.0523598775598298;;;230.4288;247.4976
KAHN;0.5925014544638234;-1.4542510503649029;239.725;0.3595176673579713;1207.869;26.844;2;;299.135;0.0654498469497873;;;;;236.22;244.7544
KAIA;0.7339317749529312;-1.7943110392284078;1196.898;2.3459506292136147;2797.414;43.606;12;;1093.907;0.0523598775598298;1093.907;0.0523598775598298;;;1197.864;1196.34
KAIA;0.733924741242806;-1.7941107169794202;1196.898;3.130144864493037;1921.872;22.86;17;;;;;;;;1196.34;1196.34
KAIA;0.7340647015412858;-1.7943508071934744;1196.898;1.55857343697733;1888.038;22.86;8;;;;;;;;1198.1688;1196.34
KAKR;0.7162383308413928;-1.4218797083380958;320.192;1.078918788178547;1929.235;45.647;7;;428.17;0.0575958653158128;580.875;0.0610865238198015;231.648;78.9432;321.39;322.843
KAKR;0.7162440537769188;-1.4218305776973217;320.192;0.0154542447545865;709.411;26.697;1;;;;;;;59.529;318.2112;318.2112
KALI;0.4841364472777359;-1.7108896923030343;52.501;3.1314063884763788;1368.505;33.207;17;;;;;;;;52.7304;52.1208
KALI;0.4841466467425844;-1.710898688273943;52.501;2.3498601667380816;1825.515;30.48;13;;;;607.958;0.0523598775598298;;;54.2544;50.9016
KALM;0.5732341270108692;-1.8497944973390483;1272.2352;3.032502070424364;1097.588;57.912000000000006;17;;;;;;;;1278.636;1272.2352
KALM;0.5731790920327272;-1.849867143900307;1272.2352;0.7939151607076704;1873.215;46.472;4;;631.808;0.0523598775598298;631.808;0.0523598775598298;;;1257.9096;1280.16
KALN;0.6787374382186899;-1.571687989018112;163.0;3.0260602346881784;1970.0;30.48;17;;680.204;0.0523598775598298;680.204;0.0523598775598298;;;162.4584;165.2016
KALN;0.6787730807547733;-1.5715272240739877;163.0;1.980442904596336;2464.166;45.72;11;;927.283;0.0523598775598298;;;;;163.9824;160.3248
KALO;0.7427941911938548;-1.6126779002981604;265.099;5.373181107165254;2558.073;45.72;30;;;;974.236;0.0523598775598298;;;264.2616;266.0904
KALO;0.7427722591260103;-1.612736299987885;265.099;0.1349841011977871;1816.369;44.196000000000005;36;;603.385;0.0523598775598298;603.385;0.0523598775598298;;;264.5664;265.4808
KALO;0.7426975800839001;-1.6126581138434994;265.099;1.1809370703220925;1633.52;36.762;6;;511.96;0.0523598775598298;511.96;0.0523598775598298;;;265.099;265.099
KALS;0.6533667580223099;-1.8477432053116447;2298.039;0.5524172158749162;2590.589;30.48;2;;990.495;0.0523598775598298;990.495;0.0523598775598298;;;2298.192;2297.8872
KALS;0.6533696194900731;-1.847621217449408;2298.039;2.0668005742545392;2089.385;25.0;11;;;;;;;;2298.039;2298.039
KALS;0.6533430646010981;-1.8477112083674148;2298.039;1.3360813073940456;1509.242;25.0;7;;;;;;;;2298.039;2298.039
KALW;0.8045807820419406;-2.064513319243652;357.83520000000004;1.5634509341049532;1476.851;45.72;7;;;;;;;110.901;357.83520000000004;357.83520000000004
KALW;0.8044562994167397;-2.064457642532112;357.83520000000004;0.6298751898778124;2155.154;45.72;2;;604.734;0.0523598775598298;;;168.043;;351.73920000000004;363.9312000000001
KALW;0.8044919595078398;-2.0646316322556726;357.83520000000004;3.1352010833360646;1829.646;44.221;17;;;;610.023;0.0523598775598298;;;357.83520000000004;357.83520000000004
KAMA;0.6147347020306839;-1.7747896809273824;1097.736;2.401477232168263;2405.497;43.597;13;;897.949;0.0523598775598298;897.949;0.0523598775598298;;;1098.1944;1095.4512
KAMA;0.6146702517117837;-1.775287049667644;1097.736;0.8001498607682296;4111.206;60.675;4;;1750.803;0.0523598775598298;1750.803;0.0523598775598298;;;1099.1088;1098.1944
KANB;0.5862242309808406;-1.498506959416392;183.946;0.8432299972281307;2121.842;42.044;5;;756.121;0.0523598775598298;756.121;0.0654498469497873;;;181.356;186.5376
KAND;0.6020496925519798;-1.4435640787944024;229.895;2.896849146839908;1512.688;45.167;17;;;;;;;;238.3536;224.6376
KAND;0.6020398149291086;-1.4435402897958762;229.895;0.7976603231231849;1827.103;43.402;5;;608.752;0.0523598775598298;608.752;0.0523598775598298;;;228.9048;227.6856
KAOO;0.7033155913231354;-1.3669313739575066;451.637;1.8927188166667468;1117.776;22.86;12;;254.088;0.0523598775598298;254.088;0.0698131700797731;;;448.9704;451.7136
KAOO;0.7032968425650316;-1.366949124030202;451.637;0.2766433258208986;1655.854;29.0;3;;523.127;0.0523598775598298;523.127;0.0523598775598298;;;458.1144000000001;447.7512
KAPA;0.6906343737280928;-1.8299925240426151;1776.323;3.106023541565849;3046.034;29.596;17;L;1218.217;0.0523598775598298;1218.217;0.0541052068118242;;;1765.7064;1793.748
KAPA;0.6906161750271868;-1.8300351320193131;1776.323;3.105526297261956;2130.627;22.86;17;R;;;760.514;0.0523598775598298;;;1769.0592;1788.8712
KAPA;0.690636205301528;-1.8298078452642887;1776.323;1.939135673590611;1462.536;21.716;10;;304.548;0.0523598775598298;426.468;0.0698131700797731;121.92;;1775.321;1766.0112
KAPF;0.4564528935980344;-1.4272393330355966;1.879;2.3452734414638408;1524.338;30.117;14;;417.724;0.0610865238198015;317.856;0.0523598775598298;39.645;139.513;1.82;2.165
KAPF;0.4564510561729268;-1.4272511768203664;1.879;0.7690673968392177;2012.065;45.72;5;;457.392;0.0610865238198015;;;243.84;243.84;1.731;2.536
KAPG;0.6888029114746244;-1.329387801187481;11.125;0.4945870575603157;2438.689;60.96;4;;914.545;0.0523598775598298;914.545;0.0523598775598298;;;8.5344;13.716
KAPN;0.7867860805926276;-1.4583671712883373;208.4832;1.042111783929334;1531.92;29.789;7;;;;461.1624000000001;0.0523598775598298;;;210.312;207.264
KAPN;0.7867473483735609;-1.4584219195345358;208.4832;6.279683304035459;2736.622;45.072;1;;1063.511;0.0523598775598298;;;;;208.1784;208.1784
KARA;0.5242215963908086;-1.6037418973272926;6.324;2.924113284151162;1486.949;45.72;17;R;;;;;;;6.096;6.096
KARA;0.5242578006874342;-1.603676530246396;6.324;2.925206732927536;2437.094;58.013;17;;913.747;0.0523598775598298;913.747;0.0523598775598298;;;7.315200000000001;5.7912
KART;0.7678012192140906;-1.3267535421571612;97.078;1.6216764269484232;2130.646;44.207;10;;;;760.523;0.0523598775598298;;;94.1832;100.8888
KART;0.7678039519450628;-1.326839920642791;97.078;0.9311027872099902;1511.689;44.428;7;;451.044;0.0523598775598298;;;;;94.488;98.7552
KASE;0.6845512092541609;-1.8652026449483383;2362.2000000000003;2.786631604576466;2440.443;32.744;15;;1010.0;0.0523598775598298;;;;308.157;2340.864;2389.632
KAST;0.8055796742098089;-2.162093388111863;3.809;2.6816364365008414;1420.217;30.48;14;;;;344.27;0.0698131700797731;;61.038;3.6576;4.2672
KAST;0.8056279153963909;-2.162085476650891;3.809;1.6674020462220347;1767.7;30.48;8;;487.61;0.0523598775598298;;;91.44;217.3224;3.6576;3.6576
KAST;0.8056295129029334;-2.1621461311850148;3.809;0.9066744608673768;1136.347;37.938;4;;;;;;;;3.809;3.809
KATL;0.5872472554453444;-1.4734407202745374;305.7144;1.570171847988533;3047.601;45.72;8;R;1051.567;0.0523598775598298;1095.077;0.0523598775598298;;;312.1152;303.276
KATL;0.5870363026583141;-1.4735398788125076;305.7144;1.5704957810977032;3776.1672;45.72;9;L;1460.24;0.0523598775598298;1330.798;0.0523598775598298;;152.4;310.5912;297.569
KATL;0.5869859431663534;-1.47363704778189;305.7144;1.5701697535934307;2743.238;45.72;9;R;928.323;0.0523598775598298;950.341;0.0523598775598298;;;312.7248;300.228
KATL;0.5867845520118892;-1.473635541951547;305.7144;1.5699432098565218;2743.089;45.72;10;;928.477;0.0523598775598298;942.622;0.0523598775598298;;;304.8;304.1904
KATL;0.5872952040483105;-1.47348094076893;305.7144;1.5701695790605057;2743.192;45.72;8;L;914.209;0.0523598775598298;928.156;0.0523598775598298;;;309.372;301.752
KATW;0.7724618889611216;-1.544956122065697;269.9;0.4549601248386553;2436.706;42.317;3;;913.553;0.0523598775598298;;;;;270.6624;267.6144
KATW;0.7724347547565874;-1.5449408218931453;269.9;2.027417045150362;1981.2;39.969;12;;685.8000000000001;0.0523598775598298;;;;;279.8064;261.5184
KATY;0.7838470489130183;-1.695606575425586;530.733;3.1459695902879443;2096.05;30.48;17;;743.225;0.0523598775598298;743.225;0.0523598775598298;;;530.6568;531.2664
KATY;0.7839470188828831;-1.6957327218762823;530.733;2.1748053880923024;2102.278;30.48;12;;746.339;0.0523598775598298;746.339;0.0523598775598298;;;532.7904;528.2184
KAUG;0.7735569124018147;-1.2182287628606858;103.555;5.813666780184808;1522.682;28.538;35;;456.541;0.0523598775598298;456.541;0.0523598775598298;;;105.7656;94.7928
KAUG;0.7735127205724761;-1.2181270217846665;103.555;1.0782781999831876;813.175;19.214;8;;;;;;;;106.3752;107.2896
KAUS;0.5270332956807986;-1.704818964583334;151.942;3.118911227295501;3733.847;45.064;18;R;1469.037;0.0523598775598298;1528.137;0.0523598775598298;;;164.8968;148.4376
KAUS;0.5269404237894543;-1.704446259870115;151.942;3.119004776943408;2742.456;44.112;18;L;927.156;0.0523598775598298;1045.514;0.0523598775598298;;;149.9616;144.4752
KAUW;0.7841178760111969;-1.5643547200837402;363.702;2.166906726029477;1584.668;29.859;13;;487.534;0.0523598775598298;;;;;363.3216000000001;362.7120000000001
KAUW;0.7841034574906076;-1.5641709775729842;363.702;0.7729926248736604;926.346;29.04;5;;;;;;;;362.7120000000001;366.0648
KAVL;0.6184485770484855;-1.44064266650014;652.424;2.7898787896498014;2136.031;29.725;17;;763.215;0.0523598775598298;763.215;0.0523598775598298;;;652.424;652.424
KAVP;0.721526826511322;-1.321599318960219;284.226;1.5999316315972136;1306.849;45.261;10;;;;;;;;281.0256;284.988
KAVP;0.7214732544512593;-1.321635404272841;284.226;0.5709421929154617;2284.088;45.72;4;;837.244;0.0523598775598298;837.244;0.0523598775598298;;;293.2176;277.6728
KAWO;0.8405861920289318;-2.132030827298871;40.309;3.1270462069390463;1624.311;30.48;16;;507.355;0.0523598775598298;;;;;42.9768;39.0144
KAWO;0.8405295595442471;-2.132148742397175;40.309;2.22107162310172;1102.315;21.504;11;;225.165;0.0523598775598298;229.855;0.0523598775598298;21.192;16.503;40.2336;39.0144
KAXN;0.8005185745261209;-1.664966594995034;432.5112;2.4342560863170437;1552.582;30.433;13;;471.491;0.0523598775598298;471.491;0.0523598775598298;;;430.3776;433.1208
KAXN;0.8005173866366406;-1.6649318594681597;432.5112;0.858102296850225;1247.207;20.951;4;;318.804;0.0523598775598298;318.804;0.0523598775598298;;;434.34;432.2064
KBAB;0.6830533157294546;-2.119468191892776;33.2232;2.8172174525201155;3656.452;41.965;15;;1523.426;0.047996554429844;1523.426;0.0523598775598298;;;34.4424;32.004000000000005
KBAD;0.567265731386092;-1.6347212591477749;49.3776;2.6450311224999887;3588.733;58.866;15;;1489.567;0.0436332312998582;1489.567;0.0436332312998582;;;49.6824;49.0728
KBAF;0.7358115778714109;-1.269131781552877;78.9432;2.448161473533532;1515.282;29.322;15;;;;452.841;0.0523598775598298;149.352;;80.354;75.2856
KBAF;0.7357869540343007;-1.2691315708926736;78.9432;0.177810374281998;2735.93;45.72;2;;1063.165;0.0523598775598298;1063.165;0.0523598775598298;;;79.248;81.3816
KBAK;0.6852417358459366;-1.4991827963600943;199.11;0.7843937264129256;1950.793;44.043;5;;;;670.596;0.0523598775598298;;;198.12;199.9488
KBAK;0.6852604846040404;-1.4991609735234668;199.11;5.500564835286688;1524.138;31.587;32;;;;;;;;198.7296;199.644
KBAZ;0.5183972806418223;-1.7111864969251858;197.739;3.1547339356597592;1592.832;28.938;17;;;;;;120.145;;197.609;196.596
KBAZ;0.5185148290353275;-1.711169636306683;197.739;2.371394562647964;1979.058;30.48;13;;587.6544;0.0523598775598298;;;;;200.5584;196.2912
KBBD;0.5441759862455269;-1.7335419449650438;552.754;3.1443886710514883;1402.515;21.907;17;;396.458;0.0523598775598298;396.458;0.0523598775598298;;;556.5648;546.5064
KBBG;0.6376053254496641;-1.626655688532956;389.686;2.530139413966781;2187.458;45.72;14;;;;;;;;382.524;396.8496
KBCE;0.658101972222988;-1.95731401394706;2307.9456;0.8134315894831037;2241.562;21.15;3;;815.981;0.0523598775598298;815.981;0.0523598775598298;;;2313.432;2302.4592
KBCE;0.6581185500106623;-1.957444342392905;2307.9456;5.4038889536236185;814.77;62.773;30;;;;;;;;2307.9456;2307.9456
KBCT;0.4603916074212749;-1.3981432110158016;3.81;0.7702295068683656;1912.05;45.72;5;;439.084;0.0523598775598298;536.011;0.0523598775598298;212.1408;115.2144;3.617;3.985
KBDE;0.8504720306480767;-1.6512948570246513;327.0504;2.1098046143590534;1662.98;28.391;12;;526.69;0.0523598775598298;526.69;0.0523598775598298;;;330.708;330.0984
KBDL;0.7320146383650685;-1.268581388859193;51.2064;0.7726609250493188;2896.383;59.83;6;;;;;;;;52.7304;49.0728
KBDL;0.7319183900587974;-1.2685796879731062;51.2064;2.347008822339099;2084.094;44.549;15;;745.188;0.0523598775598298;622.349;0.0523598775598298;;;51.5112;51.5112
KBDL;0.7319839346404209;-1.268501041497165;51.2064;6.265911783572598;1300.138;31.34;1;;;;;;146.131;;51.2064;51.2064
KBDR;0.7184054216122789;-1.2762884314122602;2.209;0.7829829767785386;1428.21;42.585;6;;409.305;0.0523598775598298;;;;101.786;2.1336;2.1336
KBDR;0.7184709896005917;-1.2762962258397863;2.209;1.7077121706260958;1451.617;42.204;11;;421.0;0.0610865238198015;;;;;2.7432000000000003;1.753
KBFD;0.7296056277572499;-1.3725349431705614;646.176;2.338431750796023;1919.622;45.72;14;;655.011;0.0523598775598298;;;;;642.5184;640.08
KBFD;0.7295900389021974;-1.372513689896706;646.176;0.7633338855266611;1367.853;30.48;5;;;;379.127;0.0523598775598298;;;648.9192;653.1864
KBFF;0.730836813761089;-1.8081088300227297;1205.636;1.187169466548039;2426.282;25.0;5;;908.341;0.0523598775598298;908.341;0.0523598775598298;;;1203.6552;1209.1416000000002
KBFF;0.7308419515293834;-1.808061774775071;1205.636;5.51014582021551;2512.653;25.0;30;;;;951.527;0.0523598775598298;;;1202.1312;1207.6176
KBFI;0.829617940322937;-2.134602996184791;5.715;2.622889526543338;1131.066;31.109;14;L;262.0;0.0523598775598298;221.0;0.0523598775598298;76.71;116.931;5.511;5.145
KBFI;0.8295312712042489;-2.1345604038125527;5.715;2.6223212473388893;3047.078;60.413;14;R;1206.0;0.0523598775598298;878.0;0.0541052068118242;;272.727;5.486400000000001;6.824
KBFL;0.618391060961281;-2.077928434075126;148.513;5.503143559256508;2352.768;29.911;30;L;;;;;1033.13;;141.32;148.1328
KBFL;0.61847010535094;-2.077962092894294;148.513;5.506052499520807;3300.823;43.168;30;R;;;1345.612;0.0523598775598298;1045.364;;144.321;155.448
KBFM;0.5346167060517082;-1.5370402060198296;7.239;3.140798703313061;2375.955;44.038;18;;883.177;0.0523598775598298;883.177;0.0523598775598298;;;7.62;7.62
KBFM;0.5344747737396577;-1.537109099708576;7.239;2.4234629702227104;2931.294;41.725;14;;1160.847;0.0523598775598298;;;;;7.9248;5.7912
KBGM;0.7367120741692678;-1.326093465717566;485.2416;2.590987351277835;2225.895;45.72;16;;686.532;0.0523598775598298;744.881;0.0523598775598298;121.6152;63.267;499.872;477.606
KBGM;0.7366240416109298;-1.3260951197902744;485.2416;1.508285090706692;1521.679;45.72;10;;456.039;0.0523598775598298;456.039;0.0523598775598298;;;484.9368;479.1456
KBGR;0.7820375538374281;-1.2012779583840214;54.102;2.3433591643402534;3488.119;60.96;15;;1439.26;0.0523598775598298;1439.26;0.0523598775598298;;;58.52160000000001;49.6824
KBHB;0.7758052711978404;-1.1931613845932867;19.888;0.4277187815274325;1574.414;27.693;4;;;;482.407;0.0523598775598298;;;21.0312;21.0312
KBHB;0.7757767091852608;-1.1930881060514174;19.888;2.611297573250368;1021.133;22.86;17;;;;;;209.609;34.0;27.387;12.619
KBHM;0.585792822290937;-1.514024314835578;192.1;3.141301009071785;2163.023;44.324;18;;;;;;;;196.2912;193.2432
KBHM;0.5858047128890853;-1.5141665572862617;192.1;4.107730482072617;3654.131;43.216;24;;;;;;364.836;;196.33;183.7944
KBIF;0.5558787047507263;-1.8566828597260383;1197.406;0.7633606414240943;4141.267;45.72;4;;;;1765.834;0.0523598775598298;50.0;;1191.768;1203.0456
KBIH;0.6522784640047815;-2.0658468763535627;1252.981;2.3667914312787537;2285.217;30.48;12;;855.545;0.0523598775598298;897.896;0.0523598775598298;;;1256.6904;1249.68
KBIH;0.6522827942422962;-2.0658020837525326;1252.981;3.1506266523310407;1706.073;30.48;17;;600.776;0.0523598775598298;581.363;0.0523598775598298;;;1253.6424;1251.204
KBIH;0.6522921452146588;-2.0658515498891865;1252.981;1.579571842273924;1696.277;25.16;8;;694.879;0.0523598775598298;710.305;0.0523598775598298;;;1256.9952;1249.68
KBIL;0.7994898739394695;-1.894305071169776;1093.114;1.9508964002222493;3201.692;44.782;10;L;1296.046;0.0523598775598298;1296.046;0.0523598775598298;;;1092.4032;1063.1424
KBIL;0.7995045791920024;-1.8947188702271205;1093.114;1.950035534021996;1157.248;21.899;10;R;;;;;;;1116.1776;1101.5472
KBIL;0.7995080667887033;-1.894522300850645;1093.114;1.4657721862536892;1744.653;21.78;7;;496.533;0.0523598775598298;567.527;0.0523598775598298;71.0;;1108.2528;1077.1632
KBIS;0.8163787423657725;-1.7584183870658516;504.596;2.4033644566884447;2679.615;44.456;13;;1035.0;0.0523598775598298;15.756;0.0523598775598298;;1019.2512;504.444;501.396
KBIS;0.8162844485180554;-1.7582470891115567;504.596;0.6795654118137918;2011.327;30.48;3;;700.864;0.0523598775598298;700.864;0.0523598775598298;;;506.2728;506.2728
KBIX;0.530762191941438;-1.5520241620017403;6.096;0.6159695234086429;2329.329;45.72;4;;372.489;0.0523598775598298;555.064;0.0523598775598298;487.3752;304.8;7.592;4.818
KBJC;0.6965320694479352;-1.8346060839263791;1712.518;2.17134607570168;2740.833;30.48;12;L;1065.617;0.0523598775598298;1065.617;0.0523598775598298;;;1725.4728;1696.5168
KBJC;0.696539980908908;-1.8347121084265343;1712.518;2.170731091486447;2131.296;22.86;12;R;760.848;0.0523598775598298;760.848;0.0523598775598298;;;1729.1304;1705.356
KBJC;0.6965604090969667;-1.834593483325323;1712.518;0.5973457083725571;1094.4;22.86;3;;242.4;0.0523598775598298;;;;;1711.7568;1706.88
KBJI;0.829237148598576;-1.6569564358159423;422.071;2.340479894673238;2132.677;42.31;13;;761.539;0.0523598775598298;761.539;0.0523598775598298;;;423.9768;421.8432
KBJI;0.8291959996388425;-1.656883235296371;422.071;1.2915451125523756;1735.495;43.318;7;;562.948;0.0523598775598298;562.948;0.0523598775598298;;;421.8432;420.624
KBKE;0.782542014804538;-2.0561247753280787;1026.972;1.6889383619940936;1118.222;25.0;8;;;;;;;;1027.1760000000002;1026.8712
KBKE;0.7825855922082832;-2.05622326287429;1026.972;0.0209155475356849;1321.529;25.0;35;;;;;;122.935;;1027.968;1025.9568000000002
KBKE;0.7825502598108328;-2.0561257506067983;1026.972;2.472105121942867;1542.468;25.0;13;;466.434;0.0523598775598298;;;;;1025.9568000000002;1028.0904
KBKF;0.692926444516327;-1.828266702029487;1713.8904;2.6385863197040744;3354.713;44.174;14;;1372.557;0.0523598775598298;1372.557;0.0523598775598298;;;1701.6984;1726.0824
KBKL;0.7245993992048793;-1.425648692455222;177.39360000000002;1.0089108742608364;1583.178;30.48;6;R;;;;;84.981;;177.055;177.69840000000002
KBKL;0.7246425845465791;-1.4256173040849134;177.39360000000002;1.0090433796576477;2012.973;43.505;6;L;647.432;0.0523598775598298;518.807;0.0523598775598298;54.2544;182.88;177.07;177.761
KBKW;0.6594207987231198;-1.415881697399722;756.742;1.7014132773556483;1513.975;30.48;10;;452.188;0.0523598775598298;452.188;0.0567232006898157;;;757.7328;762.3048
KBKW;0.659582193697297;-1.4158856063168297;756.742;0.1280168061650202;2049.665;43.788;1;;720.033;0.0523598775598298;720.033;0.0523598775598298;;;760.476;746.4552
KBLF;0.6509356573514945;-1.4173404802972185;869.5944000000001;0.728628484589652;1468.819;28.222;5;;;;429.609;0.0523598775598298;24.481;;868.6800000000001;870.5088000000001
KBLH;0.5867196101525144;-2.0021901144396312;121.3104;4.716005302594822;1990.777;25.0;26;;690.589;0.0523598775598298;;;;;120.7008;121.0056
KBLH;0.5868155366168081;-2.0021864707983346;121.3104;0.0041850976116879;1764.944;25.0;35;;;;577.672;0.0523598775598298;;;121.6152;121.92
KBLI;0.8515931818056656;-2.138683741798512;50.9016;3.138937135132884;2044.88;44.291;16;;717.64;0.0523598775598298;717.64;0.0523598775598298;;;49.6824;52.1208
KBLV;0.6727170972987541;-1.5682183920611863;135.559;2.3859174473538083;2442.174;42.532;14;R;916.287;0.0523598775598298;852.584;0.0523598775598298;;63.7032;139.9032;133.04
KBLV;0.6727589192008042;-1.5676805687596396;135.559;2.3859534011363994;3046.165;39.482;14;L;1218.2856000000002;0.0523598775598298;1218.2856000000002;0.0523598775598298;;;134.4168;134.7216
KBMG;0.6832861654742954;-1.5117432705485467;255.651;2.996252105459217;1969.628;45.72;17;;680.014;0.0523598775598298;;;;;257.86080000000004;255.1176
KBMG;0.6831273861976441;-1.5117528360822277;255.651;1.0729951930571555;1156.158;30.48;6;;180.62;0.0654498469497873;205.613;0.0523598775598298;92.6592;67.6656;253.0;256.544
KBMI;0.7065148176123232;-1.5519674631981029;263.728;1.884515594649448;1986.663;44.335;11;;688.532;0.0523598775598298;;;;;265.4808;265.4808
KBMI;0.7064134432411022;-1.5518001443809837;263.728;0.3102067054684503;2435.621;43.521;2;;913.01;0.0523598775598298;;;;;260.9088;263.0424
KBNA;0.6305486533623755;-1.512895581861224;173.24;0.3067534842769169;2344.952;42.539;2;L;;;867.676;0.0523598775598298;;;182.5752;169.46880000000002
KBNA;0.6304684210832361;-1.5125629025866538;173.24;0.3125116047319266;2435.514;43.189;2;R;912.957;0.0523598775598298;912.957;0.0523598775598298;;;179.83200000000002;164.592
KBNA;0.6303045391483243;-1.512917584149136;173.24;0.31271587806758;2435.293;44.45;2;C;912.847;0.0523598775598298;912.847;0.0523598775598298;;;173.43120000000002;174.34560000000002
KBNA;0.6306031207283027;-1.512882427301855;173.24;5.470776777344125;3362.168;43.423;31;;;;;;228.187;246.0;177.0;164.607
KBNO;0.7608254699032748;-2.076197993141982;1263.548;2.3501888122362327;1554.052;22.86;12;;472.226;0.0523598775598298;472.226;0.0523598775598298;;;1264.0056;1263.0912
KBNO;0.7608194368291158;-2.0761275390072846;1263.548;0.8262536508328799;1400.183;18.288;3;;212.412;0.0523598775598298;395.292;0.0523598775598298;182.88;;1264.142;1263.0912
KBOI;0.7603422270999864;-2.0284196192247403;867.536;2.01175027165276;3039.418;45.72;10;L;1214.909;0.0523598775598298;1214.909;0.0523598775598298;;;862.8888000000001;875.3856000000001
KBOI;0.7603412264640202;-2.0285254564713817;867.536;2.0118935631843486;2975.565;45.72;10;R;1182.983;0.0523598775598298;;;;;860.7552000000001;871.1184000000001
KBOS;0.7393861479780325;-1.2392829628240525;4.8768;0.343465088829216;3117.337;45.72;4;R;772.352;0.0523598775598298;745.465;0.0523598775598298;423.315;367.244;5.578;4.781
KBOS;0.7392856923193653;-1.2391936741067238;4.8768;1.3356927971025516;2178.76;45.72;9;;;;675.935;0.0523598775598298;47.287;;5.1816;4.572
KBOS;0.739192445920993;-1.2394587782693762;4.8768;2.195081925210272;1523.301;30.48;14;;;;499.515;0.0523598775598298;;;4.8768;5.7912
KBOS;0.7395109992585894;-1.2392793659961348;4.8768;2.361567137228759;825.188;30.48;15;L;;;;;47.25;;4.572;4.2672
KBOS;0.7393994312741922;-1.2392664220969694;4.8768;2.360824848697886;3074.476;45.72;15;R;842.57;0.0523598775598298;1146.412;0.0523598775598298;268.8336;;5.211;4.8768
KBOS;0.7394607977617813;-1.239349773317454;4.8768;0.3433185509852187;2437.955;45.72;4;L;903.231;0.0523598775598298;650.815;0.0523598775598298;42.797;249.6312;4.2672;4.607
KBPI;0.7432494337451058;-1.921802344663493;2120.036;2.5795016885363102;2071.17;22.86;13;;730.785;0.0523598775598298;;;;;2131.7712;2118.0552
KBPI;0.7430979749105231;-1.9216803724057163;2120.036;1.6312636077960905;1005.707;18.288;8;;;;;;;;2116.2264;2114.0928
KBPK;0.6347577261500089;-1.6139153963553152;280.416;0.9037055685432716;1521.672;21.578;5;;456.036;0.0523598775598298;456.036;0.0698131700797731;;;282.8544;277.9776
KBPT;0.5227475601341389;-1.64101833735493;3.733;2.89782740388565;1545.16;43.448;16;;;;467.78;0.0523598775598298;;;4.572;3.6576
KBPT;0.5227355290958552;-1.640935274816946;3.733;2.1135064577025333;2056.82;44.725;12;;;;723.61;0.0523598775598298;;;4.572;2.1336
KBQK;0.5455733480398258;-1.4218555292280817;6.096;1.138299723893422;2437.94;45.72;7;;914.17;0.0523598775598298;914.17;0.0523598775598298;;;6.096;6.096
KBRD;0.8099758659231253;-1.6429112831294337;373.456;2.8390750834074665;2160.426;43.031;16;;775.4112;0.0523598775598298;;;;;373.6848;375.5136
KBRD;0.8098325058030295;-1.6429825877071744;373.456;0.9319226905326996;1983.861;41.385;5;;687.131;0.0523598775598298;687.131;0.0523598775598298;;;371.856;372.7704
KBRL;0.7117387166715444;-1.5904112338306975;210.464;3.1341861743760298;2035.65;44.798;18;;529.84;0.0523598775598298;;;183.1848;;211.836;206.3496
KBRL;0.7118814214043407;-1.5904765697026748;210.464;2.0876042008066107;1629.633;28.379;12;;510.016;0.0523598775598298;;;;152.4;211.2264;212.571
KBRO;0.4521594221405717;-1.7004601865122553;6.019;3.178604105707585;1828.966;45.72;18;;;;609.683;0.0523598775598298;57.912000000000006;;6.076;6.7056
KBRO;0.452137577847812;-1.7003592100547515;6.019;2.3662915689809823;2255.676;45.72;13;;;;823.038;0.0523598775598298;;;5.1816;6.096
KBTM;0.8020645102805503;-1.9634470268669035;1684.705;2.912985937505072;2738.482;43.524;15;;1064.441;0.0610865238198015;1064.441;0.0523598775598298;;;1678.5336;1691.64
KBTM;0.8020586878665947;-1.9634599785682985;1684.705;2.2551680263028304;1554.486;21.287;12;;472.44;0.0698131700797731;472.44;0.0698131700797731;;;1682.8008;1685.8488
KBTR;0.5328920894830771;-1.5907936133088136;20.523;0.755599319320108;1156.261;22.86;4;R;273.331;0.0523598775598298;;;;;20.4216;20.7264
KBTR;0.5329214297680748;-1.5909170757924742;20.523;2.331847845258725;2128.365;45.72;13;;;;;;181.9656;95.7072;20.027;21.078
KBTR;0.5328850031079011;-1.5908543770741543;20.523;0.7552243527836098;2286.98;45.72;4;L;838.69;0.0523598775598298;838.69;0.0523598775598298;;;19.812;21.0312
KBUF;0.7494628915548496;-1.3741146840359666;214.503;2.212991516609857;2180.976;45.72;14;;710.752;0.0523598775598298;560.038;0.0523598775598298;97.536;219.456;213.233;216.085
KBUF;0.7494431070507456;-1.3741024657441685;214.503;0.7646767069465605;2692.782;45.72;5;;952.748;0.0523598775598298;823.859;0.0523598775598298;163.068;220.98;206.599;222.599
KBUR;0.5969571225745706;-2.0657356165572405;220.218;2.916439420495993;2099.233;45.72;15;;546.92;0.0523598775598298;667.135;0.0523598775598298;277.0632;106.68;237.533;211.423
KBUR;0.5968639463962659;-2.0657641024980804;220.218;1.5865460034319685;1765.692;42.702;8;;416.126;0.0523598775598298;;;;;221.5896;212.4456
KBVI;0.7116139531660721;-1.4030952550330738;374.446;1.641338695436153;1370.491;28.055;10;;380.445;0.0523598775598298;380.445;0.0523598775598298;;;366.9792;381.9144
KBVY;0.743277305260352;-1.237718358284374;26.8224;2.457237709242679;1522.102;30.48;16;;383.404;0.0610865238198015;;;72.8472;;33.0;24.9936
KBVY;0.7431877688222286;-1.237722165772495;26.8224;1.2956488354094196;1448.317;30.48;9;;;;;;;76.2;21.9456;28.058
KBWG;0.6450978534978173;-1.5083124896846576;161.924;2.094593895394998;1204.82;45.751;12;;;;;;;103.03;161.967;160.6296
KBWG;0.6451857339126751;-1.508303876023007;161.924;0.5197077909237803;1971.533;45.72;3;;;;680.967;0.0523598775598298;;;166.7256;158.496
KBWI;0.683711816118639;-1.3380665022254523;40.436;3.7189939959076206;1821.563;44.246;22;;563.591;0.0523598775598298;688.788;0.0523598775598298;;;40.436;40.436
KBWI;0.6837099260284806;-1.338164045701863;40.436;4.786114305982808;3202.052;44.352;28;;988.527;0.0523598775598298;1165.92;0.0523598775598298;153.494;169.667;39.37;43.176
KBWI;0.6838513024316609;-1.3379409721509068;40.436;2.518918517672784;1515.931;28.811;15;L;429.806;0.0523598775598298;485.44;0.0523598775598298;;;42.9768;34.7472
KBYH;0.6276965424233638;-1.5698189336711212;76.5048;3.1418900576943334;3535.164;42.271;18;;1462.782;0.0523598775598298;1462.782;0.0523598775598298;;;76.2;76.8096
KBYI;0.7425175767917547;-1.9857244604114297;1264.157;1.3748840781896217;1239.931;22.86;6;;;;280.1112;0.0523598775598298;243.786;35.052;1266.22;1262.686
KBYI;0.7425000334781481;-1.9856513769253044;1264.157;0.6524244074812662;1247.392;23.046;2;;;;225.932;0.0523598775598298;190.8048;92.964;1266.498;1262.158
KBYS;0.6158088291495327;-2.035573951821886;716.2800000000001;0.9098855176251958;3014.624;76.358;4;;;;;;;;715.611;716.949
KBYS;0.6157337638970494;-2.035537195517505;716.2800000000001;5.597987019737909;1916.196;82.697;31;;;;;;;;715.864;716.696
KBZN;0.7989989888521352;-1.940006514932636;1356.931;2.3712730877320247;2738.35;43.798;12;;1064.375;0.0523598775598298;1064.375;0.0523598775598298;;;1348.74;1360.0176
KBZN;0.7988489519739256;-1.9399319490228573;1356.931;0.7993257686553153;1037.253;22.86;3;;;;;;231.566;;1363.3704;1357.884
KBZN;0.798985272532224;-1.9399154551091529;1356.931;2.392857923657289;1036.903;80.116;11;R;;;;;;;1354.5312;1357.2744
KCAE;0.5923851349215047;-1.4158819158621552;66.7512;4.969423619325895;2620.864;42.989;29;;;;1005.632;0.0523598775598298;;;64.00800000000001;69.7992
KCAE;0.5923010405386362;-1.4157186932156576;66.7512;3.918933679028335;2436.392;43.879;23;;;;913.396;0.0523598775598298;305.1048;;62.876;69.4944
KCAK;0.7140620939066749;-1.4215066993379166;367.969;0.8298744934457749;2498.097;45.72;5;;944.249;0.0523598775598298;;;;;359.66400000000004;373.6848
KCAK;0.7141467734567752;-1.4214094991596151;367.969;0.0428017302642693;2314.923;45.72;1;;;;;;;183.1848;368.5032;370.158
KCAR;0.8180986424865161;-1.1871148125769109;188.214;6.061845793034319;1217.447;29.323;1;;;;;;;;187.1472;188.0616
KCAR;0.8180191650731058;-1.1871709730266953;188.214;4.669248979131445;956.1576;23.1648;29;;;;;;159.317;;188.625;188.976
KCBM;0.5872620250662727;-1.543612484474941;61.366;5.502924345902458;2420.771;41.833;31;R;905.585;0.0610865238198015;905.585;0.0610865238198015;;;65.8368;58.52160000000001
KCBM;0.5872136434395552;-1.5437935976342692;61.366;5.500849847553537;2143.275;43.78;31;L;766.838;0.0523598775598298;766.838;0.0523598775598298;;;62.1792;57.912000000000006
KCBM;0.5871925130508183;-1.5436467908791789;61.366;5.500492927721505;3641.101;61.221;31;C;1515.75;0.0523598775598298;1515.75;0.0523598775598298;;;64.92240000000001;58.8264
KCCR;0.6630045384002621;-2.1302872786197367;6.629;0.4063234709056422;843.103;22.86;1;R;;;;;;;7.315200000000001;6.7056
KCCR;0.6630655537875122;-2.13026701622906;6.629;2.6817081695330987;1403.748;45.72;14;L;;;290.394;0.0698131700797731;92.918;106.68;5.324;7.809
KCCR;0.6630938232164759;-2.130318612374437;6.629;2.680980018169166;851.823;22.86;14;R;;;;;;;5.1816;6.7056
KCCR;0.6630202267337442;-2.130311863445698;6.629;0.409289134370631;1522.589;45.72;1;L;456.495;0.0698131700797731;;;;184.679;7.315200000000001;6.622
KCCY;0.7517812948685105;-1.616374963461395;341.629;2.189804852403697;1217.808;23.552;12;;304.104;0.0523598775598298;304.104;0.0523598775598298;;;340.46160000000003;340.46160000000003
KCCY;0.7517221461647297;-1.6163855744938638;341.629;3.141592653589793;544.486;51.816;18;;;;;;;;341.68080000000003;341.98560000000003
KCCY;0.7517497953164278;-1.616322805555476;341.629;0.7841720695979223;740.987;48.768;4;;;;;;;;342.29040000000003;342.90000000000003
KCDC;0.6580230682734648;-1.973930188591715;1705.812;1.690058339775098;1468.661;16.48;8;;429.53;0.0523598775598298;;;;;1700.4792;1713.5856
KCDC;0.6579966304179362;-1.973957153097752;1705.812;0.5957865533918729;2637.792;43.293;2;;1014.096;0.0523598775598298;1014.096;0.0523598775598298;;;1700.784;1708.404
KCDR;0.7476054829863272;-1.7993899084903655;1001.344;2.181932440092821;1343.176;22.86;12;;366.788;0.0523598775598298;366.788;0.0523598775598298;;;1004.0112;1000.9632
KCDR;0.7476945044772868;-1.799328013401711;1001.344;0.610696587032395;1828.62;29.472;3;;521.423;0.0523598775598298;456.03;0.0523598775598298;88.08720000000001;153.48;1004.434;995.663
KCDS;0.60095384402549;-1.750318268177673;594.817;3.174508516084855;1812.57;21.56;18;;;;;;;;594.0552;595.5792
KCDS;0.6010206291616448;-1.7504087740428431;594.817;3.9573461069367024;1306.627;17.345;22;;;;;;;;594.817;594.817
KCEC;0.7291997031002873;-2.168366903585155;16.916;3.3709756921258016;1525.966;45.72;18;;;;458.183;0.0523598775598298;49.158;;18.686;15.5448
KCEC;0.7292043727347963;-2.16830916708496;16.916;2.326226139738051;1531.3152;44.154;12;;;;460.8576000000001;0.0610865238198015;;;17.3736;16.154400000000003
KCEW;0.53719202703845;-1.5100955644597365;56.083200000000005;2.984954589211058;2438.695;44.162;17;;914.548;0.0523598775598298;914.548;0.0523598775598298;;;65.2272;46.9392
KCEZ;0.6510601282733509;-1.8959176984336032;1801.6728;0.7229881564058595;2181.966;30.48;3;;;;786.183;0.0523598775598298;;;1802.2824;1801.0632
KCGF;0.7254485119681198;-1.4222052563746688;266.242;0.8615428644046813;1553.453;29.405;6;;471.927;0.0523598775598298;471.927;0.0523598775598298;;;266.416;266.058
KCGI;0.6496978765129543;-1.5633091354718964;103.3272;1.847267824950936;1979.527;42.23;10;;;;684.964;0.0523598775598298;;;102.7176;103.9368
KCGI;0.6497149399894309;-1.563297705205304;103.3272;0.3682980348523194;1217.609;30.48;2;;304.0;0.0698131700797731;304.0;0.0523598775598298;;;104.2416;102.4128
KCHA;0.6114306488836082;-1.4870896601295729;205.054;0.2898617863503879;2251.712;42.374;2;;821.056;0.0523598775598298;;;;;207.5688;203.3016
KCHA;0.6115446687187063;-1.487073587536275;205.054;2.5406277955737155;1699.975;45.526;15;;511.165;0.0558505360638185;;;34.023;176.7;204.514;204.861
KCHO;0.6656625142584827;-1.3692521784073752;191.7192;0.3837057840356328;2075.507;45.72;3;;;;732.953;0.0523598775598298;;;195.072;188.3664
KCHS;0.5742588367570004;-1.3969655658631064;10.82;2.574863476049136;2742.445;43.727;15;;1066.423;0.0523598775598298;1066.423;0.0523598775598298;;;13.1064;11.5824
KCHS;0.5741011049296938;-1.3969769883274692;10.82;0.4231511676085007;2132.276;44.973;3;;761.338;0.0523598775598298;;;;;6.4008;12.192
KCID;0.7310216212762066;-1.600700970477626;261.442;1.5867371169850617;2617.416;44.025;9;;1003.908;0.0523598775598298;876.191;0.0523598775598298;;127.717;260.2992;262.223
KCID;0.7310310658753264;-1.600593455751587;261.442;2.374447492575552;1880.651;44.695;13;;635.526;0.0523598775598298;635.526;0.0523598775598298;;;264.8712;258.47040000000004
KCIU;0.8071763615182442;-1.4742970618036468;242.544;2.619179305619449;2198.759;42.729;16;;794.58;0.0523598775598298;794.58;0.0523598775598298;;;243.5352;241.7064
KCIU;0.8073025469800895;-1.474357677326622;242.544;1.5706718848192294;1523.491;22.162;10;;456.946;0.0523598775598298;456.946;0.0523598775598298;;;241.4016;243.5352
KCKB;0.6858726221934567;-1.4002347157353685;366.826;0.397388013453962;2379.051;42.536;3;;679.433;0.0600393262686049;;;205.293;;359.404;373.0752
KCLE;0.7226804603019429;-1.4286556874076797;237.286;0.8692112302727062;3033.11;42.912;6;R;529.804;0.0541052068118242;1214.731;0.0523598775598298;581.0;;232.395;239.5728
KCLE;0.7228549571704378;-1.4284349623278796;237.286;1.6288803607024922;1852.0;45.72;10;;689.75;0.0523598775598298;604.161;0.0523598775598298;;;233.78160000000003;243.84
KCLE;0.7227027961351771;-1.428742612049392;237.286;0.8686419911371682;2740.344;43.643;6;L;964.403;0.0523598775598298;983.597;0.0523598775598298;;;234.696;238.0488
KCLL;0.5338824557643793;-1.6818874779205837;95.631;1.8988944896920037;1566.931;45.72;11;;478.666;0.0523598775598298;;;;;97.2312;94.7928
KCLL;0.5338473164721154;-1.681811889918707;95.631;2.9479941007074246;2129.885;44.500800000000005;17;;;;;;;;97.8408;92.6592
KCLL;0.533893983558844;-1.6819187648619056;95.631;0.8630952824144528;1569.634;45.72;4;;;;;;;;95.631;95.631
KCLM;0.839901441037733;-2.1555029850770286;81.0768;2.5765878613501063;988.283;15.24;13;;;;;;;;69.4944;82.6008
KCLM;0.8398321572374989;-2.155463755465815;81.0768;1.8257180701436373;1935.596;43.179;8;;663.0;0.0523598775598298;250.299;0.0698131700797731;;412.6992;86.56320000000001;85.401
KCLT;0.6145821196750163;-1.4131295856889368;222.656;3.0713820720393405;2744.044;46.03;18;R;954.268;0.0523598775598298;941.705;0.0523598775598298;;;226.7712;226.7712
KCLT;0.6145949640957523;-1.4128788298268058;222.656;3.0715096556076618;3048.698;45.645;18;C;1083.505;0.0523598775598298;1143.0;0.0523598775598298;;;226.1616;210.9216
KCLT;0.6145842847937737;-1.4125850524697996;222.656;3.071595700339785;2696.517;46.988;18;L;847.417;0.0523598775598298;941.592;0.0523598775598298;54.296;;227.3808;220.3704
KCLT;0.6146315428994062;-1.4126790615361309;222.656;3.98556301948662;2286.602;44.662;23;;711.747;0.0523598775598298;686.652;0.0523598775598298;;;227.6856;215.1888
KCMA;0.597142737620468;-2.078588767988303;21.336;1.5808061391209345;1831.094;43.0;8;;610.747;0.0523598775598298;610.747;0.0523598775598298;;;19.2024;23.4696
KCMH;0.6980032383851694;-1.4467241222857552;247.421;1.6439237025912818;3079.752;44.211;10;R;;;;;;;245.364;248.412
KCMH;0.6981736566380593;-1.4467628525542644;247.421;1.643995610156464;2435.395;43.905;10;L;;;;;;;248.412;247.4976
KCMI;0.6988194588983158;-1.5407007235388868;228.2952;2.3689984001179005;2466.613;44.646;14;L;928.507;0.0523598775598298;928.507;0.0523598775598298;;;230.124;228.2952
KCMI;0.6987731370602539;-1.540714595903393;228.2952;2.3686290884481784;1153.294;22.86;14;R;271.847;0.0523598775598298;271.847;0.0523598775598298;;;228.6;226.4664
KCMI;0.6988047653491276;-1.5407383380885409;228.2952;0.7148931448021846;1976.043;44.649;4;;683.222;0.0523598775598298;683.222;0.0523598775598298;;;228.9048;227.3808
KCMI;0.6988261122497402;-1.5408157518121808;228.2952;6.272704255955509;1606.373;41.275;36;;498.387;0.0523598775598298;;;;;228.2952;228.2952
KCMX;0.823262702344623;-1.54442469659255;326.898;2.2870382620430227;1979.274;42.655;13;;684.837;0.0523598775598298;;;;;333.75600000000003;323.3928
KCMX;0.8232207048924035;-1.5444280983647238;326.898;1.166385998548828;1580.513;28.23;7;;;;485.457;0.0523598775598298;;;322.7832;327.66
KCNM;0.5644792820621503;-1.8197060565299548;993.267;4.71225808069079;1570.686;21.242;26;;;;;;34.016;;987.2472;996.696
KCNM;0.5645448793088246;-1.8196292591824652;993.267;2.7280557368856586;1404.777;43.883;14;L;;;;;;187.452;987.8568;988.208
KCNM;0.5643637993089728;-1.819797662509521;993.267;2.6908456662989897;1775.63;30.48;14;R;583.015;0.0698131700797731;;;;117.348;996.3912;995.739
KCNM;0.5642715593982389;-1.819774809778565;993.267;0.7675768158448445;2391.809;45.72;3;;;;891.104;0.0523598775598298;;;1004.316;989.6856
KCNU;0.6574285734760845;-1.6665574852467602;302.514;3.256935006135866;1296.793;19.0;18;;;;;;;82.296;299.6184;305.802
KCNY;0.6764019012084845;-1.9155835774364007;1391.1072;0.6914635482174398;2151.706;22.86;3;;771.053;0.0523598775598298;771.053;0.0523598775598298;;;1388.248;1389.316
KCOD;0.77702395802961;-1.9028257146373493;1550.974;0.912397657284054;2521.114;27.377;4;;745.445;0.0610865238198015;831.4944;0.0523598775598298;210.312;124.26;1555.88;1546.401
KCOE;0.8338375519724136;-2.0389451626615878;702.716;1.221266812226946;2253.163;27.143;6;;821.781;0.0523598775598298;821.781;0.0523598775598298;;;694.0296000000001;707.1360000000001
KCOE;0.8337938048701712;-2.0388063453897667;702.716;0.5629329991511072;1650.03;19.738;2;;520.215;0.0523598775598298;520.215;0.0523598775598298;;;702.8688000000001;706.8312000000001
KCOF;0.4928830062584537;-1.4069056221768264;1.981;1.870664661705621;1119.55;44.091;11;;335.28000000000003;0.0523598775598298;320.04;0.0523598775598298;;;1.524;2.514
KCOF;0.4927550477398964;-1.406914594741046;1.981;3.4877080248881627;2734.289;43.961;21;;1043.0256;0.0523598775598298;1103.9856;0.0523598775598298;;;2.4384;1.524
KCOS;0.6773437571262784;-1.8276377174754697;1885.0;3.1424408836062625;3350.712;42.285;17;R;1370.556;0.0523598775598298;;;;;1885.0;1885.0
KCOS;0.677145186477871;-1.827111449276192;1885.0;3.143064664280925;4110.401;43.097;17;L;1750.401;0.0523598775598298;1750.401;0.0523598775598298;;;1885.0;1885.0
KCOS;0.6774528615566301;-1.8274505107747017;1885.0;2.3595881083899224;2539.265;44.45;13;;942.963;0.0523598775598298;853.16;0.0523598775598298;21.87;111.673;1885.0;1885.0
KCOU;0.6776021611241277;-1.6095179270268758;269.9;5.505712160316668;1087.118;30.48;31;;;;238.759;0.0523598775598298;;;270.0528;270.6624
KCOU;0.6774234334965475;-1.6095353728126105;269.9;0.3724629140463534;1985.18;45.72;2;;;;687.79;0.0523598775598298;;;268.8336;270.0528
KCPR;0.7488989190802751;-1.8581777279361569;1624.736;1.5497190326161123;2642.044;40.23;8;;1016.222;0.0523598775598298;;;;;1628.8512;1622.7552
KCPR;0.7488071882650328;-1.8581105429357276;1624.736;0.7623785970138746;3096.052;42.471;3;;1243.226;0.0523598775598298;1243.226;0.0523598775598298;;;1623.9744;1623.3648
KCRE;0.5901261963019298;-1.3739913463879825;9.296;0.7998737147739791;1830.058;22.582;5;;610.229;0.0523598775598298;;;;;9.7536;8.8392
KCRG;0.5295311639327517;-1.4226959776151782;11.5824;2.36063129168384;1217.986;30.48;14;;304.1904;0.0523598775598298;304.1904;0.0523598775598298;;;9.7536;12.192
KCRG;0.5294069504844773;-1.4226957435482854;11.5824;0.7823653047562578;1216.147;29.351;5;;303.276;0.0523598775598298;303.276;0.0523598775598298;;;12.192;12.192
KCRP;0.4846709858405553;-1.7017886253594463;12.725;2.3729950295720426;2286.112;44.203;13;;838.256;0.0523598775598298;838.256;0.0523598775598298;;;14.0208;12.8016
KCRQ;0.5781973282166927;-2.046923574567801;100.126;1.3796222107764733;1490.488;45.72;6;;349.919;0.0523598775598298;440.444;0.0558505360638185;90.5256;;100.987;99.3648
KCRW;0.6697851344393038;-1.4240686238961673;281.0256;0.8191144338874748;2046.456;44.872;5;;541.844;0.0523598775598298;590.135;0.0523598775598298;176.584;128.293;288.6456;272.179
KCSG;0.5675014308953512;-1.4825460160266533;116.814;2.219255014603074;1206.509;43.137;13;;;;298.454;0.0523598775598298;;;121.0056;112.4712
KCSG;0.567526066435806;-1.4824155939540504;116.814;0.9372123995230588;2130.579;42.627;6;;760.489;0.045553093477052;760.489;0.0523598775598298;;;114.6048;119.1768
KCSV;0.6274681750595179;-1.4850121838191075;571.1952;1.2799745569960344;1651.807;25.572;8;;521.104;0.0523598775598298;521.104;0.0523598775598298;;;573.3288;569.0616
KCTB;0.8483530640303262;-1.9613476574997424;1173.022;5.798657472216433;1598.507;21.053;32;;494.453;0.0523598775598298;;;;;1171.0416;1175.9184
KCTB;0.8483993273516649;-1.9613204355201237;1173.022;4.255458989685772;1605.399;19.17;23;;497.9;0.0523598775598298;;;;;1170.432;1174.6992
KCUB;0.592896489158604;-1.4136337267646266;57.759;2.192101426446641;1528.969;22.86;13;;459.685;0.0698131700797731;336.756;0.0523598775598298;;122.929;58.8264;56.508
KCVG;0.6815452051848827;-1.4777473248352369;266.471;3.1448038848805373;3345.766;42.277;18;C;1368.083;0.0523598775598298;1368.083;0.0523598775598298;;;266.7;256.33680000000004
KCVG;0.6814138234380199;-1.4773641651341451;266.471;3.1447146985557604;3044.316;41.678;18;L;1217.358;0.0523598775598298;1217.358;0.0523598775598298;;;270.0528;273.1008
KCVG;0.6817238684440675;-1.4780109855853845;266.471;3.1440978991981057;2435.301;43.285;18;R;912.85;0.0523598775598298;912.85;0.0523598775598298;;;263.652;266.0904
KCVG;0.6814868054951583;-1.4778397500489275;266.471;1.57297833742574;3654.51;44.23;9;;1522.455;0.0523598775598298;1522.455;0.0523598775598298;;;269.1384;266.7
KCVN;0.6008563434613431;-1.799055895034507;1279.753;2.2793623039927517;1720.511;45.72;12;;;;555.456;0.0523598775598298;;;1285.0368;1276.1976
KCVN;0.6008996926498679;-1.799010212979285;1279.753;0.7952086591229084;2191.505;45.72;4;;790.953;0.0523598775598298;790.953;0.0523598775598298;;;1278.3312;1284.4272
KCVO;0.7765918646940454;-2.151860209828437;75.2856;3.262572594152733;1796.098;42.425;17;;593.249;0.0523598775598298;593.249;0.0523598775598298;;;74.676;75.8952
KCVO;0.7766697855626195;-2.151724279381626;75.2856;1.955496913597581;1079.145;21.186;10;;;;170.773;0.0523598775598298;;64.0;74.9808;75.639
KCVS;0.6000142175948491;-1.803353331975243;1305.229;5.500442836771972;2496.095;40.577;31;;943.248;0.0523598775598298;943.248;0.0523598775598298;;;1300.2768;1308.5064
KCVS;0.6001565185622555;-1.8032772524328915;1305.229;0.7835359494454479;3048.161;42.821;4;;1219.281;0.0436332312998582;1219.281;0.0523598775598298;;;1303.02;1309.116
KCWA;0.781424386353684;-1.5650960957573936;383.667;6.10942469017416;1969.83;44.374;35;;;;680.115;0.0523598775598298;;;373.38;389.2296
KCWA;0.7815971335721562;-1.5648827984003215;383.667;1.3490007581160832;2320.532;48.874;8;;;;855.466;0.0523598775598298;;;388.0104;384.048
KCXO;0.5297453878046072;-1.6653424284023848;71.17;0.2977003916336523;1523.488;27.64;1;;456.944;0.0523598775598298;456.944;0.0523598775598298;;;70.104;69.7992
KCXO;0.5297806850920238;-1.6652827335425209;71.17;2.540823272449939;2290.7;40.29;14;;840.55;0.0523598775598298;840.55;0.0523598775598298;;;71.3232;73.4568
KCYS;0.7183023619594309;-1.829434633406136;1869.0336;2.36479302928522;2038.953;45.72;13;;391.589;0.0523598775598298;361.109;0.0523598775598298;323.088;353.56800000000004;1877.851;1866.446
KCYS;0.718300483572617;-1.829182176657918;1869.0336;1.6638012574422452;2821.846;45.72;9;;;;900.383;0.0523598775598298;185.928;205.74;1873.739;1857.815
KDAA;0.6757024917781317;-1.3470606084013144;18.135;2.3322066849529346;1648.257;22.86;14;;366.624;0.0523598775598298;;;152.7048;272.514;14.915;21.871
KDAB;0.5092628435615674;-1.4148137125862486;9.499;1.1358370643188582;3199.802;41.817;7;L;;;1190.278;0.0523598775598298;210.0;;8.753;10.0584
KDAB;0.5093443398019272;-1.4146362820793654;9.499;2.744741084534724;1827.961;44.701;16;;627.303;0.0523598775598298;624.289;0.0523598775598298;;;9.4488;10.0584
KDAB;0.5092501922460179;-1.4146295721617752;9.499;1.135038925251921;960.687;27.574;7;R;;;;;;;8.8392;9.7536
KDAG;0.6082729519128546;-2.0383208672476534;584.53;1.5713509924311804;1951.314;40.898;8;;;;;;;;588.264;581.8632
KDAG;0.608360844031057;-2.0383020794784006;584.53;0.8798466558691214;1556.596;26.454;4;;;;473.498;0.0523598775598298;61.947;;586.1304;581.8632
KDAN;0.6383554747306784;-1.3846121472479214;167.64;2.174832021816688;1222.777;30.48;13;;306.589;0.0523598775598298;272.399;0.0523598775598298;;34.19;174.04080000000002;160.9344
KDAN;0.6382791221102853;-1.384720504614774;167.64;0.2899429965204832;1807.131;27.741;2;;598.765;0.0523598775598298;506.123;0.0523598775598298;;92.642;163.3728;172.686
KDAY;0.6963208006705998;-1.4697864913526637;304.698;0.9641409449257392;2217.689;43.31;6;R;804.044;0.0523598775598298;804.044;0.0523598775598298;;;306.324;305.1048
KDAY;0.6964852151076925;-1.4697708400797729;304.698;3.115713435039997;2589.714;43.216;18;;;;;;;;302.0568;306.9336
KDAY;0.6964495725716091;-1.470091652162884;304.698;0.9638089134888398;3319.717;43.215;6;L;;;1355.059;0.0523598775598298;;;304.1904;303.5808
KDBQ;0.7400360581122554;-1.583224935498241;323.3928;3.1420113580773466;1915.077;42.465;18;;652.739;0.0523598775598298;652.739;0.0523598775598298;;;327.0504;314.8584
KDBQ;0.7400718527918189;-1.5831355687586146;323.3928;2.3578680864120822;1977.515;30.48;13;;;;683.957;0.0523598775598298;;;327.9648;323.6976
KDCA;0.6780844793631898;-1.344562264213346;3.556;3.0633348824571707;2185.366;44.359;19;;805.056;0.0523598775598298;786.823;0.0523598775598298;;;3.6576;3.3528
KDCA;0.6780135570947069;-1.344561109483342;3.556;0.4445206648106539;1524.202;44.396;4;;213.591;0.0523598775598298;487.933;0.0523598775598298;61.8;;3.67;3.3528
KDCA;0.6781561155356953;-1.3445624748735494;3.556;2.4916774187076567;1585.626;44.955;15;;563.987;0.0523598775598298;570.445;0.0523598775598298;;;4.2672;3.048
KDDC;0.6591179337190053;-1.7447496763606147;787.2984;2.686096276338463;2101.622;25.755;14;;746.011;0.0523598775598298;573.679;0.0523598775598298;;172.332;787.2984;789.624
KDDC;0.6590513943530879;-1.7446913390887282;787.2984;0.5610795118453669;1405.387;25.887;2;;;;;;;;790.956;781.5072
KDEC;0.6952792029981615;-1.5509676776749275;206.4;2.0803976665119563;2002.886;43.304;12;;;;;;;;206.6544;206.9592
KDEC;0.6952429987015358;-1.5511485021517548;206.4;3.126355929219883;1544.778;43.169;18;;467.589;0.0523598775598298;;;;;206.9592;204.8256
KDEC;0.6952185211562335;-1.5509268095954651;206.4;1.029859275874361;2589.718;43.797;6;;;;990.059;0.0523598775598298;;;205.1304;207.8736
KDEN;0.695353255911334;-1.8274523911120732;1631.086;1.5795280345096991;3658.897;45.72;7;;1418.151;0.0523598775598298;1410.514;0.0523598775598298;;;1630.68;1632.2040000000002
KDEN;0.6959920186097929;-1.826328089804221;1631.086;1.5800271114093067;3662.711;45.72;8;;1362.216;0.0523598775598298;1441.507;0.0523598775598298;;;1631.8992;1613.6112
KDEN;0.6960473227648615;-1.8271332096949815;1631.086;3.150351762973852;3663.716;45.72;16;L;1437.509;0.0523598775598298;1414.406;0.0523598775598298;;;1630.68;1631.8992
KDEN;0.6959299440698535;-1.827296128054518;1631.086;3.15017914991083;4881.801;61.868;16;R;2040.37;0.0523598775598298;2018.613;0.0523598775598298;;;1622.1456;1623.6696000000002
KDEN;0.6954873586858242;-1.8263392157838527;1631.086;3.151381332699603;3663.763;45.72;17;L;1446.691;0.0523598775598298;1397.375;0.0523598775598298;;;1623.9744;1636.776
KDEN;0.695422686003376;-1.826667970536856;1631.086;3.1511286090239143;3663.595;45.72;17;R;1436.924;0.0523598775598298;1364.0;0.0523598775598298;;;1639.2144;1656.2832
KDHN;0.5466198552653381;-1.4913064532235498;118.414;3.140729762807607;1670.796;27.682;18;;377.085;0.0523598775598298;;;153.512;;120.243;115.2144
KDHN;0.5466780677015483;-1.491419148630147;118.414;2.357961286994138;2579.662;44.188;14;;;;;;;;122.2248;116.4336
KDHT;0.6287126268044997;-1.7897719360232065;1214.856;3.138795588930547;1994.26;21.577;17;;644.913;0.0523598775598298;;;47.418;;1216.4568000000002;1215.2376000000002
KDHT;0.6287184492184551;-1.7898047522015603;1214.856;0.7807229848367161;1726.317;19.927;3;;;;;;;69.158;1214.0184000000002;1213.7136
KDIK;0.8167674221444168;-1.7942237634863565;786.917;2.6252884816002044;1945.475;30.48;14;;667.938;0.0523598775598298;667.938;0.0523598775598298;;;786.917;786.917
KDIK;0.8167693590479539;-1.794241224876551;786.917;1.3909267083416406;1427.595;22.86;7;;409.0;0.0523598775598298;409.0;0.0523598775598298;;;783.9456;790.0416
KDLF;0.5124297861745819;-1.7588589633757188;327.253;2.365966937740112;2530.319;44.511;13;L;;;;;;;328.5744;324.0024
KDLF;0.5124177960980042;-1.758960735660657;327.253;2.3661138944631297;2002.888;42.305;13;R;;;;;;99.9744;328.2696;328.2696
KDLF;0.5124071753127487;-1.7589104580921089;327.253;2.365902535090713;2696.214;43.798;13;C;;;;;;;329.4888;324.9168
KDLH;0.8175448870318074;-1.6091602728148566;432.587;4.752685142154736;3399.82;39.29;27;;;;;;301.164;;432.367;435.2544
KDLH;0.8175549109464865;-1.608885259820414;432.587;3.691000660034884;1740.705;45.72;21;;565.553;0.0523598775598298;;;;;431.5968;430.9872
KDLS;0.7961813618180881;-2.1147755564104345;68.961;2.525812219152311;1551.907;28.187;13;;;;;;62.602;;63.964;72.8472
KDLS;0.7962370287768404;-2.11479776155632;68.961;1.5354192009886722;1415.727;27.053;7;;;;;;134.965;61.525;63.581;74.528
KDMA;0.5614092431427065;-1.9352764833630731;806.653;2.400464417603331;4163.463;44.309;12;;1776.932;0.0523598775598298;1776.932;0.0523598775598298;;;789.1272;824.1792
KDMN;0.5630962100516494;-1.8799889002304595;1311.935;1.5661676263521451;2440.368;22.86;8;;;;;;;;1314.9072;1307.2872
KDMN;0.5630673730104709;-1.8801395378803605;1311.935;0.897542549155092;1727.4;18.288;4;;;;;;;;1313.9928;1311.5544
KDNL;0.5841356930591387;-1.4318662815456218;124.968;1.8109792882093207;1138.701;29.826;11;;165.186;0.0523598775598298;;;99.3648;98.039;128.722;127.618
KDNL;0.5840710964484306;-1.43184906202455;124.968;0.7963365606987173;1219.633;30.48;5;;;;;;62.626;90.8304;114.459;129.436
KDOV;0.6829287160708073;-1.317158929565892;7.772;2.197059295986319;3934.921;45.72;14;;;;1662.661;0.0523598775598298;1290.186;;9.288;7.9248
KDOV;0.6829537904866859;-1.3170890840051157;7.772;0.0553568696848919;2923.649;45.72;1;;1157.025;0.0523598775598298;1157.025;0.0523598775598298;;;7.62;6.7056
KDPA;0.7313269907960729;-1.540201310614429;230.162;0.2431641932163406;1960.656;29.6;2;R;;;;;;;228.9048;231.3432
KDPA;0.731516309950547;-1.5402494971854026;230.162;1.6761496364330302;1445.035;20.671;10;;417.718;0.0523598775598298;;;;;229.5144;230.4288
KDPA;0.7315598873542923;-1.5401199801714516;230.162;2.5764627212427382;1035.357;30.48;15;;212.878;0.0523598775598298;;;;57.912000000000006;230.7336;231.056
KDPA;0.7313649096326874;-1.540256043256168;230.162;0.2435894252352965;2303.573;45.0;2;L;;;;;;;228.9048;230.4288
KDRI;0.5380930090251091;-1.629050621967737;59.817;3.131729797986773;1675.716;26.988;18;;533.058;0.0549778714378213;533.058;0.0523598775598298;;;61.2648;60.0456
KDRI;0.5381441818995218;-1.6291384750747906;59.817;2.352378153249934;1278.381;17.089;14;;;;;;139.797;;59.167;58.8264
KDRO;0.6484165475290303;-1.8806584797858972;2028.291;0.6497722924163982;2799.864;45.72;3;;1127.76;0.0523598775598298;1127.76;0.0523598775598298;;;2017.776;2038.8072
KDRT;0.5126773938370064;-1.761512111604278;304.342;2.452290049879125;1913.542;30.48;13;;558.085;0.0523598775598298;651.971;0.0523598775598298;93.886;;305.516;303.276
KDSM;0.7249626476156336;-1.6347156493445805;283.7688;2.31179872454229;2739.402;39.9288;13;;1064.901;0.0523598775598298;;;;;278.2824;291.9984
KDSM;0.7248469717572698;-1.634742660663996;283.7688;0.9376719272618164;2736.473;39.448;5;;;;;;;;279.1968;285.5976
KDTS;0.5305810066114847;-1.5092117200707365;6.553;2.4837977807336777;1521.821;29.888;14;;456.11;0.0523598775598298;456.11;0.0523598775598298;;;6.7056;6.4008
KDUA;0.5924029298570209;-1.6824110465483666;212.293;3.146533680702189;1512.37;28.353;17;;451.385;0.0523598775598298;451.385;0.0523598775598298;;;213.0552;211.5312
KDUG;0.5491506099157132;-1.912959469106994;1255.776;3.1380815747335564;2179.425;28.687;17;;784.913;0.0523598775598298;;;;223.48;1257.3;1246.3272000000002
KDUG;0.5493259903867281;-1.9129311001996008;1255.776;1.5738319779628902;1509.187;13.856;8;;;;;;;;1254.5568;1264.92
KDUJ;0.7186967763769458;-1.3770415032754502;553.8216;1.0881442495387386;1682.068;28.807;7;;536.234;0.0523598775598298;536.234;0.0523598775598298;;;553.8216;553.8216
KDVL;0.8398107869301971;-1.7263236496883576;442.2648;5.553028036338235;1937.948;27.046;31;;664.174;0.0523598775598298;664.174;0.0523598775598298;;;439.8264;448.056
KDVL;0.8397666068042031;-1.7262795826946953;442.2648;0.7844982192752424;1301.737;20.46;3;;346.068;0.0523598775598298;346.068;0.0523598775598298;;;441.96;439.2168
KDXR;0.7220878263363594;-1.282481162598657;138.303;5.815940071535531;954.339;27.911;35;;;;;;71.819;68.43;138.101;137.744
KDXR;0.7220568007697343;-1.2825238251909632;138.303;1.215256526601608;1347.128;45.72;8;;;;;;112.616;225.735;139.428;137.805
KDYS;0.5658489069296664;-1.742791620978796;545.846;2.9478305633565127;4115.202;44.044;16;;1752.801;0.0453785605518525;1752.801;0.0436332312998582;;;545.592;544.9824
KEAR;0.7108157909136963;-1.7280284134833743;649.0;3.270497959753114;2161.555;45.314;18;;775.978;0.0523598775598298;775.978;0.0523598775598298;;;648.6144;649.8336
KEAR;0.7108290976165453;-1.7279395148775336;649.0;2.4667987974180288;1369.454;21.765;13;;;;;;;;648.9192;648.6144
KEAT;0.8272681486389672;-2.09801348006934;373.0752;2.358183118342068;2126.42;43.501;12;;758.41;0.0628318530717958;758.41;0.074176493209759;;;370.9416;375.2088
KEAT;0.8272613841057687;-2.0979931318541363;373.0752;4.71541276331377;1354.359;25.0;26;;372.38;0.074176493209759;372.38;0.0523598775598298;;;373.0752;373.0752
KEAU;0.7830185340363338;-1.5967744515394948;272.034;2.426917674944108;1523.957;28.402;14;;457.179;0.0523598775598298;457.179;0.0523598775598298;;;269.1384;270.6624
KEAU;0.78307999415068;-1.5966563881988256;272.034;0.7831473344341988;2467.489;43.055;4;;;;928.944;0.0523598775598298;243.765;;269.625;278.2824
KECG;0.6328725513963421;-1.3294518262848591;2.819;1.6128468935290463;2196.967;45.72;10;;793.683;0.0523598775598298;;;;;3.3528;3.048
KECG;0.6328567869911201;-1.3295702329236376;2.819;0.0413377742676353;1376.329;44.79;1;;292.229;0.047996554429844;383.365;0.047996554429844;91.1352;;2.786;2.1336
KECP;0.529851150930066;-1.4974155601114207;18.745;2.782981772044696;3045.975;45.72;16;;1107.504;0.0523598775598298;1113.791;0.0523598775598298;;;21.0312;16.4592
KEDW;0.6092154281079141;-2.057459643212589;699.744;1.013839945867856;4572.373;45.183;5;R;;;;;;;701.9544000000001;695.5536000000001
KEDW;0.609320015047237;-2.057530503063234;699.744;1.014489679588496;3654.664;42.241;5;L;1522.532;0.0523598775598298;1522.532;0.0436332312998582;;;704.3928000000001;697.0776000000001
KEDW;0.6090697975389592;-2.057203737878819;699.744;1.3481783589725431;2436.393;14.322;6;;;;;;;;699.744;699.744
KEED;0.6067409665452291;-2.0006073853202286;280.035;2.08035759375233;1522.373;30.48;11;;;;;;;;299.6184;280.1112
KEED;0.6068416796774782;-2.0004896340687504;280.035;0.5026717193615262;1286.941;27.496;2;;;;;;;;283.1592;257.25120000000004
KEET;0.5790616026629067;-1.5146528156513503;176.631;2.746848046007732;1522.692;21.683;16;;456.546;0.0523598775598298;456.546;0.0523598775598298;;;174.65040000000002;178.61280000000002
KEFD;0.5168292080110174;-1.6607865269965187;9.0;3.1219758509290774;1401.567;21.344;17;L;;;;;;;9.4488;9.144
KEFD;0.5167215430920556;-1.6609270139455068;9.0;3.1217941621539453;2738.97;42.231;17;R;;;;;;;9.7536;8.5344
KEFD;0.5167185060741231;-1.6607612789810275;9.0;0.7626943096222679;2533.085;41.931;4;;864.647;0.0523598775598298;961.743;0.0523598775598298;97.095;;7.9248;9.144
KEGE;0.6918971353557546;-1.8660350024231775;1981.351;1.4286586323746555;2742.719;43.064;7;;;;758.083;0.0663225115757845;;308.477;1969.3128;1996.403
KEGI;0.5349495374697584;-1.5101090857239037;57.759;3.1573920721105466;2437.423;44.703;18;;913.912;0.0523598775598298;913.912;0.0523598775598298;;;57.607200000000006;57.912000000000006
KEGI;0.5348549920001315;-1.5100552581408164;57.759;3.157040911865045;1155.255;16.507;18;L;272.827;0.0523598775598298;272.827;0.0523598775598298;;;57.759;57.759
KEKA;0.7121537816406663;-2.166176981539445;2.59;2.353335640877578;910.388;23.913;12;;150.394;0.0523598775598298;150.394;0.0698131700797731;;;1.8288;3.3528
KEKN;0.6787429563456849;-1.39375861536646;596.569;2.247788076093697;1384.729;43.0;14;;;;;;;425.179;591.312;604.487
KEKN;0.6787553092259463;-1.3937829505210693;596.569;0.6766732790701895;1369.141;42.864;5;;;;527.653;0.0872664625997164;;;601.336;593.4456
KEKO;0.7126278022083828;-2.0208687304980115;1548.612;2.345272568799215;871.15;18.288;12;;;;;;;;1568.0;1548.366
KEKO;0.7124926051711693;-2.0209711425657897;1548.612;1.1967277621965855;2271.152;45.72;6;;830.776;0.0523598775598298;512.623;0.0575958653158128;;318.153;1539.5448;1544.147
KELD;0.5798425200369642;-1.6198872464173166;79.095;2.3751452752105;1550.389;30.48;13;;;;;;;;84.42960000000001;74.0664
KELD;0.5798029451770839;-1.6198576369553923;79.095;0.7994306105834827;2012.311;42.314;4;;701.355;0.0523598775598298;701.355;0.0523598775598298;;;78.9432;78.9432
KELM;0.7358414506585897;-1.342018487641508;287.477;0.8779137037225377;2438.918;45.72;6;;731.779;0.0523598775598298;851.062;0.0523598775598298;182.88;63.598;286.156;290.899
KELM;0.7357937770842224;-1.342035441886768;287.477;1.5572995211562994;1641.826;45.72;10;;;;393.584;0.0523598775598298;;122.5296;284.6832;287.976
KELM;0.7358677071122763;-1.341940114243608;287.477;0.8766377982261598;615.769;45.72;5;;;;;;;;287.4264;287.7312
KELO;0.8346915157720051;-1.6027364785942333;441.807;2.0920444929566093;1827.754;29.439;12;;483.882;0.0523598775598298;609.077;0.0523598775598298;125.195;;439.8264;443.7888
KELP;0.5551184028182419;-1.856351436610459;1201.8264;1.5413730426660006;1689.697;22.201;8;L;;;;;17.747;;1201.8264;1201.8264
KELP;0.5550379364722098;-1.856579456775081;1201.8264;1.628730436919746;2748.28;44.961;8;R;1069.34;0.0523598775598298;1069.34;0.0523598775598298;;;1196.9496;1207.6176
KELP;0.5552271210382207;-1.856769308431736;1201.8264;0.8702796335743145;3659.514;43.736;4;;1101.728;0.0523598775598298;;;423.23;;1193.9016;1203.96
KELY;0.685929008907904;-2.0043047449681946;1903.7808;3.381217284176504;1830.164;42.873;18;;610.282;0.0523598775598298;610.282;0.0523598775598298;;;1897.38;1908.048
KELY;0.6858854198008143;-2.0044500146840227;1903.7808;2.4564510893488047;1468.267;17.096;12;;;;;;;;1901.952;1907.7432
KEND;0.6342536455415998;-1.7088701943618867;391.566;3.1420078674188425;1518.324;45.72;17;L;;;;;;;388.0104;391.3632
KEND;0.6341928408145531;-1.7090827271004423;391.566;3.142470205137696;2807.896;45.72;17;R;1099.148;0.0523598775598298;1099.148;0.0523598775598298;;;388.62;398.3736
KEND;0.6343029400291987;-1.7089340244035214;391.566;3.1422789170516774;2803.951;45.72;17;C;1097.175;0.0436332312998582;1097.175;0.0436332312998582;;;388.9248;394.1064
KENV;0.7106707221052838;-1.990248185421782;1289.074;2.3562447556748025;2436.36;30.48;12;;;;913.38;0.0523598775598298;;;1291.4376;1287.4752
KENV;0.7106796751639289;-1.990118442143168;1289.074;1.5699768947110853;3048.033;45.72;8;;1219.217;0.0523598775598298;;;;;1289.304;1288.0848
KENW;0.7433869070828507;-1.5345388423689457;219.252;1.112937018082461;1000.926;22.86;7;R;;;195.663;0.0567232006898157;;;222.1992;215.1888
KENW;0.7434577064662149;-1.5345946907295398;219.252;2.5120304012468635;1353.213;30.48;15;;371.807;0.0610865238198015;371.807;0.0523598775598298;;;218.2368;217.932
KENW;0.7434463074085412;-1.534712652641222;219.252;1.109619251894175;1676.084;30.48;7;L;;;533.242;0.0523598775598298;;;226.4664;215.4936
KERI;0.7344935471987145;-1.3992619103226895;221.97;0.9496500521050834;2564.149;41.01;6;;;;;;280.1112;;223.412;220.6752
KERI;0.7344766183107011;-1.3993897888683915;221.97;0.1757681121643618;1068.726;40.419;2;;;;;;249.0216;95.119;222.817;221.472
KESC;0.7980562551834939;-1.5199470342568058;182.956;0.0153316336293046;1520.173;30.322;1;;455.287;0.0523598775598298;455.287;0.0523598775598298;;;180.4416;185.0136
KESC;0.7979768538418236;-1.520167556478632;182.956;4.729519037927163;1980.06;45.814;27;;685.23;0.0523598775598298;;;;;180.7464;185.6232
KESF;0.5479560261222176;-1.6108538950257816;29.413;2.532963705762358;1704.569;45.72;14;;547.485;0.0523598775598298;547.485;0.0523598775598298;;;34.1376;26.8224
KESF;0.547934848920102;-1.6108759831382211;29.413;1.5859086964556026;1827.248;43.125;9;;608.824;0.0523598775598298;;;;;29.260800000000003;27.432
KEUG;0.7701171648253784;-2.1505771565517366;111.5568;3.1307527626715066;2440.684;45.72;16;R;;;915.542;0.0523598775598298;;;109.728;111.5568
KEUG;0.7701220451200909;-2.1502914076891493;111.5568;3.1309080969749346;1824.91;44.911;16;L;607.655;0.0523598775598298;607.655;0.0523598775598298;;;110.9472;113.9952
KEVV;0.6638919971721964;-1.527734970327984;119.38;1.590349250404989;1065.478;22.86;9;;;;;;161.2392;70.0;116.375;116.763
KEVV;0.6638775142832117;-1.527762161098684;119.38;3.161600410002955;1912.755;45.72;18;;;;411.09;0.0523598775598298;;240.4872;120.7008;116.518
KEVV;0.6640037114484015;-1.527548676488098;119.38;0.6624364014688691;2439.591;45.72;4;;;;;;;;116.7384;128.62560000000002
KEVW;0.7203807355263179;-1.9379197539687611;2174.9;1.1644712850929275;2220.196;28.235;5;;805.298;0.0523598775598298;805.298;0.0523598775598298;;;2174.748;2175.0528
KEWB;0.7273843797590693;-1.2384292584486003;21.717;2.2448272995506144;1520.116;40.672;14;;;;455.258;0.0523598775598298;;;23.4696;20.1168
KEWB;0.7274023560964273;-1.2384651331010188;21.717;0.6687147522140205;1642.763;45.72;5;;;;394.662;0.0523598775598298;;121.92;19.5072;24.116
KEWN;0.612151574913071;-1.3446470042307268;4.495;2.234671054100334;1219.23;41.701;14;;304.815;0.0523598775598298;304.815;0.0523598775598298;;;3.6576;5.486400000000001
KEWN;0.6121285953958819;-1.3446590898846191;4.495;0.5342147058669693;1966.861;45.342;4;;585.601;0.0523598775598298;;;93.029;;4.252;4.572
KEWR;0.7101735113601748;-1.2944477076513865;3.505;0.4491683893422522;3049.49;45.72;4;R;739.395;0.0514872129338327;628.58;0.0523598775598298;362.7120000000001;546.5064;3.3528;3.3528
KEWR;0.7103840486784708;-1.2944866875912475;3.505;1.6580734359030502;2050.68;45.72;11;;779.611;0.0523598775598298;608.34;0.0523598775598298;;68.2752;5.1816;2.974
KEWR;0.710156646840557;-1.2945247936813764;3.505;0.4488620840585272;3353.485;45.72;4;L;474.549;0.0541052068118242;865.385;0.0541052068118242;774.192;438.912;3.048;3.048
KEYW;0.4285853340823227;-1.4269731209563188;0.9144;1.560494520885;1460.709;28.853;9;;427.619;0.0523598775598298;532.0;0.0523598775598298;;;0.9144;0.9144
KFAF;0.6480861269999748;-1.337078076748802;2.895;2.2450603010057555;922.159;22.86;14;;;;;;;;3.048;2.7432000000000003
KFAR;0.8187390670599131;-1.6897638288593582;274.0152;2.3987094890404506;1158.351;22.442;13;;274.376;0.0523598775598298;;;;;274.6248;274.0152
KFAR;0.8189177361707701;-1.6897624088535426;274.0152;3.1498838402013924;2742.771;42.169;18;;1066.585;0.0523598775598298;1066.585;0.0523598775598298;;;274.32;274.0152
KFAR;0.8190317911159021;-1.6897354599519647;274.0152;1.578862016867138;1920.337;27.077;9;;655.368;0.0523598775598298;655.368;0.0523598775598298;;;273.1008;274.0152
KFAT;0.6418745066153386;-2.089530529173719;100.965;2.189908769307361;2438.57;44.479;11;R;;;;;;;100.584;100.584
KFAT;0.6418696029139369;-2.089452467865009;100.965;2.1898822403027305;2906.55;44.624;11;L;1148.475;0.0523598775598298;;;;97.594;101.4984;101.183
KFAY;0.6106505097819689;-1.376718467556859;54.2544;1.591013452905128;1463.848;45.72;10;;;;427.124;0.0523598775598298;;;55.778400000000005;56.083200000000005
KFAY;0.6107502924983196;-1.376721845922343;54.2544;0.5421336137491181;2350.023;42.677;4;;;;777.128;0.0523598775598298;184.86;93.083;57.057;48.429
KFBG;0.6131699590014275;-1.3776964536500955;70.7136;1.5000790761625904;1525.2192;36.406;9;;;;;;212.406;60.0456;74.398;67.707
KFCS;0.6750725475498546;-1.8283557722843824;1781.936;2.3984243022406746;1520.35;22.86;13;;307.339;0.0523598775598298;455.375;0.0523598775598298;148.036;;1780.3368;1766.6208
KFDY;0.7157584586013592;-1.4602509962562564;244.4496;3.147174565603521;1975.557;27.587;18;;;;682.979;0.0610865238198015;;;245.364;244.7544
KFDY;0.7158354607573795;-1.460339231672568;244.4496;1.1964658580890315;1789.496;27.987;7;;490.226;0.0523598775598298;283.741;0.0610865238198015;99.722;306.207;241.751;246.47
KFFO;0.695085407314365;-1.4668142085203912;247.8024;0.8519511631542512;2132.506;45.72;5;R;;;;;;;245.9736;249.3264
KFFO;0.6950992991844457;-1.466918820816961;247.8024;0.851758408991661;3838.292;42.448;5;L;1614.346;0.0523598775598298;;;;;245.0592;250.8504
KFHR;0.8468687580887401;-2.147180050111475;30.022;3.091022087579108;1026.209;21.571;16;;208.304;0.0698131700797731;208.304;0.0610865238198015;;;34.4424;25.6032
KFHU;0.5513075012217509;-1.9259321897090689;1411.122;1.5685720791961548;3656.817;45.72;8;;307.029;0.0523598775598298;1523.609;0.0523598775598298;1216.579;;1438.3512;1401.7752
KFHU;0.5513227974931876;-1.9257332016413693;1411.122;2.213943698436575;1631.134;30.48;12;;;;510.767;0.0523598775598298;;;1405.7376000000002;1406.652
KFHU;0.5513645374718253;-1.9258813503799783;1411.122;0.6376789060293294;1304.792;18.865;3;;;;;;382.841;;1424.648;1397.508
KFKL;0.7222053103614692;-1.393826018829323;467.106;1.8453770225057884;1094.0;30.48;12;;;;242.198;0.0523598775598298;;;466.3440000000001;466.9536000000001
KFKL;0.7221493449674288;-1.3938350304046911;467.106;0.3000511057899934;1584.908;43.044;3;;487.654;0.0523598775598298;487.654;0.0523598775598298;;;467.56320000000005;467.56320000000005
KFLG;0.6133144133842465;-1.948996009990712;2135.4288;0.7161290822586919;2679.356;44.631;3;;1058.628;0.0523598775598298;517.492;0.0523598775598298;;550.84;2137.8672;2131.736
KFLL;0.4549343553733935;-1.3988145538751644;6.629;1.577317470292293;2437.433;44.762;10;R;806.0;0.0523598775598298;747.353;0.0523598775598298;;;3.048;19.812
KFLL;0.4551273318230659;-1.3989308539119087;6.629;1.576984915256618;2745.665;43.504;10;L;801.682;0.0523598775598298;775.528;0.0523598775598298;177.14;184.579;1.8288;1.8288
KFLO;0.5966650363508641;-1.391434003428471;39.9288;1.4568013684313634;1981.053;41.592;9;;685.727;0.0523598775598298;685.727;0.0523598775598298;;;44.805600000000005;37.1856
KFLO;0.59662934114973;-1.39145673132375;39.9288;0.0258359204217128;1825.556;42.316;1;;607.978;0.0523598775598298;607.978;0.0523598775598298;;;34.1376;43.586400000000005
KFME;0.6821679460045376;-1.3397052903656517;40.385;1.6433081249641033;910.567;20.945;10;;;;150.483;0.0523598775598298;;;35.052;45.72
KFMN;0.6412578456832213;-1.8889438080040268;1673.352;1.5411223261189515;2043.403;30.123;7;;642.653;0.0523598775598298;659.599;0.0523598775598298;74.248;57.302400000000006;1670.024;1677.873
KFMN;0.6412538080293225;-1.888995029642376;1673.352;1.1267150137168471;1979.652;44.953;5;;685.026;0.0523598775598298;646.869;0.0523598775598298;;38.157;1667.8656;1678.451
KFMY;0.4640399085990913;-1.4287700212825252;4.419;2.279431244498205;1494.373;45.612;13;;255.239;0.0523598775598298;;;187.1472;;4.224;4.572
KFMY;0.464011961012105;-1.4287933577517256;4.419;0.8328365615325046;1953.12;45.065;5;;530.0472;0.0523598775598298;550.145;0.0523598775598298;141.714;121.6152;3.887;4.943
KFNL;0.7060081856747837;-1.832810455363623;1522.551;2.801428505974874;2587.551;29.381;15;;988.976;0.0523598775598298;988.976;0.0523598775598298;;;1516.9896;1530.096
KFNL;0.7060533079200206;-1.8327279779928716;1522.551;1.2316097380940194;665.2;11.907;6;;;;;;;;1521.8664;1521.2568
KFOD;0.7426533941062339;-1.6438954095774885;342.138;2.217585327920861;1612.751;30.48;12;;501.576;0.0523598775598298;501.576;0.0523598775598298;;;338.93760000000003;348.08160000000004
KFOD;0.7426622301314326;-1.6440082298197614;342.138;1.1326239131659366;1994.515;44.685;6;;692.458;0.0523598775598298;692.458;0.0523598775598298;;;329.184;352.34880000000004
KFOE;0.6798530536942666;-1.6696295195864648;321.564;2.394678825665894;3898.906;43.671;13;;1644.653;0.0523598775598298;1644.653;0.0523598775598298;;;324.0024;315.7728
KFOE;0.6797668175993302;-1.6696740703183717;321.564;0.6926947907382592;2132.6856;45.72;3;;761.542;0.0523598775598298;761.542;0.0523598775598298;;;328.5744;317.9064
KFPR;0.4799164318628694;-1.4027101213678537;6.908;1.5784787425634;1977.405;42.269;10;R;683.903;0.0523598775598298;683.903;0.0523598775598298;;;7.010400000000001;6.4008
KFPR;0.479828557299684;-1.402665032282093;6.908;2.369688154238289;1446.808;30.48;14;;;;;;;;7.010400000000001;7.010400000000001
KFPR;0.4800408384163301;-1.4029811708295803;6.908;1.5790616825335662;1218.45;22.86;10;L;304.425;0.0523598775598298;304.425;0.0523598775598298;;;7.010400000000001;7.010400000000001
KFRG;0.7108435863572024;-1.2812916190455836;21.564;2.309593501032396;2082.93;46.25;14;;477.375;0.0523598775598298;698.864;0.0523598775598298;206.0448;;24.0;18.5928
KFRG;0.7108606498336789;-1.2813229449980543;21.564;6.2693783565329095;1680.968;45.72;1;;605.081;0.0523598775598298;199.232;0.0523598775598298;;240.4872;19.5072;24.6888
KFRI;0.6815973377335555;-1.6888592617481262;324.3072;0.872285453217169;1369.747;30.48;4;;380.073;0.0523598775598298;380.073;0.0523598775598298;;;324.612;324.0024
KFSD;0.7605619456921477;-1.6884622374847578;434.34;1.8015326063664387;956.56;20.776;9;;;;;;;;433.7304;433.4256
KFSD;0.7606702777017537;-1.6884260819520682;434.34;2.7058457240223297;2435.053;42.657;15;;912.727;0.0523598775598298;;;;;435.5592;433.4256
KFSD;0.7606623720924534;-1.6885014514915118;434.34;0.6072708373232881;2740.904;45.72;3;;1065.652;0.0523598775598298;1065.652;0.0523598775598298;;;434.0352;435.864
KFSI;0.6047534928561152;-1.7174421218856462;358.292;3.144291979810928;1512.671;41.477;18;;451.536;0.0523598775598298;;;;;361.1880000000001;355.39680000000004
KFSM;0.6167172193533451;-1.6470353701294491;137.7696;1.416228571974877;2441.915;45.205;8;;;;916.158;0.0523598775598298;;;142.9512;135.0264
KFSM;0.6167761515452503;-1.6470023979064996;137.7696;0.3683761906962237;1523.686;45.214;2;;;;457.043;0.0523598775598298;;;136.8552;136.2456
KFST;0.5395905455978041;-1.7960908214625295;910.955;1.4249340997508997;1511.926;45.72;7;;;;;;;;912.5712;904.0368
KFST;0.5395511989531442;-1.7962430585695304;910.955;2.2096344805134005;2286.145;30.48;12;;838.272;0.0523598775598298;;;;;909.828;917.448
KFST;0.5395751791062994;-1.796098990397084;910.955;2.9936623859151084;1213.347;45.72;16;;;;;;;;903.4272;915.6192
KFST;0.5396310040602041;-1.7961945521071367;910.955;0.6351517390856117;1334.49;18.288;3;;;;;;;;916.2288;901.2936
KFTK;0.661597486236606;-1.500532496283371;226.0;2.5905093055957136;1555.739;20.901;15;;;;;;;76.878;229.8192;222.504
KFTK;0.6616029341435332;-1.5004550747575014;226.0;3.083468826175252;1577.445;42.295;18;;483.923;0.0523598775598298;483.923;0.0523598775598298;;;229.8192;221.8944
KFTK;0.6616161764779868;-1.500451790018774;226.0;0.7915502744778031;720.718;27.432;5;;;;;;;;226.0;226.0
KFTY;0.589600493764309;-1.4751208212212952;247.8024;1.3888965413557208;853.512;18.182;9;L;;;;;;;247.8024;247.8024
KFTY;0.5895036017740829;-1.4752295452929465;247.8024;2.4262396145297083;1266.494;30.48;14;;328.447;0.0698131700797731;;;;62.076;243.5352;256.343
KFTY;0.5895744187124641;-1.4751646541480647;247.8024;1.3901730751706294;1760.302;29.426;8;;;;575.351;0.0523598775598298;;;243.84;248.1072
KFWA;0.7151638760288942;-1.4868731014404626;244.0;1.5723344854646792;1214.818;22.102;9;;;;;;;;243.2304;241.7064
KFWA;0.7153371908595811;-1.4869050515713138;244.0;2.353931670817134;2433.915;44.541;14;;912.157;0.0523598775598298;912.157;0.0523598775598298;;;244.4496;242.6208
KFWA;0.715139457000315;-1.4869777761548704;244.0;0.7703731474658048;3648.633;44.575;5;;;;;;;;248.412;243.5352
KFXE;0.4571978465940311;-1.399215120350842;3.581;2.2507322720088867;1217.784;29.79;13;;304.092;0.0567232006898157;;;;;3.6576;3.3528
KFXE;0.4572496397457095;-1.3992614499911338;3.581;1.4617742303493158;1826.636;29.753;9;;;;;;;;3.6576;3.6576
KFYV;0.6284075908299555;-1.643577843221956;379.323;2.949300130586692;1828.0;28.111;16;;609.202;0.0523598775598298;;;;;381.3048;377.3424
KGCC;0.7739998313311659;-1.8420445815334712;1322.984;2.960861715150678;2286.795;43.536;16;;838.598;0.0523598775598298;838.598;0.0523598775598298;;;1321.9176;1330.452
KGCC;0.7740798119883956;-1.8419659896731384;1322.984;0.6674964251296659;1770.083;22.86;3;;580.242;0.0523598775598298;580.242;0.0523598775598298;;;1323.7464;1315.8216
KGCK;0.6619902212241661;-1.7579464848035142;878.89;3.1487706692044704;2224.261;28.535;17;;807.331;0.0523598775598298;807.331;0.0523598775598298;;;880.5672000000001;876.9096000000001
KGCK;0.6619219497632429;-1.75800643713696;878.89;2.3654777219507777;1737.904;30.48;12;;564.152;0.0523598775598298;;;;;881.1768000000001;876.9096000000001
KGCN;0.6274867892291586;-1.9573344479867911;2002.8408;3.84877737721762;2738.848;47.101;21;;1066.96;0.0523598775598298;;;;;2014.4232;1991.2584
KGDV;0.8227087713397446;-1.8292027979511636;748.436;2.3820189054036285;1737.783;27.205;12;;564.091;0.0523598775598298;564.091;0.0523598775598298;;;749.1984;747.9792
KGDV;0.8227585398128013;-1.8292821466277829;748.436;0.6319291806080218;914.16;18.288;2;;152.28;0.0523598775598298;152.28;0.0523598775598298;;;748.5888;747.9792
KGEG;0.8310711680328472;-2.0514016331273903;720.471;1.579258555673191;2496.438;42.879;8;;943.419;0.0558505360638185;;;;;724.2048000000001;722.9856000000001
KGEG;0.8311372626716683;-2.0513583853678528;720.471;0.7926109110642401;3353.349;47.863;3;;1371.874;0.0523598775598298;;;;;726.9480000000001;707.7456000000001
KGFK;0.8366756188978642;-1.6958125698956064;256.984;1.5700821380649803;1005.369;17.615;9;R;197.884;0.0523598775598298;197.884;0.0523598775598298;;;257.25120000000004;257.25120000000004
KGFK;0.8368156084547054;-1.6958712504656015;256.984;3.142213641737653;1191.06;20.636;17;L;290.73;0.0523598775598298;290.73;0.0523598775598298;;;256.64160000000004;256.94640000000004
KGFK;0.8368706668395367;-1.6961333897809467;256.984;3.14184328287038;2237.058;40.668;17;R;813.729;0.0523598775598298;813.729;0.0481710873550434;;;256.94640000000004;257.55600000000004
KGFK;0.8369269540755546;-1.6960479631673473;256.984;1.5710288046512622;1283.242;27.683;9;L;;;336.821;0.0523598775598298;;;256.33680000000004;256.94640000000004
KGGW;0.8414632640825033;-1.860790203140997;697.763;2.338267340780485;1581.979;30.48;12;;424.131;0.0523598775598298;486.189;0.0523598775598298;62.059;;698.2968000000001;697.0776000000001
KGGW;0.8414730480786173;-1.860781363214684;697.763;1.5689471504524084;1591.41;20.098;8;;;;490.905;0.0523598775598298;69.571;;696.1632000000001;699.5160000000001
KGJT;0.6828894572012321;-1.894192625434532;1473.174;2.186688462304506;3198.323;42.92;11;;1294.361;0.0523598775598298;1294.361;0.0523598775598298;;;1470.0504;1481.6328
KGJT;0.6826708504268111;-1.8940710354860129;1473.174;0.94776343845014;1622.771;20.547;4;;506.586;0.0523598775598298;;;;;1459.3824;1481.6328
KGLD;0.6871262610639763;-1.7749671426431848;1111.3008;2.347636617271041;1677.44;30.48;12;;;;;;;;1111.3008;1113.4344
KGLD;0.6872146505743255;-1.775006270825412;1111.3008;3.137581712435785;604.554;30.169;17;;;;;;;;1109.472;1110.3864
KGLD;0.6871483277202839;-1.7749938652800994;1111.3008;1.0991739799197644;1066.964;22.674;5;;228.682;0.0523598775598298;228.682;0.0523598775598298;;;1114.6536;1108.5576
KGLD;0.6872197590842584;-1.7750101485336007;1111.3008;3.9190830792123057;504.602;25.0;22;;;;;;;;1111.3008;1111.3008
KGLH;0.5844149173070923;-1.588026529119127;39.3192;3.1421010680008994;2136.577;43.565;18;R;763.489;0.0523598775598298;763.489;0.0523598775598298;;;39.0144;39.624
KGLH;0.5844388447951967;-1.5879370141371347;39.3192;3.141592653589793;2438.548;44.563;18;L;;;914.474;0.0523598775598298;;;39.3192;39.3192
KGLS;0.510774863023247;-1.6556056747894192;1.752;3.156325850470504;1819.72;43.598;18;;605.06;0.0523598775598298;605.06;0.0523598775598298;;;1.8288;1.8288
KGLS;0.5107773909456882;-1.6556476585877369;1.752;2.447334012935162;1827.988;42.371;14;;609.194;0.0523598775598298;;;;;1.524;1.8288
KGMU;0.608211649793661;-1.437316380899374;308.229;1.5939334585568845;1216.162;23.878;10;;;;;;81.3816;82.6008;302.149;309.897
KGMU;0.608210707674418;-1.437250740740436;308.229;0.021214442151406;1642.374;30.037;1;;;;;;;;301.4472;319.4304
KGNV;0.518159808075851;-1.435865993201095;40.614;1.786036264270294;2284.079;44.923;11;;837.239;0.0523598775598298;;;;;44.805600000000005;32.004000000000005
KGNV;0.5182420240719058;-1.4359987871515438;40.614;1.0627963441198345;1265.887;29.106;7;;;;328.144;0.0523598775598298;;;46.0248;39.624
KGON;0.7213313045841918;-1.2574724649012534;1.981;2.3595074741784803;1218.225;28.244;15;;;;239.535;0.0610865238198015;93.5736;64.778;2.824;1.775
KGON;0.7213576019995848;-1.25738653114272;1.981;0.5913459994424863;1520.13;43.801;5;;455.265;0.0523598775598298;455.265;0.0523598775598298;;;1.524;1.8288
KGPI;0.8432465436661132;-1.9940942477666688;905.484;2.380142152858959;1066.413;21.915;12;;228.407;0.0523598775598298;;;;;906.1704;905.5608
KGPI;0.8431499267044859;-1.9941623534302095;905.484;0.6060144446079475;2740.719;42.085;2;;1065.56;0.0523598775598298;1065.56;0.0523598775598298;;;902.8176;907.3896
KGPT;0.5307405114955033;-1.5544998017011185;6.934;3.1387854660208854;1501.351;44.685;18;;445.875;0.0523598775598298;445.875;0.0523598775598298;;;7.315200000000001;7.9248
KGPT;0.5306886890854634;-1.5546031890476164;6.934;2.3572847973760656;2741.911;43.778;14;;;;1066.155;0.0523598775598298;;;5.7912;6.7056
KGRB;0.7763555683142098;-1.5382222360256477;209.778;3.1401695121177173;2650.952;45.72;18;;868.581;0.0523598775598298;1020.676;0.0523598775598298;152.0952;;212.04;208.4832
KGRB;0.776457668292798;-1.5380765605938718;209.778;1.0444827962648755;2345.386;44.435;6;;;;867.893;0.0523598775598298;;;210.9216;207.8736
KGRF;0.8216873092717495;-2.1394383110426825;89.763;2.9165272105573687;1852.0;44.477;15;;628.377;0.0523598775598298;;;;;88.08720000000001;91.44
KGRI;0.7150191583208207;-1.7159179563027942;561.898;3.147474413169014;2130.891;40.884;17;;760.645;0.0523598775598298;760.645;0.0453785605518525;;;562.0512;562.9656
KGRI;0.7150954816828523;-1.715717134711102;561.898;2.3632822722846942;2011.0;26.676;13;;700.7;0.0523598775598298;700.7;0.0523598775598298;;;560.832;561.7464
KGRK;0.5421789216654853;-1.707413947189061;303.123;2.7483081884599505;2405.965;57.765;15;;;;;;261.325;59.1312;309.372;296.628
KGSB;0.616788510277184;-1.3606689220460095;27.7368;1.2764172269146197;3585.483;45.074;8;;1487.942;0.0523598775598298;1487.942;0.0523598775598298;;;22.250400000000003;33.2232
KGSO;0.6300747030147268;-1.3950851582718204;273.4056;0.7996386538303204;3045.751;40.899;5;R;;;1218.075;0.0523598775598298;;;274.32;270.0528
KGSO;0.6299464928742597;-1.3953005466264672;273.4056;2.361059595482279;1942.1856;41.855;14;;;;666.2928;0.0523598775598298;;;281.94;274.32
KGSO;0.6302010757300862;-1.3953575185081462;273.4056;0.7992239636000467;2740.937;41.682;5;L;1065.669;0.0523598775598298;1065.669;0.0523598775598298;;;279.1968;260.604
KGSP;0.6090442315826059;-1.4349898964262433;290.322;0.5605069042243725;3348.092;44.16;4;;;;1403.604;0.0523598775598298;;;286.8168;293.8272
KGTB;0.7687693081788818;-1.321575600181761;206.197;1.22750140756775;1373.14;39.412;8;;;;;;;;205.74;208.788
KGTB;0.7689412303115573;-1.3215259545938227;206.197;2.338236448452725;1524.421;36.129;15;;;;;;;;202.9968;210.312
KGTB;0.7689686980614135;-1.3215730800615495;206.197;0.2780226769820422;3045.757;38.348;3;;798.618;0.0523598775598298;1218.078;0.0523598775598298;419.46;;208.884;201.4728
KGTF;0.8288069570565144;-1.9438220705591764;1116.253;3.142570910635536;1852.0;45.72;17;;;;612.0;0.0523598775598298;70.104;;1109.767;1118.0064
KGTF;0.8286738373629734;-1.943752381042995;1116.253;0.782538389058178;3196.055;45.72;3;;1293.228;0.0523598775598298;1293.228;0.0523598775598298;;;1121.664;1115.2632
KGTF;0.828748241376485;-1.943806185219393;1116.253;4.711901684457533;1314.175;25.0;26;;;;352.287;0.0523598775598298;;;1116.253;1116.253
KGTR;0.5837828781801256;-1.5462116100646688;78.3336;3.15006971776673;2437.158;41.874;18;;913.779;0.0523598775598298;913.779;0.0523598775598298;;;79.5528;77.1144
KGUC;0.672459138028001;-1.8664442605828035;2335.3776000000003;3.1383575112882967;834.157;45.72;17;;;;;;;;2335.0728;2331.105
KGUC;0.6725814262760829;-1.866269045909171;2335.3776000000003;1.282300487476997;2864.832;42.08;6;;;;1127.616;0.0541052068118242;;;2334.1584000000003;2340.864
KGUP;0.6197847010919865;-1.8987308469877704;1971.4464;1.2883404436996186;2228.387;30.344;6;;;;;;;;1970.2272;1972.6656
KGUS;0.7094426082294114;-1.5036372687791315;245.0592;0.7730620715245973;3796.819;44.18;5;;1593.609;0.0436332312998582;1593.609;0.0436332312998582;;;246.5832;243.5352
KGUY;0.6402749051740895;-1.7716457490404762;946.327;3.2480615776858017;1796.272;29.54;18;;593.336;0.0523598775598298;593.336;0.0523598775598298;;;945.7944;947.6232
KGUY;0.6402084418799121;-1.7715732663260415;946.327;1.2576936837650747;484.169;25.0;6;;;;;;;;949.452;942.4416
KGWO;0.5845142143346406;-1.572338031790241;44.043;3.166107548263305;1983.965;42.071;18;;;;;;380.155;;44.196000000000005;42.3672
KGWO;0.5846392645720564;-1.5722731094364404;44.043;0.9142550192207336;1521.449;42.04;5;;;;;;;;42.672;46.9392
KGYY;0.7263356488980766;-1.5256118821823648;180.289;2.168631634929223;2132.711;45.72;12;;541.553;0.0523598775598298;486.232;0.0523598775598298;220.0;275.323;181.9656;179.93
KGYY;0.7263525134176944;-1.5256977067096815;180.289;0.3684240301710208;1090.017;30.48;2;;240.209;0.0523598775598298;240.209;0.0523598775598298;;;179.52720000000002;179.52720000000002
KHBG;0.5456765890945159;-1.5577572716354355;44.348;2.289276995874556;1852.0;42.424;13;;317.843;0.0523598775598298;621.424;0.0523598775598298;303.5808;;45.832;43.281600000000005
KHBR;0.6107136142162362;-1.7288261992781646;473.0496;3.145716866612256;1678.049;29.196;17;;;;534.225;0.0523598775598298;;;469.6968;475.7928
KHBR;0.6106476190558443;-1.7287554408565065;473.0496;0.7849164001640203;992.636;17.311;3;;;;;;17.794;66.169;475.7928;470.916
KHDN;0.7065304708357714;-1.871301952235636;2010.156;1.986067402643813;3038.274;39.616;10;;1058.889;0.0523598775598298;1214.337;0.0610865238198015;155.448;;2006.443;2013.5088
KHFD;0.728391159981221;-1.2680458984243432;4.2672;1.72534575565777;657.025;15.784;11;;;;;;;35.453;4.2672;3.579
KHFD;0.7284592090785962;-1.267956500475798;4.2672;0.1557626770391048;1342.973;42.782;2;;241.023;0.0698131700797731;196.0;0.0698131700797731;125.664;170.68800000000002;3.439;5.784
KHGR;0.6930449935457985;-1.3565764262742763;209.169;1.4043081477166812;2132.524;42.929;9;;761.462;0.0523598775598298;761.462;0.0523598775598298;;;202.3872;209.0928
KHGR;0.6930428050203518;-1.3565976171302945;209.169;0.2572897362646764;955.971;30.48;2;;;;;;;;210.9216;214.2744
KHHR;0.5920654756178402;-2.0653371722880567;19.05;1.513942750009957;1490.46;31.426;7;;332.311;0.0523598775598298;474.845;0.0523598775598298;277.884;141.1224;19.742;18.473
KHIB;0.8270318932208379;-1.6203239294145353;410.946;2.309252114630705;2056.818;43.38;13;;723.609;0.0523598775598298;723.609;0.0506145483078355;;;412.6992;407.8224
KHIB;0.8270952785353763;-1.620397231363094;410.946;0.8604174062898252;934.441;21.304;4;;;;;;;;411.1752;412.0896
KHIF;0.7177479979308009;-1.9542985535753172;1457.8584;2.6694418210171573;4113.723;42.464;14;;1752.061;0.0488692190558412;1752.061;0.0523598775598298;;;1458.468;1457.2488
KHII;0.6033800058848698;-1.9959286924224613;233.47680000000005;2.613484296270192;2436.149;30.057;14;;913.275;0.0523598775598298;913.275;0.0523598775598298;;;228.2952;238.6584
KHIO;0.7948636003223182;-2.1459149887765925;61.823;2.507394457687716;2009.089;44.333;13;R;;;699.744;0.0523598775598298;;;60.96;60.3504
KHIO;0.7947894186723546;-2.1458339314116563;61.823;0.6892901420598089;1161.922;22.86;2;;276.161;0.0523598775598298;;;;;62.1792;63.3984
KHKY;0.6237801234716516;-1.4204973014676818;353.11;0.9621316520776731;1943.324;41.792;6;;666.862;0.0523598775598298;;;;;346.25280000000004;362.7120000000001
KHKY;0.6238301903799963;-1.4205448560580451;353.11;0.1410268272579316;1330.506;43.822;1;;;;360.453;0.0523598775598298;;;348.08160000000004;355.39680000000004
KHLG;0.7011919141091695;-1.407521030851068;360.121;2.63576883469258;1362.956;40.477;16;;;;;;;;356.92080000000004;363.0168000000001
KHLG;0.7011817204959931;-1.4075625387133703;360.121;0.4541659651224128;1519.15;43.017;3;;;;454.775;0.0523598775598298;;;356.61600000000004;363.9312000000001
KHLN;0.8134230568267489;-1.954423951011957;1172.984;1.792968886592141;2739.985;43.936;9;;1065.192;0.0523598775598298;1065.192;0.0523598775598298;;;1177.7472;1171.956
KHLN;0.8134629476769344;-1.9544322213754983;1172.984;3.1299413591022542;930.471;21.62;17;;;;;;;21.339;1161.8976;1177.1376
KHLN;0.8134659261781438;-1.954576625043824;1172.984;1.154460076503488;1411.288;21.559;5;;;;400.844;0.0523598775598298;;;1181.7096;1164.336
KHMN;0.5733221186075009;-1.851922969023199;1240.281;1.385982801435979;4583.479;39.809;7;;;;1986.94;0.0523598775598298;;;1234.7448000000002;1247.5464000000002
KHMN;0.5733456423302156;-1.8518558620450671;1240.281;6.071167247503371;3704.0;41.588;34;;1542.462;0.0436332312998582;1542.462;0.0436332312998582;;;1234.1352000000002;1244.4984000000002
KHMN;0.5734551622293018;-1.8521411661805585;1240.281;0.8309043075176216;3217.636;38.0;4;;;;1304.018;0.0523598775598298;;;1236.2688;1244.4984000000002
KHOB;0.5705144803780992;-1.8014315101484122;1112.925;2.36261381118118;1829.087;42.259;12;;609.744;0.0523598775598298;;;;;1115.8728;1108.8624
KHOB;0.5705356166185084;-1.801543565772169;1112.925;3.143472373194191;1522.954;30.48;17;;;;;;149.9616;;1116.238;1112.52
KHOB;0.5704759120058573;-1.8014827083800715;1112.925;0.7823838576062064;2254.449;42.344;3;;;;822.425;0.0523598775598298;;;1113.1296;1111.3008
KHON;0.7746398638425176;-1.7143604205832748;391.668;3.136473602893694;1523.112;19.295;18;;456.756;0.0523598775598298;456.756;0.0523598775598298;;;391.0584;391.668
KHON;0.7746876017852803;-1.7144472359937708;391.668;2.2368497486055987;2191.2;29.091;12;;790.8;0.0523598775598298;790.8;0.0523598775598298;;;392.8872;391.0584
KHOP;0.6400306973332811;-1.5270982537642788;170.68800000000002;3.129712197371468;1371.244;29.0;18;;;;;;;;170.99280000000002;168.85920000000002
KHOP;0.6400786517879195;-1.5269886402384354;170.68800000000002;0.7690118604624193;3327.031;42.853;5;;;;;;;;168.85920000000002;174.04080000000002
KHOT;0.6017467865861591;-1.624803579628995;157.505;2.3478310469497137;1248.95;30.48;13;;;;;;;;158.496;153.924
KHOT;0.601759999662251;-1.6248551523676833;157.505;0.9449931645949122;2005.912;43.442;5;;;;698.156;0.0523598775598298;;;153.0096;164.592
KHOU;0.5174499943721182;-1.6629155838479013;12.903;2.3404538892673834;1565.652;29.541;13;L;;;;;;;13.716;12.192
KHOU;0.5173799440028107;-1.662895891019997;12.903;2.340669786495855;2316.916;45.023;13;R;;;;;315.1632;;14.213;12.8016
KHOU;0.5173874048850149;-1.6630282792544986;12.903;3.1229567259686988;1826.077;44.958;17;;608.239;0.0523598775598298;608.239;0.0523598775598298;;;12.903;12.903
KHOU;0.5174313919058223;-1.6628980210287203;12.903;0.7638308854844591;2314.218;46.417;4;;;;;;;;12.8016;11.8872
KHPN;0.7167680593295677;-1.2864360192352626;122.148;2.6181952889871742;1994.255;44.378;16;;;;692.327;0.0523598775598298;;;133.8072;115.824
KHPN;0.7167325162719138;-1.2864451712507663;122.148;1.7881057011643835;1356.106;44.183;11;;;;;;;394.905;121.0056;116.711
KHQM;0.8198021111113933;-2.1631017716922303;5.029;1.392651093642611;1524.54;44.128;6;;536.894;0.0523598775598298;496.243;0.0610865238198015;;;5.486400000000001;4.572
KHRL;0.4577256557336861;-1.7042933439691257;10.617;3.152505499270813;1811.7312;43.906;17;L;;;;;;57.912000000000006;10.3632;10.678
KHRL;0.4577814572809017;-1.7044664598429533;10.617;3.1528943586281573;2525.863;42.683;17;R;;;958.132;0.0523598775598298;;;10.3632;10.9728
KHRL;0.4577301673730425;-1.7044229234009145;10.617;2.370428522906985;2211.0192;42.131;13;;800.7096;0.0523598775598298;800.7096;0.0523598775598298;;;10.3632;10.9728
KHRO;0.6328827450095185;-1.6258558507517398;413.6136;3.240378114719747;1877.249;45.868;18;;633.825;0.0523598775598298;633.825;0.0523598775598298;;;415.4424;411.7848
KHRT;0.5310968549329235;-1.5130066153928827;10.3632;3.0713536231725334;3077.234;41.602;18;;1081.142;0.0523598775598298;;;152.675;;10.0584;10.668
KHST;0.4448590688629834;-1.4029578499648392;1.8288;3.999946801451081;3414.253;44.801;24;;1402.327;0.0523598775598298;1402.327;0.0436332312998582;;;1.8288;1.8288
KHSV;0.6045032519411482;-1.514639559662995;185.699;3.1579334732445155;3836.816;44.855;18;R;;;;;;;191.4144;186.2328
KHSV;0.6045709967515629;-1.514348044952618;185.699;3.1582179619125905;3046.667;43.18;18;L;1218.534;0.0523598775598298;1155.293;0.0523598775598298;;63.241;185.6232;179.403
KHTS;0.6696570998490063;-1.4409494735808386;252.3744;1.9625289498736211;2139.246;44.577;12;;764.823;0.0523598775598298;;;;152.982;252.3744;252.3744
KHUA;0.605256789340434;-1.5129349753192625;204.216;2.9588395766793174;2224.791;44.601;17;;;;;;;;208.788;199.644
KHUF;0.6885806005916266;-1.523697152582382;176.098;2.358677046520381;2194.538;46.16;14;;;;792.469;0.0523598775598298;;;173.12640000000002;179.52720000000002
KHUF;0.6886176943424444;-1.523845730443627;176.098;3.139841390218342;1219.109;45.72;18;;304.755;0.0523598775598298;;;;;176.098;176.098
KHUF;0.6885140729290539;-1.5238723360470954;176.098;0.8214170467696309;2748.62;46.4;5;;1069.51;0.0523598775598298;;;;;174.34560000000002;177.39360000000002
KHUL;0.8049997734831874;-1.183194597840422;146.6088;0.5436831519656236;1523.604;28.922;5;;457.0;0.0523598775598298;457.0;0.0436332312998582;;;147.2184;149.0472
KHUL;0.8050227588520489;-1.183198764231112;146.6088;3.0014205489731483;1515.143;20.375;19;;;;;;;;145.6944;144.4752
KHUT;0.6643950303312609;-1.7080318837857436;464.362;2.4142156922468687;2131.477;29.684;13;;;;760.939;0.0523598775598298;;;464.8200000000001;461.7720000000001
KHUT;0.6643465082644078;-1.7080212805555046;464.362;3.093744626679294;1291.667;22.250400000000003;17;;341.033;0.0523598775598298;97.0;0.0523598775598298;;244.039;464.2104000000001;462.6864000000001
KHUT;0.6643526466686683;-1.7079204211314485;464.362;0.7382116686333324;1828.039;29.788;4;;487.27;0.0523598775598298;609.219;0.0593411945678072;121.95;;462.3816000000001;470.3064
KHVN;0.7201891049612785;-1.2720896224578708;2.59;2.291505781329352;1104.286;30.48;14;;;;;;110.0328;93.597;2.59;2.59
KHVN;0.720187729818284;-1.272131013286727;2.59;0.0511646516534546;1708.306;45.72;2;;549.353;0.0523598775598298;442.063;0.0698131700797731;;107.2896;2.1336;3.109
KHVR;0.8472535582086382;-1.915708615970472;787.679;1.572251233259359;1580.874;25.98;8;;485.637;0.0523598775598298;485.637;0.0523598775598298;;;786.6888;786.6888
KHVR;0.8472094892644183;-1.9157223322903831;787.679;0.785908951456337;1118.331;16.4592;3;;;;254.366;0.0523598775598298;;;789.7368;787.6032
KHXD;0.5624236071321811;-1.4084355380030091;4.724;0.4521584350568914;1523.76;29.573;3;;366.555;0.0575958653158128;334.246;0.0523598775598298;90.5256;122.8344;5.939;3.458
KHYA;0.7272659360596996;-1.22671673839227;13.792;2.4431890304946005;1600.886;42.672;15;;;;;;;45.72;16.4592;13.0
KHYA;0.7272683528003665;-1.2265335498398269;13.792;0.8664699288830613;1653.211;45.72;6;;;;;;123.7488;;13.864;11.8872
KHYI;0.521710064483995;-1.7080407705254357;178.00320000000002;2.3212189646470045;1705.0;30.48;13;;;;547.703;0.0523598775598298;;;180.7464;174.65040000000002
KHYI;0.5217563278053339;-1.7079340360223725;178.00320000000002;3.105247742713338;1604.817;30.48;17;;;;;;;14.595;181.356;175.26000000000002
KHYI;0.5217159980797246;-1.708102213084765;178.00320000000002;1.5317513915656062;1918.879;30.48;8;;;;;;;;179.22240000000002;176.78400000000002
KHYR;0.8032563847497631;-1.5960105118173864;369.341;5.973699335425748;535.477;36.576;34;;;;;;;;368.808;369.4176
KHYR;0.8033030342814748;-1.5960034976128357;369.341;0.4315146283044248;1524.157;27.832;3;;457.278;0.0523598775598298;457.278;0.0523598775598298;;;368.5032;370.6368
KHYS;0.6779581651645535;-1.7326546207815725;606.475;2.9219731614223665;1979.948;28.443;16;;685.174;0.0523598775598298;685.174;0.0523598775598298;;;609.2952;604.7232
KHYS;0.6778761949387361;-1.7326275158354003;606.475;0.8375944512464888;1371.586;22.146;4;;;;;;;;605.6376;606.2472
KHZY;0.7291634695453;-1.4084026047912086;279.1968;1.3704414298451328;1583.72;28.543;9;;487.06;0.0523598775598298;487.06;0.0523598775598298;;;276.4536;282.339
KIAB;0.6566430917976197;-1.6976161333260242;412.242;0.2167896153182432;3656.343;41.655;1;R;1523.372;0.0523598775598298;1523.372;0.0523598775598298;;;407.2128;415.7472
KIAB;0.6566514128756546;-1.6976647802285534;412.242;0.2171209486234418;3658.361;44.329;1;L;;;1524.381;0.0523598775598298;;;407.8224;418.1856
KIAD;0.6799431635962773;-1.3521871648915411;88.811;0.0112639844589712;2861.971;45.534;1;L;1006.264;0.0523598775598298;1022.892;0.0523598775598298;;;90.2208;84.42960000000001
KIAD;0.6796232234123416;-1.3515166178596132;88.811;0.0118431876792087;3502.731;45.393;1;R;1344.083;0.0523598775598298;1349.335;0.0523598775598298;;;95.0976;89.30640000000001
KIAD;0.6796084771981026;-1.3521618232492931;88.811;1.93247951142228;3199.044;45.051;12;;1197.51;0.0523598775598298;1124.819;0.0523598775598298;;;94.488;87.78240000000001
KIAD;0.6798904517320451;-1.3519239254618003;88.811;0.011568857350979;3503.604;45.265;1;C;1345.315;0.0523598775598298;1351.0;0.0523598775598298;;;87.17280000000001;81.9912
KIAG;0.7524031579373177;-1.3779453135703956;178.765;1.5725507317590013;2993.153;42.467;10;L;994.519;0.0523598775598298;626.305;0.0436332312998582;213.36;;179.22240000000002;179.22240000000002
KIAG;0.752312509681454;-1.377841887212749;178.765;1.57351677149998;1205.115;22.951;10;R;460.024;0.0523598775598298;447.135;0.0523598775598298;;;177.69840000000002;178.00320000000002
KIAG;0.7523402466082368;-1.3777433762598486;178.765;0.8728388098565137;1705.0;45.43;6;;452.58;0.0523598775598298;550.4688;0.0523598775598298;136.023;;178.00320000000002;180.4416
KIAH;0.5237241749854962;-1.6640765712400674;27.645;4.711595379173808;2744.16;41.898;26;R;;;;;;;28.651200000000003;27.7368
KIAH;0.5231745976248218;-1.6642407691652843;27.645;2.6540256768001416;3045.103;44.465;15;R;1103.392;0.0523598775598298;1191.358;0.0523598775598298;;;28.956000000000003;26.5176
KIAH;0.5231336066602407;-1.6641532749607997;27.645;2.654007350842996;3654.552;44.075;15;L;1496.966;0.0523598775598298;;;;;28.956000000000003;25.908
KIAH;0.5234842622721687;-1.6639987986138585;27.645;1.5697883118854072;2867.536;45.091;8;R;1016.732;0.0523598775598298;1018.081;0.0523598775598298;;;28.651200000000003;28.041600000000003
KIAH;0.5232082564439895;-1.6636183540887215;27.645;1.5701257712962804;3044.282;44.965;9;;1111.624;0.0523598775598298;1123.543;0.0523598775598298;;;27.432;25.6032
KICT;0.6571176214608277;-1.7005554283308877;403.2504;2.6180256429838806;1914.131;45.02;14;;652.265;0.0523598775598298;652.265;0.0523598775598298;;;405.9936;402.9456
KICT;0.6571546566949225;-1.7003343677552083;403.2504;0.348630949255854;2220.111;44.455;1;R;;;805.256;0.0523598775598298;;;402.6408;402.336
KICT;0.6570871576547451;-1.7006475570598478;403.2504;0.3476620646281943;3135.979;44.773;1;L;;;;;;;400.2024;405.384
KIDA;0.7595159534137994;-1.9558483494829184;1442.846;3.1757126187358056;1230.1728;22.86;17;;;;310.2864;0.0523598775598298;;;1442.0088;1442.0088
KIDA;0.7594321106528404;-1.95607414601206;1442.846;0.6619195047575983;2736.49;45.72;3;;1063.4472;0.0523598775598298;;;;;1445.3616000000002;1442.0088
KIFP;0.613564162758739;-1.999437105472424;203.149;3.079788101315721;2589.911;46.758;16;;990.156;0.0523598775598298;990.156;0.0523598775598298;;;190.8048;215.4936
KIGM;0.6154178789220294;-1.988559423999995;1037.462;3.1420638924878315;2047.284;21.26;17;;718.842;0.0523598775598298;718.842;0.0523598775598298;;;1024.1280000000002;1051.2552
KIGM;0.6153698366923062;-1.988628754613608;1037.462;3.9248871716398126;2077.266;43.275;21;;733.833;0.0523598775598298;733.833;0.0523598775598298;;;1034.796;1039.6728
KIKK;0.716811472886488;-1.5331619126638203;189.8904;5.954249211708597;1337.636;20.96;34;;;;;;;;188.0616;189.2808
KIKK;0.7168460153081757;-1.5332394512231364;189.8904;0.6670057432637603;1809.437;29.39;4;;599.919;0.0523598775598298;599.919;0.0523598775598298;;;190.1952;192.024
KILG;0.6925500356945316;-1.3196081587175457;22.148;1.3553949463636896;2212.313;41.463;9;;;;801.357;0.0523598775598298;;;24.384;21.6408
KILG;0.6924792012011335;-1.3196523739535737;22.148;2.285929279836305;1399.373;45.72;14;;;;394.886;0.0523598775598298;;;22.86;22.555200000000003
KILG;0.6925273721676476;-1.3195165527379795;22.148;0.0886719134144944;2133.845;44.611;1;;;;762.122;0.0523598775598298;;;22.86;18.5928
KILM;0.59811039941318;-1.3596184454361089;7.162;0.8417364666273217;2440.259;42.795;6;;915.329;0.0523598775598298;915.329;0.0523598775598298;;;6.4008;6.096
KILM;0.5981795427732786;-1.359707078766138;7.162;5.922252439597635;2363.724;43.301;35;;751.305;0.0523598775598298;769.52;0.0523598775598298;125.758;107.544;6.549;9.586
KILN;0.6880822195120542;-1.4623312813694338;323.85;0.6494742774466201;2740.942;43.881;4;R;1065.671;0.0523598775598298;1065.671;0.0523598775598298;;;317.9064;328.2696
KILN;0.6882014707422037;-1.4625480351142877;323.85;0.6489068883600893;3255.496;43.049;4;L;1322.948;0.0523598775598298;1322.948;0.0523598775598298;;;320.9544;328.2696
KIMT;0.7996520413343924;-1.5379218969934167;348.08160000000004;2.3054919772902087;1146.708;20.387;13;;;;268.554;0.0698131700797731;;;344.11920000000003;342.90000000000003
KIMT;0.7996983924308159;-1.5378692709537118;348.08160000000004;0.1345533260131268;1970.31;41.709;1;;;;680.355;0.0523598775598298;;;345.03360000000004;360.27360000000004
KIND;0.6930708345307507;-1.5060785240519745;237.185;0.7757621133307251;3045.963;45.72;5;R;;;;;;;240.4872;240.1824
KIND;0.6933708029570682;-1.5058632761374635;237.185;2.350543812206088;2215.317;43.516;14;;;;;;;;240.1824;238.6584
KIND;0.6931987052742232;-1.5063386191831236;237.185;0.7752811878553381;3410.791;45.212;5;L;;;;;;;224.9424;238.6584
KINK;0.5546262186596531;-1.8012253908427154;858.24;2.453100406250826;1523.926;25.94;13;;;;;;;;860.1456000000001;857.0976
KINK;0.5547107402146009;-1.8011914433410467;858.24;0.8794669420370576;1138.389;20.931;4;;;;;;;;858.9264000000001;856.7928
KINL;0.8476288903227273;-1.6301733004118004;358.216;2.37314198629506;2257.122;40.986;13;;823.761;0.0523598775598298;823.761;0.0523598775598298;;;360.8832;355.39680000000004
KINL;0.8476307570061964;-1.6301828503410218;358.216;0.7322035821228521;903.083;22.029;4;;;;;;;;356.61600000000004;359.96880000000004
KINT;0.6306112896628573;-1.400099284631262;287.959;2.5263984752480564;2025.541;44.638;15;;529.662;0.0523598775598298;;;178.30800000000002;;297.044;274.32
KINT;0.6307222139632996;-1.4002032181338429;287.959;0.5341286960414311;1196.108;43.46;4;;;;293.254;0.0523598775598298;;;289.56;292.9128
KINW;0.6112896879491623;-1.9323866232859443;1492.833;2.09098577623235;2165.102;21.834;11;;777.751;0.0523598775598298;;;;115.491;1493.2152;1483.926
KINW;0.6111958329768689;-1.932578597149093;1492.833;1.020535517570697;1982.799;41.385;4;;;;601.958;0.0523598775598298;;84.642;1506.0168;1484.027
KIPL;0.5730963669411808;-2.0171709105184905;-16.687;2.6663175071231624;1616.465;29.15;14;;;;503.433;0.0523598775598298;;;-16.764;-16.4592
KIPL;0.5730280018535004;-2.017301012699673;-16.687;1.5698175461503785;1369.365;20.936;8;;379.883;0.0523598775598298;379.883;0.0523598775598298;;;-16.764;-16.764
KIPT;0.719833937709994;-1.3424901090235744;159.181;1.8502842774971584;1303.111;42.92;12;;447.497;0.0654498469497873;477.153;0.0698131700797731;;;159.4104;160.3248
KIPT;0.719783812284926;-1.34256958253587;159.181;1.341674564047912;2078.21;44.047;9;;760.453;0.0523598775598298;;;;;156.6672;160.467
KIRK;0.6997459190662433;-1.615202935914125;293.598;3.150077746281289;1817.369;29.863;18;;603.884;0.0523598775598298;603.884;0.0523598775598298;;;294.4368;293.8272
KIRK;0.6998383169721298;-1.615260890876753;293.598;1.5833958586650438;417.628;30.48;9;;;;;;;;292.3032;293.8272
KISM;0.4937406273532432;-1.4213398408523528;23.926;2.587030689863564;1828.262;30.645;15;;638.497;0.0523598775598298;655.584;0.0523598775598298;;;24.384;23.1648
KISM;0.4937621732107148;-1.4213518172750284;23.926;1.0107062071959003;1523.076;30.021;6;;487.802;0.0523598775598298;488.91;0.0523598775598298;;;24.384;23.7744
KISO;0.6166497671265463;-1.3545296829468207;27.1272;0.7148584127500699;3503.394;44.816;5;;1282.305;0.0523598775598298;1446.897;0.0523598775598298;164.592;;28.131;26.2128
KISP;0.7119639475390284;-1.275816864645802;27.482;1.569343863791387;1532.91;42.768;10;;;;;;;;27.482;27.482
KISP;0.7120237808884704;-1.27573664211945;27.482;2.3576151882034684;951.84;22.86;15;L;;;;;;;27.7368;24.6888
KISP;0.7120457012529701;-1.2758484558740846;27.482;2.358379118817066;1576.702;45.72;15;R;483.551;0.0523598775598298;483.551;0.0558505360638185;;;30.1752;24.0792
KISP;0.7120148395331699;-1.2758968999186402;27.482;0.7832782166748058;2133.139;45.72;6;;761.77;0.0523598775598298;761.77;0.0523598775598298;;;28.041600000000003;30.1752
KITH;0.7416143009495473;-1.334460280423268;330.936;2.314124550303498;2122.239;45.72;14;;756.319;0.0523598775598298;756.319;0.0558505360638185;;;328.2696;334.97520000000003
KIWA;0.5813427366755803;-1.948672139433537;415.7472;2.36845560272053;2827.015;45.72;12;L;;;1108.707;0.0523598775598298;;;413.3088;421.8432
KIWA;0.5813249885534427;-1.9488514268711017;415.7472;2.368169194190278;3156.89;45.72;12;R;;;;;;;408.7368;418.7952
KIWA;0.5813274404041435;-1.948734331006922;415.7472;2.3684315171768526;3095.433;45.72;12;C;1242.916;0.0523598775598298;1242.916;0.0523598775598298;;;410.8704;420.9288
KJAC;0.761091715142029;-1.9327382619788216;1960.4736;0.3403292208555729;1921.773;42.885;1;;;;;;;;1954.6824;1966.2648
KJAN;0.5638284473637012;-1.5721792174035556;97.917;2.759304460879215;2584.212;45.72;16;R;987.306;0.0567232006898157;;;;;92.964;100.2792
KJAN;0.5640446373974554;-1.572062581870932;97.917;2.759913231722311;2588.459;45.72;16;L;;;989.43;0.0523598775598298;;;92.964;105.4608
KJAX;0.5323394575494531;-1.4256721537600987;8.077;1.2291865229605503;3042.129;40.47;8;;1216.265;0.0523598775598298;1216.265;0.0523598775598298;;;8.8392;7.9248
KJAX;0.5320688879248564;-1.425786542250553;8.077;2.280810752738981;2341.931;44.544;14;;866.166;0.0523598775598298;866.166;0.0523598775598298;;;8.2296;7.315200000000001
KJBR;0.6253144202498423;-1.5821634265354654;78.409;2.3526521699424974;1238.049;43.727;13;;;;;;;;79.8576;76.8096
KJBR;0.6254263334829062;-1.5820223232103263;78.409;0.873760588047662;1880.315;42.776;5;;;;635.358;0.0523598775598298;;;78.0288;78.9432
KJCT;0.532514159226479;-1.7412176693678705;524.027;3.147155017915899;1512.526;22.801;17;;;;;;;;534.6192;519.0744000000001
KJCT;0.5325302747320404;-1.7411339280358975;524.027;1.6033358963032285;773.349;47.301;8;;;;;;;;524.5608;517.8552000000001
KJFK;0.7092368809857602;-1.2876071183171924;3.848;0.5372348934177904;3681.435;60.0;4;L;1425.839;0.0523598775598298;;;;1057.813;3.64;4.09
KJFK;0.7092203792698261;-1.2874004372509535;3.848;0.5369468093714562;2557.226;60.96;4;R;;;896.549;0.0523598775598298;;;3.6576;3.6576
KJFK;0.7094894157562757;-1.2876123380088993;3.848;2.1078583977101544;3047.058;45.72;13;L;;;;;276.4536;315.861;3.9624;3.9624
KJFK;0.7092701067811765;-1.28795267127086;3.848;2.107203201108956;4422.533;60.96;13;R;1138.089;0.0523598775598298;788.469;0.0523598775598298;623.457;996.322;3.9624;3.9624
KJHW;0.7357460683998214;-1.383278941238349;523.493;2.076591347759452;1372.052;29.176;13;;;;;;;;525.1704;520.2936
KJHW;0.7356895529485832;-1.383344557990598;523.493;1.0272796792399133;1614.282;28.578;7;;502.341;0.0523598775598298;;;;;524.5608;523.9512
KJKL;0.6561369045871763;-1.454160326037299;416.6616;0.1365648459013183;1321.185;21.589;1;;;;;;;;412.3944;420.9288
KJLN;0.6484106783016965;-1.6493326898677516;293.37;2.4103551984743827;1978.832;43.559;13;;;;;;119.651;91.1352;289.316;298.518
KJLN;0.6484799445469135;-1.6492971429089829;293.37;3.174681129147877;1979.025;28.769;18;;684.712;0.0523598775598298;684.712;0.0523598775598298;;;289.56;295.9608
KJLN;0.6483356481592469;-1.6492717622555864;293.37;0.8763582662931604;1093.353;22.586;5;;;;;;;;293.37;293.37
KJMS;0.8190726943053984;-1.7222542563189325;456.514;2.3540887504498134;1978.927;28.828;13;;684.664;0.0523598775598298;684.664;0.0523598775598298;;;457.2000000000001;456.2856
KJMS;0.8190854977644282;-1.7222665292263388;456.514;0.7789470774162269;1752.091;22.86;4;;571.246;0.0523598775598298;571.246;0.0523598775598298;;;455.3712;457.2000000000001
KJNX;0.6203068282578216;-1.3681695097975008;47.396;0.4093343383982577;1676.314;29.973;3;;533.357;0.0523598775598298;533.357;0.0698131700797731;;;44.805600000000005;49.9872
KJQF;0.6176333571713054;-1.4086402607095792;203.9112;0.1824209582071138;2252.954;29.066;2;;821.677;0.0523598775598298;623.557;0.0523598775598298;;198.12;194.7672;214.816
KJST;0.7036448766277617;-1.3759279144290524;691.8960000000001;2.518652354961856;2133.751;45.72;15;;762.076;0.0523598775598298;762.076;0.0523598775598298;;;691.8960000000001;688.8480000000001
KJST;0.7036327929244267;-1.3759167416360416;691.8960000000001;0.6843449959703781;1373.328;30.48;5;;381.864;0.0523598775598298;;;;38.398;691.8960000000001;694.9440000000001
KKLS;0.8049110036141375;-2.1449814441840465;5.486400000000001;2.4512025352222078;1336.522;30.48;12;;363.461;0.0698131700797731;363.461;0.0698131700797731;;;6.096;4.8768
KLAA;0.6643884881616104;-1.792303119796218;1124.483;3.3086498100041597;1991.725;30.48;18;;618.407;0.0523598775598298;;;72.656;;1121.3592;1129.5888
KLAA;0.6645163296467215;-1.7921902059271877;1124.483;1.5641033381793483;1522.083;16.106;8;;456.242;0.0523598775598298;456.242;0.0523598775598298;;;1122.5784;1124.4072
KLAF;0.7053314339196424;-1.5173758172429157;182.422;1.7300363280225048;2008.635;44.083;10;;699.5160000000001;0.0523598775598298;699.5160000000001;0.0523598775598298;;;182.88;182.2704
KLAF;0.7053212286031214;-1.5172717276957397;182.422;0.8630227290774474;1289.568;30.48;5;;339.984;0.0523598775598298;241.534;0.0523598775598298;;98.4504;180.7464;184.047
KLAL;0.4885049137676139;-1.4315315112734772;40.944;1.568352516776254;2587.381;45.72;10;;;;988.89;0.0523598775598298;;;40.2336;43.281600000000005
KLAL;0.4884885466401431;-1.4314302851446217;40.944;0.7799299595844875;1520.656;45.72;5;;;;455.528;0.0523598775598298;;;39.624;42.9768
KLAR;0.7210595061084086;-1.8443453420550964;2217.648;2.3497310123734345;1918.196;30.48;12;;654.298;0.0523598775598298;654.298;0.0523598775598298;;;2216.8104000000003;2217.42
KLAR;0.7210107499746627;-1.844400932942109;2217.648;0.7938068106677066;2589.772;41.818;3;;990.086;0.0523598775598298;990.086;0.0523598775598298;;;2219.8584;2216.5056
KLAS;0.629845639301875;-2.0099805394221018;644.385;3.5744578700292893;2976.582;42.958;19;R;851.775;0.0523598775598298;914.631;0.0593411945678072;239.095;183.084;636.7272;666.729
KLAS;0.6298267559553079;-2.0099302930624723;644.385;3.5743962599066936;2977.328;45.453;19;L;854.5;0.0523598775598298;796.196;0.0523598775598298;269.448;152.369;631.117;663.019
KLAS;0.6296039769385248;-2.0096353375687728;644.385;1.5692574699934132;3208.659;45.813;8;R;1165.899;0.0523598775598298;1166.414;0.0523598775598298;;;657.4536;624.2304
KLAS;0.629652019168248;-2.009680637314737;644.385;1.569383308232482;4525.459;43.791;8;L;1341.849;0.0523598775598298;1399.602;0.0523598775598298;756.863;427.763;664.092;614.918
KLAW;0.6033036591161491;-1.7176904512543236;332.232;3.087443813546669;2621.447;43.232;17;;1005.923;0.0523598775598298;;;;;338.32800000000003;326.136
KLAX;0.5925499765306765;-2.0667589180009007;33.68;1.4478125737177423;2717.135;45.72;6;L;943.0;0.0523598775598298;953.0;0.0523598775598298;;;34.4424;36.2712
KLAX;0.5925155043290568;-2.0667644107706487;33.68;1.4480003711452567;3315.666;45.72;6;R;1105.0;0.0523598775598298;1157.0;0.0523598775598298;165.334;243.718;33.477;34.519
KLAX;0.5923250089884469;-2.066486042817412;33.68;1.4479408554177635;3938.716;45.72;7;L;1267.868;0.0523598775598298;1141.0;0.0523598775598298;254.031;292.882;35.53;28.101
KLAX;0.5922864289128604;-2.066485020725313;33.68;1.447678532431189;3382.296;60.96;7;R;1243.305;0.0523598775598298;1291.677;0.0523598775598298;;;37.1856;29.8704
KLBB;0.5875180591368337;-1.776915609084633;993.292;1.5646714428508728;2436.118;43.797;8;;913.259;0.0523598775598298;913.259;0.0523598775598298;;;993.0384;991.5144
KLBB;0.587402090694854;-1.7770442678533112;993.292;6.27677401470531;919.66;22.649;35;R;;;;;41.865;;994.2576;992.124
KLBB;0.5875923812269329;-1.777250465181305;993.292;6.277615088871847;3501.756;45.226;35;L;1446.078;0.0523598775598298;;;;;988.4664;1000.3536
KLBE;0.7028988878857646;-1.3859712488580538;354.939;0.7964441777003952;2497.123;29.513;6;;943.762;0.0523598775598298;683.124;0.0523598775598298;;260.638;365.4552;342.0
KLBE;0.7029847728803622;-1.3857672673633106;354.939;0.3435352336118538;1099.565;20.746;3;;244.982;0.0523598775598298;;;;;354.939;354.939
KLBF;0.7178006688333268;-1.7574249369532386;845.591;3.1588424407189537;1349.921;30.48;17;;;;278.111;0.0523598775598298;;92.0496;846.1248;845.798
KLBF;0.7177807029273812;-1.757170677889947;845.591;2.200678847055568;2438.112;45.72;12;;914.256;0.0523598775598298;914.256;0.0523598775598298;;;846.4296;843.9912
KLBL;0.6465432809285288;-1.762021987318838;877.671;6.28149094154175;2157.561;30.923;35;;773.981;0.0523598775598298;773.981;0.0523598775598298;;;876.3000000000001;877.2144000000001
KLBL;0.6465318701675105;-1.7621721958461023;877.671;0.781494734525363;1521.192;23.605;4;;455.796;0.0523598775598298;455.796;0.0523598775598298;;;879.6528000000001;877.5192000000001
KLBT;0.6040590631989041;-1.379825229621207;37.566;2.183361166618504;1522.934;20.934;13;;;;;;;179.52720000000002;37.7952;37.104
KLBT;0.6040517017951292;-1.3798719883841353;37.566;0.7849027516892697;1675.733;43.949;5;;484.299;0.0523598775598298;533.067;0.0523598775598298;48.768;;37.804;37.4904
KLBX;0.5080416171040121;-1.6661278554652412;7.62;3.1406273119805155;2130.297;28.367;17;;760.348;0.0523598775598298;760.348;0.0610865238198015;;;7.62;7.62
KLCH;0.525704579854451;-1.6270578778724227;3.505;2.702093266130542;1985.505;45.72;15;;;;687.953;0.0523598775598298;;;3.3528;3.048
KLCH;0.5259188797980467;-1.6270532121390286;3.505;0.9039249389769548;1583.61;30.48;5;;;;487.0;0.0523598775598298;;;3.048;4.572
KLCK;0.694863705005288;-1.4473435257016318;225.399;0.7887125436469855;3684.248;51.272;5;R;1537.324;0.0523598775598298;1537.324;0.0523598775598298;;;224.028;225.552
KLCK;0.6949003891390438;-1.447384144109742;225.399;0.7885890266958219;3626.9;38.928;5;L;;;1207.203;0.0523598775598298;273.7104;301.4472;226.189;225.827
KLEE;0.5030704517721651;-1.4278409473676292;21.488;2.267906660914361;1918.721;30.061;13;;566.474;0.0523598775598298;532.641;0.0523598775598298;88.08720000000001;121.92;22.666;20.269
KLEE;0.503034387915675;-1.4278077488800172;21.488;0.6081312322846438;1509.512;29.55;4;;449.956;0.0523598775598298;354.241;0.0523598775598298;;95.715;20.4216;22.698
KLEX;0.6639232216956803;-1.4767471726072632;292.379;1.4475046976376904;1217.528;20.924;9;;303.964;0.0488692190558412;303.964;0.0523598775598298;;;289.56;296.8752
KLEX;0.6638338256976924;-1.4766719357057252;292.379;0.722563744691652;2133.309;41.791;4;;761.854;0.0523598775598298;761.854;0.0523598775598298;;;286.512;296.5704
KLFI;0.6472184410287998;-1.3327429862472628;1.981;1.1784502553906806;3048.43;43.456;8;;1219.415;0.0488692190558412;1219.415;0.0488692190558412;;;2.1336;1.8288
KLFT;0.527167919254125;-1.605455657093218;11.5824;0.6744161145617553;2439.361;45.125;4;R;914.88;0.0523598775598298;808.732;0.0523598775598298;;106.148;11.8872;9.977
KLFT;0.527194567769857;-1.605501752666617;11.5824;0.674506801869689;1249.64;22.055;4;L;;;320.02;0.0523598775598298;;;12.4968;12.8016
KLFT;0.527178955508115;-1.605530823774688;11.5824;1.921230515327326;1645.145;43.857;11;;;;517.773;0.0523598775598298;;;11.2776;10.958
KLGA;0.7116982933191781;-1.289403917214412;3.9624;0.5591105710096069;2133.819;44.794;4;;633.876;0.0548033385126219;678.244;0.0523598775598298;;;6.4008;3.6576
KLGA;0.7116962335305225;-1.2892365671883736;3.9624;2.133446757140106;2132.901;43.982;13;;778.249;0.0541052068118242;658.518;0.0523598775598298;;;3.6576;2.1336
KLGB;0.5901640098084426;-2.0621915317128336;13.462;1.5699364030724388;1194.151;29.555;8;R;349.65;0.0523598775598298;414.306;0.0523598775598298;;460.503;16.154400000000003;10.668
KLGB;0.5902099454361317;-2.062103943881592;13.462;2.3535002254260413;3048.92;60.96;12;;670.579;0.0523598775598298;500.758;0.0523598775598298;411.48;612.214;17.516;7.432
KLGB;0.5903180609338619;-2.062164926109365;13.462;1.574349921871712;1887.076;44.729;8;L;;;446.258;0.0523598775598298;;162.1536;17.342;11.708
KLGU;0.7294343610118741;-1.952123440161684;1356.588;3.188871005032442;2744.61;27.852;17;;1067.505;0.0523598775598298;1067.505;0.0523598775598298;;;1358.4936;1358.1888
KLGU;0.729338188777343;-1.9523042022206731;1356.588;2.13467754587532;1240.878;17.445;10;;;;;;;;1353.312;1356.36
KLIT;0.6061037720949511;-1.609390290350296;78.6384;0.8094959243797339;2514.755;44.701;4;R;;;952.578;0.0523598775598298;321.977;;79.292;78.9432
KLIT;0.6061742554880103;-1.609863362947097;78.6384;3.167554775279059;1892.783;44.727;18;;;;609.251;0.0698131700797731;;32.34;78.9432;77.378
KLIT;0.6061586783363022;-1.6096830846263528;78.6384;0.808955919509167;2520.363;44.58;4;L;;;;;90.5256;;77.328;79.8576
KLLQ;0.587104070875418;-1.6013567478886253;76.352;0.5453308300459688;1514.349;20.196;3;;452.375;0.0523598775598298;452.375;0.0523598775598298;;;81.3816;71.3232
KLMT;0.7357621429436764;-2.124648856846361;1247.012;2.7628576021704254;3136.938;42.781;14;;1263.669;0.0523598775598298;1263.669;0.0523598775598298;;;1246.9368000000002;1248.1560000000002
KLMT;0.7357654959519141;-2.124641078023294;1247.012;1.57774797320559;1598.255;25.767;7;;;;338.612;0.0523598775598298;92.454;155.715;1247.0;1245.917
KLND;0.7472706737030338;-1.8976680974704636;1698.6504;0.8767120445325397;1554.803;30.48;4;;445.849;0.0523598775598298;472.602;0.0523598775598298;26.752;;1703.5272;1693.7736
KLNK;0.7130262133180905;-1.688620217032859;362.7120000000001;3.147183641315632;1765.488;30.48;17;;577.944;0.0523598775598298;;;;;371.5512;357.53040000000004
KLNK;0.7128848310632377;-1.6888119724335744;362.7120000000001;3.1465886585736267;3928.921;56.777;18;;1659.661;0.0523598775598298;1659.661;0.0523598775598298;;;364.236;358.14000000000004
KLNK;0.7130993826287431;-1.688793309499998;362.7120000000001;2.533663582792408;2636.536;44.896;14;;900.83;0.0523598775598298;;;112.638;144.587;365.738;359.0
KLNS;0.700233398480289;-1.331641147558878;119.329;2.080840351823432;1244.956;30.48;13;;;;317.678;0.0523598775598298;;;120.0912;121.6152
KLNS;0.7002870758704535;-1.3315560720456174;119.329;1.1845336703116771;2113.454;45.72;8;;;;731.707;0.0523598775598298;108.8136;20.22;121.694;114.237
KLOU;0.6671943474826278;-1.495132510651342;163.449;2.507807926187513;1089.979;22.343;15;;176.023;0.0523598775598298;134.962;0.0523598775598298;64.166;105.228;164.536;160.217
KLOU;0.6672126047002571;-1.4950999051331912;163.449;1.0383657837557785;1326.41;22.486;6;;96.933;0.0698131700797731;;;261.472;95.094;167.0;162.438
KLOZ;0.6472892111538024;-1.4674276510327342;365.1504;0.912220488911684;1751.894;42.384;6;;540.949;0.0523598775598298;403.507;0.0698131700797731;30.198;167.64;369.585;359.963
KLRD;0.4807506228617013;-1.7359030167226834;149.0472;3.1861521311236847;2524.825;45.110400000000006;18;L;;;;;;17.355;152.0952;144.4752
KLRD;0.4807417341714517;-1.735957367055164;149.0472;3.1860224531602617;2663.504;44.689;18;R;1026.952;0.0523598775598298;987.826;0.0523598775598298;;39.126;153.6192;147.747
KLRD;0.4807089531031315;-1.7359358719121862;149.0472;2.573553257379664;1804.357;45.273;14;;597.378;0.0523598775598298;;;;;153.924;142.3416
KLRF;0.6094125826516208;-1.6082612608912112;89.23;1.237606253071559;3637.589;56.722;7;;1514.0;0.0523598775598298;2.61;0.0523598775598298;;1511.385;87.17280000000001;88.39200000000001
KLRU;0.5634787572777056;-1.8661494299247805;1354.022;1.5703584236855712;1852.0;28.037;8;;617.82;0.0523598775598298;617.82;0.0523598775598298;;;1352.3976;1352.0928
KLRU;0.5635998868946689;-1.8661307825956637;1354.022;2.3588302864287067;2284.342;27.522;12;;;;;;;;1358.4936;1352.0928
KLRU;0.563576322210248;-1.8661454897987533;1354.022;0.9515140637462136;2278.67;32.004000000000005;4;;;;834.535;0.0523598775598298;;;1352.0928;1356.9696
KLSE;0.7658377022714429;-1.5927199604289035;198.577;2.3473046556473114;1852.0;45.72;13;;616.721;0.0523598775598298;389.688;0.0628318530717958;;227.033;199.644;198.95
KLSE;0.7658727654919667;-1.5927654708350705;198.577;3.132119704541669;2662.596;45.72;18;;1026.498;0.0523598775598298;;;;344.72880000000004;199.0344;197.284
KLSE;0.7657798058255377;-1.5926785461933584;198.577;0.6330234671424373;1583.737;45.72;4;;;;487.0704;0.0523598775598298;;;197.2056;199.0344
KLSF;0.5642960193885243;-1.4833056333134766;69.037;2.5277654171182182;3047.643;42.022;15;;;;;;;212.394;69.1896;68.862
KLSV;0.6324245649187643;-2.0077047850468444;563.422;0.7182898347792458;3061.228;43.938;3;R;1225.814;0.0523598775598298;;;;;556.5648;568.452
KLSV;0.632457445465514;-2.0077479079707063;563.422;0.7181656022430889;3083.086;43.379;3;L;;;;;;;559.0032;569.6712
KLTS;0.6051079052416709;-1.7324061587749902;416.814;3.14086781835144;2742.514;43.925;18;L;;;;;;;421.2336;412.6992
KLUF;0.5853284452791991;-1.9613817376393168;328.8792;0.7406349535799713;3020.046;43.098;3;R;;;1205.223;0.0523598775598298;;;326.4408;330.4032
KLUF;0.5852629884726603;-1.9615314078127284;328.8792;0.7403372527694587;3046.356;44.651;3;L;1218.378;0.0523598775598298;1218.378;0.0523598775598298;;;328.2696;330.4032
KLUK;0.6824333954158567;-1.47333091169295;146.05;0.3648190526010265;1852.0;41.813;3;R;623.711;0.0523598775598298;623.711;0.0523598775598298;;;146.6088;144.78
KLUK;0.6825265481874722;-1.4734059691432038;146.05;1.0819312264674892;1561.367;28.784;7;;;;;;133.8072;;147.113;144.78
KLUK;0.6825012338530286;-1.4734345487108005;146.05;0.3948421191273704;1156.403;30.48;3;L;;;;;;;147.2184;145.9992
KLVM;0.7976378781678404;-1.9276982868321983;1418.132;1.6210023807913028;1143.91;38.1;8;;;;;;;;1420.0632;1417.3200000000002
KLVM;0.7976188894911715;-1.9277331940081277;1418.132;2.5627353576099523;829.563;36.576;13;;;;;;;;1420.0632;1417.9296000000002
KLVM;0.7975780623734153;-1.9276462615641845;1418.132;0.9508392496442224;1723.344;21.741;4;;;;556.8696;0.0698131700797731;;;1417.3200000000002;1416.1008000000002
KLVM;0.7976271988658618;-1.9277557034409731;1418.132;0.2874881385676756;684.936;25.0;36;;;;;;;;1418.132;1418.132
KLVM;0.7976012291441186;-1.9276638243833653;1418.132;1.0175462398009287;821.633;21.153;5;;;;;;;;1418.132;1418.132
KLVS;0.6222862383424824;-1.8350790550941936;2091.2328;2.648538012566021;2485.975;22.86;14;;;;;;;;2084.832;2096.1096
KLVS;0.6222774081689559;-1.8350849067665105;2091.2328;0.6071419971179058;1514.672;21.886;2;;452.536;0.0523598775598298;452.536;0.0610865238198015;;;2092.7568;2091.2328
KLWB;0.6607522121704055;-1.4032365924251051;697.9920000000001;0.6170536870333966;2116.641;40.481;4;;;;753.521;0.0523598775598298;;;697.0776000000001;698.9064000000001
KLWM;0.7455763863520221;-1.2413443197278415;41.0;2.1254661518688995;1187.739;30.145;14;;;;;;;57.912000000000006;37.1856;44.976
KLWM;0.7455402639788088;-1.2413330845169928;41.0;0.6644666208146665;1518.2;44.791;5;;454.3;0.0523598775598298;454.3;0.0645771823237902;;;41.148;40.8432
KLWS;0.8094352123627344;-2.0423168416350737;432.2064;2.2994171842957174;1517.53;30.201;12;;;;453.965;0.0523598775598298;;;417.576;440.691
KLWS;0.8093508839129733;-2.0422951982497306;432.2064;1.7253328402213055;1982.519;44.0;8;;686.459;0.0523598775598298;;;;;434.9496;436.7784
KLWT;0.8212299601184643;-1.9103905537508816;1261.668;1.5700945299026696;1852.0;29.1;8;;623.405;0.0523598775598298;623.405;0.0523598775598298;;;1258.2144;1253.3376
KLWT;0.8211343028310973;-1.9106226154705173;1261.668;2.4445941950753816;1247.684;17.605;13;;;;;;;;1259.4336;1268.8824
KLWT;0.8211155891830272;-1.9106818343943663;1261.668;0.6629757082077352;1697.045;30.7848;3;;;;;;;;1271.016;1259.1288
KLYH;0.6515262490834393;-1.3822842583734345;279.958;2.8139821356856936;1029.409;20.753;17;;209.904;0.0698131700797731;209.904;0.0698131700797731;;;281.0256;280.7208
KLYH;0.6514146284339912;-1.3823409337703825;279.958;0.4829499176930107;2157.521;42.917;4;;773.961;0.0523598775598298;;;;;272.1864;285.9024
KMAF;0.5575122575947591;-1.7837981978216035;871.461;1.9849598167004971;2526.197;39.36;10;;958.299;0.0523598775598298;;;;210.6168;874.4712000000001;869.817
KMAF;0.5574653622928101;-1.7836764908396383;871.461;3.0920427561256743;1291.897;30.48;16;L;;;;;;;873.2520000000001;868.0704000000001
KMAF;0.5575698848637376;-1.783799734860866;871.461;3.055234285799889;2892.283;45.72;16;R;1141.341;0.0523598775598298;1141.341;0.0523598775598298;;;875.3856000000001;871.1184000000001
KMAF;0.5573789564993762;-1.7836877728638658;871.461;0.9342686050335977;1402.108;22.543;4;;;;;;;;868.9848000000001;870.2040000000001
KMBG;0.794926031814269;-1.7523688658066283;519.0;6.2711547526455895;734.202;76.2;35;;;;;;;;515.7216000000001;523.0368
KMBG;0.794936921776451;-1.7524501416339973;519.0;5.354198033555938;1327.073;20.047;30;;;;358.736;0.0523598775598298;;;518.1600000000001;519.0744000000001
KMCB;0.5441665006847008;-1.5790318455782628;122.2248;2.719314080794119;1521.986;30.48;16;;456.193;0.0523598775598298;456.193;0.0523598775598298;;;125.8824;118.5672
KMCC;0.6748776458999899;-2.118840424486601;22.402;3.142705824586715;3230.044;42.881;16;;1310.222;0.0523598775598298;1310.222;0.0523598775598298;;;23.4696;21.336
KMCE;0.6507413818305678;-2.1033647719854613;47.244;2.4197881794826364;1800.066;42.034;12;;595.233;0.0523598775598298;;;;;47.244;47.244
KMCF;0.4860630928331136;-1.4402666770481938;3.3528;0.7035823640517102;3472.738;43.849;5;;1431.569;0.0523598775598298;1431.569;0.0523598775598298;;;2.4384;4.2672
KMCI;0.6858127244756194;-1.6529184854324344;306.425;0.2252522107156807;2897.364;45.72;1;R;1220.1144000000002;0.0523598775598298;;;;;309.9816;298.3992
KMCI;0.6857307542498017;-1.653000088953453;306.425;1.679911519102779;2893.978;44.025;9;;;;1217.0664000000002;0.0523598775598298;;;309.372;313.0296
KMCI;0.68605037259176;-1.6532642412440757;306.425;0.2250842227751762;3292.515;43.147;1;L;1418.844;0.0523598775598298;1418.844;0.0523598775598298;;;309.0672;298.704
KMCK;0.7017376703278209;-1.7556362445727354;780.643;2.295356152192177;1960.692;27.462;12;;675.546;0.0523598775598298;443.696;0.0523598775598298;;231.85;787.2984;774.537
KMCK;0.701686532563442;-1.7556611024767383;780.643;3.175040143375013;410.836;50.907;17;;;;;;;;779.6784;780.5928
KMCK;0.701737746399561;-1.755704677929926;780.643;0.79917003292616;1206.357;22.054;4;;298.378;0.0523598775598298;298.378;0.0523598775598298;;;781.2024;779.0688
KMCN;0.5706172708540207;-1.4598730562468714;105.4608;2.27220697765835;1518.494;30.794;14;;454.447;0.0523598775598298;454.447;0.0523598775598298;;;107.8992;105.156
KMCN;0.5705831321977229;-1.4600167499122891;105.4608;3.977415298939535;1975.397;46.678;23;;682.899;0.0523598775598298;;;;;107.8992;100.8888
KMCO;0.4962201564641547;-1.418646448722712;27.584;3.132656916885433;2743.374;44.736;17;L;968.414;0.0523598775598298;950.683;0.0523598775598298;;;27.432;27.432
KMCO;0.4960550573814011;-1.418878260770995;27.584;3.1323996553536886;3047.854;44.226;17;R;1118.666;0.0523598775598298;1119.082;0.0523598775598298;;;27.432;26.5176
KMCO;0.4962289807860089;-1.419338935624714;27.584;3.1323155304837424;3658.972;60.094;18;L;1431.73;0.0523598775598298;1422.089;0.0523598775598298;;;28.041600000000003;27.7368
KMCO;0.4962282142169354;-1.4194204533212056;27.584;3.13193714310191;3657.879;59.535;18;R;1426.123;0.0523598775598298;1437.278;0.0523598775598298;;;28.346400000000003;27.7368
KMCW;0.7532796097136236;-1.6288757193832946;366.3696;3.1397618032044514;1967.846;43.298;18;;679.123;0.0523598775598298;679.123;0.0506145483078355;;;369.7224;363.6264000000001
KMCW;0.7532110807791185;-1.6290204195363511;366.3696;2.182505082620401;1558.386;41.139;12;;474.393;0.0523598775598298;474.393;0.0523598775598298;;;368.808;363.3216000000001
KMDH;0.6593791640745839;-1.5576744821754935;123.545;3.162767162607913;1983.206;24.622;18;L;;;686.803;0.0698131700797731;;;123.1392;121.0056
KMDH;0.6592969831885629;-1.5578565550090815;123.545;3.1625393971405287;1066.071;11.282;18;R;228.236;0.0523598775598298;228.236;0.0523598775598298;;;123.444;124.968
KMDH;0.6593561552990331;-1.5577503978710203;123.545;1.055198611726638;1268.985;21.468;6;;329.693;0.0610865238198015;329.693;0.0610865238198015;;;125.2728;123.444
KMDT;0.7015037614302907;-1.3397610607039483;93.8784;2.03977659424836;3042.174;59.669;13;;;;917.362;0.0523598775598298;302.6664;298.925;93.8784;93.8784
KMDW;0.7292930899387954;-1.531568393060666;186.019;2.3329179066231225;1988.291;45.215;13;C;581.749;0.0523598775598298;414.783;0.0523598775598298;140.161;212.912;185.213;186.696
KMDW;0.7293289548384267;-1.53154587582559;186.019;2.3324531254433167;1568.784;45.898;13;L;;;530.519;0.0523598775598298;229.224;;184.552;185.6232
KMDW;0.7293183399048435;-1.5316006396762478;186.019;3.8985506768259937;1679.937;46.226;22;R;372.404;0.0523598775598298;368.19;0.0523598775598298;268.06;232.18;183.948;188.718
KMDW;0.7292960742916771;-1.5315472568202568;186.019;3.898603385769405;1966.494;44.985;22;L;540.821;0.0523598775598298;504.062;0.0523598775598298;194.476;160.218;184.233;189.059
KMDW;0.7292757865437538;-1.531590465568646;186.019;2.332758907128266;1173.608;17.987;13;R;;;;;;;185.0136;186.8424
KMEI;0.5643620613622947;-1.5489390199160462;88.925;0.7647017349680342;1393.066;44.123;4;;391.733;0.0546288055874225;;;;;88.39200000000001;90.5256
KMEI;0.564287838750625;-1.5490458948592452;88.925;0.1618035146529987;3048.544;43.47;1;;917.72;0.0523598775598298;911.988;0.0523598775598298;301.752;307.484;87.252;89.532
KMEM;0.6115512108883568;-1.5703749595746892;90.601;6.26599206871819;3385.083;41.361;36;C;;;;;;;103.9368;82.6008
KMEM;0.6115015418937294;-1.570319852425922;90.601;6.266872412792896;2741.247;45.72;36;R;;;;;;;101.8032;84.73440000000001
KMEM;0.6115056205093344;-1.5705724106031265;90.601;6.2656702300041225;2838.886;44.326;36;L;1114.643;0.0523598775598298;;;;;97.8408;87.78240000000001
KMEM;0.6118813271304518;-1.5702869348185808;90.601;4.746010304963408;2720.155;46.709;27;;;;;;;;89.00160000000001;77.1144
KMER;0.6524125199658932;-2.1043121655358243;56.083200000000005;2.46354009317163;3595.219;41.82;13;;1492.81;0.0523598775598298;1492.81;0.0523598775598298;;;57.912000000000006;54.2544
KMFD;0.7125147537508894;-1.4401971825877562;388.543;2.3923650426765257;2740.478;42.515;14;;1065.439;0.0523598775598298;;;;;379.7808;393.192
KMFD;0.7124075979274193;-1.440173323369162;388.543;0.8189020622240921;2074.178;41.034;5;;732.289;0.0523598775598298;732.289;0.0523598775598298;;;392.2776;388.9248
KMFE;0.456878544242378;-1.7145478145375566;31.013;3.292755620105022;818.989;16.986;18;;;;;;16.249;;31.6992;28.956000000000003
KMFE;0.4568464302647019;-1.7146018761875363;31.013;2.456125585443308;2168.907;45.72;14;;;;779.654;0.0523598775598298;43.352;;32.649;30.7848
KMFR;0.7395827758712306;-2.144543762501419;400.659;2.7725839730259394;2679.545;42.177;14;;1034.973;0.0523598775598298;1034.973;0.0523598775598298;;;394.4112;406.908
KMGE;0.5919332395268191;-1.4750883717477394;309.9816;1.8551706758039668;3044.831;45.071;11;;1217.615;0.0523598775598298;1217.615;0.0523598775598298;;;325.8312;301.752
KMGM;0.5637608078833882;-1.5078857467281483;62.712;1.675566347397014;2745.543;41.566;10;;1067.972;0.0523598775598298;1067.972;0.0523598775598298;;;66.7512;59.7408
KMGM;0.5637348206066282;-1.5078006400059687;62.712;3.714366080863032;1209.063;44.425;21;;;;;;;;56.997600000000006;67.3608
KMGW;0.6919123906654853;-1.3948241268731008;377.952;3.008084041524337;1569.096;45.72;18;;479.748;0.0523598775598298;;;;;376.7328;379.1712
KMHK;0.6832003214414039;-1.6872284162778184;320.802;2.484126077165978;1510.481;18.986;13;;450.44;0.0575958653158128;;;;;324.9168;318.516
KMHK;0.6831106796731788;-1.6872414928148898;320.802;0.6944011467880565;2254.569;44.143;3;;822.485;0.0523598775598298;701.654;0.0523598775598298;;120.831;321.8688;317.9064
KMHR;0.6728925948032153;-2.117042634706202;26.67;0.9351491585478138;3443.777;42.522;4;R;1417.089;0.0523598775598298;1417.089;0.0523598775598298;;;23.4696;29.8704
KMHR;0.6729630957512913;-2.1170234412210025;26.67;0.9350720149948756;1852.0;44.899;4;L;;;;;;;24.6888;28.651200000000003
KMIA;0.450355047278259;-1.4012984717403136;2.705;4.666637966570463;2617.519;45.489;26;R;960.837;0.0523598775598298;961.306;0.0523598775598298;;;2.7432000000000003;2.7432000000000003
KMIA;0.4503187552065485;-1.401246064163042;2.705;4.666526963630035;3198.942;60.673;26;L;1172.738;0.0523598775598298;1153.864;0.0523598775598298;;;2.7432000000000003;2.7432000000000003
KMIA;0.4501719601548025;-1.4013231735997216;2.705;5.229171721655175;2852.672;44.774;30;;732.594;0.0523598775598298;1010.931;0.0523598775598298;290.445;;2.7432000000000003;2.7432000000000003
KMIA;0.4500665890913891;-1.401413554629216;2.705;4.666533944947043;3968.644;44.265;27;;1488.948;0.0523598775598298;1150.637;0.0523598775598298;;416.3;2.75;2.402
KMIB;0.845014491868252;-1.7690323219636055;503.377;2.1842344421097395;4025.279;40.614;12;;1095.026;0.0436332312998582;1707.84;0.0436332312998582;612.814;;507.7968;498.9576
KMIE;0.7023603877407865;-1.4904735261859383;284.759;2.3774520768828604;1978.438;45.72;14;;684.419;0.0523598775598298;;;;;283.1592;285.2928
KMIE;0.7023675326326855;-1.4903913062887686;284.759;0.3812647665437935;1574.728;28.353;3;;482.564;0.0523598775598298;482.564;0.0523598775598298;;;285.5976;284.988
KMIV;0.6871143704658279;-1.3102658312254398;24.46;2.359073585326435;1529.741;45.72;14;;460.07;0.0523598775598298;460.07;0.0523598775598298;;;24.6888;24.9936
KMIV;0.6870851998793274;-1.3102495713786282;24.46;1.571526398021006;1816.485;45.72;10;;603.443;0.0523598775598298;603.443;0.0523598775598298;;;22.555200000000003;25.6032
KMKC;0.6828030045944197;-1.650959228507234;227.609;0.6688312878481762;1537.371;29.283;3;;310.69;0.0523598775598298;;;153.195;213.0552;226.427;226.827
KMKC;0.6828398174649664;-1.6509543053002578;227.609;0.2206239815118271;2081.426;45.0;1;;642.933;0.0645771823237902;;;92.98;92.0496;227.264;229.938
KMKE;0.7495331818427222;-1.5339943091498085;207.446;0.1246870548007607;1272.43;43.59;1;R;;;;;;;206.6544;204.216
KMKE;0.7497031495168437;-1.534088778547695;207.446;1.249106140246487;1462.567;30.48;7;L;;;426.484;0.0523598775598298;;;204.8256;205.74
KMKE;0.7494909971369884;-1.534197510421576;207.446;1.2490920030795458;2529.076;43.547;7;R;959.738;0.0523598775598298;;;;133.646;221.8944;202.921
KMKE;0.7496718430699474;-1.5340705369345256;207.446;2.310843854908524;1689.274;44.085;13;;312.077;0.0523598775598298;;;227.76;65.2272;204.265;203.898
KMKE;0.749516071552867;-1.5340628595404455;207.446;0.1244665778283318;3043.478;59.452;1;L;1125.499;0.0523598775598298;975.106;0.0523598775598298;91.44;241.833;214.918;203.634
KMKL;0.6213879715317785;-1.5518607364972694;127.1016;1.9612398496880985;1067.874;30.48;11;;229.137;0.0523598775598298;229.137;0.0523598775598298;;;124.3584;126.7968
KMKL;0.621304286765972;-1.5518739690789356;127.1016;0.3870873245547868;1822.48;45.72;2;;606.44;0.0523598775598298;606.44;0.0523598775598298;;;131.9784;125.2728
KMLB;0.49053982111253;-1.4076180437758552;8.026;1.515912703136683;1828.094;45.011;9;L;609.247;0.0523598775598298;609.247;0.0523598775598298;;;9.4488;7.9248
KMLB;0.4904732290815617;-1.407527303843792;8.026;1.5160106161077196;3103.325;41.543;9;R;1246.863;0.0488692190558412;1033.807;0.0523598775598298;;213.0552;9.7536;6.481
KMLB;0.4904195809497588;-1.4073336290945564;8.026;0.7320275656677885;914.47;19.979;5;;152.435;0.0523598775598298;;;;;7.62;6.7056
KMLC;0.6088122127752341;-1.6717370890970988;230.581;0.353327473193338;1710.244;30.48;2;;550.322;0.0523598775598298;550.322;0.0523598775598298;;;226.1616;235.0008
KMLI;0.7234200941278034;-1.5796763565694945;176.834;1.5904506540345298;3045.142;45.72;9;;;;1217.771;0.0523598775598298;;;176.17440000000002;174.95520000000002
KMLI;0.7234197781374982;-1.5796074472762884;176.834;2.2253845062163227;2221.797;44.989;13;;806.099;0.0523598775598298;;;;161.384;178.30800000000002;176.667
KMLI;0.7233727423954136;-1.57967810426896;176.834;0.8503959700709691;1526.575;45.72;5;;458.488;0.0645771823237902;;;;;176.17440000000002;178.61280000000002
KMLS;0.8103461773023665;-1.848036826624056;801.242;2.3563159651082835;1707.06;27.789;13;;548.73;0.0523598775598298;548.73;0.0523598775598298;;;801.624;800.4048
KMLS;0.8102949985762813;-1.8480916919037005;801.242;4.047113800887452;1730.15;22.86;22;;;;;;;;800.1;802.8432
KMLU;0.5674277641925516;-1.606338245323227;23.1648;2.446192742137283;1516.918;44.565;14;;453.659;0.0523598775598298;453.659;0.0523598775598298;;;24.0792;22.555200000000003
KMLU;0.5674072072677018;-1.6063993289799876;23.1648;3.1421021151984503;1508.349;44.966;18;;;;;;;;23.1648;23.1648
KMLU;0.5674265880064159;-1.6063494961385354;23.1648;0.7835264199477321;2284.408;44.023;4;;;;837.404;0.0523598775598298;;;23.1648;22.86
KMMT;0.5921631634355013;-1.4103050224726366;75.971;3.91223842148476;891.851;25.0;23;;;;;;;271.512;77.4192;75.8952
KMMT;0.5919951853299676;-1.4102363472463233;75.971;2.34194282965226;2736.474;41.983;14;;1063.437;0.0436332312998582;1063.437;0.0436332312998582;;;76.5048;74.0664
KMMU;0.7120720279267246;-1.2988380457418285;55.854;1.989457634902642;1217.338;44.627;13;;;;303.869;0.0523598775598298;;;56.997600000000006;55.168800000000005
KMMU;0.7120902266276307;-1.2987494202140288;55.854;0.6284490813460079;1826.747;44.367;5;;;;;;;;55.473600000000005;55.778400000000005
KMMV;0.7887682175565882;-2.149059693084245;49.225;3.242807438505598;1336.857;30.208;17;;;;;;16.947;;49.0728;49.6824
KMMV;0.788815534178944;-2.1491885859198154;49.225;0.9967038145795852;1647.202;42.634;4;;518.801;0.0523598775598298;;;;;49.0728;49.0728
KMOB;0.5356906517687151;-1.540184707469508;65.074;5.660812066025621;2589.955;44.624;33;;;;990.177;0.0523598775598298;;;64.92240000000001;64.92240000000001
KMOB;0.535619501285012;-1.5400179035995527;65.074;6.282534997500293;1331.644;37.883;36;;;;361.022;0.0523598775598298;;;64.61760000000001;65.8368
KMOD;0.6567133352721138;-2.1111354807333385;27.813;2.16822165708793;1052.796;31.774;10;R;221.598;0.0610865238198015;221.598;0.0523598775598298;;;29.8704;26.2128
KMOD;0.656683567815037;-2.1110051912986414;27.813;2.169719952437597;1797.428;45.222;10;L;;;;;;;30.1752;24.9936
KMOT;0.8422499863154993;-1.7676402403282936;512.749;2.4166663090495937;2346.78;42.482;13;;868.59;0.0523598775598298;;;;;518.7696000000001;505.0536
KMOT;0.8422615784783594;-1.76763268776989;512.749;1.574721572282632;1926.121;29.57;8;;;;658.261;0.0523598775598298;118.274;;522.904;505.3584
KMQY;0.6284851020814674;-1.5100565377064965;160.02;2.43085793026341;2442.791;42.335;14;;916.595;0.0523598775598298;916.595;0.0493928178314395;;;165.5064;157.5816
KMQY;0.6284623566311709;-1.5100671721456538;160.02;0.0721488621872423;1680.622;27.885;1;;535.511;0.0523598775598298;535.511;0.0523598775598298;;;158.1912;158.8008
KMRB;0.6877009128405294;-1.3610602662861155;169.621;1.231921977497201;2682.488;42.772;8;;;;728.866;0.0523598775598298;;307.578;172.21200000000002;166.367
KMRY;0.6385649177862509;-2.126589045122038;66.217;1.9700571483494187;2184.078;40.894;10;R;813.13;0.0523598775598298;753.167;0.0523598775598298;53.34;53.34;48.026;78.466
KMRY;0.6385587969370073;-2.126494248030502;66.217;1.968805223676963;1065.416;16.075;10;L;333.342;0.0523598775598298;246.203;0.0523598775598298;;;60.3504;78.0288
KMSL;0.6064226589778698;-1.529186068029171;165.5064;3.164911997725689;1216.145;28.609;18;;;;303.273;0.0523598775598298;;;164.2872;164.8968
KMSL;0.6064199203952254;-1.529028486394787;165.5064;1.9922655904164204;2034.691;42.662;12;;712.546;0.0523598775598298;;;;;165.2016;167.64
KMSN;0.7528797064274751;-1.5593049843476918;263.652;3.1751801187810225;2737.851;38.819;18;;939.988;0.0523598775598298;;;124.137;301.194;261.775;262.858
KMSN;0.752973935906797;-1.5591900028877763;263.652;0.5028197581886803;2119.434;39.502;3;;;;754.917;0.0523598775598298;58.614;;261.928;270.3576
KMSN;0.752966334584457;-1.559165769162154;263.652;2.382426614316895;1685.2392;39.401;14;;486.208;0.0523598775598298;537.82;0.0523598775598298;51.612;;261.742;262.7376
KMSO;0.8188454153526035;-1.9912825114160877;975.436;2.2787484716948248;2893.637;41.753;12;;1142.019;0.0523598775598298;1142.019;0.0523598775598298;;;972.9216;977.1888
KMSO;0.8188401195891566;-1.9912004397612832;975.436;1.5585846070845426;1404.406;19.652;8;;;;;;;;975.0552;976.5792
KMSP;0.7832509332024064;-1.6273355046138338;253.2888;6.101022500622135;2435.181;44.831;35;;809.15;0.0523598775598298;871.375;0.0523598775598298;;;253.8984;256.03200000000004
KMSP;0.7833532379895256;-1.6270564188554584;253.2888;0.783651996387413;3390.806;44.316;4;;741.512;0.0523598775598298;1035.703;0.0523598775598298;509.655;307.0;253.817;252.23
KMSP;0.7833153133012386;-1.626955114704305;253.2888;5.261239877732543;3044.921;60.029;30;L;1095.53;0.0523598775598298;1113.639;0.0523598775598298;;;248.1072;256.64160000000004
KMSP;0.7834277941465173;-1.6267773174926237;253.2888;5.2612243443022;2498.712;45.233;30;R;783.071;0.0523598775598298;741.086;0.0523598775598298;62.978;;249.791;255.7272
KMSY;0.5234753267685406;-1.5754449811081035;0.381;1.8421437128000064;3078.332;44.032;11;;1234.366;0.0488692190558412;1140.176;0.0523598775598298;;94.19;1.2192;0.276
KMSY;0.5234902543846214;-1.5751329231267786;0.381;0.2688095201930772;2133.122;45.026;2;;;;761.761;0.0567232006898157;;;0.6096;-0.6096
KMTH;0.4315535187934157;-1.414613608799694;1.524;1.1732224532288895;1523.638;28.61;7;;457.019;0.0523598775598298;457.019;0.0523598775598298;;;1.524;1.524
KMTJ;0.6722331639981325;-1.883082219052938;1743.913;3.13825558405998;3042.888;43.247;17;;1216.644;0.0523598775598298;1216.644;0.0523598775598298;;;1735.5312;1747.7232
KMTJ;0.6719761936600007;-1.8831456589830853;1743.913;2.435480783853168;2283.612;26.689;13;;837.0;0.0523598775598298;;;;;1737.0552;1755.3432
KMTN;0.6863624890898078;-1.3336718885131045;4.572;2.3610252124960147;2129.18;52.715;15;;759.79;0.0698131700797731;759.79;0.0523598775598298;;;6.4008;2.7432000000000003
KMUI;0.7057271122983779;-1.3363746901318307;143.8656;1.0429133962014825;1207.418;29.418;7;;;;263.0;0.0523598775598298;106.3752;35.905;140.575;146.798
KMUO;0.7512523680594431;-2.022355000650939;911.199;2.359234853749319;4114.87;45.253;12;;1752.635;0.0436332312998582;1752.635;0.0436332312998582;;;909.2184;913.1808
KMWA;0.6588470890658097;-1.5534873999724277;140.131;1.8812204130216827;1471.5744;27.673;11;;430.9872;0.0523598775598298;430.9872;0.0523598775598298;;;138.3792;142.3416
KMWA;0.6590110587758063;-1.553564540618026;140.131;0.3937892143495198;2439.683;43.363;2;;915.041;0.0523598775598298;;;;;138.0744;141.732
KMWH;0.8240776120831703;-2.0823556533056253;356.61600000000004;1.889822617305987;1066.832;27.432;9;;;;;;;;354.17760000000004;351.43440000000004
KMWH;0.8239355042209504;-2.082495102558056;356.61600000000004;2.830885824024184;4112.17;60.96;14;L;1751.285;0.0523598775598298;1751.285;0.0523598775598298;;;356.00640000000004;355.70160000000004
KMWH;0.8241476917108395;-2.0826718542709504;356.61600000000004;2.831170138159334;892.665;22.86;14;R;;;;;;;356.00640000000004;356.61600000000004
KMWH;0.823864096263665;-2.082735013320826;356.61600000000004;3.45762291190691;1012.252;22.86;18;;;;;;1015.984;;361.1880000000001;361.1880000000001
KMWH;0.8238783158273956;-2.082467747940531;356.61600000000004;0.9423363895009412;3047.702;30.48;4;;1219.051;0.0523598775598298;1219.051;0.0523598775598298;;;362.4072000000001;351.43440000000004
KMXF;0.5651719386626494;-1.507376534203117;50.673;2.5934196421234144;2441.158;43.471;15;;915.779;0.0523598775598298;915.779;0.0523598775598298;;;52.1208;50.5968
KMXF;0.5651389527857981;-1.5073527374023608;50.673;0.0908668900963508;2127.884;42.589;36;;759.142;0.0523598775598298;759.142;0.0523598775598298;;;50.673;50.673
KMYL;0.7834567774795038;-2.0263583481454783;1528.724;3.1182391010005577;1852.0;26.048;16;;;;625.064;0.0523598775598298;;;1531.3152;1526.1336
KMYR;0.5878223695040107;-1.3775590953952397;6.858;2.936897646389095;2897.182;44.543;18;;1074.964;0.0523598775598298;1036.114;0.0523598775598298;;;7.010400000000001;6.7056
KMYV;0.682377277878336;-2.1218042418995875;18.973;2.737455382105199;1831.571;44.67;14;;610.986;0.0523598775598298;610.986;0.0523598775598298;;;19.2024;18.288
KMYV;0.6824020480072541;-2.12176675218561;18.973;1.1636505265588846;1218.148;17.949;5;;;;;;59.7408;148.662;18.8976;19.5072
KNBC;0.5668264463452497;-1.4088694356042049;8.0;2.362674897705;2430.139;56.956;14;;;;;;;;9.7536;7.010400000000001
KNBC;0.5669360306127313;-1.4087827216226958;8.0;0.7269807192428441;3704.0;57.78;5;;;;;;;;11.2776;3.9624
KNBG;0.5206902525875933;-1.571255285158069;-0.6096;0.7699382463227928;3047.401;59.806;4;;1218.9;0.0523598775598298;1218.9;0.0523598775598298;;;-0.9144;-0.3048
KNBG;0.520404334026509;-1.5712687674110877;-0.6096;2.454776445931516;1825.88;60.419;14;;;;;;;;-0.9144;-0.3048
KNCA;0.6057547608029442;-1.351525894710793;6.096;6.282683525019638;1450.612;40.266;1;;;;;;;;7.315200000000001;4.8768
KNCA;0.605796834326904;-1.3516260051207936;6.096;0.7830183022425989;1554.331;40.04;5;;;;;;;;7.315200000000001;4.8768
KNDZ;0.535762293792893;-1.518723558806523;50.9016;2.394297122158484;1821.783;58.169;14;;606.091;0.0523598775598298;606.091;0.0523598775598298;;;51.816;50.292
KNDZ;0.5358203423822783;-1.5186515442258746;50.9016;0.8189796246560507;1819.615;58.357;5;;;;605.0;0.0523598775598298;;;49.3776;52.1208
KNEL;0.6987307358426444;-1.297732820885729;28.498;2.454703491168783;1524.656;45.72;15;;;;457.528;0.0523598775598298;;;29.5656;26.8224
KNEL;0.6987578817505232;-1.2976468637205063;28.498;0.8796554201429804;1520.168;42.896;6;;;;455.284;0.0523598775598298;;;26.8224;30.7848
KNEW;0.524386098602986;-1.571277989646659;1.777;3.1288976522095617;1125.421;21.576;18;L;;;;;;;1.524;2.1336
KNEW;0.5243555879835249;-1.571316126945707;1.777;3.1292315336954686;2095.381;43.443;18;R;670.043;0.0523598775598298;490.195;0.0523598775598298;72.8472;252.696;1.816;2.177
KNEW;0.5242466708066873;-1.5712450642370883;1.777;1.5567317655506254;1005.977;21.0;9;;;;;;30.12;29.941;1.524;1.524
KNFG;0.5812173411894979;-2.048233100810064;21.0312;0.7687636048296155;1823.793;57.345;3;;;;;;;;18.5928;23.4696
KNGP;0.4833677774538379;-1.698064901977135;4.495;0.7831518548369615;1521.438;58.252;4;;;;;;;;5.1816;3.9624
KNGP;0.4833335568741277;-1.698080958965973;4.495;2.3589302937948458;2434.603;57.406;13;R;;;;;;;3.048;5.1816
KNGP;0.4832895757049926;-1.697973959187098;4.495;2.3573921351250635;1518.548;58.652;13;L;;;;;;;3.9624;5.486400000000001
KNGP;0.4833225030651206;-1.698004411289836;4.495;3.140315072577333;1514.688;54.678;18;;;;;;;;3.9624;5.1816
KNGU;0.6446804068980623;-1.3314990767572492;3.9624;1.570473685229373;2551.495;58.889;10;;879.812;0.0523598775598298;667.671;0.0523598775598298;91.1352;303.276;3.9624;3.9624
KNHK;0.6682446992568525;-1.3335351700410882;8.331;0.8551139441049601;3625.699;58.403;6;;;;;;;;11.8872;6.096
KNHK;0.6682248211259915;-1.33359908590725;8.331;2.199138157658369;2963.812;60.96;14;;;;;;;;8.2296;4.8768
KNHK;0.6681784466228786;-1.3337755255309542;8.331;0.1420539186161452;1613.198;19.186;2;;;;;;;88.69680000000001;11.2776;7.62
KNID;0.6227882825689255;-2.054102944520234;681.5328000000001;1.5844922745011465;2297.231;21.444;8;;;;;;;132.36;689.1528000000001;678.4848000000001
KNID;0.622867174815104;-2.054018368349678;681.5328000000001;2.6949800022311137;2740.369;57.93;14;;;;;;;;671.4744000000001;683.0568000000001
KNID;0.6228348969906031;-2.0542013306374582;681.5328000000001;0.7362069834544916;3043.389;60.127;3;;;;;;;;696.1632000000001;670.8648000000001
KNIP;0.5277315289250157;-1.4254472622896093;3.6576;2.3518053361894298;1826.739;62.828;14;;;;;;839.106;;4.942;2.1336
KNIP;0.5276419924868924;-1.425534499020512;3.6576;4.706746330912992;2436.91;56.37;28;;;;;;;;2.4384;6.894
KNJK;0.5728714813223635;-2.018723070501708;-13.944;2.3612177223125097;2069.2872;54.959;12;;;;;;;;-14.3256;-12.8016
KNJK;0.5729761560367712;-2.0188513781700466;-13.944;1.5696360319081708;2893.034;58.304;8;;;;;;;;-14.630400000000002;-14.0208
KNKT;0.6090481873130922;-1.3419487747186372;7.162;0.7898703950727586;2487.406;56.589;5;R;;;;;;;7.010400000000001;7.9248
KNKT;0.6093087271713373;-1.341974662516968;7.162;2.3693259984185;2729.226;57.066;14;L;;;;;;;5.7912;8.2296
KNKT;0.6090293566315759;-1.3416812362603008;7.162;2.3691230166264927;2559.59;49.942;14;R;;;975.0;0.0523598775598298;258.16560000000004;;9.249;5.1816
KNKT;0.6092985745198672;-1.3416809709844892;7.162;0.7896550214430624;2575.519;56.586;5;L;;;982.959;0.0523598775598298;283.06;;8.875;5.7912
KNKX;0.5736674082359142;-2.044582351682661;137.7696;1.314851645971562;3657.717;61.051;6;L;1537.959;0.0523598775598298;1469.189;0.0523598775598298;;;129.84480000000002;144.78
KNKX;0.5736590520478455;-2.044462298773404;137.7696;1.3149770653316104;2439.051;61.151;6;R;;;;;;;131.064;145.3896
KNLC;0.6338854875777714;-2.093575150463668;67.818;2.7241270007394194;4109.826;60.96;14;R;;;;;;;69.1896;68.8848
KNLC;0.6343781340184731;-2.0935479206818197;67.818;2.724169063174392;4102.814;60.96;14;L;;;;;;;65.8368;67.3608
KNMM;0.5684631824990231;-1.5454947489969089;88.239;0.1569961535813668;2432.652;55.893;1;R;;;;;;;82.296;96.3168
KNMM;0.5680595868076425;-1.5453870314128964;88.239;1.7290943738252036;1941.244;56.012;10;;;;;;;;91.1352;92.6592
KNMM;0.5679513776831553;-1.5458200161532103;88.239;0.1563919205943263;2429.583;60.96;1;L;;;;;;;77.4192;89.61120000000001
KNPA;0.5297383248361206;-1.524027459979106;6.197;0.107949270479648;2174.753;57.79;1;;;;;;;;8.5344;4.8768
KNPA;0.5297606431143379;-1.523960446627731;6.197;4.332939391169555;2434.4376;58.042;25;L;;;;;;;4.572;7.315200000000001
KNPA;0.5297918500828048;-1.5239746388836573;6.197;4.332544423159829;2439.189;56.736;25;R;;;;;;;4.8768;7.010400000000001
KNQA;0.617090515085468;-1.568535022149148;91.287;0.6763698186731452;2433.659;57.599;4;;912.03;0.0523598775598298;912.03;0.0523598775598298;;;84.42960000000001;98.1456
KNQI;0.4800505755990658;-1.7070704462218191;13.982;2.350783445912387;2423.7696;56.083200000000005;13;R;;;;;;;15.24;12.4968
KNQI;0.4800258581351985;-1.7070775072397488;13.982;3.130474906254589;2423.472;56.78;17;L;;;;;;;14.630400000000002;14.3256
KNQI;0.4800254777764978;-1.7071151920094705;13.982;3.13106604927224;2422.621;57.376;17;R;;;;;;;14.630400000000002;14.630400000000002
KNQI;0.4800744738288087;-1.707044121498622;13.982;2.3492454617755296;2425.913;59.945;13;L;;;;;;;14.630400000000002;11.2776
KNQX;0.4289410630941497;-1.4256843720518968;1.2192;1.2720694372149763;3050.616;60.96;8;;829.345;0.0523598775598298;1284.988;0.0523598775598298;;;1.2192;1.2192
KNQX;0.4288739502643452;-1.4256592956854608;1.2192;2.288369250130593;2141.244;44.663;14;;807.658;0.0523598775598298;807.859;0.0523598775598298;;;1.2192;0.9144
KNQX;0.4288958589255003;-1.4257663656844035;1.2192;0.5470494034005301;2135.581;45.72;4;;672.856;0.0523598775598298;704.296;0.0523598775598298;;;0.9144;1.8288
KNRB;0.5304295419252296;-1.4211259037124409;3.505;0.7464957692081683;2437.661;57.595;5;;914.03;0.0523598775598298;914.03;0.0523598775598298;;;3.3528;3.6576
KNSE;0.5362374437333667;-1.5188174898505569;54.102;2.39600929015469;1817.026;56.879;14;;;;;;;;60.6552;48.4632
KNSE;0.536179389292309;-1.5188896292668816;54.102;0.8190723016393316;1815.954;56.728;5;;603.177;0.0523598775598298;603.177;0.0523598775598298;;;51.5112;55.778400000000005
KNTD;0.59548727611528;-2.0789508070534453;3.3528;1.834390436663872;1674.186;56.898;9;;;;;;;;2.7432000000000003;3.6576
KNTD;0.5954970718147388;-2.07906774687303;3.3528;0.7630061650530142;3367.748;52.99;3;;1379.074;0.0523598775598298;1379.074;0.0523598775598298;;;3.048;3.9624
KNTU;0.642590663531863;-1.3270816883362428;5.943;0.733040083526748;3659.778;57.942;5;R;;;;;;;5.1816;6.4008
KNTU;0.6427527080416673;-1.3269231860387478;5.943;2.337370416077885;2439.069;42.591;14;L;;;;;;;5.7912;6.096
KNTU;0.642728429453224;-1.326952257146819;5.943;2.3377655586205366;2437.092;58.351;14;R;;;;;;;5.7912;6.4008
KNTU;0.6426851680397837;-1.3270316994501956;5.943;0.7330999308667988;2451.388;43.442;5;L;;;;;;;5.7912;6.096
KNUQ;0.6530133287177037;-2.130169800446299;5.7912;2.754168480489372;2475.344;58.559;14;R;;;;;;184.565;1.2192;11.754
KNUQ;0.6530535765199005;-2.130149967178259;5.7912;2.753841580320473;2797.677;58.491;14;L;;;;;;;1.524;9.617
KNUW;0.8438981390819632;-2.140742360119656;9.7536;2.701443305517099;2423.934;60.96;14;;;;;;;;11.8872;14.3256
KNUW;0.8438997599951951;-2.140759439200592;9.7536;1.5171590427555322;2426.922;55.842;7;;;;;;;;5.486400000000001;7.315200000000001
KNXP;0.5985786092702857;-2.0274088091509195;620.115;1.9612987370970607;2465.676;43.586400000000005;10;;928.038;0.0523598775598298;928.038;0.0523598775598298;;;625.1448;615.0864
KNYG;0.6720149843957907;-1.349227061339918;3.2;0.2507820405291665;1283.188;56.946;2;;;;;;;;3.048;3.3528
KNYL;0.569987075003834;-2.0001835525954186;59.778;0.7677324119476597;2814.292;41.891;3;R;;;;;;;57.302400000000006;63.3984
KNYL;0.5701297738849581;-2.000071777851933;59.778;1.5552944869116083;1873.029;45.72;8;;;;;;;;59.436;64.92240000000001
KNYL;0.5700221440760302;-2.000215752397622;59.778;3.1262875123132043;1740.293;43.553;17;;565.346;0.0523598775598298;;;;;59.7408;55.778400000000005
KNYL;0.5698483903699195;-2.000397872044589;59.778;0.7674720262765546;4052.359;56.126;3;L;;;;;;;58.8264;58.8264
KNZY;0.5707128696246647;-2.045790316300188;5.638;3.409175015332501;2438.77;60.96;18;;940.488;0.0523598775598298;959.478;0.0523598775598298;;;5.7912;3.048
KNZY;0.5706680809247499;-2.0457168270981154;5.638;2.1327186930426367;2287.424;60.96;11;;;;855.681;0.0523598775598298;;;5.7912;7.9248
KOAJ;0.6078838742204927;-1.3545878173607333;27.279;0.7731197197497907;2162.128;41.636;5;;776.264;0.0523598775598298;776.264;0.0523598775598298;;;27.1272;27.432
KOAK;0.6581770725855054;-2.1332844661693904;1.943;2.270151503398276;3205.072;45.214;12;;1164.0312;0.047996554429844;1156.267;0.0523598775598298;;;2.4384;2.747
KOAK;0.6584340429236372;-2.133071043976642;1.943;1.9587846775760256;1893.825;44.736;10;R;660.784;0.0523598775598298;655.407;0.0523598775598298;;;2.4384;2.4384
KOAK;0.6584716516216189;-2.13302728907217;1.943;1.958913919207136;1663.722;44.254;10;L;540.08;0.0523598775598298;529.493;0.0523598775598298;;;1.8288;1.8288
KOAK;0.6586144675361892;-2.133163258530129;1.943;2.870803772945321;1028.8;22.382;15;;;;;;;;0.6096;1.2192
KOFF;0.7176676661732322;-1.6739193883643373;306.476;2.2551586015248697;3566.276;45.72;12;;1171.1;0.0488692190558412;1145.801;0.0488692190558412;307.2384;332.5368;318.831;293.946
KOFK;0.732790517449261;-1.7005831730599;473.0496;2.4782341946770954;1766.6208;28.976;14;;491.669;0.0523598775598298;;;86.841;108.8136;470.018;475.85
KOFK;0.7327783869325477;-1.7005428745432103;473.0496;0.3379625892964535;1756.25;28.131;2;;573.325;0.0523598775598298;573.325;0.0523598775598298;;;479.4504;466.279
KOGB;0.58400401872866;-1.411254171524695;55.168800000000005;3.879429896738695;1361.367;28.773;23;;;;;;;;59.436;51.816
KOGB;0.5838745387753003;-1.4112700100510998;55.168800000000005;2.919638609014899;1637.824;27.575;17;;;;514.112;0.0523598775598298;;;52.7304;56.692800000000005
KOGD;0.7190045918958405;-1.9549513505345495;1354.987;3.92328321405723;2465.541;41.845;21;;668.699;0.0523598775598298;927.971;0.0523598775598298;259.272;;1343.957;1363.3704
KOGD;0.7189672465231131;-1.9550296068990036;1354.987;3.137868470031888;1576.403;29.369;17;;483.402;0.0523598775598298;;;;;1352.0928;1358.4936
KOGS;0.7798454120573525;-1.3171213618296165;89.61120000000001;1.3255243343475074;1572.891;38.751;9;;481.645;0.0523598775598298;481.645;0.0523598775598298;;;87.17280000000001;92.0496
KOKC;0.6177947462938101;-1.7035579135945458;389.61;2.3597673537041026;2369.442;45.72;13;;879.921;0.0523598775598298;879.921;0.0523598775598298;;;389.8392;391.9728
KOKC;0.6177018861058106;-1.7032485239757982;389.61;3.139538401060196;2983.3824;45.72;17;L;;;;;;;392.2776;391.0584
KOKC;0.617715438578897;-1.7035410997894218;389.61;3.140839020418782;2987.269;45.72;17;R;;;1188.835;0.0523598775598298;;;390.7536;384.9624
KOKC;0.6176600700554329;-1.703576178614405;389.61;3.1410594555033087;938.433;22.86;18;;;;;;;;388.62;387.4008
KOLF;0.8394070390953362;-1.8426327136124856;605.3328;2.095377897294993;1539.335;29.183;11;;464.868;0.0523598775598298;464.868;0.0523598775598298;;;605.6376;605.028
KOLM;0.8197787219771421;-2.145084776914936;60.807;3.3385467764920462;1877.46;46.0;17;;425.077;0.0523598775598298;648.533;0.0523598775598298;201.897;;60.0456;61.8744
KOLM;0.8197809631676395;-2.145008369678935;60.807;1.8103193094059715;1270.559;46.0;8;;;;;;;;59.1312;62.1792
KOLS;0.5483429035857882;-1.9346601228168017;1185.672;0.8048144800869872;2188.198;27.099;3;;789.299;0.0523598775598298;511.695;0.0698131700797731;;277.604;1170.1272;1205.653
KOLU;0.7234272624263918;-1.698967089408291;439.674;2.616999040317858;2071.25;27.414;14;;730.825;0.0523598775598298;440.496;0.0523598775598298;;290.329;441.0456;439.274
KOLU;0.7234006080589875;-1.6988414891136776;439.674;0.5203313447056402;1239.936;45.72;2;;;;;;;;439.224;438.912
KOMA;0.720877688797845;-1.67370146428502;299.11;2.521907219483899;2892.786;41.414;14;R;;;;;;;299.9232;298.704
KOMA;0.720859068776532;-1.6736760446204744;299.11;3.145411957591932;2481.714;44.226;18;;891.932;0.0523598775598298;936.057;0.0523598775598298;44.125;;299.025;298.0944
KOMA;0.7208916859980274;-1.6736208204382603;299.11;2.5218583502648437;2588.296;44.223;14;L;;;;;;;299.9232;299.0088
KONO;0.7682876921404977;-2.042265846261388;667.8168000000001;2.769004477263024;1585.088;31.579;15;;;;487.744;0.0523598775598298;65.578;;668.4264000000001;667.2072000000001
KONP;0.7780579192696745;-2.165238100221745;45.567;3.0946357917953624;1639.242;29.476;16;;514.821;0.0523598775598298;421.442;0.0523598775598298;;93.379;46.3296;47.621
KONP;0.7781018477737587;-2.165191630141318;45.567;0.6491128197585321;928.551;22.86;2;;;;;;17.577;;39.624;48.768
KONT;0.5944047694016732;-2.052525692566121;284.273;1.5705737973152674;3413.176;50.0;8;L;1336.262;0.0523598775598298;1258.288;0.0523598775598298;;;284.273;284.273
KONT;0.5943714090177936;-2.052496878931632;281.767;1.5690311007894295;3109.463;50.0;8;R;1140.906;0.0523598775598298;1109.626;0.0523598775598298;;;281.767;281.767
KOPF;0.4520290878430537;-1.4011263545518944;2.1336;1.5175273770408728;1312.785;30.48;9;R;503.438;0.0523598775598298;399.108;0.0523598775598298;;;1.8288;1.8288
KOPF;0.452139438679609;-1.4011502761883263;2.1336;2.128845632899536;2072.215;44.634;12;;488.967;0.0523598775598298;732.048;0.0523598775598298;243.84;;2.4384;2.4384
KOPF;0.4522713821870142;-1.4010895904452836;2.1336;1.5168498751318338;2438.7048;44.771;9;L;899.502;0.0523598775598298;914.125;0.0523598775598298;;;2.1336;2.1336
KOQU;0.7260345393956572;-1.2463963415172084;3.6576;2.5330862278758484;2435.648;42.579;16;;913.024;0.0523598775598298;;;;271.646;5.486400000000001;2.91
KOQU;0.7259366526211374;-1.2463223061590527;3.6576;0.59241686365834;1218.021;22.86;5;;;;;;;;3.3528;2.7432000000000003
KORD;0.7328569631884214;-1.5342344227705522;201.434;0.6872160102300313;2284.591;45.72;4;L;;;962.921;0.0523598775598298;;;199.9488;197.5104
KORD;0.7323687172053021;-1.5339623746234168;201.434;0.7223236571997477;2457.84;45.72;4;R;819.907;0.0523598775598298;788.625;0.0523598775598298;;;201.4728;199.3392
KORD;0.7330877648479511;-1.5343692531029671;201.434;1.5703594708831223;2284.084;45.72;9;L;983.5896;0.0523598775598298;983.7;0.0523598775598298;;;203.6064;202.3872
KORD;0.7327573560222401;-1.534324569733154;201.434;1.5702807565338577;3525.441;45.72;9;R;782.293;0.0523598775598298;825.328;0.0523598775598298;;;203.6064;198.12
KORD;0.7324404001911862;-1.534347984224652;201.434;1.5683354125495843;3288.4872;59.559;10;C;1191.33;0.0523598775598298;;;;;203.9112;198.12
KORD;0.7324979513884246;-1.534277709541239;201.434;1.568440830436405;3960.34;45.826;10;L;;;1567.911;0.0523598775598298;;;204.8256;198.4248
KORD;0.7322915453507847;-1.5343907326414858;201.434;1.5690607713867135;2279.195;53.487;10;R;;;;;;;207.264;200.5584
KORD;0.7328342821065204;-1.5343347282362965;201.434;4.71155750552904;3420.361;60.96;27;C;1281.159;0.0523598775598298;1267.495;0.0523598775598298;;;198.7296;205.1304
KORF;0.6438994485622986;-1.3300386787981933;5.867;2.236302238819248;1486.065;43.146;14;;371.8;0.0523598775598298;438.232;0.0523598775598298;66.433;;5.669;6.7056
KORF;0.6439503873698187;-1.329921192822526;5.867;0.6575786265617931;2743.513;44.623;5;;759.803;0.0523598775598298;1066.957;0.0523598775598298;307.154;;6.63;4.572
KORS;0.8501208015722618;-2.1451942343961843;7.010400000000001;3.144812786059723;881.26;15.633;16;;135.83;0.0593411945678072;135.83;0.0698131700797731;;;3.3528;10.668
KOSH;0.7677746409184266;-1.5455480850395216;240.068;0.7819375769164716;1126.224;22.86;5;;;;;;;82.55;240.792;236.22
KOSH;0.7677976438423049;-1.545670587848922;240.068;1.5805066406212922;1883.0;46.0;9;;636.351;0.0523598775598298;474.502;0.0523598775598298;;161.8488;242.9256;236.59
KOSH;0.7677435626867505;-1.545576539771442;240.068;2.258492180396179;973.788;25.0;13;;;;;;;39.666;238.3536;238.069
KOSH;0.7675053586617396;-1.5456038787845072;240.068;3.151486925119349;2439.0;46.0;18;;914.273;0.0523598775598298;914.273;0.0523598775598298;;;240.792;246.2784
KOSU;0.6995787660465063;-1.449907197959348;273.456;1.5203954067875052;909.53;28.371;9;L;149.965;0.0523598775598298;149.965;0.0523598775598298;;;275.5392;271.8816
KOSU;0.6994844663471167;-1.449891928995715;273.456;1.5193099865256898;1522.927;28.911;9;R;456.664;0.0523598775598298;456.664;0.0523598775598298;;;274.6248;271.272
KOSU;0.6995193949791773;-1.4499092499457735;273.456;0.8479681298149824;1083.622;28.594;5;;;;;;;;275.2344;272.1864
KOSU;0.6995458796480843;-1.4498964074755951;273.456;2.380509195600654;925.707;26.934;14;;158.054;0.0523598775598298;;;;;273.456;273.456
KOTH;0.7577267928995111;-2.168433979354368;4.495;2.6117506607241854;1354.028;43.833;13;;;;372.214;0.0698131700797731;;;3.9624;5.1816
KOTH;0.7577997925116665;-2.1685868016286003;4.495;1.0577591842722387;1818.044;42.579;5;;604.222;0.0523598775598298;;;;201.176;4.8768;3.849
KOTM;0.7174214863188532;-1.613526509817582;255.498;2.3581572874691377;1789.508;44.876;13;;589.954;0.0523598775598298;;;;;256.03200000000004;255.4224
KOTM;0.7174988337235402;-1.6134790176450569;255.498;0.7834653857837898;1388.961;30.48;4;;389.681;0.0523598775598298;389.681;0.0523598775598298;;;256.64160000000004;253.8984
KOWB;0.6586513096650976;-1.5213549310118328;122.8344;3.102141580243564;2438.5;43.438;18;;914.45;0.0523598775598298;454.299;0.0523598775598298;;460.152;124.0536;121.0056
KOWB;0.6586914813955542;-1.521337048301232;122.8344;0.904691993729914;1522.456;30.48;6;;456.428;0.0523598775598298;456.428;0.0523598775598298;;;123.444;122.8344
KOWD;0.7363338454773817;-1.2422331887528042;14.478;2.7029722139418464;1219.0;28.786;17;;;;304.695;0.0523598775598298;;;14.9352;14.3256
KOWD;0.7363934857216372;-1.24217062267239;14.478;1.5490570292308308;1216.516;21.741;10;;;;;;300.8376;66.037;14.846;13.975
KOXR;0.5969167284805659;-2.080558799792797;11.8872;1.5798713407735665;1814.253;29.155;7;;602.327;0.0523598775598298;464.708;0.0523598775598298;;137.619;10.3632;13.662
KOZR;0.545898665910621;-1.4959698849599146;90.5256;3.158599316354151;1531.37;41.865;18;;;;;;;;91.7448;90.2208
KOZR;0.5458285394695732;-1.4959920666991111;90.5256;1.0575060417175293;1386.587;42.574;6;;;;;;;;90.2208;89.91600000000001
KPAE;0.8360530887384129;-2.1340430847708047;178.61280000000002;3.134220382829369;915.32;23.306;16;L;;;;;;;183.7944;182.88
KPAE;0.8361792039801903;-2.1342863660968296;178.61280000000002;3.126920543232903;2864.811;44.723;16;R;923.812;0.0523598775598298;1020.286;0.0523598775598298;121.73;;171.60240000000002;176.17440000000002
KPAH;0.6468313880150597;-1.5493633753902505;121.539;2.4377429050966777;1675.943;42.432;14;;;;533.172;0.0523598775598298;30.48;;119.69;124.968
KPAH;0.6468179174653857;-1.5493949822229922;121.539;0.7603143786542483;1979.676;43.341;5;;;;685.038;0.0523598775598298;;;125.2728;116.1288
KPAM;0.5247806710156537;-1.4935977496404809;4.495;2.350167170153508;3076.096;43.168;14;R;;;;;;295.628;4.2672;5.28
KPAM;0.5248277711261339;-1.4935332720137764;4.495;2.348984011453581;3046.412;43.498;14;L;1218.406;0.0436332312998582;1218.406;0.0436332312998582;;;4.2672;4.2672
KPAO;0.6538159148343513;-2.131305797296556;2.1336;2.4746751192664287;809.31;19.858;13;;99.855;0.0698131700797731;301.6;0.0698131700797731;;67.243;2.1336;2.1336
KPBF;0.5964577408590319;-1.60457910778904;61.2648;3.1380620270459336;1824.515;40.892;18;;607.458;0.0523598775598298;607.458;0.0523598775598298;;;61.8744;60.6552
KPBI;0.4656709393723555;-1.3980327860580637;4.978;1.6199418314713283;976.9;21.668;10;R;183.65;0.0523598775598298;;;;;5.1816;4.2672
KPBI;0.4657424175497086;-1.3979483269209538;4.978;2.361999629817403;2112.106;41.845;14;;;;;;;130.614;5.1816;4.857
KPBI;0.46569822572037;-1.397887961069331;4.978;1.619460120597778;3048.9144;42.535;10;L;;;;;365.76;248.956;4.785;5.548
KPCW;0.7245768819698031;-1.446297114053434;179.22240000000002;3.10473793203883;1217.619;20.846;18;;;;;;;;178.61280000000002;179.52720000000002
KPCW;0.7246086741055017;-1.4463796850509427;179.22240000000002;1.441183289619892;1719.544;28.06;9;;554.972;0.0610865238198015;493.707;0.0698131700797731;;61.2648;179.52720000000002;179.211
KPDK;0.591253316165282;-1.4713218843441351;301.498;0.3561160380991269;1828.533;29.481;3;R;609.467;0.0680678408277788;301.971;0.0523598775598298;;307.496;303.5808;298.821
KPDK;0.5912766526344824;-1.4713647029810366;301.498;2.748644513406809;1210.878;44.274;16;;;;;;;;304.1904;302.0568
KPDK;0.5912086386471411;-1.47137259103532;301.498;0.3563834225405324;1143.87;43.766;3;L;267.135;0.0523598775598298;267.135;0.0523598775598298;;;301.752;297.7896
KPDT;0.7975123597966393;-2.074240491718476;453.8472;2.238968054718744;1701.167;25.312;11;;545.784;0.0523598775598298;406.795;0.0523598775598298;;138.9888;453.2376;456.225
KPDT;0.7975347717016137;-2.07416775153046;453.8472;1.5681163737284594;1915.904;41.075;8;;653.152;0.0523598775598298;653.152;0.0523598775598298;;;452.9328;453.2376
KPDX;0.7956578419542416;-2.139820869972083;7.874;2.078468100304121;3353.389;44.933;10;R;1264.488;0.0523598775598298;1262.0;0.0523598775598298;;;7.010400000000001;7.010400000000001
KPDX;0.7956650044011576;-2.139922751488238;7.874;0.7838508592023853;1829.347;45.6;3;;598.572;0.0523598775598298;763.193;0.0523598775598298;;;6.7056;7.9248
KPDX;0.7956952926570708;-2.139481480779923;7.874;2.0788059960473078;2996.034;45.057;10;L;813.139;0.0523598775598298;918.577;0.0523598775598298;393.352;163.745;9.095;9.469
KPGA;0.6444588625841381;-1.9451314875702224;1299.895;2.96964508461134;1813.408;45.72;15;;840.677;0.0523598775598298;831.453;0.0523598775598298;;;1293.876;1315.8216
KPGA;0.6445427404551309;-1.9451659656235147;1299.895;1.4307770432075562;670.106;23.965;7;;;;;;179.22240000000002;;1293.623;1295.7048
KPGD;0.4699049110256982;-1.4310674268453552;6.654;1.555557682562809;801.225;18.288;9;;;;;;;;5.7912;6.7056
KPGD;0.4697894633825548;-1.4310777257886331;6.654;2.6058626179596573;1733.423;45.72;15;;388.609;0.0523598775598298;561.911;0.0523598775598298;173.302;;5.736;7.010400000000001
KPGD;0.4698221215657563;-1.4309391347814755;6.654;0.5069095882248787;2191.394;44.741;4;;790.897;0.0523598775598298;790.897;0.0523598775598298;;;7.010400000000001;7.62
KPGV;0.6219610316534614;-1.3506037179670018;7.162;1.1629180293251151;1520.237;45.72;8;;455.319;0.0698131700797731;455.319;0.0523598775598298;;;7.315200000000001;7.010400000000001
KPGV;0.6219588782380486;-1.3506092497478988;7.162;0.1311590271371407;2183.568;45.72;2;;704.383;0.0523598775598298;786.984;0.0523598775598298;82.6008;;6.341;7.9248
KPHF;0.6480559791841972;-1.3349981427359636;11.811;1.006788414264071;2440.719;45.235;7;;;;915.559;0.0523598775598298;;;11.2776;11.8872
KPHF;0.6480959226994335;-1.3351232514901026;11.811;0.2223909702998387;1986.454;45.681;2;;688.427;0.0523598775598298;688.427;0.0523598775598298;;;11.2776;12.8016
KPHL;0.6960257066873222;-1.3130452663448309;4.533;2.7772246289740674;1978.464;46.0;17;;700.137;0.0523598775598298;;;;;2.4384;3.9624
KPHL;0.6960383931129057;-1.312860977677992;4.533;4.458025742396588;1522.297;46.0;26;;431.718;0.0549778714378213;;;;;10.9728;2.7432000000000003
KPHL;0.6957656174078455;-1.3134838686905694;4.533;4.458124528032251;3199.348;61.0;27;L;1203.849;0.0523598775598298;1186.288;0.0523598775598298;;;2.47;6.096
KPHL;0.6958969698963468;-1.3131731136816145;4.533;4.458210572764373;2893.147;46.0;27;R;975.908;0.0523598775598298;;;;;3.048;3.9624
KPHX;0.5836529183896358;-1.9549604869455937;341.833;4.713665688732523;3500.577;45.0;26;;1329.66;0.0523598775598298;1072.687;0.0523598775598298;;275.755;345.94800000000004;338.674
KPHX;0.5834819032661696;-1.954947347990685;341.833;4.713384516190027;3136.238;44.705;25;R;1141.121;0.0523598775598298;1157.582;0.0523598775598298;;;345.64320000000004;338.32800000000003
KPHX;0.5834435923675099;-1.9550188632286296;341.833;4.713309292499266;2373.79;45.451;25;L;802.761;0.0523598775598298;778.796;0.0523598775598298;;;343.20480000000003;338.63280000000003
KPIA;0.7096967170997801;-1.5653111642206203;196.138;0.6726135559635881;2426.937;43.112;4;;908.668;0.0523598775598298;908.668;0.0523598775598298;;;195.9864;200.2536
KPIA;0.7097464914245091;-1.565547602991149;196.138;5.351717571623004;3073.255;43.444;31;;;;1078.61;0.0523598775598298;;153.218;195.6816;192.475
KPIB;0.5492054693436857;-1.5592261038048578;90.2208;3.1400106871557854;1982.728;43.411;18;;686.564;0.0523598775598298;686.564;0.0523598775598298;;;90.8304;89.61120000000001
KPIE;0.4871246739665146;-1.4431854911999475;2.514;2.9905173026030143;2959.06;43.918;18;;1174.73;0.0523598775598298;;;;285.098;2.1336;3.145
KPIE;0.4871124088613381;-1.4431799672212804;2.514;1.5369803107381186;1428.259;42.779;9;;409.329;0.0523598775598298;409.329;0.0523598775598298;;;2.514;2.514
KPIE;0.4870556008264839;-1.4430961166580916;2.514;0.6908950421201877;1795.489;46.693;4;;592.945;0.0523598775598298;592.945;0.0523598775598298;;;3.3528;1.524
KPIE;0.4872314494312842;-1.4432311810573992;2.514;2.9912168305672138;1346.212;23.372;18;R;238.814;0.0523598775598298;;;129.492;172.291;2.514;2.514
KPIH;0.7489019034331568;-1.965326412366091;1355.216;3.140848096130892;2175.23;28.037;17;;782.815;0.0523598775598298;782.815;0.0523598775598298;;;1356.0552;1354.5312
KPIH;0.748929774948403;-1.9650458597885212;1355.216;0.7822493799873403;2758.603;42.355;3;;;;;;;;1354.5312;1355.7504
KPIR;0.7745348497311155;-1.7503116284801503;525.4752;2.456490184724049;2098.142;30.48;13;;744.271;0.0523598775598298;744.271;0.0523598775598298;;;527.6088;523.6464
KPIR;0.7747136885404697;-1.7503299247089283;525.4752;1.3457483370549916;2099.193;45.893;7;;744.797;0.0523598775598298;744.797;0.0523598775598298;;;531.5712;519.0744000000001
KPIT;0.7068906646735762;-1.4006671231106806;349.415;1.6046768327675356;3200.482;45.72;10;L;1114.156;0.0523598775598298;1143.252;0.0523598775598298;;;366.6744;357.83520000000004
KPIT;0.7066174559447645;-1.4002994118245058;349.415;1.6048913337326058;3503.776;60.96;10;R;1336.982;0.0523598775598298;1338.605;0.0523598775598298;;;345.94800000000004;341.98560000000003
KPIT;0.7066484112913218;-1.4000128203211049;349.415;2.382530286874463;2468.956;45.72;14;;820.848;0.0523598775598298;826.269;0.0523598775598298;;102.108;349.91040000000004;339.418
KPIT;0.7066735910373022;-1.4002528325128618;349.415;1.6051869925078937;3284.212;45.72;10;C;1190.5488;0.0523598775598298;1169.946;0.0523598775598298;141.732;183.4896;347.894;345.187
KPKB;0.6866611935549048;-1.4213904305100913;253.669;1.6573570480582769;1205.653;45.72;10;;298.026;0.0523598775598298;298.026;0.0523598775598298;;;253.2888;255.4224
KPKB;0.6867201198951378;-1.4213795073884328;253.669;0.3810287107624613;2202.038;45.72;3;;796.219;0.0523598775598298;654.432;0.0523598775598298;;141.788;244.7544;262.33
KPLN;0.7953376618517408;-1.4800018181344083;217.779;2.3538086251048687;1985.217;45.72;14;;;;;;;;218.8464;215.7984
KPLN;0.795392884083397;-1.4799580866366255;217.779;0.7766608008158694;1646.125;45.72;5;;518.263;0.0523598775598298;518.263;0.0523598775598298;;;216.7128;219.7608
KPMD;0.6044370110105189;-2.061114660159668;767.562;1.5037464492533434;3654.888;62.64;7;;;;;;;;774.192;761.6952
KPMD;0.6043570771666679;-2.060814165082842;767.562;0.9017246372955507;3654.406;43.347;4;;;;1522.403;0.0523598775598298;;;775.1064;759.2568
KPNA;0.74695578936398;-1.9165637403517397;2158.745;2.1586178083459053;2700.965;30.48;11;;1045.683;0.0523598775598298;1045.683;0.0523598775598298;;;2162.8608;2154.6312000000003
KPNC;0.641093179624219;-1.6947111993410062;305.257;3.1351869461691235;2189.6832;45.72;17;;790.0416;0.0523598775598298;790.0416;0.0523598775598298;;;302.9712;307.5432
KPNE;0.6995141109190749;-1.3091736048841145;34.899;2.4560156297004325;1520.362;45.463;15;;;;455.381;0.0523598775598298;;;36.576;32.9184
KPNE;0.6995959348530846;-1.309187368017404;34.899;0.842968843612155;2133.064;44.754;6;;761.732;0.0523598775598298;;;;;35.403;34.7472
KPNS;0.5318635117815443;-1.5217204732781355;33.07;2.915650531674092;2131.51;44.444;17;;;;;;;;36.8808;31.3944
KPNS;0.5318599305580862;-1.5216666378928183;33.07;1.3615138961882565;2131.257;44.691;8;;760.828;0.0523598775598298;760.828;0.0523598775598298;;;29.5656;34.4424
KPOB;0.6138479220527383;-1.3790631156208617;62.331;0.7213447543821816;2889.339;43.847;5;;;;;;303.104;301.425;66.4464;58.216800000000006
KPOE;0.5418336144820551;-1.6265010951525685;92.3544;2.801887003969373;1252.079;27.59;16;;258.815;0.0523598775598298;321.239;0.0523598775598298;62.424;;100.73;84.73440000000001
KPOU;0.7265352377374672;-1.2894807847819691;47.091;2.4222206448611407;911.578;29.725;15;;;;;;37.09;43.328;47.5488;49.9872
KPOU;0.7265158043337022;-1.2895350883010714;47.091;0.8853006003420935;1525.414;29.612;6;;457.907;0.0523598775598298;;;;35.052;44.805600000000005;47.301
KPQI;0.8148299568469247;-1.187509215291081;147.447;1.3190598093310455;1829.074;30.48;10;;;;609.737;0.0523598775598298;;;144.1704;144.1704
KPQI;0.8149133373257708;-1.187682892925452;147.447;6.034273430577163;2267.391;45.72;1;;;;828.896;0.0610865238198015;;;138.684;162.7632
KPRB;0.6225989341560896;-2.1052582717182777;248.945;2.5094530735404432;1430.104;28.163;13;;;;410.252;0.0523598775598298;;;246.888;255.7272
KPRB;0.6226176009907811;-2.1054035180274173;248.945;0.4981519972772692;1828.272;43.274;1;;;;609.336;0.0523598775598298;;;248.412;244.7544
KPRC;0.6048321276287121;-1.962093340004221;1521.408;0.7180846538723814;2322.489;44.892;3;R;;;856.445;0.0523598775598298;116.874;;1531.729;1511.1984
KPRC;0.604727815717988;-1.9621504601282655;1521.408;2.385224202574916;1342.683;22.86;12;;;;366.542;0.0523598775598298;45.72;;1528.564;1537.716
KPRC;0.6049572597895403;-1.9620144282524683;1521.408;0.7180251730514734;1475.977;18.288;3;L;186.0;0.0523598775598298;433.189;0.0523598775598298;247.1928;;1516.817;1505.1024
KPSC;0.8074747207346746;-2.078962440178012;122.783;0.7969036181726902;1348.774;22.86;3;R;;;;;;;122.8344;123.1392
KPSC;0.8074924571534677;-2.078989826004456;122.783;2.3722023010257867;2347.797;45.72;12;;869.099;0.0523598775598298;808.139;0.0523598775598298;;60.96;120.7008;122.578
KPSC;0.8074479434821517;-2.0790812213238183;122.783;0.7963298586343895;2346.912;42.814;3;L;868.656;0.0523598775598298;685.776;0.0523598775598298;;182.88;124.968;122.325
KPSM;0.751852316615423;-1.2360993722032958;27.584;2.603287908247115;3447.693;41.428;16;;1095.96;0.0523598775598298;1355.384;0.0523598775598298;244.636;;29.8704;25.6032
KPSP;0.5904390676657065;-2.033441563418397;130.4544;2.5049129485572306;3051.628;45.72;13;R;231.61;0.0523598775598298;784.843;0.0523598775598298;914.4;457.2000000000001;145.111;119.621
KPSP;0.5904396996463167;-2.0333924561843126;130.4544;2.507013626844931;1509.188;22.86;13;L;514.854;0.0523598775598298;565.665;0.0523598775598298;;;136.8552;124.0536
KPUB;0.6682439912045022;-1.8237261398073208;1425.092;1.5409019783008877;3188.132;41.918;8;R;;;;;;;1423.1112;1417.0152
KPUB;0.6683352655893037;-1.8239331719738991;1425.092;3.112733808940992;2520.256;44.56;17;;;;;;;;1441.3992;1416.7104000000002
KPUB;0.6682915067837166;-1.823904740648668;1425.092;1.5408515382855046;1420.99;21.449;8;L;;;;;;;1426.7688;1425.5496
KPUW;0.8158342325533248;-2.0439492397491037;780.135;1.2222511081119007;2056.164;29.129;6;;634.585;0.0610865238198015;479.137;0.0698131700797731;88.69680000000001;244.1448;780.135;780.135
KPVD;0.7282409358494972;-1.246606065453052;14.0208;2.4729306626790604;1852.0;41.667;16;;448.266;0.0523598775598298;621.67;0.0523598775598298;173.404;;17.115;10.0584
KPVD;0.7281889027792539;-1.2466534171854418;14.0208;0.5594904244680111;2182.745;43.236;5;;;;786.573;0.0523598775598298;;;16.154400000000003;13.4112
KPVU;0.701928428993685;-1.9499309979957629;1369.847;3.346618226150819;2018.049;48.82;18;;704.225;0.0523598775598298;704.225;0.0523598775598298;;;1369.7712;1369.4664
KPVU;0.7019792975811373;-1.9499479678454823;1369.847;2.5480463175593178;2620.724;42.705;13;;1005.562;0.0523598775598298;1005.562;0.0523598775598298;;;1370.6856;1369.4664
KPWK;0.7350794575928056;-1.5342102514627678;195.9864;2.7694278941395583;1523.766;45.641;16;;;;;;;;195.9864;196.2912
KPWK;0.7350028123887966;-1.5341441509722742;195.9864;2.0603309877832467;1345.878;21.865;12;;;;235.815;0.0523598775598298;89.962;132.324;196.364;195.27
KPWK;0.735006177100379;-1.5341510871545274;195.9864;1.1045103241077372;1122.519;13.178;6;;;;;;123.146;389.105;197.648;193.286
KPWM;0.7617482435176425;-1.227185270091353;16.154400000000003;1.6638927126950498;2191.302;40.966;11;;;;830.839;0.0523598775598298;;;23.1648;12.8016
KPWM;0.761774406344572;-1.2270360914584164;16.154400000000003;2.849291019118165;1852.0;43.236;18;;516.246;0.0575958653158128;493.306;0.0523598775598298;137.16;156.052;14.684;13.962
KPWT;0.8288615180491988;-2.142651011782659;135.0264;0.5719630709015382;1825.719;48.727;2;;644.0;0.0523598775598298;597.0;0.0523598775598298;;;135.3312;134.7216
KRAL;0.5925610478947004;-2.0498636732023297;236.601;3.1162731621311117;867.494;14.53;16;;;;128.947;0.0523598775598298;;;236.22;228.9048
KRAL;0.5925779826343861;-2.049772332498575;236.601;1.7999022070456885;1648.325;30.132;9;;;;519.363;0.0523598775598298;;;231.648;249.6312
KRAP;0.7687009372395291;-1.79868729429414;968.578;2.651524619982033;2648.86;45.72;14;;1019.63;0.0523598775598298;1019.63;0.0523598775598298;;;972.6168;957.9864
KRAP;0.7688211774023004;-1.798697554226269;968.578;1.077675712325399;1086.438;20.589;5;;238.419;0.0523598775598298;238.419;0.0523598775598298;;;967.1304;976.5792
KRBL;0.700755560756158;-2.133703344478305;105.308;2.934063755282632;1651.644;30.48;15;;521.022;0.0523598775598298;521.022;0.0523598775598298;;;105.7656;104.8512
KRCA;0.7704774288832511;-1.799496697609037;983.742;2.4121911103145552;4111.892;43.906;13;;1751.146;0.0523598775598298;1751.146;0.0523598775598298;;;998.5248;968.9592
KRDD;0.707045575994826;-2.134448426211093;151.409;3.1425415891041024;2134.105;46.063;16;;762.253;0.0523598775598298;762.253;0.0523598775598298;;;153.924;149.352
KRDD;0.7069733253967271;-2.1343866715625737;151.409;2.4467350159358774;1543.857;45.72;12;;467.129;0.0523598775598298;467.129;0.0523598775598298;;;152.4;149.9616
KRDG;0.7047253586627467;-1.3257773973901468;99.441;3.005514218733701;1568.432;42.246;18;;479.416;0.0523598775598298;;;;;88.39200000000001;104.2416
KRDG;0.7047468167451333;-1.3258986674472455;99.441;2.118778399241108;1934.561;42.448;13;;662.481;0.0523598775598298;;;;;104.5464;100.584
KRDM;0.7723757464929419;-2.114464216234247;933.9072;2.130025475473884;2143.204;29.264;11;;766.802;0.0523598775598298;;;;;928.7256;939.0888
KRDM;0.772383681360604;-2.11447020054447;933.9072;1.0522840515021474;2141.329;45.699;5;;765.865;0.0523598775598298;;;;;936.9552;930.8592
KRDR;0.8370822340521603;-1.6999648697584198;275.386;3.1416474569283057;3764.693;45.72;17;;1577.547;0.0453785605518525;1577.547;0.0453785605518525;;;273.1008;277.6728
KRDU;0.6260829262269152;-1.375116630776784;125.069;0.7850550316665061;2285.475;41.819;5;R;914.4;0.0523598775598298;868.6800000000001;0.0523598775598298;;;121.3104;131.3688
KRDU;0.6260769107077733;-1.3749430623736305;125.069;2.361278983369255;1083.234;26.703;14;;;;269.748;0.0610865238198015;;;131.6736;129.54000000000002
KRDU;0.6262963718263527;-1.3751450308930964;125.069;0.7854856043929732;3045.95;40.04;5;L;1295.4;0.0523598775598298;1295.4;0.0523598775598298;;;111.8616;124.6632
KRFD;0.736458556317803;-1.5551433686225498;222.732;1.139160764626601;3048.13;45.245;7;;1219.265;0.0523598775598298;;;;;226.1616;224.3328
KRFD;0.7364363609247044;-1.554913749000828;222.732;0.0945487180039689;2493.029;45.065;1;;;;;;;;216.1032;224.3328
KRHI;0.796417055475675;-1.5613349840900912;489.966;2.5734892037961155;1585.217;30.48;15;;487.809;0.0654498469497873;487.809;0.0523598775598298;;;486.7656;491.0328
KRHI;0.7964040940214927;-1.5616042468412037;489.966;1.5403457418682769;2070.214;45.72;9;;730.307;0.0523598775598298;730.307;0.0523598775598298;;;494.6904;487.3752
KRHP;0.6142727534629575;-1.4636870280207712;514.959;1.2421274412323875;1669.026;28.77;8;;464.181;0.0523598775598298;;;65.532;;512.488;517.2456000000001
KRIC;0.6545035389966576;-1.3494553077692026;49.6824;1.001633863570986;1621.07;30.48;7;;;;;;;;49.6824;49.6824
KRIC;0.6546069204914834;-1.3494053578943042;49.6824;2.575671738025734;2743.933;45.72;16;;608.735;0.0523598775598298;;;458.431;;50.9016;49.0728
KRIC;0.654632808289814;-1.3496108686260797;49.6824;0.2338325634777502;2012.89;45.72;2;;701.645;0.0523598775598298;;;;;48.4632;50.292
KRIL;0.6898694197161163;-1.8802080570620787;1677.466;1.5432634087788355;2133.099;28.83;8;;761.75;0.0523598775598298;761.75;0.0610865238198015;;;1667.256;1687.6776
KRIV;0.5913300198860141;-2.046563556280166;461.01;2.608396836033553;4053.35;59.853;14;;1721.875;0.0523598775598298;1721.875;0.0523598775598298;;;468.17280000000005;453.5424
KRIV;0.5914447887351687;-2.046522563365027;461.01;2.356090119503076;929.834;28.805;12;;;;;;;;462.9912000000001;459.3336000000001
KRIW;0.7516253478012607;-1.8929605519270576;1668.932;1.9961355089668675;2496.47;45.72;10;;943.435;0.0493928178314395;943.435;0.0523598775598298;;;1681.2768;1659.0264000000002
KRIW;0.7515929295366242;-1.893020808547464;1668.932;0.4226206922356496;1462.014;22.86;1;;;;;;;;1665.1224;1670.304
KRKD;0.7689758195466234;-1.2060133812943454;15.697;1.9381032240715932;1526.236;30.48;13;;;;;;;;13.802;16.764
KRKD;0.7690160614971479;-1.2060047676326948;15.697;0.2348477342371726;1210.323;30.48;3;;;;;;;;15.24;16.764
KRKS;0.7259615573385187;-1.903533626547579;2055.799;1.8018681459151349;3043.505;41.732;9;;1216.953;0.0523598775598298;1216.953;0.0523598775598298;;;2051.9136000000003;2061.972
KRKS;0.7259450322158953;-1.9035725908829808;2055.799;0.7853782666439756;1589.359;22.86;3;;489.879;0.0523598775598298;;;;;2052.5232;2056.7904000000003
KRME;0.7545728351473682;-1.3161006741329246;152.7048;2.341736182668824;3599.9928;59.043;15;;1495.197;0.0523598775598298;1495.197;0.0523598775598298;;;153.6192;151.7904
KRMG;0.5995302784425551;-1.4863003319518382;192.481;1.217281457599772;1369.716;30.48;7;;;;;;35.052;;196.435;190.8048
KRMG;0.5995386931473471;-1.4862975153468962;192.481;0.0858268103129164;1829.081;45.72;1;;609.741;0.0523598775598298;609.741;0.0610865238198015;;;192.6336;190.1952
KRND;0.5153085456293254;-1.71542578384755;225.018;2.6207649372448856;2545.206;43.632;15;R;967.803;0.0523598775598298;967.803;0.0523598775598298;;;231.9528;221.5896
KRND;0.515444702340799;-1.7151246723945728;225.018;2.620732648653724;2550.849;42.963;15;L;;;;;;;226.1616;220.3704
KRNH;0.7880161255203647;-1.6151246483407522;303.047;2.4982162947502533;1675.443;22.145;14;;532.922;0.0523598775598298;532.922;0.0523598775598298;;;304.1904;303.5808
KRNH;0.7878724669649807;-1.6150854499384573;303.047;3.909038360301228;649.041;22.86;22;;;;;;;;302.6664;301.752
KROA;0.6513949843700229;-1.3958414205998486;351.73920000000004;2.5827815112666586;1768.658;42.545;16;;;;579.529;0.0523598775598298;;;355.39680000000004;348.38640000000004
KROA;0.6515014321411426;-1.395827985160209;351.73920000000004;4.0072712501900005;2071.167;41.767;24;;;;730.783;0.0523598775598298;243.865;;352.164;351.12960000000004
KROC;0.7525615510035961;-1.355525138232481;165.76;1.112143347058409;1215.853;30.18;7;;;;394.751;0.0523598775598298;;;166.116;163.3728
KROC;0.7526408996802156;-1.355521276128752;165.76;1.5294561090663084;1951.521;44.921;10;;578.876;0.0523598775598298;476.82;0.0523598775598298;91.44;184.404;169.395;164.432
KROC;0.7525204137472071;-1.3557691373636436;165.76;3.692567442104399;2432.288;44.744;22;;798.121;0.0523598775598298;;;;515.093;170.38320000000002;160.6296
KROW;0.5812190674328316;-1.8245539953955916;1114.424;3.1440685776666726;3046.432;30.48;17;;1218.416;0.0523598775598298;1218.416;0.0523598775598298;;;1116.4824;1118.9208
KROW;0.581171721552114;-1.824250402833552;1114.424;0.7850919628334784;3957.918;45.72;3;;1674.159;0.0523598775598298;;;;;1117.7016;1104.5952
KRSL;0.6784225246212746;-1.724574374172582;566.775;3.032585497162609;1520.761;20.748;17;;;;;;;;566.928;567.8424
KRST;0.766405952318481;-1.6144189132526243;393.877;2.307659501688261;2754.7824;44.82;13;;1072.5912;0.0523598775598298;1072.5912;0.0523598775598298;;;386.4864;397.4592
KRST;0.7662676187849056;-1.6144428114823672;393.877;3.6023517221346624;2220.04;45.556;20;;;;805.22;0.0523598775598298;;;390.7536;400.812
KRSW;0.4631437776487831;-1.4268969087760612;8.686;0.9415683922701864;3651.684;44.376;6;;1521.042;0.0523598775598298;1521.042;0.0575958653158128;;;8.2296;9.144
KRVS;0.6290105588488509;-1.675228329439368;190.398;0.2324737548419025;1281.2;29.014;1;R;;;;;;43.281600000000005;188.6712;192.141
KRVS;0.6289995225948609;-1.675234212320604;190.398;2.3264996328318386;805.038;15.24;13;;97.719;0.0698131700797731;97.719;0.0523598775598298;;;190.1952;187.452
KRVS;0.6290138533403655;-1.6752698451039003;190.398;0.2316121206967779;1540.551;28.202;1;L;;;;;;;189.5856;194.4624
KRWF;0.777500828361745;-1.6595015621735285;310.819;5.370845856626087;1270.9;30.48;30;;330.65;0.0523598775598298;267.771;0.0523598775598298;;62.879;311.8104;310.2864
KRWF;0.7774721083540127;-1.6594951565428988;310.819;0.9306334681741288;638.8608;68.066;5;;;;;;;;310.159;310.964
KRWI;0.6258091089241826;-1.3594705697755418;46.9392;0.5790273434088627;2158.982;41.851;4;;774.691;0.0523598775598298;774.691;0.0523598775598298;;;48.1584;45.72
KRWL;0.7296470458939103;-1.8710138783085808;2063.8008;5.150767691931236;1313.926;16.705;29;;;;;;;;2056.4856;2065.3248000000003
KRWL;0.7296475608410741;-1.870989059415727;2063.8008;0.9421178742785916;2134.217;30.257;4;;762.308;0.0523598775598298;762.308;0.0523598775598298;;;2055.5712000000003;2077.8216
KRYY;0.5936417113315274;-1.476497251583716;308.7624;1.5484328994903176;1923.766;30.48;9;;;;;;327.871;;315.19;304.1904
KSAC;0.6722074458982991;-2.1204011903292392;6.629;2.325500780900922;1205.818;30.48;12;;;;258.59;0.0610865238198015;;39.52;7.010400000000001;7.010400000000001
KSAC;0.6721648457238307;-2.1204694052239965;6.629;3.134972794269904;1227.272;45.72;16;;;;;;142.787;19.583;6.629;6.629
KSAC;0.6721545818905866;-2.1204951369777323;6.629;0.5763488738722896;1698.437;43.942;2;;;;;;;23.983;5.1816;7.315200000000001
KSAF;0.6216402956420904;-1.8516467388809144;1919.833;1.9508555595177528;1919.776;21.323;10;;;;;;;;1914.4488;1919.6304
KSAF;0.6216163564506414;-1.851604591235772;1919.833;2.910344032616328;1924.578;30.48;15;;657.489;0.0523598775598298;657.489;0.0523598775598298;;;1926.0312;1912.0104
KSAF;0.621647060175289;-1.8515865056671976;1919.833;0.6105511138392414;2548.671;44.036;2;;969.536;0.0523598775598298;969.536;0.0523598775598298;;;1912.0104;1934.8704
KSAN;0.57130856401487;-2.045345831073213;4.724;1.8510361653389171;2864.268;58.82;9;;727.793;0.0541052068118242;550.875;0.0523598775598298;216.224;551.012;4.923;4.488
KSAT;0.515487630208917;-1.7186470280291095;239.014;2.2999142540666857;1681.964;29.548;13;L;576.6816;0.0523598775598298;543.815;0.0523598775598298;;;242.9256;237.4392
KSAT;0.5154828142826;-1.7187226550421353;239.014;2.299652105613036;2590.47;44.547;13;R;841.898;0.0523598775598298;886.0;0.0523598775598298;;;246.5832;237.4392
KSAT;0.515432320202176;-1.7184716729153413;239.014;0.708791997335988;2592.665;44.525;4;;814.617;0.0523598775598298;861.523;0.0523598775598298;;;239.5728;230.124
KSAV;0.5607501868446519;-1.417271906499892;10.21;1.581565357345552;2846.632;45.72;10;;1118.516;0.0523598775598298;1118.516;0.0523598775598298;;;5.1816;14.0208
KSAV;0.560707943622195;-1.4172085836031916;10.21;6.276975949299766;2130.663;45.72;1;;760.532;0.0523598775598298;760.532;0.0523598775598298;;;8.8392;12.8016
KSAW;0.809023605731952;-1.525336869187922;363.3216000000001;0.1558970063049845;3768.435;42.44;1;;1579.417;0.0523598775598298;1579.417;0.0523598775598298;;;359.35920000000004;367.284
KSBA;0.6008332995757585;-2.0915792776742217;3.403;2.8919555926831664;1273.575;22.86;15;L;;;;;65.916;;3.3528;3.3528
KSBA;0.6008291097783794;-2.091599618087196;3.403;2.892144960907008;1275.823;28.565;15;R;;;;;;;3.3528;3.3528
KSBA;0.6008768594244867;-2.0916830317255184;3.403;1.54531085452435;1852.0;45.72;7;;;;636.431;0.0523598775598298;;;3.3528;3.6576
KSBD;0.5950763014651077;-2.0461348549639875;341.833;1.228078937017235;3045.811;60.166;6;;1218.105;0.0523598775598298;1218.105;0.0523598775598298;;;330.4032;353.26320000000004
KSBN;0.7280480530265819;-1.5065840617267907;237.947;1.549401906291025;1310.465;22.913;9;L;350.432;0.0523598775598298;350.432;0.0523598775598298;;;240.1824;237.744
KSBN;0.7278822458914779;-1.5064637981573303;237.947;1.550215927854155;2562.08;44.599;9;R;;;;;;;240.792;234.3912
KSBN;0.727959780549679;-1.5065528059943878;237.947;3.1196486289044687;2161.784;45.31;18;;;;;;;;243.2304;231.3432
KSBP;0.6150091922757329;-2.1055861604237776;55.702;2.179486710212002;1852.0;45.72;11;;381.785;0.0523598775598298;473.225;0.0575958653158128;243.84;152.4;48.971;66.017
KSBP;0.6149995428680821;-2.1056717274775125;55.702;1.5656974346516577;758.513;30.48;7;;;;;;;;49.3776;57.607200000000006
KSBY;0.6691727335246334;-1.3178586179259588;14.630400000000002;2.2147559746704526;1950.674;30.48;14;;670.537;0.0523598775598298;;;;;14.0208;16.154400000000003
KSBY;0.6691494614238284;-1.317927925132882;14.630400000000002;0.6358983211264447;1524.189;30.48;5;;457.295;0.0523598775598298;457.295;0.0523598775598298;;;13.4112;14.9352
KSCK;0.6614084889241093;-2.1160929785092097;8.458;2.2287399889697443;1354.148;20.836;11;R;;;;;;;7.9248;7.9248
KSCK;0.6613651221805675;-2.1159723014215723;8.458;2.2287034243219157;3248.217;44.353;11;L;1012.884;0.0523598775598298;1013.44;0.0523598775598298;306.424;305.869;8.053;9.859
KSDF;0.6662957646816189;-1.496226515901052;145.948;2.879121314028626;2615.525;45.72;17;L;979.6272;0.0523598775598298;942.7464;0.0523598775598298;102.167;139.541;152.454;143.07
KSDF;0.6662132678052928;-1.4965076146347045;145.948;2.887899098435681;3623.791;44.246;17;R;1296.924;0.0523598775598298;1296.924;0.0523598775598298;259.71;316.992;148.447;139.752
KSDF;0.666308187781948;-1.4963683994491663;145.948;1.9403251154758447;2209.089;45.72;11;;;;;;;;145.3896;146.304
KSDM;0.5684740549061882;-2.0416724788862077;157.124;1.6687766675409057;970.517;22.86;8;R;;;;;;;158.8008;154.5336
KSDM;0.5685013236991857;-2.041695706124192;157.124;1.6689831399914166;2428.793;45.72;8;L;;;;;;;160.3248;154.8384
KSDY;0.8326929824222119;-1.8184070867045523;602.818;2.0438942448328348;1224.522;30.48;11;;;;307.461;0.0698131700797731;;;603.8088;599.2368
KSDY;0.8326058334663938;-1.818571034958417;602.818;0.4125002783949128;1737.262;30.48;1;;563.831;0.0523598775598298;563.831;0.0523598775598298;;;604.4184;603.8088
KSEA;0.82817436787235;-2.134731584733401;118.973;3.1476122941799214;2870.716;45.72;16;C;992.649;0.0523598775598298;1072.152;0.0523598775598298;;;130.7592;110.6424
KSEA;0.8281148856232471;-2.1346758378017943;118.973;3.147677744026871;3624.196;45.72;16;L;1352.402;0.0523598775598298;1376.93;0.047996554429844;;;131.6736;105.7656
KSEA;0.8281969553274939;-2.134851473795833;118.973;3.147559410703586;2588.732;45.72;16;R;854.641;0.0523598775598298;915.0;0.0523598775598298;;;126.492;108.5088
KSFB;0.5023364414034013;-1.4178844049424346;12.954;1.5685411868683947;3355.256;45.72;9;L;1068.028;0.0523598775598298;1372.828;0.0523598775598298;304.8;;17.495;9.4488
KSFB;0.5021304566861682;-1.4176608632576928;12.954;1.569214534893814;2025.949;22.86;9;R;;;;;502.0056;;12.654;7.315200000000001
KSFB;0.5022190510050486;-1.4178141926768597;12.954;3.1395380519943457;1829.656;45.72;18;;;;;;;;14.630400000000002;13.1064
KSFB;0.5022788960578352;-1.4179035672187157;12.954;1.5689909582166337;1090.652;22.86;9;C;240.526;0.0698131700797731;240.526;0.0523598775598298;;;15.8496;14.630400000000002
KSFF;0.8322283830469259;-2.047616592021426;594.893;0.944605177902194;806.0;22.86;4;R;;;;;;;594.36;595.5792
KSFF;0.8322220339824619;-2.047690151443567;594.893;0.944445201022956;1373.899;43.704;4;L;382.149;0.0523598775598298;382.149;0.0628318530717958;;;593.1408;596.4936
KSFO;0.6565437011433143;-2.135877927340315;3.048;0.484512231719641;2328.703;50.0;1;L;;;807.0;0.0523598775598298;207.774;;3.076;2.7432000000000003
KSFO;0.6565374398539351;-2.1358309813238723;3.048;0.4838933030602987;2633.23;59.77;1;R;;;917.0;0.0523598775598298;183.317;;3.3528;3.3528
KSFO;0.6566126396948817;-2.13585090041644;3.048;2.057686813966475;3613.289;60.96;10;L;1337.0;0.0523598775598298;1298.0;0.0523598775598298;;92.669;1.8288;4.018
KSFO;0.656575364542222;-2.135859358033496;3.048;2.057982647274688;3469.279;60.96;10;R;1339.0;0.0575958653158128;1226.0;0.0497418836818383;;94.198;2.1336;4.012
KSGF;0.6500761988315974;-1.629998366618439;385.114;2.4766091186105634;2434.452;44.86;14;;990.6;0.0523598775598298;990.6;0.0523598775598298;;;384.048;386.4864
KSGF;0.6500405855538757;-1.6298718612651737;385.114;0.3788294039187307;2129.927;45.083;2;;793.6992;0.0523598775598298;793.6992;0.0523598775598298;;;385.2672;384.6576
KSGH;0.6952873134159929;-1.4633377065901316;317.83;2.5176828245623724;1668.593;30.48;15;;;;529.497;0.0523598775598298;;;317.6016;317.2968
KSGH;0.6953795299200376;-1.4632562435092482;317.83;0.9436713569392068;2737.278;45.72;6;;1063.839;0.0523598775598298;1063.839;0.0488692190558412;;;320.3448;316.0776
KSGJ;0.5228262885334929;-1.419607574197446;2.387;1.078053471388701;823.987;21.95;6;;107.193;0.0523598775598298;;;;;3.048;1.8288
KSGJ;0.5229166266507238;-1.419660254852759;2.387;2.207005141995271;2437.015;43.761;13;;591.229;0.0523598775598298;669.616;0.0523598775598298;322.4784;244.092;3.258;1.669
KSGJ;0.5228597718024911;-1.4196446972066254;2.387;0.3664863830887492;835.917;21.759;2;;;;;;40.264;;2.7432000000000003;1.8288
KSGR;0.5170058875532867;-1.6695216381556268;23.622;3.0597272868932985;2438.524;27.047;17;;797.829;0.0523598775598298;;;116.633;609.191;24.833;21.804
KSGU;0.6464072353988293;-1.9811285881825231;871.1184000000001;0.3997388497833507;2824.823;45.72;1;;1107.611;0.0523598775598298;;;;;863.1936000000001;879.0432000000001
KSHD;0.6678297630245215;-1.3770023906976827;361.95;0.6641094217299531;1827.248;45.72;5;;608.824;0.0523598775598298;608.824;0.0523598775598298;;;357.83520000000004;366.0648
KSHR;0.7813244514938532;-1.867176398416426;1215.313;2.729460726933514;2527.96;29.609;15;;959.18;0.0523598775598298;;;;;1223.4672;1211.5800000000002
KSHR;0.7814442878912344;-1.86712764228268;1215.313;1.1856381146623394;1531.145;21.172;6;;;;;;;;1225.6008000000002;1200.6072
KSJC;0.6521182861784462;-2.1280401272187657;14.3256;2.424665153011484;3351.704;45.72;12;L;872.7;0.0523598775598298;472.196;0.0523598775598298;398.3736;775.832;10.635;18.601
KSJC;0.652096260483845;-2.128071905700562;14.3256;2.425017534987462;3353.705;41.841;12;R;867.881;0.0523598775598298;474.201;0.0523598775598298;397.309;775.566;10.534;19.424
KSJT;0.5473428293801119;-1.7539702344529169;580.491;1.7023440614457368;1343.662;22.6;9;;;;;;;;579.7296;578.5104
KSJT;0.5472968235323551;-1.754041663866334;580.491;3.2685904894136093;2453.156;45.72;18;;648.291;0.0523598775598298;921.778;0.0523598775598298;273.487;;578.046;584.9112
KSJT;0.5472591738726672;-1.7539405781776145;580.491;0.7508546068419766;1810.099;44.297;3;;;;;;;;583.9968;576.9864
KSKA;0.8310394870789225;-2.05348122384212;743.254;1.1632556632689135;4233.636;45.051;5;;1812.018;0.0523598775598298;1812.018;0.0523598775598298;;;750.4176;736.092
KSKF;0.5128517151553318;-1.7205651047856576;205.74;2.831728992585822;3523.022;43.676;16;;1456.711;0.0523598775598298;;;;;210.312;201.168
KSKX;0.636127163764011;-1.8443559296808756;2150.287;2.400244157051729;2617.129;30.48;13;;1003.764;0.0523598775598298;1003.764;0.0610865238198015;;;2147.9256;2141.2200000000003
KSKX;0.6363195316397623;-1.844324502299418;2150.287;0.9776504391079986;1676.191;22.86;4;;533.296;0.0523598775598298;533.296;0.0610865238198015;;;2149.4496;2162.556
KSLC;0.7119382586975566;-1.954333195475434;1288.0;3.054055141357242;3655.746;43.299;16;L;1422.173;0.0523598775598298;1407.823;0.0523598775598298;;;1288.9992;1287.4752
KSLC;0.7119440928148566;-1.95472327575432;1288.0;3.053986898983489;3654.964;43.765;16;R;1408.181;0.0523598775598298;1423.167;0.0523598775598298;;;1287.1704;1288.9992
KSLC;0.711845808126619;-1.9541068918013589;1288.0;3.141342373375057;2922.948;41.985;17;;1047.927;0.0523598775598298;924.776;0.0523598775598298;;99.988;1286.8656;1288.442
KSLC;0.7117305769953514;-1.9541900401638697;1288.0;2.6706490652607617;1635.239;43.0;14;;561.22;0.0523598775598298;417.167;0.0523598775598298;;146.886;1287.78;1288.3896
KSLE;0.783810944094822;-2.146815256859229;62.102;3.154957686869865;1567.581;30.48;16;;479.0;0.0523598775598298;479.0;0.0698131700797731;;;59.7408;64.31280000000001
KSLE;0.7838268021268012;-2.14678421178703;62.102;2.6210869504918786;1770.833;44.521;13;;580.617;0.0523598775598298;;;;;59.436;64.92240000000001
KSLI;0.5897483772271059;-2.0603513602204;7.9248;4.099649607635882;2440.89;59.502;22;L;944.88;0.0523598775598298;944.88;0.0523598775598298;;;10.9728;6.4008
KSLI;0.5897460072998175;-2.060432940334729;7.9248;4.099560770376956;1798.754;45.228;22;R;;;;;;;8.2296;6.096
KSLN;0.6769707364227545;-1.7044631360930778;385.419;2.313357129031396;1982.301;30.48;12;;686.351;0.0523598775598298;686.351;0.0523598775598298;;;383.4384;387.7056
KSLN;0.6770747147881565;-1.7042427465091572;385.419;3.1396762820711035;3748.805;45.72;17;;1569.603;0.0523598775598298;;;;;379.7808;387.4008
KSLN;0.6769813689113546;-1.7045141626756826;385.419;3.139858668977937;1366.183;22.86;18;;;;;;56.625;;382.2192;392.5824
KSLN;0.6770057996432783;-1.704335850516837;385.419;0.8510625113123058;1161.359;22.86;4;;;;;;14.273;38.754;387.4008;382.8288
KSME;0.6467073384136101;-1.4768200844443338;279.8064;0.7465969633981989;1768.229;28.793;5;;419.108;0.0523598775598298;487.875;0.0523598775598298;160.207;91.44;278.336;281.172
KSMF;0.6753645694051654;-2.1223429000397185;7.391;3.155269402674272;2619.941;45.72;17;R;;;1005.17;0.0523598775598298;;;7.62;7.010400000000001
KSMF;0.6753608418898995;-2.121976078207736;7.391;3.154666042351857;2621.496;45.72;17;L;1005.948;0.0523598775598298;1005.948;0.0523598775598298;;;8.2296;6.7056
KSMN;0.7875500749303441;-1.9876062177884632;1231.392;3.277674579104389;1678.5336;22.86;17;;534.467;0.0610865238198015;;;;;1230.1728;1232.6112
KSMO;0.5936881736097249;-2.067365541364437;45.262;0.7754386689137455;1516.0;44.467;3;;624.814;0.0593411945678072;526.248;0.0610865238198015;;;38.7096;51.816
KSMX;0.6091275184346947;-2.1023362898612428;69.646;2.3666868860565597;2440.407;45.72;12;;;;915.403;0.0610865238198015;;;66.1416;79.5528
KSMX;0.6091052820798898;-2.1024735778960317;69.646;0.6266950254477535;1581.459;22.86;2;;;;;;;;64.00800000000001;68.8848
KSNA;0.5877833856630342;-2.0571470780863303;14.401;0.4852221269395971;878.147;22.86;2;R;;;293.774;0.0523598775598298;;;15.8496;12.192
KSNA;0.5877348284861472;-2.0572104087852607;14.401;0.4852691984695234;1733.663;45.72;2;L;426.428;0.0523598775598298;503.037;0.0523598775598298;;;17.0688;12.4968
KSNS;0.6398715025878953;-2.122466791646016;24.46;1.6904986863453766;1830.0;43.868;8;;489.499;0.0523598775598298;610.2;0.0523598775598298;120.7008;;21.361;25.6032
KSNS;0.6398900055757618;-2.1224186908995697;24.46;2.5819067522455588;1471.221;44.593;13;;430.811;0.0523598775598298;;;;;25.6032;24.9936
KSNY;0.7173531270828452;-1.7974331248719972;1308.963;2.356934858861041;2008.463;30.48;13;;699.431;0.0523598775598298;699.431;0.0523598775598298;;;1314.9072;1305.1536
KSNY;0.7172889400891992;-1.7974200639393854;1308.963;0.6291788035062666;1447.344;22.86;3;;;;;;;;1310.0304;1305.7632
KSOA;0.5338213760087338;-1.756648973995076;651.814;3.31473699483634;1229.325;14.143;18;;281.516;0.0523598775598298;126.678;0.0523598775598298;28.346400000000003;183.1848;651.976;651.608
KSOW;0.5980576582905863;-1.919989558997504;1951.786;1.326828618897523;2192.698;26.699;7;;578.189;0.0523598775598298;791.549;0.0523598775598298;213.36;;1950.72;1950.72
KSOW;0.59802299298378;-1.91990841580804;1951.786;0.8331547001485582;1197.432;18.288;4;;;;;;;;1954.6824;1951.0248
KSPI;0.6953922982690335;-1.565205709283237;179.476;3.163265454109358;1615.399;45.069;18;;;;;;;;179.83200000000002;178.61280000000002
KSPI;0.6954283679771959;-1.565158716453416;179.476;3.8661357238262544;2436.589;44.711;22;;913.495;0.0523598775598298;913.495;0.0523598775598298;;;182.2704;179.22240000000002
KSPI;0.6954105086732842;-1.565179251922134;179.476;2.211439849091664;2252.102;45.203;13;;821.251;0.0523598775598298;821.251;0.0523598775598298;;;179.22240000000002;177.69840000000002
KSPS;0.5934734347907055;-1.7189677074743146;305.7144;2.763996080441501;1827.52;46.297;15;L;;;;;;;310.5912;304.8
KSPS;0.5931864336702425;-1.7190008591485482;305.7144;2.764144782493771;3991.548;45.36;15;R;;;1690.974;0.0523598775598298;;;304.1904;304.8
KSPS;0.5929372870179987;-1.719077757925024;305.7144;3.149561303355624;2133.807;45.265;18;;;;;;;;305.1048;309.0672
KSPS;0.5932989028121766;-1.7189927448296018;305.7144;2.7636648169494724;3046.588;43.809;15;C;1218.494;0.0523598775598298;1218.494;0.0523598775598298;;;305.7144;301.4472
KSQL;0.6547054743566473;-2.133657077255852;1.524;2.409525818013835;796.116;22.944;12;;93.258;0.0523598775598298;93.258;0.0523598775598298;;;1.524;1.524
KSRQ;0.4781414148405712;-1.4408596855208056;7.315200000000001;2.348264935801759;2894.948;45.72;14;;;;;;411.48;353.065;6.775;8.43
KSRQ;0.4781400338459044;-1.440819839533441;7.315200000000001;0.6618564285584313;1523.32;45.72;4;;456.86;0.0523598775598298;;;;;6.7056;7.315200000000001
KSRR;0.5839640166967005;-1.8417489160368643;2061.895;2.313558365494151;1962.453;21.173;12;;;;;;46.315;;2064.4104;2048.5608
KSRR;0.5840376951028448;-1.84192883545504;2061.895;1.245637996489849;2470.703;27.954;6;;930.5544;0.0436332312998582;930.5544;0.0523598775598298;;;2076.9072;2057.7048
KSSC;0.5929296973990035;-1.4044420915380298;72.085;0.605068825219217;2441.464;44.265;4;R;915.932;0.0488692190558412;915.932;0.0488692190558412;;;71.9328;71.3232
KSSC;0.5929409443131969;-1.4045027148632347;72.085;0.6048813070443827;3055.492;43.61;4;L;1222.946;0.0488692190558412;1222.946;0.04921828490624;;;72.2376;72.8472
KSSF;0.5120255409475742;-1.7185969533185348;172.974;2.538798341451776;1257.66;29.478;14;;;;207.753;0.0523598775598298;181.62;116.277;174.825;169.273
KSSF;0.5120283380469418;-1.7186831133417315;172.974;1.7896712615034227;1523.745;30.48;9;;;;;;137.16;;176.231;172.21200000000002
KSSI;0.5437062198435849;-1.420464820785207;4.495;2.691929341231553;1009.1928;21.856;16;;199.795;0.0567232006898157;199.795;0.0654498469497873;;;5.486400000000001;3.6576
KSSI;0.5437035046676297;-1.4205879009596094;4.495;0.6279900597527334;1702.889;29.186;4;;306.903;0.0698131700797731;268.11;0.0698131700797731;239.741;278.535;3.3528;5.538
KSTC;0.7949458221700453;-1.6416542971023484;311.734;2.3752496458997685;2130.176;44.481;13;;760.288;0.0523598775598298;760.288;0.0523598775598298;;;314.2488;309.6768
KSTC;0.7949180091715222;-1.641656255462017;311.734;1.033010816904687;913.184;22.217;5;;;;;;;;311.2008;311.5056
KSTJ;0.694178632172112;-1.6564383599579082;248.564;3.141483745044469;2453.655;45.72;17;;922.028;0.0523598775598298;922.028;0.0488692190558412;;;252.0696;247.4976
KSTJ;0.6941037658764873;-1.6565672137823302;248.564;2.3714664702131456;1487.16;22.86;13;;;;;;;155.035;247.1928;247.4976
KSTL;0.6763740823582892;-1.5777168811818605;171.831;2.134243587210104;2743.547;45.341;11;;910.978;0.0523598775598298;1001.616;0.0523598775598298;;;188.0616;169.16400000000002
KSTL;0.6762313542188035;-1.5769563822430748;171.831;2.134433304499796;2750.681;45.33;12;L;976.96;0.0523598775598298;912.769;0.0523598775598298;;;160.9344;184.0992
KSTL;0.6762426245396862;-1.5771286008604808;171.831;2.13442307687038;3359.646;60.0;12;R;1087.115;0.0523598775598298;1183.032;0.0523598775598298;142.3416;63.788;164.013;177.642
KSTL;0.6763405405725678;-1.5772429737464757;171.831;1.0946310624097484;2320.307;44.943;6;;797.836;0.0523598775598298;807.139;0.0523598775598298;;;167.9448;162.4584
KSTP;0.7842783113111139;-1.624185330943123;214.223;2.231324996124873;1219.639;45.72;13;;;;305.019;0.0654498469497873;;;214.884;213.6648
KSTP;0.784242177234556;-1.6242175931631635;214.223;2.550092890640206;1978.203;42.796;14;;;;567.868;0.0523598775598298;104.5464;116.4336;214.902;214.559
KSTP;0.7842604344521853;-1.6242225397768293;214.223;1.5831768198439184;1109.188;30.48;9;;;;249.794;0.0698131700797731;;;213.6648;213.6648
KSTS;0.6721250133903685;-2.143434894004024;36.042;2.7452657305078736;1825.706;43.577;14;;;;;;;;33.8328;36.576
KSTS;0.672115960853294;-2.143553207016045;36.042;0.5073826248120467;1582.206;28.809;2;;461.095;0.0523598775598298;562.68;0.0610865238198015;;;39.3192;34.4424
KSUN;0.7592846836204842;-1.9948343360724128;1611.02;2.5287513536126696;2300.446;31.101;13;;;;845.423;0.0610865238198015;520.146;;1622.351;1603.8576
KSUS;0.6747412551216236;-1.5820874406198708;140.893;4.503456488293074;2282.455;45.053;26;L;688.858;0.0523598775598298;836.427;0.0523598775598298;147.57;;140.839;140.5128
KSUS;0.674841365531624;-1.582310639006503;140.893;4.503598209028336;1524.279;22.225;26;R;457.339;0.0549778714378213;;;;;141.1224;141.1224
KSUU;0.6676489697566133;-2.1283037255510755;14.401;0.8294837316795459;3351.287;43.829;3;L;1370.844;0.0436332312998582;1370.844;0.0523598775598298;;;10.0584;15.24
KSUU;0.6679659606977012;-2.1277719723842785;14.401;0.8297938592343328;3352.694;44.135;3;R;;;1371.547;0.0488692190558412;;;16.154400000000003;16.154400000000003
KSUX;0.7401188007588188;-1.6821831512194203;333.679;3.153170295182898;2010.355;43.802;18;;700.378;0.0523598775598298;;;;;334.67040000000003;333.75600000000003
KSUX;0.740025864499079;-1.6822530826047246;333.679;2.3698506443916494;2744.36;42.9768;13;;1067.38;0.0523598775598298;1067.38;0.0523598775598298;;;333.1464;333.1464
KSUZ;0.6037165063014629;-1.6140708323765158;118.414;0.3474240715313924;1523.0856;27.044;2;;;;;;;;118.5672;118.2624
KSVC;0.569542517606234;-1.8876463518111968;1645.5;1.574137061516139;2073.595;29.647;8;;732.0;0.0523598775598298;732.0;0.0523598775598298;;;1641.6528;1638.9096000000002
KSVC;0.5696320481926852;-1.8876667234330904;1645.5;2.355582228690745;1422.785;29.186;12;;;;;;;;1653.5400000000002;1638.3000000000002
KSVC;0.5696851111572564;-1.8877216667350325;1645.5;3.1481215812556536;1654.258;27.691;17;;;;;;;;1660.312;1641.6528
KSVC;0.5696336339958831;-1.8877092221785716;1645.5;0.790223876606165;1429.371;20.277;3;;;;;;;;1640.7384000000002;1649.2728000000002
KSVN;0.5586802221308844;-1.4162646620450698;6.7056;1.6087544454989702;3472.019;55.014;10;;1431.21;0.0523598775598298;1431.21;0.0523598775598298;;;5.1816;8.2296
KSWF;0.7243837592283229;-1.2934537816027578;141.655;1.366737841172401;3600.98;45.72;9;;915.3144;0.0523598775598298;900.0744000000001;0.0523598775598298;609.6;609.6;147.927;141.937
KSWF;0.7243834490896901;-1.2932162193111445;141.655;2.6084149874577736;1828.8;43.216;16;;;;686.4096000000001;0.0523598775598298;;;143.5608;133.1976
KSWO;0.6311485316982874;-1.6944833976388178;298.0944;3.132803350009675;2255.699;29.819;17;;823.05;0.0523598775598298;823.05;0.0523598775598298;;;304.8;294.4368
KSWO;0.6311159203284645;-1.6944465321032205;298.0944;0.7740296122487328;1524.531;22.793;4;;457.466;0.0523598775598298;457.466;0.0523598775598298;;;292.9128;300.228
KSYR;0.752483185407926;-1.3282428161685444;124.6632;2.337564671223632;2285.637;44.546;15;;838.019;0.0523598775598298;;;;;126.492;122.5296
KSYR;0.7523897985694179;-1.3283583281800837;124.6632;1.5254645410669976;2744.875;44.375;10;;1067.637;0.0523598775598298;;;;;127.7112;121.92
KSZL;0.6759712590876545;-1.632718551605062;260.2992;0.1896387498754438;3776.95;43.919;1;;;;;;;;255.1176;265.4808
KTBN;0.6587157424289808;-1.6081592623416094;352.196;2.5722528125540025;1852.0;41.234;15;;462.585;0.0523598775598298;454.965;0.0506145483078355;152.7048;160.3248;353.111;351.274
KTCC;0.6140375689008623;-1.8082093305442184;1233.5256000000002;0.7833737036381825;2164.803;30.064;3;;;;777.602;0.0523598775598298;;;1231.392;1233.5256000000002
KTCC;0.6140821293855567;-1.808229686561652;1233.5256000000002;1.570534876472948;1401.636;15.72;8;;;;;;;;1239.0120000000002;1230.1728
KTCL;0.5797443406788285;-1.5291220585362515;49.453;0.7134197727542361;1981.767;44.398;4;;;;;;;;46.6344;49.9872
KTCL;0.5799157946777186;-1.529085271022952;49.453;5.176866472900932;1219.21;29.448;30;;304.805;0.0523598775598298;;;;;50.292;50.9016
KTCM;0.8227076770770213;-2.1376177465536257;91.897;3.1372399769682446;3080.771;43.483;16;;1235.586;0.0523598775598298;1235.586;0.0523598775598298;;;85.95360000000001;97.8408
KTCS;0.5800509917149321;-1.8722031487836128;1469.166;1.3745790120896657;907.764;39.624;7;;;;;;;;1471.8792;1465.7832
KTCS;0.5800937849945869;-1.8722491897414035;1469.166;2.1913175292664007;2127.189;57.912000000000006;11;;;;;;;;1481.9376;1462.7352
KTCS;0.5800625721744476;-1.872219143354613;1469.166;2.5256333229039822;2190.45;19.319;13;;790.425;0.0523598775598298;790.425;0.0523598775598298;;;1479.1944;1461.2112
KTCS;0.5800574870712041;-1.8721552508951405;1469.166;2.912069465114849;810.857;42.672;15;;;;;;;;1469.4408;1463.9544
KTCS;0.5800426004168294;-1.8721900254331632;1469.166;0.3646486037462768;1022.601;39.624;1;;;;;;;;1467.0024;1468.5264
KTEB;0.7129372854538879;-1.2925854090353643;1.981;3.1972548686273217;2134.911;43.922;19;;502.774;0.0523598775598298;527.843;0.0523598775598298;236.662;237.419;1.744;2.524
KTEB;0.7130063000771955;-1.292629530644635;1.981;3.983125143587434;1831.713;44.949;24;;659.828;0.0523598775598298;;;;;2.1336;1.524
KTEX;0.6624190785849394;-1.8833629978951707;2759.201;1.831184790426734;2166.017;32.0;9;;816.5592;0.0610865238198015;825.0;0.0698131700797731;60.96;61.901;2754.195;2764.208
KTIK;0.6180866101539686;-1.6996385180921816;385.114;3.1424798044485818;3383.612;58.384;18;;1387.0;0.0488692190558412;1387.0;0.0453785605518525;;;384.048;393.4968
KTIK;0.618122826153939;-1.69980491624619;385.114;2.289224286931145;3048.592;58.902;13;;1219.496;0.0523598775598298;1219.496;0.0523598775598298;;;373.9896;388.9248
KTIW;0.8249812039156827;-2.139391825357796;89.458;3.2637683192232743;1523.251;28.572;17;;478.0;0.0523598775598298;501.0;0.0523598775598298;;;89.00160000000001;89.91600000000001
KTIX;0.4976729160402796;-1.4101689671901498;9.677;3.1262314872442154;2228.833;43.819;18;;711.471;0.0523598775598298;809.617;0.0523598775598298;98.1456;;9.088;10.3632
KTIX;0.4976834431987779;-1.410276341476053;9.677;4.69696934550917;1521.133;28.355;27;;455.767;0.0523598775598298;455.767;0.0523598775598298;;;9.4488;9.7536
KTLH;0.5306301314005865;-1.4723403406031168;18.973;3.133054851954887;2132.217;45.72;18;;699.5160000000001;0.0523598775598298;699.5160000000001;0.0523598775598298;;;25.2984;17.0688
KTLH;0.5304302207192184;-1.4720783963435156;18.973;1.5611287735351749;2433.934;45.72;9;;989.3808;0.0523598775598298;989.3808;0.0523598775598298;;;18.5928;14.9352
KTMB;0.4475599550343049;-1.403803213756682;2.54;1.5236075107428757;1828.442;44.851;9;R;609.421;0.0523598775598298;609.421;0.0523598775598298;;;3.048;2.4384
KTMB;0.4476288584758384;-1.403872435139078;2.54;2.2256508434601767;1217.887;45.72;13;;;;;;;;2.4384;2.4384
KTMB;0.4477286002304829;-1.403811952254009;2.54;1.5234792290428538;1525.122;45.72;9;L;457.761;0.0523598775598298;457.761;0.0523598775598298;;;2.4384;2.4384
KTOI;0.5560566189958543;-1.501157805987173;117.119;2.497159846954021;1521.694;41.782;14;;;;;;;;121.0056;111.252
KTOI;0.5560668886807707;-1.5012812450641442;117.119;1.2111316154474447;1886.963;26.51;7;;;;;;;;116.1288;120.0912
KTOL;0.7258309129023679;-1.4628098623404426;204.749;4.312916275858975;3228.45;44.373;25;;1309.425;0.0523598775598298;;;;;202.692;208.1784
KTOL;0.7258200990119259;-1.4625564225112755;204.749;5.886645453928924;1706.015;45.549;34;;548.208;0.0523598775598298;;;;;202.692;205.4352
KTOP;0.681898394570924;-1.6688948850393202;268.0;2.346773202890079;1552.206;30.48;13;;;;471.303;0.0523598775598298;;;268.224;267.0048
KTOP;0.6818576376732357;-1.6689612508056255;268.0;3.170116918620987;1318.967;24.473;18;;354.684;0.0523598775598298;354.684;0.0523598775598298;;;268.224;268.5288
KTPA;0.4882685939810891;-1.4403958195551163;5.943;0.0298314031945361;2527.426;45.72;1;R;857.588;0.0523598775598298;841.248;0.0523598775598298;;;5.486400000000001;7.9248
KTPA;0.4881779866869318;-1.4403372872274864;5.943;1.6012418502666856;2133.317;45.72;10;;640.0;0.0523598775598298;764.721;0.0523598775598298;;;4.315;7.9248
KTPA;0.4883154892830381;-1.4406269059960326;5.943;0.0298365047919396;3353.187;45.72;1;L;1270.081;0.0523598775598298;1268.025;0.0523598775598298;;;3.3528;6.4008
KTPH;0.6642384161733668;-2.043597343582644;1650.7968;2.880295571549368;2171.322;16.0;15;;780.861;0.0523598775598298;780.861;0.0523598775598298;;;1655.064;1644.7008
KTPH;0.6643189234811051;-2.043495813166828;1650.7968;2.183035226380694;1878.653;15.24;11;;;;;;163.9824;;1654.4544;1648.968
KTRI;0.6365818269997027;-1.438323984256765;459.714;0.7407062153733304;2438.046;43.742;5;;914.223;0.0523598775598298;;;;;453.5424;462.6864000000001
KTRI;0.6366688764770913;-1.4382011771604042;459.714;4.697101641466471;1352.179;46.04;27;;330.602;0.0523598775598298;;;40.688;;459.54;462.9912000000001
KTRK;0.686264327286689;-2.096874596394073;1796.414;2.096020702058503;2132.513;29.538;11;;;;;;;;1798.6248;1796.1864
KTRK;0.6862644911335138;-2.096766925623439;1796.414;3.662134659536149;1415.699;23.332;20;;560.228;0.0523598775598298;;;36.325;;1795.584;1795.2720000000002
KTRM;0.5869100762347627;-2.027312030293025;-37.566;3.1421888580622745;2589.327;45.72;17;;989.863;0.0523598775598298;989.863;0.0523598775598298;;;-34.7472;-40.8432
KTRM;0.5868726021252442;-2.0274649930073934;-37.566;2.3590906895531045;1511.233;30.48;12;;;;;;;;-35.052;-39.624
KTTD;0.794986567364389;-2.1363049511770957;10.21;1.547604391694396;1643.585;44.324;7;;;;407.687;0.0523598775598298;;109.306;8.5344;12.122
KTTN;0.7029886525391085;-1.3057354821220248;56.311;2.544405909805508;1458.781;42.42;16;;424.59;0.0523598775598298;424.59;0.0523598775598298;;;64.92240000000001;53.0352
KTTN;0.7029389776928089;-1.3057469045863876;56.311;0.8087540198212962;1831.255;41.393;6;;;;610.827;0.0523598775598298;;;48.768;58.52160000000001
KTTS;0.4994237539525634;-1.4083827403142497;2.4384;2.620088971225588;4570.092;47.017;15;;;;;;;;2.4384;2.4384
KTUL;0.6317312938926719;-1.6735357293205406;197.916;1.560995081314472;2248.232;42.853;8;;819.316;0.0523598775598298;819.316;0.0523598775598298;;;204.5208;192.9384
KTUL;0.6318132465634725;-1.6734606952769766;197.916;3.1950433619321195;3045.157;43.832;18;L;;;;;;;191.1096;196.2912
KTUL;0.6317892254486109;-1.6737648339950986;197.916;3.195215974995142;1852.0;44.206;18;R;;;;;;;195.194;206.3496
KTUP;0.598107409208626;-1.5493263304033684;105.156;3.139549396634483;2168.689;45.72;18;;779.545;0.0523598775598298;;;;;104.5464;105.7656
KTUS;0.5604850651269825;-1.936202678255189;790.803;2.359121058282089;3581.242;42.272;11;L;;;1485.821;0.0575958653158128;232.045;;785.7744;805.5864
KTUS;0.5604939479655598;-1.9362695355619688;790.803;2.359201692493531;2561.878;22.86;11;R;544.785;0.0523598775598298;;;431.354;;785.205;801.3192
KTUS;0.5606690124462695;-1.9364612051381571;790.803;0.7838811232116148;2131.55;45.72;3;;;;760.975;0.0523598775598298;259.08000000000004;;780.95;783.0312
KTVF;0.8388866089144731;-1.678726225083619;339.775;2.354086306988861;1969.82;44.46;13;;680.11;0.0523598775598298;680.11;0.0523598775598298;;;339.85200000000003;339.24240000000003
KTVF;0.8389269913051332;-1.6787691451495068;339.775;0.6829799739623934;1510.392;22.56;4;;;;;;;;339.24240000000003;340.76640000000003
KTVL;0.6788266294081466;-2.094314544370964;1907.7432;3.366554947663425;2604.621;34.209;18;;788.861;0.0523598775598298;;;246.261;621.7;1906.182;1909.831
KTWF;0.7414328757010289;-1.998177295038167;1261.185;4.735607095423971;2651.56;44.351;26;;1020.98;0.0523598775598298;1020.98;0.0523598775598298;;;1265.5296;1263.0912
KTWF;0.7414905673384029;-1.9982244361103532;1261.185;2.3802727034870084;897.0;22.527;12;;;;;;;;1251.8136;1264.3104
KTYS;0.624982308587487;-1.4659592557881782;290.855;0.7814523230245395;2748.073;38.926;5;R;1069.2384;0.0523598775598298;;;;121.92;286.2072;293.86
KUAO;0.789711770459354;-2.1427416892968845;60.3504;0.1248673420765039;1525.251;30.488;35;;457.825;0.0523598775598298;457.825;0.0610865238198015;;;59.7408;60.96
KUIN;0.6970948598847017;-1.5916316430046855;231.14;2.363934152760314;1644.757;45.72;13;;517.579;0.0523598775598298;;;;;233.17200000000005;234.3912
KUIN;0.6971638101396136;-1.591726900427778;231.14;3.129523527279327;1693.429;45.72;18;;;;;;;50.279;230.7336;230.7336
KUIN;0.6971473318303687;-1.5915899790977883;231.14;0.7017081945943335;2162.346;45.72;4;;;;776.373;0.0523598775598298;;;230.4288;227.3808
KUKI;0.682890434430509;-2.150264497798721;186.2328;2.9381116974167822;1527.219;45.72;15;;280.966;0.0523598775598298;;;177.844;;188.0616;184.404
KUNV;0.7129682290971006;-1.358695964405357;369.265;0.9181161936716282;2034.53;45.72;6;;712.465;0.0523598775598298;712.465;0.0523598775598298;;;375.2088;363.3216000000001
KUOX;0.6001199924236524;-1.5627125535780566;131.826;1.5851591648083334;1701.197;30.48;9;;545.798;0.0523598775598298;;;;;125.8824;137.7696
KUTS;0.5366346435469046;-1.6683100220945737;100.736;3.242648439010741;1523.352;30.48;18;;456.876;0.0610865238198015;456.876;0.0523598775598298;;;91.1352;110.3376
KVAD;0.5404988012131532;-1.4520325253449071;67.9704;3.1503672964041947;2438.588;41.529;18;R;914.494;0.0523598775598298;914.494;0.0523598775598298;;;70.4088;67.3608
KVAD;0.5405117919256971;-1.4519558138219453;67.9704;3.148947296524772;2838.7;45.72;18;L;1114.55;0.0523598775598298;1114.55;0.0523598775598298;;;71.0184;63.0936
KVBG;0.6062805803740114;-2.104593139433801;92.3544;5.526898188507852;4567.958;40.0;30;;1979.179;0.0523598775598298;1979.179;0.0523598775598298;;;112.1664;72.5424
KVCT;0.5034825323884055;-1.691525845416325;32.6136;2.315709658330159;1421.114;45.72;13;R;;;;;139.078;167.9448;32.6136;32.6136
KVCT;0.5035643621740874;-1.6913939565245282;32.6136;3.1389725653166995;1511.945;22.86;18;;;;;;;14.491;32.308800000000005;31.3944
KVCT;0.503611971380059;-1.6916260104419334;32.6136;2.314089294652608;2921.358;45.72;13;;;;;;;146.657;35.052;31.6992
KVEL;0.7057829079939212;-1.9113179657908397;1606.6008000000002;3.125094405236541;1887.036;45.72;16;L;638.718;0.0523598775598298;638.718;0.0523598775598298;;;1606.6008000000002;1606.6008000000002
KVGT;0.631955769894427;-2.010468225595236;664.565;2.346600938892908;1280.366;22.86;12;L;335.235;0.0558505360638185;395.3256;0.0523598775598298;;61.5696;667.2072000000001;654.089
KVGT;0.6319817630228596;-2.010560237290749;664.565;2.346732536718508;1524.133;22.86;12;R;585.608;0.0523598775598298;567.519;0.0523598775598298;;;672.0840000000001;659.2824
KVGT;0.6320443232516012;-2.0105304717842296;664.565;1.5466853013102957;1526.074;22.86;7;;514.374;0.0523598775598298;569.287;0.0523598775598298;;;671.7792000000001;662.3304
KVIS;0.6338799401924148;-2.083798956579286;89.30640000000001;2.3548554735902147;1999.354;45.72;12;;;;694.877;0.0523598775598298;279.5016;;88.903;89.61120000000001
KVLD;0.5372302092003188;-1.453460458225948;60.274;2.200765485199636;1108.483;22.86;13;;;;;;;;60.274;60.274
KVLD;0.5372055151431409;-1.4533914084926065;60.274;2.982555285088341;2436.368;45.72;17;;;;913.384;0.0523598775598298;;;59.7408;60.96
KVLD;0.5372780524731833;-1.453514995811943;60.274;0.6233093310449799;1592.831;30.48;4;;491.615;0.0523598775598298;491.615;0.0523598775598298;;;60.6552;59.7408
KVNY;0.5970415153927273;-2.0680444679911227;236.372;3.063542576638158;2438.614;45.791;16;R;509.718;0.0610865238198015;941.304;0.0523598775598298;436.4736;;244.829;227.3808
KVNY;0.5971382962011793;-2.0680319688190534;236.372;3.0638478347243314;1223.0;22.86;16;L;;;473.055;0.0523598775598298;439.662;;244.317;235.3056
KVOK;0.7668847010374298;-1.5752148777481365;276.7584;1.5533547279809417;2742.402;45.72;9;;1066.401;0.0523598775598298;1066.401;0.0497418836818383;;;277.9776;275.5392
KVPS;0.5319868182206096;-1.510332767848781;18.364;2.088976204131604;3656.036;42.45;12;;1523.218;0.0523598775598298;1523.218;0.0436332312998582;;;25.6032;14.9352
KVPS;0.532087279730949;-1.5099637535902368;18.364;0.2109335818921967;3045.545;44.152;1;;;;1217.973;0.0436332312998582;;;14.630400000000002;18.288
KVPZ;0.7235563386143616;-1.5185582295579916;233.78160000000003;3.135104741161354;1217.547;22.86;18;;303.973;0.0523598775598298;303.973;0.0523598775598298;;;234.696;231.648
KVPZ;0.723480770118059;-1.5185606326447565;233.78160000000003;1.5729394165834203;2132.303;45.72;9;;608.951;0.0523598775598298;761.351;0.0523598775598298;152.4;;234.3912;234.3912
KVQQ;0.5273637630232326;-1.4290581654296473;22.593;1.5632411455288635;2436.191;55.371;9;R;913.296;0.0523598775598298;913.296;0.0523598775598298;;;23.4696;19.5072
KVQQ;0.5274003886402652;-1.428970054849012;22.593;3.134069760914922;3808.558;56.374;18;L;1599.479;0.0523598775598298;1599.479;0.0523598775598298;;;24.0792;21.9456
KVQQ;0.527508129630967;-1.4290096589672536;22.593;3.1340245568872955;2435.771;55.374;18;R;;;;;;;24.0792;21.336
KVRB;0.4827347962076283;-1.4034514190192096;6.451;1.938475241001656;1068.0;22.86;12;L;229.202;0.0523598775598298;229.202;0.0610865238198015;;;6.096;6.096
KVRB;0.4826589234243653;-1.4035598700128191;6.451;1.9316012617426763;2225.875;32.308800000000005;12;R;808.138;0.0523598775598298;808.138;0.0523598775598298;;;7.010400000000001;6.096
KVRB;0.4826741494757342;-1.403630924919208;6.451;0.6277094631688902;1514.661;30.48;4;;452.53;0.0523598775598298;452.53;0.0523598775598298;;;7.010400000000001;6.4008
KVTN;0.7479878546622137;-1.754877797620375;788.8224;2.542124415407301;1430.851;22.86;14;;293.583;0.0523598775598298;410.626;0.0523598775598298;117.0432;;788.958;787.2984
KVTN;0.7479943032051071;-1.7549514974826512;788.8224;0.6327019251343424;1125.504;18.288;3;;;;;;;91.1352;790.956;787.972
KWJF;0.6063459201471038;-2.063304699238824;714.1464000000001;1.256482948862966;2195.317;45.72;6;;792.858;0.0523598775598298;792.858;0.0523598775598298;;;716.5848000000001;711.7080000000001
KWRB;0.5696784285474702;-1.4589539769882929;86.25840000000001;2.5161963276384487;3650.084;45.518;15;;1520.242;0.0471238898038469;1520.242;0.0439822971502571;;;89.30640000000001;83.2104
KWRI;0.6984421723256727;-1.3020415164440031;36.957;3.016422526558665;2171.944;45.72;18;;781.172;0.0523598775598298;781.172;0.0523598775598298;;;37.1856;39.3192
KWRI;0.6983929948715201;-1.301726829111251;36.957;0.7968564768295938;3350.602;45.72;6;;1370.501;0.0523598775598298;1064.334;0.0523598775598298;;306.167;39.9288;31.3944
KWRL;0.7673470767772352;-1.884034418776831;1283.969;2.0639953065478087;850.907;18.288;10;;;;;;;;1275.588;1287.78
KWRL;0.7672813215354083;-1.884128240589648;1283.969;3.055352444590249;2131.262;30.48;16;;760.831;0.0523598775598298;760.831;0.0523598775598298;;;1272.2352;1296.0096
KWRL;0.767289010632833;-1.884035893398255;1283.969;0.9891278289888684;695.511;18.288;4;;;;;;;;1284.4272;1287.78
KWST;0.7217019085470487;-1.2531807469949283;20.1168;2.2728731698338365;1202.368;22.112;14;;;;;;;227.385;17.3736;25.27
KWST;0.7216743998354862;-1.253229097412727;20.1168;0.92680357002343;1213.307;29.892;7;;301.853;0.0567232006898157;301.853;0.0523598775598298;;;15.5448;23.7744
KWWD;0.6808039445941181;-1.307451520139039;5.486400000000001;1.563398225161543;1513.519;45.72;10;;451.959;0.0523598775598298;451.959;0.0523598775598298;;;4.8768;5.7912
KWWD;0.6808499036284965;-1.3073495996117352;5.486400000000001;6.278015118336404;1524.513;45.72;1;;457.457;0.0523598775598298;432.7;0.0523598775598298;;24.756;6.7056;4.481
KWWR;0.6359407762973677;-1.7369696283437197;661.492;3.1496934247799997;1671.081;30.48;17;;530.741;0.0523598775598298;530.741;0.0523598775598298;;;658.6728;667.2072000000001
KWWR;0.6360138753879525;-1.7370629196049134;661.492;1.052948236548994;759.242;18.288;5;;;;;;;162.666;660.5016;659.5872
KWYS;0.7799594377441229;-1.939369626719876;2024.329;0.4574337450809217;2556.242;45.72;1;;;;973.321;0.0523598775598298;;;2026.6152;2022.0432
KXMR;0.4968533132605339;-1.4061529800834052;2.7432000000000003;2.2338576608557346;3046.335;60.96;13;;1218.367;0.0523598775598298;1218.367;0.0523598775598298;;;2.7432000000000003;2.7432000000000003
KXNA;0.6332282452981352;-1.6459978764298624;389.0;2.7892607685616704;2678.49;43.593;17;;1034.445;0.0523598775598298;1034.445;0.0523598775598298;;;392.5824;385.572
KXNA;0.633238040997594;-1.6459644672820468;389.0;2.7894604342280984;2679.884;45.72;16;;1035.142;0.0523598775598298;1035.142;0.0523598775598298;;;392.2776;385.572
KXTA;0.6498396215714906;-2.020955904811076;1360.508;2.742879690887472;3652.476;40.83;15;L;;;;;;;1353.383;1367.635
KXTA;0.6500035386164363;-2.0211726507537007;1360.508;2.743863532986821;5514.743;25.0;15;R;;;;;;;1351.171;1369.847
KYKM;0.8127822811530131;-2.1039132063194765;325.907;1.9210285807328704;2315.845;45.72;9;;;;853.123;0.0523598775598298;;;334.97520000000003;319.7352
KYKM;0.812739446911652;-2.1038473008847265;325.907;1.042199870696682;1167.716;44.379;4;;279.058;0.0523598775598298;;;;;328.2696;320.6496
KYKN;0.7490589857248362;-1.6997232581095625;391.134;2.4410236004916515;1852.0;27.0;13;;623.649;0.0523598775598298;623.649;0.0523598775598298;;;398.0688;387.4008
KYKN;0.7489982980312359;-1.6996711236103323;391.134;0.3740682155324603;1031.508;22.86;2;;210.954;0.0523598775598298;210.954;0.0523598775598298;;;388.3152;390.7536
KYNG;0.7201957466093586;-1.4081452326382444;348.69120000000004;2.358190797790776;2738.069;41.712;14;;1064.234;0.0523598775598298;1064.234;0.0523598775598298;;;337.41360000000003;361.4928000000001
KYNG;0.7200282132309207;-1.4080628644987094;348.69120000000004;0.7808431507557159;1524.313;45.72;5;;457.357;0.0575958653158128;;;;;342.29040000000003;363.3216000000001
KYNG;0.7202107971105579;-1.408228006493727;348.69120000000004;2.356625062918812;1062.952;14.527;14;R;226.676;0.0523598775598298;226.676;0.0523598775598298;;;336.49920000000003;351.12960000000004
KZZV;0.6971565482142681;-1.4293080552442754;268.986;2.662149835402325;1522.039;42.267;16;;;;456.22;0.0523598775598298;;;264.513;273.459
KZZV;0.697167397214744;-1.4292660636437282;268.986;0.5897236635428801;1516.082;43.73;4;;453.241;0.0523598775598298;453.241;0.0523598775598298;;;273.1008;264.8712
LAKU;0.7336575889948428;0.3563213415055425;352.34880000000004;0.2261075093156205;1902.859;28.247;1;;;;;;;;353.56800000000004;351.12960000000004
LAKV;0.7116013428122289;0.3473579214993114;32.672;2.39828886469072;2852.083;62.693;14;;;;;;55.507;;30.719;34.626
LATI;0.722823363991598;0.3441889366526583;35.6616;6.183985155819359;2748.754;43.593;35;;;;;;;;38.1;33.2232
LBBG;0.7429889289968945;0.4802324923880588;31.851;3.914766530906274;3198.343;45.05;22;;1294.372;0.0523598775598298;1294.372;0.0523598775598298;;;36.576;27.1272
LBGO;0.7531345057951773;0.4487749397080554;85.03920000000001;4.853764140454734;2446.432;42.779;27;;;;;;198.589;;83.603;86.25840000000001
LBPD;0.7342226206221064;0.4337290574285704;177.69840000000002;2.222228078264091;2494.395;45.751;12;;942.397;0.0523598775598298;942.397;0.0523598775598298;;;171.60240000000002;183.7944
LBSF;0.7451930198918416;0.4087182609313626;530.809;1.6523276374725595;3597.109;42.425;9;;1493.754;0.0523598775598298;1493.754;0.0523598775598298;;;529.909;531.5712
LBWB;0.7578972521141073;0.4918443714827654;188.0616;2.7637752962911235;2481.864;51.517;16;;;;;;;;195.928;180.195
LBWN;0.7545400423757033;0.4856428393812039;64.16;4.833116546337791;2510.9424;41.091;27;;950.6712;0.0523598775598298;950.6712;0.0523598775598298;;;66.1416;62.1792
LCEN;0.6135744324436555;0.5847117921493116;118.832;1.9518196793965543;2756.946;43.336;11;;1098.748;0.0523598775598298;1119.595;0.0523598775598298;;;125.786;111.879
LCEN;0.6135767204475315;0.5845080369192313;118.832;2.8540505319883533;1800.258;31.024;16;;;;;;;;114.354;123.31
LCLK;0.6086645867860191;0.5868513429997162;2.59;0.7865698029243121;3044.413;43.0;4;;1066.932;0.0523598775598298;833.706;0.047996554429844;;233.552;3.048;2.074
LCPH;0.6059461982627972;0.5669674774997633;10.668;1.9253458271706037;2695.683;46.194;11;;897.387;0.0523598775598298;946.828;0.0523598775598298;;;12.192;9.144
LCRA;0.6037166877033048;0.5757445568527297;21.9456;1.8801937230891967;2743.845;42.718;10;;1055.051;0.0523598775598298;1051.795;0.0523598775598298;;;21.6408;22.250400000000003
LDDU;0.7428622988079532;0.3187754280665897;153.162;2.063361158617389;3296.387;50.0;11;;1168.428;0.0523598775598298;1297.21;0.0523598775598298;148.964;;158.771;147.828
LDOS;0.7934682632066409;0.328318982866335;88.544;1.9304575474838443;2488.115;43.208;11;;947.934;0.0523598775598298;939.257;0.0523598775598298;;;88.69680000000001;88.39200000000001
LDPL;0.7835401228483158;0.2429868074558566;67.513;4.681668916621562;2943.784;38.194;27;;1167.092;0.0558505360638185;1167.092;0.0523598775598298;;;83.82000000000001;51.2064
LDRI;0.7891793560535855;0.2543087556928269;77.724;2.5101890788860093;2499.119;41.961;14;;953.847;0.0523598775598298;951.55;0.0523598775598298;;;80.4672;74.9808
LDSB;0.7554571398679235;0.2910959881125272;530.352;0.6107364678058032;1761.103;24.892;3;;353.946;0.0523598775598298;354.948;0.0523598775598298;60.3;59.298;544.3728;517.5504000000001
LDSP;0.7598987815201267;0.2844549954199538;18.288;4.057893128880694;2548.989;42.866;23;;809.261;0.0523598775598298;970.59;0.0523598775598298;158.867;;14.831;21.336
LDZA;0.7983470306326013;0.2804260800185033;106.832;0.8160612072539135;3245.62;43.792;4;;1315.279;0.0523598775598298;1315.279;0.0523598775598298;;;107.5944;106.0704
LDZD;0.7694474467803623;0.2678978836545519;80.924;3.8679365545484634;2003.039;39.225;22;;;;680.093;0.0523598775598298;;;82.9056;88.08720000000001
LDZD;0.7698372149700575;0.2678474344369491;80.924;5.50911729768731;2502.259;39.624;31;;964.036;0.0523598775598298;946.377;0.0523598775598298;;;78.6384;74.0664
LEAL;0.6681498143902311;-0.0097408887947363;28.194;1.746842731708489;2991.221;44.154;10;;1032.288;0.0523598775598298;1131.435;0.0523598775598298;;;43.281600000000005;13.1064
LEAM;0.6430483520821426;-0.0413660723810494;14.630400000000002;1.2729269174764812;3194.395;44.429;7;;1115.379;0.0523598775598298;1136.64;0.0523598775598298;148.85;;7.266;21.336
LEAS;0.7603276447325723;-0.105323430800794;121.6152;1.8862915718831077;2195.367;43.11;11;;790.265;0.0523598775598298;807.065;0.0523598775598298;;;121.6152;121.6152
LEBA;0.6604869500126004;-0.0846152987382588;90.8304;3.645281585745967;2191.092;43.632;21;;361.572;0.0523598775598298;807.348;0.0523598775598298;543.89;;93.362;88.64
LEBB;0.7557460427818895;-0.0507977666127816;36.652;2.0373817581685283;2602.757;43.669;12;;989.203;0.0541052068118242;504.105;0.0593411945678072;;469.706;36.2712;39.604
LEBB;0.7557678344095983;-0.0510470868646375;36.652;1.6875181875817458;2001.452;44.429;10;;647.882;0.0628318530717958;145.213;0.0593411945678072;89.972;552.49;35.3568;36.216
LEBG;0.7392757327730817;-0.0630696129158667;899.617;0.7503869109623196;2086.246;43.315;4;;732.883;0.0523598775598298;716.759;0.0523598775598298;;;896.4168000000001;902.8176
LEBL;0.720598604990027;0.0364566051315561;2.692;4.284971634672369;2649.952;59.0;24;L;921.245;0.0523598775598298;923.764;0.0523598775598298;;;2.4384;2.4384
LEBL;0.7207949754096432;0.0364728493739083;2.692;3.472293276934549;2521.641;44.871;20;;;;868.908;0.0523598775598298;;;3.6576;2.1336
LEBL;0.7208073458449215;0.0363852459382069;2.692;4.285370616939375;3484.877;59.614;24;R;1276.727;0.0523598775598298;750.13;0.0523598775598298;;566.699;3.048;2.349
LECH;0.701869555318503;0.0012845357003536;346.55760000000004;0.9965665967937934;2701.462;44.246;6;;;;;;;;333.1464;359.96880000000004
LECO;0.7557405305065669;-0.1462282899742716;91.592;0.5336883494711528;2334.222;46.12;3;;866.042;0.059690260418206;718.343;0.0523598775598298;;148.272;100.2792;82.9056
LECU;0.7046012446929016;-0.0660628603394937;687.857;4.7794073547332445;1486.859;28.59;27;;518.186;0.0523598775598298;519.542;0.0523598775598298;;;685.8000000000001;691.5912000000001
LECU;0.7046237502246331;-0.0660471856599137;687.857;4.781410643648684;1128.843;38.383;27;R;;;;;;;683.9712000000001;690.0672000000001
LEDA;0.7282898499783957;0.0093450504702908;349.758;5.469413326132466;2493.419;57.745;31;;773.426;0.0523598775598298;949.538;0.0523598775598298;84.323;;350.577;348.99600000000004
LEGE;0.7313859229879781;0.0482098216182943;132.8928;0.2743419608491577;2395.636;43.258;1;;817.75;0.0523598775598298;633.0;0.0523598775598298;;153.807;122.8344;144.388
LEGR;0.6490661592279651;-0.0659273122019411;564.1848;1.5613202361541183;2902.477;43.316;9;;1059.557;0.0523598775598298;1015.011;0.0523598775598298;;;561.4416;566.928
LEIB;0.678460127467584;0.0239656956236092;5.486400000000001;1.081945485807478;2798.0;44.326;6;;1037.463;0.0523598775598298;1026.524;0.0523598775598298;;;5.1816;5.7912
LEJR;0.6413148409715895;-0.1057687586685824;24.536;0.3726377262242332;2299.28;43.741;2;;824.76;0.0523598775598298;745.484;0.0523598775598298;;;20.7264;28.346400000000003
LELN;0.7433613762365313;-0.0986501056681114;916.381;0.7889757916580639;2991.484;43.03;5;;1352.133;0.0523598775598298;1174.207;0.0610865238198015;;;912.5712;913.1808
LELN;0.7433740041453916;-0.0987196313374679;916.381;1.0376093755112563;1056.971;50.9016;6;;;;;;;;924.7632;915.0096
LEMD;0.7063388753807659;-0.0621533346577708;594.207;2.4813066722923063;4113.085;52.253;14;R;;;616.939;0.0523598775598298;;1046.385;608.076;583.447
LEMD;0.7071578227732119;-0.0621218370562455;594.207;3.137184824563881;3551.098;58.386;18;L;802.835;0.0523598775598298;;;558.793;;584.81;591.9216
LEMD;0.707070732334117;-0.0623910920051282;594.207;3.137049037948076;4333.056;60.0;18;R;776.577;0.0523598775598298;;;973.919;;607.299;605.028
LEMD;0.7065479205226208;-0.0618711436119525;594.207;5.624317580432271;3560.745;54.577;32;R;841.662;0.0523598775598298;;;559.234;;572.0;591.9216
LEMG;0.64026760813871;-0.0784086327695178;12.039;2.053661561112601;3182.632;42.775;12;;1370.6856;0.0523598775598298;1370.6856;0.0523598775598298;55.527;389.395;13.716;9.144
LEMG;0.6400990156075829;-0.078525798853765;12.039;2.298139254217407;3203.634;48.079;13;;1370.6856;0.0558505360638185;1370.6856;0.0523598775598298;;;15.8496;9.4488
LEMH;0.6957333161766553;0.0736294627569512;87.934;3.298323394951809;2551.351;44.264;19;;655.649;0.0523598775598298;924.06;0.0523598775598298;198.317;;91.68;84.73440000000001
LEMI;0.6597905717485076;-0.019628818411456;195.224;0.7901840307393418;3035.063;38.945;5;;;;;;;;195.3768;195.072
LEPA;0.6902484969004885;0.0479378046800779;4.2672;1.0204070089778725;2998.0;43.018;6;R;783.965;0.0593411945678072;1155.321;0.0523598775598298;407.984;;8.44;2.4384
LEPA;0.6903652728732479;0.0476002490119104;4.2672;1.0204804000729188;3330.431;44.047;6;L;1321.747;0.0523598775598298;1141.259;0.0523598775598298;;132.253;4.572;2.392
LEPP;0.7464787902950542;-0.0287341453724909;452.17;5.791970592253267;2374.118;44.076;33;;369.533;0.0523598775598298;911.576;0.0593411945678072;474.161;;459.827;447.1416
LERL;0.6781745541551666;-0.0692910329010765;632.307;1.7925990513236432;3986.988;54.808;10;;;;;;;990.895;626.0592;642.722
LERS;0.7181694002610424;0.0204116317273441;70.561;1.2005314455019198;2452.527;43.099;7;;630.424;0.0523598775598298;912.7;0.0523598775598298;262.662;;70.0;71.0184
LERT;0.6395796855411153;-0.1108186114380771;19.2024;1.6912592310202257;3704.0;56.739;10;;1554.551;0.0523598775598298;1170.152;0.047996554429844;1032.644;;19.5072;18.8976
LESA;0.7147525268716935;-0.0960155735597505;789.279;1.2902018373468709;1997.0;117.876;8;;;;;;;;788.5176;789.432
LESA;0.7147483253709699;-0.0960293366930402;789.279;0.4862362854080534;2514.687;44.189;3;;938.676;0.0523598775598298;950.431;0.0523598775598298;;;790.956;788.2128
LESO;0.7567137221296185;-0.0312516830456592;3.505;0.6751253814631808;1750.76;44.045;4;;514.541;0.0829031394697306;379.701;0.0523598775598298;156.314;157.64;2.943;4.067
LEST;0.7487084998114054;-0.1468805407774213;361.035;6.042082906315212;3201.737;44.91;35;;1123.556;0.0523598775598298;1190.979;0.0523598775598298;148.535;119.804;366.243;355.924
LETL;0.7053187006806805;-0.0212506991197737;1015.44;3.0997553660902373;2884.848;43.041;18;;;;;;;343.648;1004.9256;1025.9568000000002
LEVC;0.6892301303671489;-0.0084358956479622;63.246;5.170935844102656;3208.7;45.703;30;;991.231;0.0523598775598298;1167.737;0.0523598775598298;295.0464;;51.301;73.152
LEVT;0.7484472577524821;-0.0475507906774865;507.949;0.6255671587785296;3505.184;44.64;4;;1342.702;0.0523598775598298;1262.525;0.0523598775598298;;;503.2248;512.6736000000001
LEVX;0.737087096144724;-0.1505652530109521;256.794;3.33952171741221;2375.375;43.149;19;;884.306;0.0523598775598298;799.787;0.0523598775598298;;;252.6792;260.9088
LEXJ;0.7579475881993787;-0.0666805316603644;3.505;5.065835607206061;2314.85;41.7576;29;;835.348;0.0523598775598298;823.218;0.0523598775598298;;;3.6576;3.3528
LEZL;0.6530663273138794;-0.1028542201387349;29.5656;1.5661666664210565;3354.012;42.465;9;;1355.411;0.0523598775598298;1287.715;0.0523598775598298;;;25.2984;33.8328
LFAC;0.8894566323417893;0.0341169348901374;3.3528;4.204906924165157;1538.479;42.225;24;;;;;;;;3.3528;3.3528
LFAG;0.8703768451349247;0.0528757890793297;86.25840000000001;1.5878139851335422;1353.261;28.19;9;;;;;;;;85.03920000000001;87.863
LFAT;0.8817264737325122;0.0282808982415;5.334;2.330060977170533;2146.334;35.614;13;;;;486.495;0.0523598775598298;297.066;145.812;5.7912;4.796
LFAV;0.878351597795383;0.0604105740038419;50.088;1.934870612497512;1707.572;47.952;11;;399.645;0.0523598775598298;490.793;0.0523598775598298;172.554;115.0;49.488;48.388
LFAV;0.878409289432757;0.0603768059534576;50.088;4.212860913165271;621.804;78.0;24;;;;;;;;53.34;49.9872
LFAV;0.8783673563489329;0.0604171590857561;50.088;1.9361367616033716;621.282;46.489;11;L;;;;;;;49.0728;50.292
LFAY;0.8704525131096568;0.0416559486231774;61.112;2.0270332472478483;1287.353;25.0;12;;;;489.9;0.0523598775598298;;;58.8264;62.484
LFAY;0.87043337814118;0.0416728170439101;61.112;2.026905942932208;897.454;92.731;12;R;;;;;;;60.0456;63.0936
LFBA;0.7709818605919994;0.0103493612867246;61.417;1.9589510947202031;2165.609;31.887;11;;672.141;0.0523598775598298;335.595;0.0523598775598298;166.592;400.171;61.969;60.731
LFBD;0.7824119672389634;-0.0124789877008796;47.5488;3.934159582356883;3103.0;43.36;23;;1207.044;0.0523598775598298;1199.048;0.0593411945678072;;;46.0248;48.768
LFBD;0.7824046467968948;-0.0124712790978805;47.5488;5.000256605891627;2418.721;43.36;29;;852.172;0.0523598775598298;883.17;0.0593411945678072;;;48.768;46.6344
LFBE;0.7823354332167284;0.0090548153255939;50.977;1.6466062736515972;2207.641;43.352;9;;508.697;0.0523598775598298;508.116;0.0523598775598298;210.964;248.694;52.109;49.036
LFBE;0.7823258306224562;0.0089629362679862;50.977;1.6467470170024778;768.413;57.139;9;R;;;;;;;51.5112;51.2064
LFBF;0.7600153760910443;0.0238639311409005;162.61;2.006271229345144;1799.412;44.137;11;;594.906;0.0523598775598298;;;;;162.7632;162.4584
LFBH;0.8059796652710421;-0.0208810294739301;20.269;4.754971872540698;2256.1296;43.701;27;;356.261;0.0558505360638185;506.61;0.0523598775598298;467.0;316.656;24.0;17.135
LFBI;0.8130918638769474;0.0053052431561007;123.952;0.534199154983334;1198.869;98.0;3;L;;;;;;;127.7112;118.5672
LFBI;0.8130357287844098;0.0053358591056636;123.952;0.53293532716538;704.919;95.662;3;R;;;;;94.089;143.141;124.6632;117.348
LFBI;0.8131268393223866;0.0053749716834309;123.952;0.5322725558352276;2350.698;41.021;3;;864.55;0.0523598775598298;782.968;0.0523598775598298;;;127.1016;128.32080000000002
LFBK;0.8067378079364416;0.0412585966661592;411.022;2.916941377188867;1902.949;43.152;17;;;;;;;;410.2608;416.6616
LFBK;0.8067116626645289;0.0412444434213817;411.022;2.9201196217567484;1002.441;79.189;17;R;;;;;113.055;;399.569;415.7472
LFBL;0.8004372011708797;0.0206156054198576;387.096;0.5794790171659863;2443.0;45.808;3;;893.269;0.0523598775598298;;;;;388.0104;388.62
LFBL;0.8003377578515234;0.0205626048731245;387.096;0.5770061474152982;798.633;80.738;3;R;;;;;;;382.524;389.2296
LFBN;0.8082859322163175;-0.0070070889171887;55.321;4.31721205474691;1880.884;28.454;25;;;;;;191.303;;62.538;43.891200000000005
LFBN;0.8083206911498809;-0.006975216808635;55.321;4.314454434528758;682.731;81.654;25;R;;;;;124.918;;60.442;56.692800000000005
LFBO;0.7614260094781584;0.0238925575218756;150.19;5.638088402763431;3032.483;44.39;32;R;1055.693;0.0523598775598298;1052.93;0.0523598775598298;;;151.4856;149.0472
LFBO;0.7615139074480333;0.0237196132971021;150.19;5.637526406744288;3501.558;44.426;32;L;1293.719;0.0523598775598298;753.648;0.0523598775598298;;;151.4856;148.7424
LFBO;0.7612530106377766;0.024177721217231;150.19;5.622573298377827;345.372;25.0;32;;;;;;52.347;50.829;150.19;150.19
LFBP;0.75714335776281;-0.0073438799668401;182.422;2.1972993660249305;2488.664;44.434;13;;876.982;0.0523598775598298;;;;;177.08880000000002;187.7568
LFBT;0.7536097786207697;-0.0001110101249696;367.131;3.495704948987876;2999.1;42.856;20;;;;613.692;0.0523598775598298;;668.932;356.92080000000004;383.208
LFBU;0.798131501837819;0.0038116389072029;129.311;1.6912839972423113;1852.0;44.711;10;;624.822;0.0523598775598298;;;;;131.064;126.1872
LFBU;0.7981271013802366;0.0037339521055214;129.311;1.692367759441337;748.284;78.019;10;R;;;;;;;131.9784;127.4
LFBX;0.7888402282361221;0.0142409106310894;95.326;1.9845816038515904;1751.49;27.0;11;;272.971;0.0785398163397448;439.918;0.0593411945678072;297.974;131.027;90.901;99.385
LFBZ;0.7586666241386831;-0.026587049765912;70.256;1.555599744997782;2248.028;43.509;9;;563.88;0.0523598775598298;810.763;0.0523598775598298;204.729;;74.447;66.7512
LFCC;0.7740898007930408;0.0257590069241278;273.253;2.240594876114528;1502.356;29.0;13;;446.378;0.0488692190558412;;;;;269.4432;277.6728
LFCG;0.7506273567909293;0.0192541085251899;410.5656;2.672824618173373;1101.404;30.168;16;;;;;;;196.285;406.6032;415.857
LFCH;0.7783530425113135;-0.0194087721256449;15.392;4.405864134239784;1397.816;18.432;25;;;;;;393.279;107.621;15.0;15.92
LFCH;0.778346535451697;-0.0194008216535235;15.392;4.407212226554025;1178.467;76.23;25;L;;;;;377.562;;14.713;15.5448
LFCI;0.7664299675816703;0.0368294268782212;170.07840000000002;4.7005917763716845;1484.169;29.67;27;;343.968;0.0610865238198015;369.334;0.0558505360638185;93.317;67.95;172.0;168.393
LFCK;0.7601992648936082;0.0399538922018861;226.7712;2.466228074752627;1821.925;27.534;14;;452.788;0.0610865238198015;606.162;0.0645771823237902;153.375;;212.033;239.268
LFCR;0.7750639579420249;0.0433297609727518;579.4248;2.252587731536682;2058.309;42.723;13;;695.26;0.0610865238198015;604.202;0.0523598775598298;;52.017;581.8632;576.859
LFCY;0.7964054047960917;-0.0169682424601692;16.383;1.7679707102487512;1253.068;28.852;10;;;;;;138.371;243.496;8.584;24.757
LFCY;0.7963868023297958;-0.0169440399434659;16.383;1.7684739933918563;999.288;59.385;10;R;;;;;;232.832;12.192;24.111
LFDH;0.7624231929577101;0.0104680097946255;123.291;3.203976131576752;1905.825;30.426;18;;648.113;0.0523598775598298;437.058;0.0558505360638185;;211.055;122.2248;125.652
LFDH;0.7623895165835254;0.0104825999642694;123.291;3.2077924685191626;801.919;58.137;18;L;;;;;;;122.2248;123.444
LFDN;0.8009430489843287;-0.0171896073228091;16.764;2.141055013868692;2276.591;39.814;12;;773.637;0.0593411945678072;792.328;0.0523598775598298;;;18.288;16.154400000000003
LFGA;0.8396725470233786;0.1284384727207859;188.3664;0.1907575059259722;1609.231;29.698;1;;289.466;0.0523598775598298;499.816;0.0663225115757845;210.349;;191.49;186.2328
LFGA;0.8396858303195384;0.1284278070727093;188.3664;0.1913607266220465;948.101;76.921;1;L;;;;;;;189.524;186.904
LFGJ;0.8209844122446956;0.094723930028089;195.6816;0.9482365448504784;2230.427;42.845;5;;810.414;0.0523598775598298;810.414;0.0523598775598298;;;194.7672;196.596
LFGJ;0.8210111368321675;0.0946423031003808;195.6816;0.9491509402988906;801.941;48.173;5;L;;;;;;;195.6816;195.6816
LFGW;0.8573480850176268;0.0954525256494021;371.5512;1.740433690708948;1111.9104;17.461;10;;251.1552;0.0523598775598298;198.924;0.0523598775598298;;52.23;367.5888;377.252
LFGW;0.8573463178125871;0.0954073663435739;371.5512;1.7391752210517977;593.394;54.452;10;R;;;;;79.823;;367.748;373.38
LFHO;0.7774432362028003;0.0763091775778296;273.862;0.0661778726500132;1424.075;34.883;36;;;;407.238;0.0523598775598298;;;267.6144;280.1112
LFHP;0.7868045192120987;0.0656709309321559;829.208;2.636905218568553;1442.039;28.276;15;;326.4408;0.0610865238198015;;;89.78;25.218;825.3984;831.4944
LFHP;0.7867938984268432;0.0656551470213594;829.208;2.633380700677076;938.354;79.953;15;R;;;;;;149.945;828.7512;831.672
LFJL;0.8548662737545117;0.1090653723895857;262.28;0.6824911072389098;3049.894;44.016;4;;857.537;0.0523598775598298;1178.489;0.0523598775598298;202.847;;262.107;262.4328
LFJR;0.8300853133909013;-0.005459032906823;52.832;1.417334761654791;1819.925;45.4;8;;606.92;0.0523598775598298;;;;149.811;50.292;58.937
LFJR;0.8300851378407318;-0.00554389775988;52.832;1.4167656097857158;735.128;47.771;8;L;;;;;;;49.0728;52.329
LFJR;0.830062995112684;-0.0053576429311426;52.832;1.4205041050434877;1113.313;93.676;8;R;;;;;;;52.1208;56.083200000000005
LFKB;0.7426843318977742;0.1655223459158127;5.943;2.842625606704799;2536.284;39.823;16;;1031.4432000000002;0.0523598775598298;1031.4432000000002;0.0523598775598298;;;3.9624;7.9248
LFKC;0.7423014628297407;0.1534665589591333;40.386;6.280157160927376;2311.493;39.3192;36;;629.333;0.0610865238198015;830.719;0.0523598775598298;204.872;;64.854;19.812
LFKF;0.7243514579971326;0.158772605744899;19.2024;3.968336968835286;2478.781;44.176;23;;930.904;0.0610865238198015;922.297;0.0610865238198015;;;25.908;12.164
LFKJ;0.7316612383188238;0.1536012098402639;4.8768;0.4345825157037029;2252.316;45.04;2;;762.72;0.0523598775598298;735.745;0.0645771823237902;;73.979;4.572;5.245
LFLA;0.8351461321943181;0.0610366561283898;157.124;0.0954315142662739;1646.117;25.0;36;;;;518.259;0.0523598775598298;121.345;;159.4104;155.1432
LFLB;0.796534100625361;0.1026296641641249;235.762;3.0844846077999124;2011.445;41.612;18;;640.249;0.0778416846389471;620.789;0.0698131700797731;228.532;132.831;234.0;237.367
LFLB;0.7964791651256485;0.1026503634796678;235.762;3.0850516652738853;697.423;54.745;18;L;;;;;;98.97;235.762;235.762
LFLC;0.7991272516576531;0.0553111380642474;329.031;4.572895808847071;2859.602;25.0;26;;1125.0;0.0523598775598298;;;;;322.0;331.9272
LFLD;0.8213615232671689;0.0413553131062157;158.724;4.168315049199545;1684.531;41.983;24;;262.953;0.0523598775598298;537.465;0.0523598775598298;274.513;;157.5816;161.2392
LFLD;0.8213548699157445;0.0413727510897206;158.724;4.166801499672215;906.533;58.284;24;L;;;;;;;157.2768;158.496
LFLH;0.8172696945860802;0.0840828199640948;188.0616;6.11863391997231;1423.408;28.121;35;;245.798;0.0645771823237902;;;161.106;243.94;184.702;190.243
LFLH;0.8173161276059161;0.0841529698118319;188.0616;6.115050409952114;866.945;47.32;35;R;;;;;;;188.6712;188.976
LFLI;0.8062014378001867;0.1094051516932338;485.089;2.0502433337725696;1294.113;28.512;12;;302.405;0.0523598775598298;;;192.24;200.0;472.671;497.566
LFLL;0.7981154507006534;0.0888045343567375;241.782;3.056910849079355;4017.31;42.668;17;R;1703.855;0.0523598775598298;;;;;231.0384;248.1072
LFLL;0.798016376036653;0.0888952976954901;241.782;3.0570675796461844;2705.764;43.408;17;L;1048.082;0.0523598775598298;;;;;237.744;250.2408
LFLM;0.8080057541457762;0.0837054339130224;217.779;3.036052419188771;1193.798;25.0;17;;183.215;0.0610865238198015;;;108.884;;222.731;213.378
LFLN;0.8100818397087874;0.0700593730807672;241.0;5.727076283604389;2021.569;42.56;33;R;689.032;0.0523598775598298;712.77;0.0523598775598298;;;242.9256;238.6584
LFLN;0.810026997835832;0.0700244581026087;241.0;5.726437493098159;1417.917;29.035;33;L;;;;;;;242.0112;239.5728
LFLN;0.8100599486026493;0.0701645315334198;241.0;5.729061421095607;736.362;52.025;33;;;;;;;;241.7064;241.0968
LFLO;0.8038254481792534;0.0698288874115425;332.232;0.2828535040054672;1473.216;27.496;2;;;;431.808;0.0593411945678072;300.382;;337.391;325.5264
LFLO;0.8037791438962084;0.0697743108143986;332.232;0.2814497531413807;738.35;97.345;2;L;;;;;;;333.1464;335.28000000000003
LFLP;0.8016170094917747;0.1064467958410761;458.038;3.814076566496543;1667.137;26.967;22;;306.76;0.0925024503556994;348.866;0.0610865238198015;270.246;266.392;463.739;451.908
LFLP;0.8016034394636715;0.1064715757227814;458.038;3.8120601876117135;846.212;54.384;22;L;;;;;64.771;224.028;460.784;454.266
LFLS;0.7917329205226525;0.0930146175331245;382.8288;4.717130516363582;3070.366;47.409;27;;1223.756;0.0523598775598298;;;;;396.8496;373.0752
LFLU;0.7840297264194125;0.0867404154636147;160.02;0.1351782114812061;2100.243;42.346;1;;474.828;0.0523598775598298;690.261;0.0523598775598298;254.232;126.483;160.338;157.73
LFLU;0.7840177012328009;0.0867541083768367;160.02;0.134047634315654;1190.253;49.528;1;L;;;;;;;159.7152;159.7152
LFLU;0.784020580255581;0.0867721159231137;160.02;0.1342744625412309;400.333;53.707;1;R;;;;;;;160.9344;161.8488
LFLV;0.8058136591790792;0.0594046949392271;247.954;0.1415581142088849;2197.715;39.912;1;;;;;;;;249.0216;246.888
LFLW;0.7834973354203333;0.0422719736735697;631.698;2.616793091466122;1697.803;30.0;15;;;;544.101;0.0785398163397448;;;638.8608;624.5352
LFLX;0.8179094754755223;0.0302057239267873;159.4104;0.5785679203898604;3502.543;45.817;3;;1320.157;0.0523598775598298;1381.589;0.0523598775598298;;;160.9344;157.8864
LFLY;0.7980894283138593;0.0862940498992688;199.0344;2.8524409893521643;1819.304;41.817;16;;456.167;0.0523598775598298;;;301.132;300.619;196.761;201.308
LFMC;0.7572045428485574;0.1114753953367151;78.3336;2.2726563999407388;1399.885;28.812;13;;;;;;267.321;63.375;81.459;76.279
LFMC;0.7572049349106026;0.1114138045350205;78.3336;1.542627585332334;802.85;28.201;9;;170.68800000000002;0.0698131700797731;;;;;78.6384;77.724
LFMD;0.7600477241356131;0.1213168236640884;2.946;3.0143319711806265;1538.486;46.617;17;;422.025;0.0523598775598298;289.112;0.0523598775598298;120.396;283.614;4.123;2.063
LFMD;0.7600186413241973;0.1214190640828123;2.946;3.9284532283674873;758.019;16.744;22;;;;;;29.86;80.6;3.074;2.354
LFMD;0.760038238574787;0.1213367739655748;2.946;3.013944508086684;549.269;45.131;17;L;;;;;;;3.3528;2.4384
LFMH;0.794837759337366;0.0749874018348502;398.0688;3.0528698882622125;2302.343;37.0;17;;554.775;0.0523598775598298;733.759;0.0523598775598298;297.463;174.228;392.0;403.492
LFMK;0.7542625268160663;0.0402379713873054;126.644;4.82239463967694;2088.812;44.397;27;;648.39;0.0610865238198015;;;150.332;140.179;122.707;132.774
LFMK;0.7542724922140223;0.0403231561317824;126.644;4.821602085663609;790.384;37.304;27;R;;;;;;;123.7488;127.1016
LFML;0.7581397688216158;0.0909826126176778;9.829;2.339148732052742;3503.446;45.0;13;L;1033.315;0.0523598775598298;792.467;0.0698131700797731;341.395;661.645;0.937;19.387
LFML;0.7580557036971088;0.09100109609997;9.829;2.354386329087278;2372.765;45.0;13;R;795.569;0.0523598775598298;782.539;0.0523598775598298;;105.695;2.4384;19.339
LFMN;0.7620203521320584;0.1259441700878312;3.276;0.7824885250014485;2735.241;44.901;4;L;971.855;0.0523598775598298;837.091;0.0610865238198015;;172.257;3.364;3.041
LFMN;0.761943882478219;0.1259336916932688;3.276;0.7827095709512135;2961.147;43.277;4;R;1083.42;0.0523598775598298;1123.124;0.0523598775598298;;;3.048;3.6576
LFMP;0.746033495586742;0.0500863202924724;41.376;5.731184439597733;2500.884;44.500800000000005;33;;687.523;0.0523598775598298;884.385;0.0645771823237902;164.518;;41.256;39.624
LFMP;0.7458856940473577;0.0501228269255011;41.376;5.368036923727926;1083.188;18.854;31;;;;;;;;40.8432;43.891200000000005
LFMQ;0.7548954144355189;0.10098049905835;420.624;2.2150737118607786;1663.98;34.201;12;;;;477.902;0.0610865238198015;304.367;119.982;418.1856;423.0624
LFMS;0.7691601004112326;0.0722906391419547;194.1576;3.366822855703606;1401.4704000000002;29.916;19;;;;215.866;0.0523598775598298;;180.068;188.3664;201.75
LFMT;0.760604820895215;0.0692715819422946;3.048;2.1777433008221845;2588.659;44.465;12;L;949.627;0.0523598775598298;991.711;0.0523598775598298;;;5.1816;1.8288
LFMT;0.7604928081837216;0.0690707447461431;3.048;2.1786549910102564;1094.635;29.144;12;R;;;;;98.908;;3.139;2.1336
LFMU;0.7561355652013475;0.0585499996805961;14.173;1.6470073503137053;1996.518;41.586;9;;687.129;0.0523598775598298;758.438;0.0593411945678072;;;15.8496;12.4968
LFMV;0.7663267440819972;0.0855534388441313;34.798;2.949772940281057;1877.89;43.751;17;;449.0;0.0523598775598298;414.73;0.0593411945678072;200.0;311.69;34.0;38.18
LFMV;0.7663706433277199;0.0855262168645123;34.798;2.949503461444549;700.563;49.3776;17;R;;;;;;;33.2232;34.7472
LFMV;0.7663512333306441;0.0855936749429834;34.798;2.949268714660156;468.812;33.614;17;L;;;;;;;34.1376;34.7472
LFMY;0.7610892632913281;0.0891642951707909;58.8264;5.928458655884802;1999.524;46.709;34;;694.962;0.0610865238198015;694.962;0.0523598775598298;;;58.216800000000006;59.436
LFMY;0.7611207628434109;0.0892579609390128;58.8264;1.6009106914944122;764.975;56.679;9;;;;;;;;58.8264;58.8264
LFMY;0.7611075263606296;0.0892947484523127;58.8264;2.865314188849024;1069.37;81.677;16;R;;;;;;;58.8264;58.8264
LFMY;0.7611471480338885;0.0893197389942215;58.8264;2.8657679744545423;946.0;81.694;16;L;;;;;;;58.8264;58.8264
LFNB;0.7766941226677861;0.0616652115597702;1017.27;2.191618319309689;1298.821;26.0;12;;344.755;0.0523598775598298;;;204.472;250.469;1009.338;1025.756
LFOB;0.8631050597215885;0.0369606213715699;103.174;2.1595466725738173;2427.578;44.886;12;;752.879;0.0523598775598298;;;44.098;;107.598;90.5256
LFOB;0.8632358445978748;0.0369999212028513;103.174;0.7229984538484462;706.453;18.181;4;;;;;;;;105.4608;109.4232
LFOC;0.8387729109213524;0.0240266154335448;130.4544;1.7116037312592676;2301.034;44.897;10;;;;845.717;0.0523598775598298;;;131.6736;129.23520000000002
LFOH;0.864532534221631;0.001543788190689;93.116;0.7513918191857404;2287.2192;38.658;4;;902.195;0.0645771823237902;817.528;0.0523598775598298;;;94.488;91.7448
LFOI;0.8751698211930448;0.0319735297382332;65.024;3.519533056600728;1252.808;23.031;20;;;;;;;;66.1416;64.92240000000001
LFOI;0.8751475029148275;0.0319418292787342;65.024;3.518724271025354;885.929;100.105;20;R;;;;;;;65.024;65.024
LFOI;0.8751676034092366;0.0318996894358216;65.024;2.312844874895936;552.532;79.103;13;;;;;;;;65.024;65.024
LFOK;0.8513056774413833;0.0730292762329639;173.888;1.766536224136537;3859.946;44.119;10;;1477.927;0.0523598775598298;1438.532;0.0523598775598298;110.426;111.509;168.878;178.898
LFOP;0.8619347896265701;0.0205277601150338;153.6192;3.859816061137708;1696.293;42.813;22;;543.346;0.0523598775598298;;;;;156.0576;151.7904
LFOP;0.8619719009324049;0.0207374528419585;153.6192;3.920887051527167;1197.58;28.779;23;;;;;;239.364;144.033;153.6192;153.6192
LFOP;0.86196878199106;0.0207670466994234;153.6192;3.906079678153248;895.223;61.909;22;L;;;;;74.594;79.15;156.347;151.271
LFOV;0.8383164512222595;-0.012978439636486;98.221;2.485339779127815;1780.6416000000002;29.192;14;;;;377.655;0.0523598775598298;;207.867;99.076;97.79
LFOV;0.8383409053608726;-0.0129858829636733;98.221;2.484475492082228;1438.263;76.848;14;L;;;;;;;98.7552;97.2312
LFPB;0.8546690899524434;0.0425721254522865;49.3776;4.324714701602457;2988.987;43.123;25;;161.0;0.0523598775598298;;;888.326;297.047;61.401;45.678
LFPB;0.8545062320601872;0.0424899523684953;49.3776;3.5741100259093663;2664.786;58.783;21;;;;726.743;0.0593411945678072;;266.593;52.7304;42.792
LFPB;0.8545899343810103;0.0424681451363271;49.3776;4.630052549323081;1811.175;42.698;27;;440.871;0.0523598775598298;;;;;50.5968;45.110400000000006
LFPG;0.8551049751716695;0.0451005082248158;108.127;4.63183156342964;2700.974;57.191;26;L;878.472;0.0523598775598298;878.806;0.0523598775598298;;;96.6216;102.7176
LFPG;0.855163099832795;0.0450552630944602;108.127;4.631510946446048;4217.313;46.065;26;R;1060.573;0.0523598775598298;1685.73;0.0523598775598298;601.152;;96.04;103.0224
LFPG;0.8555982945546877;0.0443610050863037;108.127;4.631299238007782;4201.173;45.269;27;L;1037.188;0.0523598775598298;1692.098;0.0523598775598298;602.292;;118.771;113.0808
LFPG;0.8556601759894407;0.0443875482719339;108.127;4.631082817180534;2711.582;60.5;27;R;893.45;0.0523598775598298;974.385;0.0523598775598298;;;119.4816;115.2144
LFPM;0.8483078364549875;0.0467071277717306;91.287;1.807111464053976;1940.603;42.795;10;;818.065;0.0523598775598298;;;;53.912;90.2208;91.493
LFPM;0.8484322254534314;0.0466514198512721;91.287;0.22132221793238;1369.638;28.805;1;;;;;;69.126;;90.8304;92.6592
LFPN;0.8508664801756259;0.0367649726582061;158.267;1.2423113989355477;1045.405;19.697;7;R;318.965;0.0523598775598298;394.616;0.0523598775598298;;;163.3728;152.0952
LFPN;0.8508970200534486;0.0367535189849242;158.267;1.2426107229022647;1100.516;29.558;7;L;271.129;0.0523598775598298;269.329;0.0610865238198015;;;163.9824;153.6192
LFPO;0.8504591101556007;0.0408195573955542;86.664;1.0783246257412906;3651.7;43.986;6;;;;;;300.795;;86.204;86.86800000000001
LFPO;0.850460315600098;0.0415707326697814;86.664;0.3192356253015749;2398.876;57.632;2;;;;894.638;0.0628318530717958;;;87.47760000000001;87.47760000000001
LFPO;0.8503841385298744;0.0415444235510439;86.664;1.2978334640341411;3323.065;43.365;7;;1356.732;0.0523598775598298;;;;432.97;84.42960000000001;87.937
LFPT;0.8568379654833864;0.0355271098962534;93.421;0.7771085999420535;1694.507;44.821;5;;624.942;0.0558505360638185;380.669;0.0558505360638185;;178.289;83.51520000000001;96.402
LFPT;0.8569312177334312;0.035521749764411;93.421;2.059627445561768;1606.604;49.154;12;;;;;;60.683;124.707;98.528;96.395
LFQB;0.8433795287711907;0.0701025974336159;114.452;3.0325303447582463;1644.451;26.427;17;;557.758;0.0523598775598298;382.698;0.0523598775598298;;114.944;111.252;117.465
LFQB;0.8433698501051783;0.070040249815635;114.452;3.0324488378821783;894.012;98.987;17;R;;;;;;;113.3856;113.9952
LFQB;0.8433263429215009;0.0700181070875872;114.452;4.057074569461509;729.639;102.153;23;;;;;;;77.488;113.3856;118.212
LFQE;0.8591202698305234;0.0989797966886848;228.142;3.37808057844482;1720.0;40.06;19;;;;;;;;231.648;224.6376
LFQG;0.8203510038264067;0.0543384184760959;175.183;5.27072329875618;1626.865;28.679;30;;120.442;0.0610865238198015;;;388.19;146.273;178.505;172.582
LFQG;0.8203608931526225;0.054342959373814;175.183;5.271959689998292;932.037;55.553;30;R;;;;;;;177.39360000000002;173.12640000000002
LFQP;0.8511307709558261;0.1256728007346846;309.219;0.9988670280143844;2198.333;39.892;6;;;;;;996.777;;307.193;309.9816
LFQQ;0.882537626697432;0.0541520232072229;44.881;4.492466673592042;2851.787;43.894;26;;;;1031.104;0.0523598775598298;306.491;;39.429;47.5488
LFQQ;0.8825602200042482;0.0539011113004967;44.881;3.399931577081013;1573.34;28.921;19;;;;;;;;46.6344;45.110400000000006
LFQT;0.8834577378008955;0.046115937218652;17.9832;3.794347364632;1852.0;28.041600000000003;22;;661.213;0.0610865238198015;624.36;0.0610865238198015;;59.0;18.288;18.288
LFQT;0.8835633838929079;0.0462902546358626;17.9832;3.796677902782188;990.23;73.696;22;L;;;;;;;17.6784;17.6784
LFQV;0.8688947569771469;0.0811044669970723;148.4376;1.9571952934926968;1531.175;27.177;11;;;;256.222;0.0523598775598298;;204.565;149.9616;146.409
LFQW;0.8314508771978295;0.1082852118318146;376.885;1.4370124763064012;1443.869;17.735;8;;;;;;;;376.885;376.885
LFRB;0.8455746432008034;-0.077117894296508;93.649;1.2417518463773582;3101.48;42.802;7;R;1090.19;0.0523598775598298;807.661;0.0523598775598298;;304.024;88.08720000000001;95.849
LFRB;0.8456267933044932;-0.0771073846930266;93.649;1.2417589149608288;702.491;17.193;7;L;;;;;;;94.7928;96.6216
LFRC;0.8665588279048965;-0.0256595206925079;134.112;1.759079828506167;2440.039;42.795;10;;923.812;0.0523598775598298;;;;;137.7696;130.4544
LFRD;0.8480159257814506;-0.0363046254981372;62.687;5.15088969044595;1439.256;40.2;30;;;;;;144.799;;65.068;63.7032
LFRD;0.8480264353849319;-0.0363051170386118;62.687;2.969649098868619;2183.953;42.903;17;;818.559;0.0610865238198015;835.471;0.0523598775598298;;;58.8264;60.3504
LFRE;0.8253364179803456;-0.0409610586344107;31.0896;1.862963221848271;939.385;23.768;11;;;;;;;;32.308800000000005;29.8704
LFRF;0.8531570529357468;-0.0273243994890115;11.125;4.2702630469341125;958.229;27.368;24;;;;;;129.721;;7.691;13.716
LFRG;0.8615865273486197;0.0026932750961944;142.6464;5.1855093433568085;2557.762;56.997600000000006;30;;562.372;0.0523598775598298;597.403;0.0610865238198015;417.63;449.2752;140.8176;144.519
LFRI;0.8151032474991489;-0.0240622014034623;88.315;4.912973562664017;1549.125;29.205;28;;173.379;0.0610865238198015;523.529;0.0523598775598298;287.785;;87.78240000000001;88.08720000000001
LFRI;0.8151317978083839;-0.0240957431891837;88.315;4.913581286309561;899.401;80.348;28;R;;;;;99.917;;90.602;87.17280000000001
LFRK;0.8582830301104142;-0.0079550052169455;70.104;2.187294789686649;1899.043;43.217;13;;432.362;0.0523598775598298;;;295.87;;70.352;70.7136
LFRK;0.8583190530051981;-0.0079288131316543;70.104;2.187443666271844;817.249;48.454;13;L;;;;;;;67.9704;71.3232
LFRM;0.8368472133368899;0.0035136171372094;52.1208;3.495613319202146;1409.674;26.19;20;;130.972;0.0698131700797731;400.037;0.0523598775598298;269.065;;57.11;48.768
LFRN;0.8390135785004088;-0.0302342410765458;32.08;1.756511576511857;2098.035;46.131;10;;725.169;0.0523598775598298;;;73.886;;24.263;36.8808
LFRN;0.8389256454205003;-0.0303158836087135;32.08;2.481391844359804;853.924;28.19;14;;;;;;;;33.528;33.2232
LFRO;0.8509249910471242;-0.0606013775325272;86.106;5.018673320158671;1621.2312000000002;46.684;29;;;;283.165;0.0610865238198015;156.755;227.338;87.786;84.234
LFRQ;0.8373225914925839;-0.0727974563824509;86.56320000000001;1.6325621327595743;2141.853;37.21;9;;661.463;0.0523598775598298;;;104.664;;89.588;83.82000000000001
LFRQ;0.8372654850224417;-0.0727955838473094;86.56320000000001;3.7112428141665887;758.513;38.89;22;;;;74.457;0.0523598775598298;;;86.56320000000001;86.56320000000001
LFRS;0.8229779190079682;-0.028112479309985;24.384;3.619780580045077;2905.1;42.596;21;;1036.878;0.0541052068118242;1105.787;0.0523598775598298;210.456;;26.843;22.250400000000003
LFRT;0.8471524764210333;-0.049823260314016;134.264;1.025884463035869;2186.141;39.3192;6;;788.271;0.0523598775598298;;;;;137.16;131.3688
LFRU;0.8482876013721151;-0.0665979216517069;80.924;0.6983805847490662;1586.495;28.985;4;;;;488.447;0.0523598775598298;116.36;;75.854;79.8576
LFRU;0.8482696016280677;-0.0665480107879572;80.924;1.5557821319046157;471.539;78.653;9;;;;;;;;84.73440000000001;82.9056
LFRU;0.8482882860177762;-0.0665570925833933;80.924;5.796960314051794;843.139;80.147;33;;;;;;;;83.51520000000001;78.3336
LFRV;0.8329279387690869;-0.0474475593755837;132.74;3.8233269860650383;1530.615;41.521;22;;;;460.508;0.0523598775598298;;;133.1976;130.7592
LFRV;0.8329527323046942;-0.0475509701287709;132.74;4.574386145495349;993.525;60.787;26;;;;;;;;134.112;132.789
LFRZ;0.825753776805016;-0.0375093677947753;3.505;1.281890055850098;2406.919;35.0;7;;898.659;0.0523598775598298;;;;;3.6576;3.3528
LFSB;0.830808673716048;0.1312644871518207;267.385;2.703075188367714;3904.5;59.231;15;;1606.915;0.0523598775598298;554.231;0.0610865238198015;;1121.022;263.3472;270.189
LFSB;0.8305966851830174;0.1313885113960236;267.385;1.3419375851661874;1712.886;56.997600000000006;7;;;;517.442;0.0523598775598298;;112.394;268.5288;269.508
LFSD;0.8250558888094655;0.0887541163480537;220.218;0.2623072262516022;1852.0;34.279;1;;;;;;;;221.5896;221.5896
LFSD;0.8249443149733959;0.0889244624303184;220.218;3.054033848340368;2397.514;41.123;17;;883.176;0.0523598775598298;911.16;0.0523598775598298;;;221.2848;216.408
LFSG;0.8434340605055135;0.1059406417901091;322.7832;4.627010964035631;2697.524;43.603;26;;789.326;0.0523598775598298;1043.962;0.0523598775598298;254.636;;313.634;330.4032
LFSL;0.7860980234065695;0.0259082869860511;303.5808;5.141483936574027;2102.441;43.639;29;;;;;;;;297.4848;309.6768
LFSM;0.8287984662799823;0.118533307978535;314.8584;1.386546979116686;1704.804;22.198;8;;;;308.252;0.0698131700797731;363.957;383.46;312.984;317.038
LFSM;0.8288052893299039;0.1185282911448018;314.8584;1.3883184010409977;855.557;51.762;8;L;;;;;;;313.3344;316.0776
LFSN;0.8498479556471338;0.1087657199535733;222.046;0.4899072887836507;1590.77;35.6616;3;;;;490.585;0.0610865238198015;;;213.36;230.7336
LFSN;0.8497983042075234;0.1087482273544601;222.046;0.4945763935985859;540.393;37.62;3;R;;;;;;;222.046;222.046
LFST;0.8471534653536549;0.1331379273519344;151.4856;3.9903146783751744;2397.59;44.0;23;;;;924.612;0.0610865238198015;;;149.6568;153.3144
LFTW;0.7637112104030924;0.0770796243595544;92.964;3.0894701408082343;2443.645;48.0;18;;868.904;0.0523598775598298;899.352;0.0523598775598298;;;91.7448;94.1832
LFVP;0.8161620315331822;-0.9804486876080294;7.010400000000001;1.0205984890501087;1796.736;42.092;8;;593.568;0.0523598775598298;593.568;0.0523598775598298;;;8.636;5.385
LGAD;0.661839880058996;0.3716247753892761;13.1064;2.872528158246292;3138.485;43.018;16;L;1264.442;0.0436332312998582;;;;;9.4488;16.764
LGAD;0.6618166489198972;0.3715889553524659;13.1064;2.8727222388591143;3328.422;19.309;16;R;1359.411;0.0436332312998582;1165.906;0.0436332312998582;;193.506;13.1064;13.1064
LGAD;0.6617743179223556;0.3717264774541468;13.1064;3.109431995062069;2701.022;25.0;18;;686.061;0.0436332312998582;542.355;0.0436332312998582;359.651;503.356;13.1064;13.1064
LGAL;0.7130684097271688;0.4530202967651696;5.1816;4.413219824372314;2576.082;42.0;25;;983.241;0.0523598775598298;983.241;0.0523598775598298;;;7.315200000000001;3.048
LGAV;0.6620939713743477;0.4176904272371501;84.582;3.7851601259824266;3799.709;46.0;21;R;1236.238;0.0523598775598298;1197.587;0.0523598775598298;299.529;300.164;86.725;76.953
LGAV;0.6621459517795402;0.4181313078339776;84.582;3.785253326564483;3998.869;46.0;21;L;1335.84;0.0523598775598298;1336.61;0.0523598775598298;298.211;298.812;92.883;81.767
LGBL;0.6845087670748453;0.3978363740570954;15.5448;1.42147764970025;2736.088;42.823;8;;;;;;;;25.2984;5.7912
LGBL;0.6844793741247965;0.3978438485932016;15.5448;1.42192375585706;2720.426;25.0;8;R;;;1055.413;0.0436332312998582;;;15.5448;15.5448
LGEL;0.6643714071301169;0.4110890698717377;22.86;3.1387915746732675;2857.103;25.0;18;;860.966;0.042760566673861;822.256;0.0523598775598298;262.785;301.495;22.86;22.86
LGHI;0.6692182829419494;0.4562393251134783;2.59;3.307666840569436;1520.0;25.0;19;;364.305;0.0523598775598298;322.498;0.0523598775598298;90.89;132.697;2.759;2.406
LGIO;0.6928487518629732;0.3634111574648352;473.506;2.4748128257444115;2402.925;37.362;14;;896.663;0.0527089434102287;772.391;0.0528834763354281;;124.272;472.44;474.686
LGIR;0.6167939464807666;0.4394800029594878;24.6888;2.206960636099345;1579.047;48.1584;12;;;;;;;;15.24;35.052
LGIR;0.6167998215597729;0.4394054448519387;24.6888;1.6551169354166344;2717.032;43.508;9;;;;1053.716;0.0523598775598298;480.156;;23.579;24.6888
LGKF;0.6653230236373356;0.3577981865649243;12.4968;2.555110014107989;2432.569;44.879;14;;884.858;0.0523598775598298;659.865;0.0523598775598298;26.627;251.619;9.7536;15.947
LGKL;0.6469639283930413;0.3844160473361432;6.4008;2.9567769465693106;2699.302;37.973;17;R;;;;;;31.039;7.9248;4.8768
LGKL;0.6469619271211089;0.3844386347912872;6.4008;2.958194677520705;2882.011;25.0;17;L;1136.206;0.0523598775598298;1136.206;0.0523598775598298;;;6.4008;6.4008
LGKO;0.6421867050367989;0.4728299240489933;119.634;2.5841030745762685;2388.256;46.097;14;;889.328;0.0523598775598298;889.328;0.0523598775598298;;;125.5776;113.6904
LGKP;0.618215879447125;0.4737823578397788;15.087;2.176024587841283;2094.374;48.808;12;;742.387;0.0523598775598298;;;;;10.733;19.442
LGKP;0.6181872238077883;0.4737823344330896;15.087;2.17506572140353;2432.321;31.959;12;R;729.865;0.0523598775598298;759.952;0.0523598775598298;181.495;151.408;15.087;15.087
LGKR;0.6911854666718974;0.347532207707603;1.676;2.944579538558823;2376.203;38.8;16;;473.381;0.0523598775598298;819.264;0.0537561409614253;409.92;64.037;1.894;1.515
LGKV;0.7141117863079914;0.429668628821135;4.419;0.9645308340273422;2994.686;27.09;5;L;;;1192.543;0.0523598775598298;;;4.419;4.419
LGKV;0.7140840318261916;0.4296935101318272;4.419;0.9648190577000164;2998.234;42.305;5;;1194.317;0.0518362787842315;1194.317;0.0523598775598298;;;3.3528;5.486400000000001
LGKZ;0.7031182963392931;0.3812104856363935;612.3432;2.498851245532129;1824.02;25.0;14;;;;;;180.19;;627.597;599.8464
LGMK;0.6533668282423778;0.4424102707845237;119.4816;2.8034255117050058;1899.349;27.722;16;;644.874;0.0523598775598298;644.874;0.0523598775598298;;;120.396;118.5672
LGMT;0.6816859320524359;0.4642339110419765;12.039;2.5849966831532893;2439.576;43.891200000000005;14;;834.783;0.0523598775598298;341.777;0.0523598775598298;80.205;573.211;18.197;3.019
LGPZ;0.6793791091982904;0.3624152964632271;3.048;4.328862651102747;2868.862;42.076;25;R;998.079;0.0476474885794451;1129.631;0.0471238898038469;131.552;;3.386;2.7432000000000003
LGPZ;0.6793635847116333;0.3624470983517129;3.048;4.328550935298341;2534.536;27.411;25;L;962.468;0.0476474885794451;962.468;0.0474729556542457;;;3.048;3.048
LGRP;0.6353931826536088;0.4901965249538194;5.638;4.363422613753188;3302.304;45.433;24;;1346.352;0.0523598775598298;1346.352;0.0523598775598298;;;5.486400000000001;5.7912
LGRX;0.6658645959102804;0.3739490284246967;12.649;3.196805271812008;3347.565;42.27;18;R;;;;;198.151;204.5208;11.092;14.211
LGRX;0.6658634372791616;0.3739769604072236;12.649;3.1969359969729823;3301.967;20.034;18;L;;;;;;;11.252;14.046
LGSA;0.6201075612604083;0.4215009504254979;140.055;1.9508133225498543;3352.708;27.064;11;R;1371.554;0.0523598775598298;1371.554;0.0523598775598298;;;140.055;140.055
LGSA;0.6201385692720165;0.4215172726901475;140.055;1.9499471156420896;3348.368;40.943;11;;;;;;;;130.7592;149.352
LGSK;0.6837741130221265;0.4102183176242686;9.601;0.332152405669857;1628.173;29.721;1;;451.113;0.0523598775598298;509.286;0.0523598775598298;58.174;;2.237;16.4592
LGSM;0.657799335434094;0.4697121218295401;4.572;4.7880381824172815;2116.34;45.194;27;;683.229;0.0523598775598298;683.496;0.0523598775598298;70.142;69.874;3.3528;5.878
LGSR;0.6352914045169981;0.4446928130996683;26.8224;2.779556912453507;2195.935;30.384;15;;835.152;0.0527089434102287;835.152;0.0514872129338327;70.984;;38.213;16.154400000000003
LGST;0.6146378334471472;0.4555519642764262;105.4608;4.0202666227345;2079.179;46.401;23;;;;;;;;96.3168;114.6048
LGTG;0.6691544060869362;0.4112850462787512;142.6464;1.7964529128449718;2988.237;41.687;10;C;975.459;0.0436332312998582;;;213.86;;147.955;138.054
LGTG;0.6691888899919007;0.4112476735982197;142.6464;1.7973583896609064;2886.927;25.0;10;L;1138.664;0.0436332312998582;1138.664;0.047996554429844;;;142.6464;142.6464
LGTG;0.6691130113569653;0.41132443193456;142.6464;1.796676070643132;2992.077;25.0;10;R;1134.612;0.0436332312998582;929.841;0.047996554429844;56.627;261.398;142.6464;142.6464
LGTS;0.707203723290867;0.4009187229445368;5.1816;2.9046287774477477;2427.525;58.407;16;;908.962;0.0523598775598298;;;;;3.6576;6.7056
LGZA;0.6588817543726161;0.3644977427940469;3.505;2.8543060481908453;2235.0;44.226;16;;611.757;0.0506145483078355;608.42;0.0462512251778497;200.945;204.283;3.32;3.691
LHBP;0.827882843409186;0.3364246023264921;137.922;2.3115913794271536;3704.0;43.26;13;L;1548.124;0.0523598775598298;1548.124;0.0523598775598298;;;150.876;127.1016
LHBP;0.8279772894003835;0.3357228151666209;137.922;2.3110672570527795;3009.543;43.431;13;R;1199.972;0.0523598775598298;;;;;136.8552;136.8552
LHDC;0.828856889376396;0.3772344147370811;108.966;0.83461784456709;2460.453;73.251;4;L;;;;;;;108.966;108.966
LHDC;0.828838175728326;0.3772591243987186;108.966;0.8349948356855207;2499.311;39.3192;4;R;904.588;0.0523598775598298;601.112;0.0523598775598298;;296.399;108.204;109.936
LHKE;0.8188647551296114;0.3446876395742081;114.452;5.286259172559882;2490.206;62.505;30;;980.5;0.0523598775598298;946.194;0.0523598775598298;;;113.3856;115.5192
LHPP;0.8026632241336712;0.3183843178933763;196.596;2.7505479694890345;1500.0;29.878;16;;;;;;;;198.12;195.072
LHPR;0.8312720266851304;0.3107555317047627;128.168;5.227326035971191;2028.13;30.577;30;;;;;;;;129.84480000000002;126.492
LHSM;0.8148307409710153;0.2994831978468115;123.444;2.883457759088131;2500.39;58.586;16;;;;;;;;124.968;121.92
LHSN;0.8224482314814995;0.3531772769807303;89.00160000000001;0.3697003196398342;2004.447;70.286;2;;694.347;0.0523598775598298;694.347;0.0523598775598298;;;89.00160000000001;89.00160000000001
LHTA;0.8097017618884492;0.3126710103188022;153.386;6.01966397754042;2300.787;58.836;1;;;;;;;;153.386;153.386
LHTA;0.8097124353387556;0.3127186819426119;153.079;6.017029053968683;2488.538;50.0;34;;;;;;;;153.079;153.079
LHTL;0.8263345845408467;0.3312778770723459;100.524;2.4844147546242583;2484.042;61.594;14;;;;;;;;101.431;99.618
LIBA;0.725002298547254;0.2742593146527349;54.94;1.9863737079275376;2664.129;43.362;11;L;;;1027.265;0.0523598775598298;;;54.2544;55.473600000000005
LIBA;0.7249536770019714;0.2741533837793364;54.94;3.5538214460195583;910.58;28.139;20;;;;150.49;0.0436332312998582;;;54.94;54.94
LIBC;0.6806304659166063;0.2981062837461457;157.734;2.9472560009667563;1999.796;44.378;17;;469.485;0.0523598775598298;673.495;0.0523598775598298;167.558;;159.0;156.6672
LIBD;0.7179866759412695;0.2924712559427144;45.872;1.2115117481585291;2999.071;43.589;7;;554.014;0.0523598775598298;1196.0;0.0523598775598298;551.604;;58.8264;32.9184
LIBF;0.7231406416646294;0.271138079452189;80.1624;2.731964052679649;1447.286;42.644;15;;418.393;0.0523598775598298;362.0;0.0523598775598298;;124.104;79.248;81.205
LIBG;0.7070488353763066;0.303775024984353;63.245;2.944163277532222;3199.559;44.092;17;;964.062;0.0558505360638185;870.721;0.0523598775598298;217.942;249.799;64.839;61.623
LIBN;0.7022998580423386;0.3164863162739905;47.091;2.544783249989789;2023.295;59.797;14;;662.835;0.0523598775598298;556.56;0.0523598775598298;60.85;133.709;46.0248;48.241
LIBP;0.7405646630793454;0.2475393070895492;11.125;3.7950805774507614;2415.8448000000003;42.71;22;;733.266;0.0523598775598298;806.494;0.0523598775598298;182.5752;103.448;7.717;14.307
LIBR;0.709602944050899;0.3132036919509399;8.5344;0.9160911230471244;1799.59;44.204;5;;595.705;0.0523598775598298;683.813;0.0523598775598298;;;14.0208;3.9624
LIBR;0.7097485687681816;0.3130790357261268;8.5344;2.3938447328163663;3049.835;44.372;13;;928.954;0.0523598775598298;988.032;0.0523598775598298;148.372;;8.924;7.19
LIBV;0.7114747067716152;0.2955436101738384;349.91040000000004;2.459545907178441;2998.779;42.719;14;R;1057.342;0.0523598775598298;1061.625;0.0523598775598298;207.116;89.902;342.775;362.065
LIBV;0.7115928754423859;0.2955432278645803;349.91040000000004;2.4612544099832183;2996.404;28.371;14;L;1134.66;0.0523598775598298;1133.274;0.0523598775598298;119.112;119.904;342.217;351.816
LICA;0.6790203373168587;0.2835423061875458;9.296;1.7195962920358503;3016.761;46.016;10;;1085.687;0.0523598775598298;777.966;0.0523598775598298;98.772;369.421;5.7912;13.77
LICB;0.6456868886849259;0.2549548271300098;215.95;0.8739541974215858;2537.484;43.564;5;;831.057;0.0523598775598298;916.017;0.0610865238198015;135.918;;199.807;230.4288
LICC;0.6539184244300017;0.2629535638447383;8.5344;4.607179660409845;2666.513;45.209;26;;743.343;0.0523598775598298;702.377;0.0523598775598298;174.338;234.602;5.254;11.842
LICD;0.6195564273548976;0.2202272741347011;16.764;1.4060979828646012;1799.01;46.711;8;;561.495;0.0523598775598298;534.285;0.0523598775598298;;;13.4112;20.1168
LICG;0.642561908414097;0.2088621171493416;185.0136;1.3319944444175758;1991.782;44.93;8;;564.586;0.0610865238198015;583.0;0.0610865238198015;73.754;178.02;191.7192;181.356
LICG;0.6425058610966441;0.2088556569031036;185.0136;3.624654062915421;1092.668;29.0;21;;299.48;0.0523598775598298;;;;359.125;178.91760000000002;192.692
LICJ;0.6663700926233902;0.228708188648356;11.201;1.1676051982978084;3325.056;58.741;7;;1260.477;0.0523598775598298;1164.744;0.0523598775598298;117.8;202.266;9.848;15.592
LICJ;0.6662757402589499;0.2284722180116128;11.201;0.4154825224877955;2074.894;43.155;2;;712.458;0.0523598775598298;674.127;0.0523598775598298;;;12.8016;6.7056
LICP;0.6652367875423989;0.2323646880190888;105.156;6.16491743374132;1170.893;29.136;35;;;;;;289.67;227.216;117.383;92.929
LICR;0.6645072302962683;0.2731457804219455;15.087;2.6679680649967734;1997.303;44.674;15;;379.337;0.0567232006898157;614.797;0.0610865238198015;251.085;53.183;27.892;9.336
LICR;0.664486017984119;0.2731150474389363;15.087;1.9659046609930737;1747.294;42.309;11;;;;;;;;11.5824;12.8016
LICT;0.6616790468453613;0.2179559202170268;4.953;5.373101171085514;2698.825;43.268;31;L;766.297;0.0523598775598298;1037.2344;0.0523598775598298;249.108;;7.776;2.7432000000000003
LICT;0.6617186041502248;0.2179631762906999;4.953;5.373454251193192;2430.37;28.749;31;R;868.691;0.0523598775598298;924.819;0.0523598775598298;;;7.586;2.416
LICZ;0.652815659226833;0.2604451547803846;21.717;1.7173140995059426;2399.354;27.232;10;L;825.828;0.0523598775598298;899.651;0.0523598775598298;45.017;;24.183;18.805
LICZ;0.6527813625753827;0.2604431183984182;21.717;1.7171578925378892;2463.151;42.884;10;R;880.559;0.0523598775598298;909.201;0.0401425727958695;106.369;109.074;24.59;19.275
LIDT;0.8032390579480323;0.1941658605874569;185.47;0.0003410362886421;1259.845;27.682;36;;;;;;65.2272;;184.7088;186.2328
LIDT;0.803179681029031;0.1941782115171608;185.47;3.150522281641772;225.156;30.0;18;L;;;;;;;185.47;185.47
LIEA;0.7091645543159214;0.1447013389953962;23.622;3.5694990405585227;3004.297;44.22;20;;1098.166;0.0523598775598298;1216.645;0.0523598775598298;;;26.5176;20.7264
LIED;0.686855773362792;0.1566218899037133;26.974;2.91497072593044;2686.59;44.281;17;L;1062.498;0.0523598775598298;1094.688;0.0523598775598298;;;29.788;25.381
LIED;0.6868456967830621;0.1565813339134411;26.974;2.914168223540373;2764.613;29.803;17;R;950.492;0.0523598775598298;960.017;0.0523598775598298;149.58;149.543;28.041600000000003;24.6888
LIEE;0.6850671980157353;0.1580275552210303;2.4384;2.4099033327310413;2802.924;44.667;14;;1115.014;0.0523598775598298;1065.869;0.0523598775598298;;;3.048;1.8288
LIEO;0.7138163470760472;0.166114121636123;9.144;4.106819071137226;2443.949;43.832;23;;767.313;0.0523598775598298;690.248;0.0610865238198015;;;7.315200000000001;11.331
LIET;0.6967221668748275;0.1689829547040593;5.115;2.109925460956461;1433.117;26.413;12;;;;;;244.101;152.183;8.2296;2.0
LILE;0.7940480820098499;0.1414188004968729;273.7104;2.725177339883269;1500.02;30.437;16;;;;360.805;0.0523598775598298;91.0;150.44;280.416;266.365
LILI;0.7908076072824991;0.1469140825631428;127.1016;1.4426827019802806;572.36;30.289;8;;;;;;;;127.544;126.659
LILN;0.7983524258744776;0.1551261634483218;330.86;3.059116945253876;1472.484;19.353;17;;;;447.571;0.0523598775598298;;;336.898;324.822
LIMA;0.7869054488562235;0.132704209202023;283.54;4.911619536230319;1072.747;29.367;28;R;;;;;248.501;;278.29;287.4264
LIMA;0.7868807899090794;0.1327308616188698;283.54;4.91098615624477;776.972;39.8;28;L;;;;;;;283.54;283.54
LIMC;0.7963659762280193;0.1522530157473303;220.6752;6.091970524989591;3843.301;54.444;35;L;1226.355;0.0523598775598298;1466.985;0.0523598775598298;336.213;;209.752;232.86720000000005
LIMC;0.7964465010907745;0.1524151382794322;220.6752;6.091930906015571;3916.308;61.204;35;R;;;604.346;0.0558505360638185;;940.708;210.6168;232.292
LIME;0.7970518448886306;0.1694299756557048;239.42;1.830279139077874;2874.292;44.547;10;;881.357;0.0610865238198015;871.022;0.0523598775598298;216.212;131.751;238.764;229.386
LIME;0.7972006704706707;0.1694042907153478;239.42;2.120121779166368;843.036;18.826;12;;;;;;61.272;126.452;245.454;244.31
LIMF;0.7889017878288976;0.1335113888814395;291.9984;0.0445804267209033;3305.078;60.194;36;;879.072;0.0523598775598298;573.395;0.0523598775598298;348.259;726.135;282.381;304.09
LIMG;0.7688273158065607;0.1418500609444111;38.252;1.6233078734667248;1426.812;44.016;9;;394.489;0.0523598775598298;499.67;0.0523598775598298;87.499;;45.29;32.004000000000005
LIMJ;0.7751347456220444;0.1543191632201897;3.2;1.838310620696776;2919.98;43.558;10;;1107.198;0.0523598775598298;927.388;0.0553269372882202;;158.273;2.7432000000000003;3.711
LIML;0.7931693597846848;0.1619153126817336;105.156;3.065776947146561;2445.259;58.365;18;;799.966;0.0523598775598298;821.791;0.0523598775598298;;;107.5944;102.7176
LIML;0.7933453663846379;0.1617671093275166;105.156;3.0650606640215425;600.698;21.265;17;;;;;;;;105.156;105.156
LIMN;0.7946669958358092;0.1513037964752042;173.583;2.92500444926723;2989.643;30.705;17;;1134.0;0.0523598775598298;1175.875;0.0523598775598298;79.977;78.851;178.30800000000002;168.85920000000002
LIMP;0.7823771380853323;0.1797200712052022;46.482;0.3017929443834837;1731.153;44.0;2;;517.735;0.0523598775598298;517.347;0.0523598775598298;211.345;181.746;48.576;44.45
LIMR;0.7815473475440826;0.1533712157115139;185.0136;3.071181010109511;884.0;32.308800000000005;17;;;;;;;;181.467;188.56
LIMS;0.7839028855702678;0.1696911630990198;135.483;2.0744119551224864;2872.537;44.107;12;;932.17;0.0453785605518525;917.305;0.0453785605518525;157.381;241.676;138.749;131.964
LIMW;0.7982892102584364;0.1286001973391701;544.068;1.4779240411706995;1731.732;29.377;9;;638.353;0.0698131700797731;521.449;0.0872664625997164;61.442;166.19;547.4208;540.7152
LIMZ;0.7775004070413379;0.1330499103980559;378.5616;0.5667946273876072;2488.438;42.615;3;;630.552;0.0523598775598298;787.413;0.0523598775598298;211.419;174.046;386.1816;370.9416
LIPA;0.8033936532789769;0.2198497164345741;112.4712;0.8325842567358362;2603.628;43.231;5;;1074.374;0.0436332312998582;1069.219;0.0436332312998582;;;99.06;125.8824
LIPB;0.8108823250750732;0.197682817079002;236.5248;0.1778470611028749;1541.107;31.203;1;;537.764;0.0781907504893459;406.908;0.0781907504893459;125.504;188.964;234.696;239.5728
LIPB;0.810841515512334;0.1977034617789366;236.5248;0.1786237675265974;638.817;49.095;1;R;;;;;;;235.3056;237.286
LIPC;0.7718596933629721;0.214802118509479;4.2672;2.029671661478088;3049.0;45.196;11;;1088.342;0.0525344104850293;1126.672;0.0488692190558412;117.402;116.075;5.589;2.949
LIPE;0.7772954112567265;0.1970101166316615;36.576;2.0375038264964127;2875.858;44.53;12;;645.849;0.0523598775598298;765.765;0.0610865238198015;381.0;359.239;36.576;36.576
LIPH;0.7967160993377664;0.2128243390908371;16.764;1.2077388699144929;2452.818;44.201;7;;763.204;0.0523598775598298;751.385;0.0523598775598298;107.062;113.622;17.416;16.09
LIPI;0.8024929170625552;0.2277526027567489;51.968;1.031272381703238;2989.209;42.537;6;;1008.943;0.0401425727958695;;;220.444;221.063;49.3776;54.5592
LIPK;0.7713469639828782;0.2106708690625475;28.651200000000003;5.183478827305039;2554.554;45.338;30;;752.822;0.0523598775598298;884.955;0.0575958653158128;147.662;;27.28;29.8704
LIPL;0.7929396816462401;0.1792048353587992;98.298;2.354554753360096;2987.047;47.95;13;R;;;;;243.925;252.458;101.127;94.555
LIPO;0.7928783151586509;0.1803151784776183;104.5464;5.498436406263879;2989.075;44.171;32;;952.974;0.0523598775598298;859.358;0.0523598775598298;191.848;294.746;101.023;108.326
LIPQ;0.7998473818596807;0.2350380362204862;11.125;4.721030454577164;2997.655;44.893;27;;1177.528;0.0523598775598298;920.032;0.0523598775598298;;196.6;10.9728;11.299
LIPR;0.7683004663411659;0.2201137985051285;9.0;5.372043152492954;2962.344;44.143;31;;890.293;0.0523598775598298;862.93;0.0523598775598298;273.214;310.757;12.553;5.331
LIPS;0.7973444460595009;0.21096252421306;41.605;1.4307221351492885;2986.19;34.704;8;;;;;;286.149;286.734;41.438;41.773
LIPU;0.7923026393394423;0.2067763002552671;13.1064;0.6942599321982776;1261.069;30.124;4;;327.615;0.0523598775598298;;;112.285;314.442;13.456;12.638
LIPX;0.7923263971290496;0.1900725611860591;69.7992;3.936693451364928;3068.496;44.934;22;;;;1117.194;0.0523598775598298;408.06;58.724;73.41;66.934
LIPY;0.7612489612805332;0.233216465243791;11.5824;0.7817909867125965;2962.319;41.863;4;;948.42;0.0523598775598298;985.714;0.0523598775598298;194.651;149.069;14.739;8.513
LIPZ;0.7942018815133594;0.2155039290760394;1.981;3.8755891251867567;2774.606;42.073;22;R;979.169;0.0523598775598298;941.072;0.0523598775598298;;;1.524;2.1336
LIPZ;0.7942130816141741;0.2155792986154833;1.981;3.875232554420574;3314.233;43.818;22;L;1253.875;0.0523598775598298;1267.947;0.0523598775598298;;;2.1336;2.1336
LIQS;0.7549418357520101;0.1964376670344571;188.6712;3.1096449252308127;1388.836;29.015;18;;;;;;;;193.2432;184.0992
LIQW;0.7694585474027479;0.1743234483341981;7.9248;3.1523009466824794;1104.9;19.185;18;;;;;;255.56;199.783;13.81;4.572
LIRA;0.7295344597185298;0.2198227363240775;117.0432;2.666396221472427;2209.649;44.752;15;;765.357;0.0523598775598298;777.17;0.0610865238198015;;;103.9368;130.1496
LIRE;0.7269916447715092;0.2172028568031986;11.734;2.2700047212081835;2902.0;47.431;13;;855.656;0.0523598775598298;924.219;0.0523598775598298;301.21;206.986;11.935;11.554
LIRF;0.7295255651766079;0.2135131823515429;2.387;2.839282777588454;3901.3;59.179;16;R;1526.7432;0.0523598775598298;1623.576;0.0610865238198015;;;2.1336;2.4384
LIRF;0.7300573300467492;0.2141261099167219;2.387;2.839271432948316;3890.567;59.229;16;L;1510.386;0.0523598775598298;1517.694;0.0523598775598298;;;4.2672;1.8288
LIRF;0.7296287652695918;0.2138285016649056;2.387;4.357930760728862;3180.577;44.74;25;;1185.262;0.0523598775598298;854.951;0.0523598775598298;;293.586;1.524;2.221
LIRG;0.7328667998495862;0.2223663880602395;81.0;3.1560844714349523;1435.633;27.728;18;;;;594.901;0.0523598775598298;;;87.47760000000001;74.0664
LIRG;0.7328815343604806;0.2222877727932171;81.0;3.750657410131451;1195.283;58.489;21;;;;;;;;85.03920000000001;77.4192
LIRI;0.7089280999409331;0.2602334334737233;30.48;4.05381586521511;1646.725;45.034;23;;432.159;0.0654498469497873;576.542;0.0523598775598298;153.373;;37.469;24.6888
LIRJ;0.7463180741148661;0.1787181790799928;6.553;2.822772137397513;1179.749;21.089;16;;410.308;0.0523598775598298;308.349;0.0523598775598298;86.0;142.493;9.144;3.9624
LIRL;0.7250511541594293;0.2253071498842972;23.4696;5.315444742844656;1725.439;39.248;30;;521.065;0.0523598775598298;465.333;0.0523598775598298;110.769;;17.303;28.956000000000003
LIRM;0.7166299247528509;0.2457681073081594;6.324;1.052909106267164;2986.47;29.16;6;R;1084.526;0.0523598775598298;1062.407;0.0523598775598298;94.772;93.358;5.37;8.954
LIRM;0.7165585167955658;0.2455657798861244;6.324;1.0532965170012294;1403.218;29.597;6;L;;;;;;;4.8768;6.096
LIRN;0.7135958385081231;0.2494210566643531;90.0;1.0130373213047414;2626.945;44.523;6;;567.557;0.0610865238198015;872.135;0.0581194640914111;397.208;184.24;90.565;66.211
LIRP;0.7624229764458343;0.1814120315411892;1.143;0.6408039704149029;3054.574;44.398;4;R;914.93;0.0523598775598298;871.039;0.0523598775598298;202.279;255.171;0.864;1.919
LIRP;0.7624276051186372;0.1813592884680381;1.143;0.6407862553229952;2801.386;43.641;4;L;762.775;0.0523598775598298;1058.087;0.0523598775598298;301.0;;0.187;1.524
LIRQ;0.7646247676335608;0.195558660027906;38.862;3.982134145638152;1644.614;30.239;23;;12.21;0.0523598775598298;;;583.833;186.376;42.069;37.16
LIRS;0.7463182145550015;0.1932189897864874;4.8768;0.5388262497231738;2991.812;42.21;3;L;1099.03;0.0523598775598298;1153.529;0.0575958653158128;93.519;;4.572;4.572
LIRS;0.7462988864813382;0.1932586641247971;4.8768;0.5380555472320782;2356.082;23.478;3;R;;;;;;;5.1816;5.1816
LIRU;0.7322071115709216;0.2182052170621934;16.611;2.796481893808872;1086.445;30.1752;16;;;;;;111.08;249.177;16.81;16.354
LIRV;0.7406429701582925;0.2104850823675955;298.704;3.813123442192029;923.259;25.273;22;R;;;;;;;300.8376;295.9608
LIRV;0.7406355034244159;0.2105108687369394;298.704;3.8126096172602417;1502.613;28.48;22;C;;;;;;;302.3616;294.4368
LIRV;0.740668097239222;0.2105657496210437;298.704;3.8182321954455416;592.0;34.592;22;L;;;;;;;300.8376;297.7896
LIRZ;0.7522042186335544;0.2184106497716713;207.8736;0.2496310046141225;2201.036;43.802;1;;823.355;0.0593411945678072;590.123;0.0523598775598298;;;203.3016;212.4456
LJCE;0.8011048769822572;0.2710536125128495;153.39;1.5532224320236403;2415.0;43.671;9;;;;;;;1237.819;155.448;151.7904
LJCE;0.8011203839138975;0.2710724705021701;153.39;1.5519402084353704;1998.115;41.659;9;L;;;;;470.398;432.408;153.6192;152.4
LJLJ;0.8067562758142742;0.2523325601268255;375.666;2.2058617768022897;3301.966;45.8;12;;1347.011;0.0523598775598298;1347.011;0.0523598775598298;;;388.3152;363.0168000000001
LJMB;0.8112270295362548;0.2737743124466367;263.9568;5.691893936542688;2498.157;45.0;32;;946.404;0.0523598775598298;946.404;0.0558505360638185;;;261.072;267.0048
LJMB;0.8112532918416138;0.2737715348528435;263.9568;5.688742220979436;1202.724;60.0;33;R;;;;;;;263.9568;263.9568
LJPZ;0.7936438952995654;0.2376387690695437;1.676;2.63948376800545;1195.916;28.088;15;;293.158;0.0558505360638185;;;;228.171;1.524;1.901
LKCV;0.8716103542526736;0.2684655738916052;236.296;2.3967341253930434;2402.119;55.802;13;;896.26;0.0523598775598298;896.26;0.0523598775598298;;;230.7336;239.8776
LKKB;0.8747829144711124;0.2538344113325756;282.702;1.0872180033047052;1996.848;49.186;6;;693.624;0.0523598775598298;693.624;0.0523598775598298;;;286.2072;279.1968
LKKU;0.8557245034232223;0.3043829123091096;175.209;3.5842962910227807;1995.884;29.826;20;C;693.142;0.0610865238198015;693.142;0.0610865238198015;;;177.08880000000002;174.65040000000002
LKKU;0.8556938055502468;0.3043383225660535;175.209;3.580617486025427;1465.389;77.901;20;R;;;;;;;175.56480000000002;174.34560000000002
LKKU;0.8556971819651739;0.3043844727550608;175.209;3.584851305724915;1679.122;59.386;20;L;;;;;;;175.56480000000002;174.04080000000002
LKKV;0.876208598359426;0.2254121522923547;603.8088;1.9748093308367487;2153.271;27.097;11;;591.88;0.0523598775598298;771.836;0.0523598775598298;149.953;;606.0;605.028
LKLN;0.8669966032142808;0.2316845598490205;360.121;1.0130689466707876;1444.766;55.759;6;;;;;;;;358.14000000000004;362.1024000000001
LKMT;0.8673622800690468;0.3160939109306375;251.46;3.948993135669583;3506.656;62.235;22;;1448.528;0.0523598775598298;1448.528;0.0523598775598298;;;246.2784;256.64160000000004
LKNA;0.8581122139438067;0.281423485861603;463.753;2.2590553981457973;2401.883;42.914;12;;896.142;0.0523598775598298;896.142;0.0523598775598298;;;471.5256;455.9808
LKPD;0.8728997526927227;0.274689904108514;223.57;4.760549595764222;2494.713;70.655;27;;909.05;0.0523598775598298;905.282;0.0523598775598298;;;222.8088;224.3328
LKPO;0.8626448666555572;0.3037724190396145;206.0448;1.152056758123492;2493.929;55.703;6;;942.165;0.0523598775598298;;;;;204.418;207.672
LKPR;0.8745651795958667;0.2487067391234937;362.1024000000001;4.27573046534891;3704.0;43.248;24;;1459.643;0.0523598775598298;1625.4984000000002;0.0523598775598298;;;352.95840000000004;366.3696
LKPR;0.8743968620933386;0.2489447383399735;362.1024000000001;5.358271108431318;3257.17;44.696;30;;1393.2408;0.0523598775598298;1393.2408;0.0523598775598298;;;375.5136;353.56800000000004
LKTB;0.8578423172615265;0.2913376387725329;234.162;1.7015291672179809;990.934;32.676;8;;;;;;;;235.9152;232.86720000000005
LKTB;0.8578527624966125;0.2913628243701855;234.162;1.7022538279234087;2648.879;59.621;9;;;;;;;;232.86720000000005;235.0008
LKVO;0.8764464688391149;0.2512495872299908;274.6248;4.973424612103166;2496.662;39.784;28;;943.531;0.0523598775598298;;;;;278.892;268.224
LLBG;0.5587753937294492;0.6087331254733115;36.626;4.534070436037681;4057.636;38.9;26;;1127.697;0.0523598775598298;1321.333;0.0523598775598298;596.321;402.685;39.42;28.482
LLBG;0.5586263984489119;0.6087860089865983;36.626;2.120620419733662;3109.228;44.117;12;;;;1171.464;0.0558505360638185;;78.35;31.0896;39.833
LLBG;0.5586308047581667;0.6090004376669849;36.626;3.642211027992933;2770.728;55.77;21;;1080.564;0.0523598775598298;;;;;40.8432;40.8432
LLEK;0.555644649561388;0.6076864017359235;54.541;3.1891160492594217;2403.219;45.622;18;;;;;;;;50.336;58.746
LLEK;0.5556738611095949;0.6078441004037536;54.541;2.632757443601189;2394.085;51.218;15;R;;;;;;;49.191;59.891
LLEK;0.555680877264703;0.6079453889504473;54.541;2.63344056547042;2394.379;49.235;15;L;;;;;;;46.73;62.352
LLHA;0.5726494103579307;0.6116270115009946;6.4008;2.791355512729913;1285.032;31.144;16;;287.716;0.0523598775598298;;;50.0;118.755;8.178;4.553
LLIB;0.5756482636836374;0.6208315750222972;286.359;5.765869716888467;1077.682;28.543;33;;135.948;0.0558505360638185;;;98.093;;286.359;286.359
LLIB;0.5756052831504685;0.6208162124319074;286.359;0.915121208675206;994.898;18.67;5;;;;192.649;0.0558505360638185;;;286.359;286.359
LLMZ;0.5467819465885209;0.6176469545072129;-378.92;0.1664765377321047;1192.974;25.0;36;;;;;;;;-383.815;-374.026
LLNV;0.5447285069973767;0.6109945783614253;412.3944;4.481731502428874;2593.521;43.628;25;R;991.961;0.0523598775598298;991.961;0.0523598775598298;;;412.3944;412.3944
LLNV;0.5446881831234398;0.6110763769381882;412.3944;4.481133378094216;3345.126;40.528;25;L;;;;;;;412.3944;412.3944
LLRD;0.5701363628679871;0.6140799779207015;47.173;2.5257047068703886;2407.952;43.353;15;;899.176;0.0523598775598298;899.176;0.0523598775598298;;;48.0;46.348
LLRD;0.5701351223134559;0.6139426430725348;47.173;1.5098248201728015;2394.941;44.377;8;R;892.671;0.0523598775598298;892.671;0.0523598775598298;;;38.261;56.083200000000005
LLRD;0.5700118919461308;0.6139170595611645;47.173;1.890776265209277;2428.529;40.089;10;L;909.465;0.0523598775598298;909.465;0.0523598775598298;;;42.949;51.397
LLRM;0.5371191503114132;0.6050624338466524;637.393;1.164419972412919;2993.646;47.485;6;R;1192.023;0.0523598775598298;1192.023;0.0523598775598298;;;646.476;628.31
LLRM;0.5371697380185942;0.6050373808869055;637.393;1.166179264298929;2700.753;46.315;6;L;1045.576;0.0523598775598298;1045.576;0.0523598775598298;;;646.139;628.648
LMML;0.6257651394583922;0.2525636699744307;78.257;4.091491066047436;2435.286;43.677;23;;806.766;0.0523598775598298;807.44;0.0523598775598298;31.567;28.609;74.676;90.2208
LMML;0.6256166181633127;0.2529463537395075;78.257;2.3538101959011954;3536.961;57.849;13;;1394.1552;0.0523598775598298;1205.036;0.0523598775598298;;184.208;77.724;70.4088
LOAN;0.8350238146878743;0.283794076339545;268.986;1.7008615787790928;1069.129;23.108;9;;363.035;0.0523598775598298;396.647;0.0523598775598298;;;273.1008;264.8712
LOWG;0.8201483253040326;0.2694726232906834;336.042;2.956195053796696;2997.641;43.651;16;C;888.978;0.0523598775598298;1190.558;0.0523598775598298;260.104;;341.3;331.6224
LOWG;0.8200912714989413;0.2695374364132673;336.042;2.9553321630145093;636.237;25.0;17;L;;;;;;;336.042;336.042
LOWG;0.8201657866942269;0.2694095188564162;336.042;2.9572539450538806;759.582;25.37;17;R;;;;;;;336.042;336.042
LOWI;0.8248462175386726;0.1979898348199041;578.967;4.555169721365041;1997.194;43.538;26;;693.797;0.0657989128001862;591.633;0.0610865238198015;;102.164;576.9864;581.071
LOWK;0.8140652310501687;0.2502410007916505;445.084;1.855944380261376;2717.774;43.713;10;L;875.122;0.0610865238198015;1005.486;0.0523598775598298;198.109;;448.685;440.1312
LOWK;0.8140769168397859;0.2500127855712848;445.084;1.8570251579473809;710.455;26.471;10;R;;;;;;;447.559;444.591
LOWL;0.8418284493967946;0.2476186323594794;296.113;1.518055967458132;2997.808;59.967;8;;924.3;0.0523598775598298;1021.46;0.0523598775598298;248.534;149.325;298.476;293.903
LOWL;0.8418646185833863;0.2475574316692726;296.113;1.521717598415646;572.746;48.235;8;L;;;;;;;296.113;296.113
LOWS;0.8341526996367217;0.2269608636900198;430.0728;2.739940032828338;2749.572;43.683;15;;811.934;0.0523598775598298;855.149;0.0523598775598298;198.266;239.166;430.0728;430.0728
LOWW;0.8397815402719563;0.288930128143385;179.679;2.0243398551461707;3501.135;44.487;11;;1418.686;0.0541052068118242;1427.765;0.0523598775598298;;;174.95520000000002;182.88
LOWW;0.8395769599560793;0.2894586355826031;179.679;2.8665456931692312;3602.389;40.223;16;;1494.727;0.0523598775598298;1505.974;0.0523598775598298;;;181.9656;178.91760000000002
LOXZ;0.8239173523334228;0.2573588033490783;678.434;3.5704966707589625;947.543;48.218;20;;;;;;;;676.369;678.642
LOXZ;0.8238366987338765;0.2572964869400163;678.434;4.547230916729419;2749.884;54.753;26;L;;;890.764;0.0523598775598298;149.092;179.378;669.44;689.968
LOXZ;0.8238772215646722;0.2573542156379816;678.434;4.5375115271909126;1380.881;45.157;26;R;;;;;;;671.871;683.05
LPAR;0.6786394344107238;-0.157603621067233;3.048;3.7098955945169743;2498.556;45.204;22;;780.714;0.0523598775598298;876.876;0.0523598775598298;;;3.3528;2.7432000000000003
LPAZ;0.6452859789111388;-0.4393122160085831;85.95360000000001;2.9850722244026424;3052.681;59.765;18;;1113.5;0.0488692190558412;1116.088;0.047996554429844;;;85.95360000000001;85.95360000000001
LPBG;0.7305570394559376;-0.1170627125051878;684.5808000000001;0.2357195436518363;1697.063;28.474;1;;694.889;0.0523598775598298;604.103;0.0523598775598298;;;675.1320000000001;694.0296000000001
LPBJ;0.6646022263446637;-0.1384463226088566;190.728;3.244850346395057;3998.096;56.535;19;R;1430.978;0.0523598775598298;1428.935;0.0523598775598298;275.483;271.262;190.728;190.728
LPBJ;0.6645988557814091;-0.1384036756210099;190.728;3.2443656684617785;3432.386;30.592;19;L;;;;;246.823;235.855;190.728;190.728
LPBR;0.7258300878165711;-0.147395339698958;72.5424;1.0834923013103506;939.754;22.250400000000003;7;;164.369;0.0523598775598298;164.369;0.0523598775598298;;;71.9328;73.152
LPCB;0.6954181685123473;-0.1298510664181262;374.676;2.754159230244336;1519.674;29.148;16;;;;;;;63.46;379.428;369.925
LPCO;0.7009085878389216;-0.1478473384731879;178.91760000000002;5.817901821614773;922.525;29.168;34;;156.462;0.0523598775598298;156.462;0.0523598775598298;;;178.91760000000002;178.91760000000002
LPCS;0.6758801368463331;-0.1632788927717462;93.5736;2.864700880149873;1678.479;28.969;17;;370.936;0.0698131700797731;543.195;0.0523598775598298;329.503;139.834;100.973;88.08720000000001
LPEV;0.6725366843895466;-0.1377011082381631;243.306;3.216064107443139;1299.212;20.97;19;;310.13;0.0523598775598298;296.84;0.0523598775598298;41.046;53.502;242.885;244.199
LPEV;0.6724440524167675;-0.1377754322788196;243.306;4.39742808530027;565.874;25.0;25;;;;;;;;245.0592;241.0968
LPFL;0.6886255355833494;-0.5433451033921114;30.48;2.931031420240217;1410.711;29.688;18;;384.03;0.047996554429844;383.338;0.0523598775598298;58.675;55.774;28.854;32.004000000000005
LPFR;0.6460396216405262;-0.1391423517231678;6.4008;1.7472334062082553;2407.946;43.899;10;;765.038;0.0523598775598298;;;;;7.35;5.452
LPGR;0.6822865711057491;-0.4892131241131318;25.45;4.495311909338644;1393.433;29.439;27;;435.54;0.0523598775598298;378.871;0.0523598775598298;58.391;57.312;25.908;24.9936
LPHR;0.6722991533068521;-0.5011872295264947;30.48;1.5658151571097048;1595.764;43.576;10;;472.699;0.0523598775598298;390.439;0.0523598775598298;;;24.9936;35.9664
LPLA;0.6765666433392271;-0.4728702615768323;51.5112;2.4571661507433467;3293.901;59.232;15;;1306.303;0.0523598775598298;1303.138;0.0558505360638185;;;48.1584;54.864
LPMA;0.5706857588268197;-0.2927693167238566;50.9016;3.919150972520209;2781.6048;44.34;23;;886.85;0.0523598775598298;937.063;0.0523598775598298;150.381;149.403;57.912000000000006;43.891200000000005
LPMR;0.695186214073371;-0.155111698114354;54.564;0.0305196615677553;2992.078;44.472;1;;;;;;268.503;262.746;54.752;54.377
LPMT;0.6756136809473754;-0.157723736394328;8.458;0.1139740563004113;2180.389;42.956;1;;756.985;0.0523598775598298;758.301;0.0523598775598298;;;3.3528;10.9728
LPMT;0.6755878926274741;-0.1574943976528775;8.458;4.404817809353213;2445.489;43.923;26;;902.637;0.0523598775598298;901.502;0.0436332312998582;;;14.0208;5.486400000000001
LPOV;0.7141171756981955;-0.1508999530630289;15.24;3.074062548704554;2436.449;42.773;18;;1000.161;0.0523598775598298;985.393;0.0523598775598298;;;13.4112;17.0688
LPPD;0.6587210850058064;-0.4485055209123477;67.9704;1.9487304466205244;2489.108;44.264;12;;764.91;0.0523598775598298;655.32;0.0523598775598298;;239.748;79.672;56.997600000000006
LPPI;0.6729002429389338;-0.496395396495034;33.528;1.4410925324987884;1746.813;44.842;9;;452.102;0.0523598775598298;483.761;0.0523598775598298;72.883;88.887;35.197;32.004000000000005
LPPM;0.6483787515775344;-0.1498183221497122;1.524;5.017115788334191;858.415;25.0;29;;;;;;86.737;;1.524;1.524
LPPR;0.7199119756120145;-0.1515156504197714;57.454;2.9469568515329643;3480.422;41.953;17;;1051.303;0.0471238898038469;1263.926;0.0523598775598298;299.874;150.541;43.765;70.015
LPPS;0.5772396961903321;-0.2853600306649712;88.544;6.250191602999886;3000.744;43.577;36;;1255.07;0.0523598775598298;1141.489;0.0523598775598298;;;73.152;103.9368
LPPT;0.6768649908523128;-0.159450502477257;103.0224;0.3955252933564785;3804.661;45.026;2;;1454.577;0.0523598775598298;910.3;0.0523598775598298;88.986;596.422;100.443;106.242
LPSJ;0.6748361458399172;-0.4917420608439739;99.517;5.18899738386692;1546.932;44.66;31;;481.638;0.0523598775598298;448.137;0.0523598775598298;138.726;141.911;96.9264;102.108
LPSO;0.6843738041045243;-0.1406327102444871;118.872;0.420580192900558;1798.984;27.553;3;;;;;;;;118.872;118.872
LPST;0.6777306404415213;-0.163008982435564;131.064;2.366483206132852;1796.893;38.534;14;;654.786;0.0558505360638185;604.904;0.0959931088596881;;;128.01600000000002;134.112
LPTN;0.6889531590130372;-0.1461395240063365;78.3336;1.3408599316195435;2390.143;44.177;8;;814.35;0.0523598775598298;842.881;0.0523598775598298;97.09;;75.791;78.3336
LPTN;0.688995156465257;-0.1460352550078761;78.3336;2.046979655337803;1143.925;22.486;12;;;;;;32.882;;81.351;78.0288
LPVL;0.7204245645519728;-0.1486320789398258;229.5144;5.838703702837591;1365.238;28.906;34;;;;;;60.936;;227.076;231.9528
LPVR;0.7203732863474583;-0.134756421892538;553.364;3.446217534310978;946.757;27.672;20;;;;;;;;553.364;553.364
LPVZ;0.7107949355535583;-0.1376894048935289;627.888;3.0698090067845185;1220.254;29.057;19;;441.892;0.0523598775598298;410.232;0.0523598775598298;56.226;60.309;627.888;627.888
LQBK;0.7843759991287751;0.3018984560901072;118.414;6.10171818886198;2509.0;44.205;34;;941.908;0.0523598775598298;941.908;0.0523598775598298;;;122.2248;114.6048
LQMO;0.7554297598931521;0.3114692562761607;50.139;2.755165587091036;2393.429;44.618;15;;;;897.016;0.0593411945678072;;;52.4256;47.8536
LQSA;0.7648832945165289;0.3199450837360147;507.949;2.049577560476104;2597.32;42.127;11;;894.088;0.0558505360638185;;;99.772;497.938;500.07;518.693
LQTZ;0.7759503926713036;0.3268093918486668;235.153;1.6809803587367005;2533.567;43.31;9;;961.984;0.0523598775598298;;;;;233.17200000000005;237.1344
LRAR;0.8059328401891609;0.3710934825540349;106.0704;4.804539746896112;1992.039;43.884;27;;511.849;0.0523598775598298;;;179.371;;107.166;105.156
LRBC;0.8119603435560129;0.4696706061650078;182.5752;2.877340205526966;2498.732;59.028;16;;;;;;;;185.0136;180.13680000000002
LRBM;0.8317934165402536;0.4095614557033329;176.936;4.872070898978903;1791.591;29.342;27;;;;;;;;184.7088;169.16400000000002
LRBM;0.8318241027098843;0.4097374505999412;176.936;1.3506991380111988;702.201;30.37;6;;;;;;;;176.936;176.936
LRBS;0.7767294199552027;0.455579638785371;88.544;1.2887184820156008;3093.827;46.626;7;;1104.576;0.0523598775598298;1242.113;0.0523598775598298;137.537;;91.377;85.95360000000001
LRCK;0.7742649237904737;0.4972178919514617;101.8032;0.0977446514838195;3492.627;44.651;36;;;;;;;;96.012;107.5944
LRCL;0.8165530227223918;0.4133917653463422;313.944;4.517664341068934;2095.617;30.209;26;;;;;;85.283;157.353;313.944;313.944
LRCS;0.7927327314030745;0.3883755775083728;254.66;1.9199781543225576;1998.958;56.63;10;;;;;;;;246.2784;263.0424
LRCT;0.8116183308640972;0.4168888807676176;324.055;5.867411227440246;2498.154;46.421;33;;944.277;0.0523598775598298;944.277;0.0523598775598298;;;322.039;326.073
LRCV;0.773498027023288;0.4169337201820258;188.976;1.5522677369227995;2490.86;45.110400000000006;9;;;;;;;;190.8048;187.1472
LRIA;0.8234509799014247;0.4820765259842217;113.233;2.5978105414555817;2399.184;44.223;14;;;;;;;;125.2728;101.1936
LRIA;0.8234250862514216;0.4820614988897115;113.233;2.685174044361709;1799.965;44.272;15;;;;;;;;113.233;113.233
LROD;0.8207465359133344;0.3822699504149732;139.2936;0.1939691386424445;1799.727;28.353;1;;595.064;0.0471238898038469;595.064;0.0523598775598298;;;141.783;136.804
LROP;0.7778290720686986;0.4555066177170838;94.107;4.6064899062894575;3499.594;44.98;26;L;1281.339;0.0471238898038469;1288.708;0.0471238898038469;;;92.3544;95.7072
LROP;0.7780376490767683;0.4556346991207597;94.107;4.606896917071023;3497.675;44.215;26;R;1343.154;0.0523598775598298;1341.07;0.0523598775598298;;;92.6592;95.7072
LRSB;0.7991143662752108;0.4203726387715505;451.7136;1.5943202235191265;2630.17;42.054;9;;;;;;;;463.2960000000001;440.1312
LRSM;0.8325819410883232;0.399429113437274;124.815;0.2274512383067309;2497.441;44.113;1;;;;;;;;125.8824;123.7488
LRSV;0.8323030971990703;0.4599658026828935;411.937;2.8480846475391863;1789.438;28.889;16;;;;;;;;418.1856;403.116
LRTC;0.7864958610523902;0.5011621843689775;51.5112;2.924477359833128;1989.023;30.189;16;;;;;;;;60.96;41.427
LRTM;0.8110145728694389;0.4260789711527226;293.5224;1.294263131249799;1999.451;45.079;7;;;;;;;;293.5224;293.5224
LRTR;0.7995321347169433;0.372416202366815;104.698;1.9153674307711013;3501.601;44.559;11;;1446.0;0.0523598775598298;1446.0;0.0523598775598298;;;104.5464;104.8512
LSGC;0.8217721175586408;0.1185653049227647;1023.2136;0.9457122053401488;1177.681;25.0;6;;417.745;0.0750491578357561;392.02;0.0668461103513828;72.902;83.619;1026.828;1019.506
LSGG;0.8070066454660323;0.1066216750188291;423.0624;3.9348626009795855;3901.87;54.465;22;;1531.0;0.0523598775598298;1208.779;0.0523598775598298;;328.0;416.052;431.368
LSGS;0.8066798471221409;0.1278802153795077;481.126;4.413096080528348;2000.0976;40.484;25;;816.848;0.1047197551196597;974.941;0.0698131700797731;61.797;63.204;482.262;479.986
LSGS;0.8066811344900507;0.1278478127193307;481.126;4.412058656820962;660.76;27.832;25;R;;;;;101.393;;481.126;481.126
LSMA;0.8192947828248482;0.1445763784836226;441.96;3.346432348585481;1654.871;39.961;19;;872.964;0.0523598775598298;713.353;0.0523598775598298;;157.897;441.96;441.96
LSMD;0.8272549414145476;0.1509589223155255;445.008;1.881595135212086;2681.042;36.742;11;;;;;;100.763;274.156;441.96;448.056
LSME;0.8219176603525109;0.1449522274954331;425.196;0.6559282432211073;2502.58;40.717;4;;1072.703;0.0523598775598298;787.801;0.0523598775598298;110.463;176.393;426.873;423.421
LSMP;0.8175697800458441;0.1206891186757514;445.008;3.986631510054691;2920.464;36.401;23;;1046.0;0.0645771823237902;1087.286;0.0820304748437334;452.297;149.742;443.36;446.656
LSZA;0.8029314296826516;0.1555217755081044;276.606;0.3277494810191434;1415.259;29.593;1;;522.328;0.1160643952576229;332.352;0.0727802298081635;109.177;281.722;273.829;280.118
LSZB;0.8187922587612753;0.1308665890387196;509.473;2.446752120162547;1726.0;30.016;14;;477.195;0.0698131700797731;627.654;0.0593411945678072;197.357;;508.127;510.54
LSZB;0.8187680913546057;0.1308512498550191;509.473;2.448065480424673;671.023;29.649;14;R;;;;;10.626;10.765;509.473;509.473
LSZB;0.8187497873235979;0.1308247690872269;509.473;2.795417592031005;539.54;35.424;16;;;;;;;;509.473;509.473
LSZG;0.8234746557676196;0.1294541513859743;428.5488;1.1459716676864136;1002.986;22.813;6;;328.162;0.0610865238198015;421.101;0.0610865238198015;133.617;;428.948;428.244
LSZG;0.8234562873682163;0.1294393661605865;428.5488;1.1451546790635552;697.482;26.766;6;C;;;;;81.435;59.162;428.5488;428.5488
LSZG;0.8234499090453907;0.1294436885958714;428.5488;1.1449715242118508;698.321;28.024;6;R;;;;;81.332;60.716;428.5488;428.5488
LSZG;0.8234726486440148;0.1294101312056905;428.5488;1.143415632996868;392.411;16.776;7;L;;;;;;;428.5488;428.5488
LSZH;0.8283444993932965;0.1491612729752625;426.161;5.847485152436077;3704.0;52.405;34;;1075.264;0.0575958653158128;1378.626;0.0523598775598298;454.073;;422.974;423.672
LSZH;0.8285464698633201;0.1492178781521429;426.161;5.53839135616516;3295.333;60.724;32;;;;1111.272;0.0523598775598298;;154.223;427.3296;427.3296
LSZH;0.8282943798199008;0.1492948159397678;426.161;4.817313288092683;2490.337;57.203;28;;865.647;0.0575958653158128;;;;;431.5968;423.9768
LSZR;0.828771624659064;0.1668546312622737;398.0688;1.7233461319337602;1617.755;28.451;10;;543.943;0.0698131700797731;557.494;0.0698131700797731;163.293;129.893;398.0688;398.0688
LSZR;0.8287844047114045;0.1669009687047951;398.0688;1.7235672651499878;808.075;17.933;10;L;;;;;;;398.0688;398.0688
LSZS;0.8121758782024674;0.1725078460632663;1703.069;0.5094489375667753;1852.0;41.112;3;;729.881;0.0523598775598298;702.691;0.0523598775598298;;110.232;1707.4896;1698.089
LTAC;0.7003602685877954;0.5758918317416056;948.918;3.77137970434038;3749.225;56.214;21;C;;;;;;;952.8048;944.5752
LTAC;0.7004026581020601;0.5758789502602784;948.918;3.771362076514935;3388.454;40.889;21;L;;;1389.427;0.0523598775598298;;;952.1952;946.0992
LTAC;0.7001406436223911;0.5759719294322817;948.918;3.771553364600954;3745.641;40.477;21;R;1568.02;0.0523598775598298;1568.02;0.0523598775598298;;;948.918;948.918
LTAD;0.6972917452514816;0.5704784574833153;806.958;1.9841209241955264;2455.273;41.746;11;;;;922.837;0.0523598775598298;;;805.2816;808.6344
LTAD;0.6972291557643783;0.5705450339098239;806.958;1.985391436624516;1476.395;44.653;11;R;433.397;0.0523598775598298;433.397;0.0523598775598298;;;806.958;806.958
LTAE;0.6995090258158314;0.568377566681352;837.5904;0.5707656005017449;3347.053;38.975;3;;;;1368.727;0.0523598775598298;;;831.7992;843.3816
LTAE;0.6995269845981725;0.5683406075189974;837.5904;0.5703587642531049;3340.383;19.893;3;L;1365.391;0.0523598775598298;1365.391;0.0523598775598298;;;837.5904;837.5904
LTAF;0.6454600661625716;0.6157591660065778;17.526;4.074997355550239;2751.545;42.278;23;;1070.973;0.0523598775598298;1070.973;0.0523598775598298;;;19.2024;15.8496
LTAG;0.6458077900866688;0.6182999153132704;61.112;0.920952388612704;3046.398;43.094;5;;1218.399;0.0523598775598298;;;;;51.5112;70.7136
LTAH;0.6758941867115663;0.5341244516730517;1002.258;2.3339961710350043;3657.446;42.3672;13;L;1523.923;0.0488692190558412;1523.923;0.0575958653158128;;;1008.888;995.172
LTAH;0.6759130056897381;0.5340555267753864;1002.258;2.334089371617061;2998.953;43.722;13;R;1194.677;0.0488692190558412;1194.677;0.0488692190558412;;;1008.888;996.0864
LTAI;0.6440310409693648;0.5374342589645725;52.171;3.250627037153308;3396.746;40.469;18;C;;;1393.573;0.0523598775598298;;;52.4256;53.0352
LTAI;0.64406782458155;0.5373971593620823;52.171;3.250884473217977;2983.033;41.165;18;R;1186.717;0.0523598775598298;1186.717;0.0523598775598298;;;51.816;53.6448
LTAI;0.6439583514958422;0.5377246423516349;52.171;3.251479979558757;3403.848;39.675;18;L;1397.124;0.0523598775598298;1397.124;0.0523598775598298;;;53.6448;48.4632
LTAJ;0.6448667768096887;0.6541198350900402;688.5432000000001;1.8348304341682995;2995.678;48.593;10;;1062.728;0.0523598775598298;1193.039;0.0523598775598298;130.311;;702.838;675.4368000000001
LTAL;0.7210734974569187;0.5898497554994417;1065.123;0.113933557680448;2380.232;31.29;36;;;;;;;;1074.1152;1056.132
LTAN;0.6628679779233987;0.5682739608724209;1028.166;0.290501152815271;3347.38;42.305;1;L;1368.89;0.0523598775598298;;;;;1026.2616;1033.8816000000002
LTAN;0.6628584279941773;0.5683144622470847;1028.166;0.2905000008979647;3349.207;43.498;1;R;;;;;;;1021.6896;1030.8336000000002
LTAS;0.7244179856597054;0.5600527981918058;12.4968;0.0957580426800417;1852.0;27.825;36;;628.8024;0.0610865238198015;628.8024;0.0523598775598298;;;13.4112;11.5824
LTAT;0.6708407000535629;0.6647781334661871;852.2208;0.5479490857233481;3349.538;43.671;3;L;1369.969;0.0488692190558412;1369.969;0.0488692190558412;;;864.7176000000001;841.8576
LTAT;0.670823314735109;0.6648143436144851;852.2208;0.547821222902347;3350.8;42.158;3;R;1370.6;0.0488692190558412;1370.6;0.0523598775598298;;;861.9744000000001;840.3336
LTAU;0.6766713122019624;0.6195134507228436;1053.3888;1.3315137807415764;2997.906;44.298;7;;;;1194.153;0.0523598775598298;;;1051.2552;1055.5224
LTAV;0.6885577966246069;0.5474245928468408;968.0448;1.976123912829351;3401.332;28.275;11;;1395.866;0.0488692190558412;1395.866;0.0523598775598298;;;965.3016;970.788
LTAW;0.7034905270670542;0.6347195049769914;564.032;0.8556429534012396;1919.708;26.641;4;;;;;;;;564.032;564.032
LTAY;0.6594829200764377;0.518385310070819;848.2584;1.0281139466223663;3001.45;43.39;5;;1195.925;0.0523598775598298;1195.925;0.0523598775598298;;;851.6112;844.9056
LTAY;0.6595047058524742;0.5183690112128585;848.2584;1.0272713016595036;3004.241;21.36;5;L;1197.321;0.0523598775598298;1197.321;0.0523598775598298;;;848.2584;848.2584
LTBA;0.7150904785030212;0.5030560586088226;27.889;1.0218184218373754;2584.499;57.415;5;;707.708;0.0523598775598298;911.017;0.0558505360638185;139.232;;28.395;27.432
LTBA;0.715285900951722;0.5027684840244726;27.889;6.256807797128346;2999.287;41.829;35;L;1150.798;0.0523598775598298;1121.877;0.0523598775598298;;;27.889;27.889
LTBA;0.7152868079609311;0.5028120672798901;27.889;6.256705171768329;3000.601;40.369;35;R;1098.687;0.0523598775598298;1091.294;0.0523598775598298;;;27.889;27.889
LTBF;0.6914865293609382;0.4874000263579518;102.641;3.1791654035950265;2990.223;40.194;18;L;;;;;;;103.632;101.1936
LTBF;0.6914799637845985;0.4873564118936152;102.641;3.179250575662524;3088.2336;21.569;18;R;;;;;;;104.8512;100.8888
LTBG;0.7036890157920491;0.4883034699480988;45.110400000000006;3.1632371797754755;3062.146;42.18;18;;;;;;58.741;;51.816;38.4048
LTBG;0.7036845626694158;0.4883471078191247;45.110400000000006;3.1634979319657237;3008.221;22.078;18;L;1199.311;0.0506145483078355;1199.311;0.0471238898038469;;;45.110400000000006;45.110400000000006
LTBH;0.7004941431470653;0.4611931558413648;7.62;0.7162124391837671;2353.312;43.391;4;;;;;;;;6.096;9.144
LTBI;0.6943658330212072;0.5337559913728203;785.012;1.5629928724427675;3052.243;38.853;8;;;;;;;;786.6888;783.336
LTBI;0.6943422683367864;0.5337563892865378;785.012;1.5634169001845395;3050.983;21.871;8;R;;;1220.691;0.0523598775598298;;;785.012;785.012
LTBJ;0.668328682457947;0.4739782172133461;117.9576;2.9102222086345386;3240.494;43.027;16;L;1315.447;0.0541052068118242;1315.447;0.0523598775598298;;;124.968;110.9472
LTBJ;0.6683219120730761;0.4739422177252514;117.9576;2.910326055725033;3245.709;44.055;16;R;1318.055;0.0541052068118242;1318.055;0.0523598775598298;;;124.968;110.9472
LTBL;0.6721794222395726;0.4714142016575207;4.114;6.205736321622338;2987.693;40.89;35;;1189.046;0.0523598775598298;1189.046;0.0523598775598298;;;3.3528;4.8768
LTBO;0.6751188986462779;0.5143765400265986;878.586;4.729700028570596;2556.252;43.824;27;;;;;;;;873.8616000000001;883.3104000000001
LTBQ;0.7109604618083912;0.5250514649543558;54.2544;1.6811871802530614;2989.204;29.083;9;;966.576;0.0436332312998582;;;223.226;;53.0352;55.473600000000005
LTBR;0.7025964559054017;0.5159612040989799;230.809;1.2988979403449323;2981.498;41.839;7;L;;;;;;;232.2576;228.2952
LTBR;0.7025752787032861;0.5159687722618433;230.809;1.3010547309680844;2985.548;25.0;7;R;;;1187.974;0.0471238898038469;;;232.56240000000005;230.124
LTBS;0.6407664222420338;0.5025244380799317;4.572;0.2659486986562557;3000.433;43.35;1;;1195.417;0.0523598775598298;1195.417;0.0523598775598298;;;3.048;6.096
LTBT;0.6773517271039742;0.485802457397554;77.8;5.567904001151758;2980.719;39.136;31;R;1185.559;0.0523598775598298;1185.559;0.0523598775598298;;;80.1624;74.3712
LTBT;0.6773363547607972;0.485779487633152;77.8;5.5686347705095685;2987.04;25.0;31;L;;;;;;;80.772;75.8952
LTBU;0.7179989351947738;0.487278272562608;164.2872;0.8553192646381648;2999.614;43.56;4;;1195.0;0.0523598775598298;;;;;154.8384;173.73600000000002
LTBU;0.7180179355747873;0.4872564731326694;164.2872;0.8551019362397065;3001.024;19.321;5;L;890.916;0.0523598775598298;;;304.796;461.455;164.2872;164.2872
LTBX;0.7154578757494483;0.5099156463724726;125.653;3.1432920806824605;1400.022;26.804;18;;;;;;;;125.5776;125.5776
LTBX;0.7154569804435839;0.5099138206507094;125.653;0.7825097656584453;792.578;16.764;4;;;;;;;;126.492;124.968
LTBY;0.694812877379542;0.5326422464818275;789.432;4.760617663605049;3060.263;42.9768;27;;1225.332;0.0523598775598298;1225.332;0.0523598775598298;;;786.6888;792.1752
LTCA;0.673656501365847;0.6855904877138042;885.1392000000001;1.3272272520986783;2989.0;42.553;7;;1189.697;0.0523598775598298;1189.697;0.0523598775598298;;;891.2352000000001;879.0432000000001
LTCA;0.6738115121655261;0.6857796371697811;885.1392000000001;5.4841564713899125;1716.9384;29.562;31;;553.668;0.0523598775598298;553.668;0.0523598775598298;;;885.1392000000001;885.1392000000001
LTCB;0.7150061032398813;0.6647292837056842;3.3528;1.7778340894505469;3005.253;45.826;10;;;;;;;;3.3528;3.3528
LTCC;0.6613731155649526;0.7016408524587776;674.674;2.838819218139124;3546.789;44.753;16;;;;;;;;686.1048000000001;663.2448
LTCC;0.6613635305256973;0.7016004291064113;674.674;2.839036511630997;3551.441;20.788;16;R;;;1470.92;0.0523598775598298;;;674.674;674.674
LTCD;0.6930882783659278;0.6898765646080153;1150.772;1.9346917162491828;2992.413;39.491;10;;1191.407;0.0523598775598298;1191.407;0.0523598775598298;;;1155.4968;1146.048
LTCE;0.6973879525960466;0.7185565234948503;1756.5624;1.5364265003131683;3798.059;43.085;8;L;1594.229;0.0523598775598298;1594.229;0.0558505360638185;;;1757.172;1755.9528
LTCE;0.697358577201015;0.718557748444922;1756.5624;1.5367522136581755;3798.715;28.832;8;R;;;;;;;1757.172;1755.9528
LTCF;0.7079481379330106;0.7525033229629264;1789.861;1.1256406762957822;3500.746;45.275;6;R;1445.573;0.0523598775598298;1445.573;0.0523598775598298;;;1790.0904;1789.1760000000002
LTCG;0.7154987613839277;0.6944611626149246;29.718;1.9598484732084085;2640.817;43.847;11;;1015.609;0.0575958653158128;1015.609;0.0610865238198015;;;31.0896;28.346400000000003
LTCI;0.6713976622247014;0.7562920311168762;1659.6360000000002;0.6560525106638493;2751.0;43.216;3;;1070.701;0.0523598775598298;;;;;1651.1016000000002;1668.1704
LTCJ;0.6619855281829677;0.7176205992222287;554.278;0.4453073196111128;3052.039;44.058;2;;1221.219;0.0523598775598298;1221.219;0.0523598775598298;;;551.3832;557.1744
LTCK;0.6762763301722325;0.7271261961742105;1266.7488;2.030454790713458;3550.563;37.309;11;L;;;1470.481;0.0593411945678072;;;1266.444;1267.0536
LTCK;0.6762534852435067;0.72711181666477;1266.7488;2.0309637985365097;3488.231;25.0;11;R;;;1439.316;0.0593411945678072;;;1266.444;1267.0536
LTCL;0.6628465081376674;0.7302232522647423;599.5416;1.1857222395322853;2001.474;28.665;6;;;;;;;;589.4832;609.6
LTCM;0.7333959431705296;0.6123847016370682;6.7056;5.081951628453126;721.853;16.885;28;;56.127;0.0523598775598298;56.127;0.0523598775598298;;;6.7056;6.7056
LTCM;0.7333736658540184;0.6121466243982908;6.7056;4.07537504480037;1852.0;48.079;23;;618.453;0.0523598775598298;618.453;0.0523598775598298;;;3.6576;9.7536
LTCN;0.655174368859414;0.6449554374475219;507.034;4.452031234547688;2350.24;41.135;25;;573.425;0.0523598775598298;870.32;0.0523598775598298;296.896;;525.453;492.8616
LTCO;0.6921709877685213;0.7509249552899584;1654.0;2.873031860268417;3000.511;45.167;16;;;;;;;;1643.4816;1664.5128000000002
LTCP;0.6585362891940333;0.6714115111825185;670.8648000000001;4.001519866705904;2494.777;39.77;22;;942.589;0.0523598775598298;942.589;0.0523598775598298;;;672.099;669.6456000000001
LTCR;0.6496706603850075;0.709157910717284;515.1120000000001;0.6495427816197609;2505.124;43.647;3;;947.762;0.0523598775598298;947.762;0.0523598775598298;;;503.8344;526.3896
LTCS;0.6535928841956584;0.6789047414313498;820.674;0.7298551543478311;4002.885;44.378;4;;;;;;;;815.9496;825.3984
LTCT;0.6976881492375845;0.7658508938914029;938.936;2.254785275597868;2984.308;37.95;12;;;;;;;;945.4896;932.3832
LTCV;0.652126086457645;0.7340843885175178;621.639;2.0187084630481484;2794.562;59.754;11;;;;;;;;621.1824;622.0968
LTDA;0.6346423779852949;0.6333355220561666;79.248;0.7430495816935205;3002.24;44.977;4;;;;;;;;78.6384;79.8576
LTFC;0.6607164701558927;0.5300337192052436;862.736;4.005538836374471;3057.748;45.295;23;;1224.0768;0.0523598775598298;1224.0768;0.0523598775598298;;;864.1080000000001;861.3648000000001
LTFD;0.6903192319154571;0.4714164877108392;12.8016;4.079805214040707;3115.6656000000003;44.634;23;;;;;;355.56;;14.664;11.2776
LTFE;0.6501545995373015;0.4828514434435967;4.495;1.8622494869039603;2986.654;44.37;10;L;1188.527;0.0575958653158128;1188.527;0.0680678408277788;;;3.048;6.4008
LTFG;0.6335395718204202;0.5637331957922814;27.1272;1.424509984742665;2001.37;43.267;8;;;;;;;;15.8496;38.4048
LTFH;0.7200269960830789;0.6382161834734004;3.81;2.331750106820613;2996.688;41.237;13;;1193.544;0.0523598775598298;1193.544;0.0523598775598298;;;2.4384;5.1816
LTFJ;0.7138143516557871;0.5115425751234424;90.982;4.259935933750062;3120.426;44.937;24;;1248.7656;0.0610865238198015;1248.7656;0.0610865238198015;64.532;65.55;92.6592;89.30640000000001
LUBL;0.8349387196690395;0.48486532377932;223.979;2.6724771231193003;2240.456;42.203;15;;;;;;;;232.205;215.753
LUBM;0.8353600283725239;0.4924084102762928;95.25;1.2347341567077696;2510.172;39.601;7;;;;;;;;89.91600000000001;100.584
LUCH;0.8001251314862106;0.4932939165402306;198.4248;2.925111437950377;1702.0;36.211;16;;;;;;;;198.7296;198.12
LUKK;0.8190445360582087;0.5049392359916719;100.8888;4.68309746861432;3576.668;43.717;26;;1483.534;0.0523598775598298;1483.534;0.0523598775598298;;;85.34400000000001;121.6152
LUTR;0.818006601532641;0.5164575429449136;36.088;6.042209442685982;2468.213;42.751;34;;;;;;;;35.214;36.963
LWOH;0.7187252857244746;0.3620220562812903;701.497;0.3071471956495818;2554.362;44.031;1;;972.381;0.0558505360638185;;;;;697.0776000000001;705.9168000000001
LWSK;0.7323294934457607;0.3773788496143258;236.067;2.887969958803312;2960.596;40.132;16;;;;1175.498;0.0575958653158128;;;238.0488;233.279
LXGB;0.6309578139941295;-0.0933716631712228;3.3528;1.5287918367529996;1764.568;46.84;9;;413.0;0.0523598775598298;448.0;0.0523598775598298;135.246;97.814;3.3528;3.3528
LYBE;0.7822290205556426;0.3544632326868996;99.06;2.129023307417389;3393.233;44.645;12;;1391.817;0.0523598775598298;996.0;0.0523598775598298;;395.812;96.6216;102.148
LYBT;0.7841733615681072;0.3536766977074178;83.286;2.188228540836466;2511.959;43.345;12;R;;;;;72.43;;81.265;85.34400000000001
LYBT;0.7843689244569437;0.3534418349872999;83.286;2.190591367577816;2502.145;43.4;12;L;;;;;;;80.772;85.64880000000001
LYKV;0.7647703982025157;0.3592952472016041;209.3976;5.551603324069832;2186.744;27.818;31;;;;;;;;207.264;211.5312
LYNI;0.7563685729413409;0.3814498580453104;196.596;1.9827739663453;2503.275;44.0;11;;727.575;0.0558505360638185;;;219.262;300.078;195.479;197.787
LYPG;0.7393112114623401;0.3360087278760329;31.546;0.0746845585550145;2485.703;39.412;36;;938.052;0.0558505360638185;938.052;0.0558505360638185;;;25.908;37.1856
LYTV;0.7401013978853478;0.3267827706407391;3.6576;5.567878344811755;2495.957;43.189;32;;943.179;0.0558505360638185;943.179;0.0523598775598298;;;4.8768;2.4384
LZIB;0.8407288850583835;0.3004227033428912;132.054;0.7665643503457625;2915.616;55.0;4;;;;1157.162;0.0523598775598298;;;132.8928;131.064
LZIB;0.8406513269934931;0.3005359293011116;132.054;5.478943172914206;3190.404;43.123;31;;1050.8;0.0523598775598298;;;240.656;;132.308;131.9784
LZKZ;0.8493304922641354;0.3707280027055704;227.228;0.2270773713276612;3104.658;43.677;1;;1247.529;0.0523598775598298;1247.529;0.0523598775598298;;;224.9424;229.5144
LZMC;0.8447743801980657;0.2987716578997452;208.512;0.3043286983471212;2500.61;59.722;1;;;;;;;;203.396;213.628
LZPP;0.8486684282065099;0.3111672007533834;164.134;0.2375483869085386;1998.0;28.092;1;;694.196;0.0523598775598298;694.196;0.0523598775598298;;;163.3728;164.8968
LZSL;0.8488947533367172;0.3339541277032126;313.242;3.175660084325321;2402.494;55.745;18;;;;896.447;0.0610865238198015;;;318.065;308.421
LZTT;0.8564463306102219;0.3532665500935995;704.24;4.418177781178454;754.38;73.95;25;L;;;;;;;700.7352000000001;703.7832000000001
LZTT;0.856496087379934;0.3532747424348433;704.24;4.78442692166198;2590.788;43.307;27;;910.237;0.0610865238198015;910.035;0.0663225115757845;;;694.6392000000001;717.8040000000001
LZZI;0.8592857609753224;0.3248692893975172;310.2864;1.1272746535414992;1149.647;28.493;6;;270.024;0.0610865238198015;270.024;0.0785398163397448;;;309.6768;310.896
MBGT;0.3742784093066373;-1.241669820951036;3.048;1.8235441578405231;1955.842;46.403;12;;413.484;0.0523598775598298;673.121;0.0523598775598298;259.637;;3.443;2.7432000000000003
MBNC;0.3825323686600321;-1.255583279801492;3.6576;1.21234828446901;1278.047;21.11;8;;;;;;;;3.6576;3.6576
MBPV;0.3800232476422132;-1.2613270784899528;5.486400000000001;1.6227273769575117;2803.942;45.522;10;;1097.171;0.0523598775598298;1097.171;0.0523598775598298;;;8.5344;2.4384
MBSC;0.3755214625019352;-1.248409379212118;2.286;1.710695636449455;1832.834;31.581;11;;611.617;0.0523598775598298;611.617;0.0523598775598298;;;2.4384;2.1336
MDBH;0.3185539344671589;-1.2412827211239172;3.3528;2.052211541570044;2988.155;41.121;12;;1189.278;0.0523598775598298;1189.278;0.0523598775598298;;;3.6576;3.048
MDCR;0.31291626951007;-1.250428643086373;7.772;1.9114262155207105;1457.703;20.476;11;;;;;;;;4.572;10.9728
MDCY;0.3363173177662309;-1.217140851152415;3.6576;4.230690324139019;2993.986;43.056;25;;;;;;;;3.6576;3.6576
MDJB;0.3241476650684911;-1.2214803889249155;18.44;3.253372440066695;1654.7592000000002;26.768;19;;;;;;;;24.6888;12.192
MDLR;0.3220570732098058;-1.2027298129014945;69.646;4.835531907489626;2938.24;41.674;29;;;;1164.32;0.0523598775598298;;;66.1416;73.152
MDPC;0.3240615050452946;-1.1931675171458749;12.42;4.621689106080449;3094.888;44.217;27;;1135.15;0.0523598775598298;1131.285;0.0523598775598298;;;10.9728;14.3256
MDPC;0.3241804051751052;-1.193262938415792;12.42;4.428786590503776;3102.099;46.947;26;;1118.627;0.0523598775598298;1118.147;0.0523598775598298;;;11.2776;13.1064
MDPP;0.3448399215440302;-1.2316786054168052;5.029;4.41495345991832;3081.583;45.164;26;;1236.0;0.0523598775598298;1236.0;0.0523598775598298;;;4.8768;5.1816
MDSD;0.3216584865499288;-1.2159519629866418;15.392;2.8061967454913224;3359.741;60.3504;17;;1375.07;0.0523598775598298;1375.07;0.0523598775598298;;;12.4968;18.288
MDSI;0.3229516300602608;-1.2175714952238028;31.0896;0.4535953820833509;2164.742;58.67;3;;;;;;;;34.1376;28.041600000000003
MDST;0.3387001479921029;-1.2322838789945934;170.84;1.798920040462421;2608.584;44.811;11;;999.492;0.0488692190558412;999.492;0.0523598775598298;;;172.21200000000002;169.437
MGCB;0.2699883077652975;-1.5778927902539412;1324.9656;0.5453644276340698;943.923;12.925;3;;;;;;;;1333.916;1316.015
MGGT;0.2545265744420426;-1.5800026692245837;1496.568;3.442515341901648;2984.335;57.742;20;;964.3;0.0523598775598298;1187.368;0.0523598775598298;223.068;;1507.519;1487.1192
MGRB;0.2791137098634948;-1.5785693528050109;142.0368;1.5382487287720057;1434.684;20.585;8;;;;;;;;144.512;139.561
MGRT;0.2534465546891705;-1.6004147066678749;199.9488;0.8670459573493895;1522.953;30.167;4;;;;;;;;187.786;212.112
MGSJ;0.2432309918899756;-1.585385817644799;5.486400000000001;2.7370705370051343;2006.531;42.059;15;;;;;;;;7.010400000000001;3.9624
MHLC;0.2747559694889738;-1.5158758853856855;13.4112;1.169283157840676;2951.542;43.27;7;;923.766;0.0523598775598298;1170.971;0.0523598775598298;247.205;;11.616;14.9352
MHLM;0.2696996447698965;-1.5345550710068383;26.5176;0.6991002887194185;2607.741;44.119;4;;999.07;0.0523598775598298;999.07;0.0523598775598298;;;27.575;25.6032
MHRO;0.2847908502020345;-1.5100988882096125;5.1816;1.1348364670586897;2092.373;44.437;7;;741.386;0.0523598775598298;741.386;0.0523598775598298;;;3.9624;6.4008
MHSC;0.2510196730740957;-1.5292776349975885;630.279;2.9622087602673672;2441.209;42.588;17;;915.805;0.0523598775598298;915.805;0.0523598775598298;;;635.238;625.32
MHTE;0.2753407563619801;-1.5267402406496906;1.676;1.00327599150431;1345.524;25.0;6;;;;;;;;2.1336;1.2192
MHTG;0.2453983810961501;-1.5222308483354006;993.648;3.473205211468716;2023.147;43.281600000000005;20;;777.389;0.0523598775598298;507.011;0.0523598775598298;;356.139;985.1136;1005.84
MHTJ;0.2779757117413052;-1.49990556371578;0.9144;4.203937393765674;1069.266;25.0;24;;;;;;;;2.434;-0.605
MKBS;0.3212126651911084;-1.3433840026845;24.0792;4.634984675256293;1418.103;21.695;27;;;;;;;76.575;18.8976;29.776
MKJP;0.313036579892909;-1.3401956683080518;3.9624;5.098216002686612;2702.308;46.084;30;;1046.354;0.0523598775598298;1046.354;0.0523598775598298;;;5.486400000000001;2.4384
MKJS;0.3229502373622493;-1.359845115814983;1.2192;1.1411062133306291;2636.0;42.387;7;;956.664;0.0523598775598298;853.973;0.0541052068118242;56.541;159.231;1.2192;1.2192
MKKJ;0.3176299671116384;-1.335781143305366;5.638;4.6489476583380975;1031.421;19.664;27;;;;210.911;0.0523598775598298;85.652;;6.181;5.1816
MKTP;0.3139583177612767;-1.3408279532052556;4.572;5.434954068979866;1297.871;25.0;32;;;;;;211.17;235.6104;5.037;4.083
MMAA;0.292436914428443;-1.7409373118460445;3.505;5.028289386205459;3301.042;43.558;28;;1345.721;0.0523598775598298;1345.721;0.0541052068118242;;;3.6576;3.6576
MMAA;0.2924591332282309;-1.7410509279157524;3.505;1.1673211634153389;1700.392;34.821;6;;545.396;0.0523598775598298;;;;;3.3528;3.3528
MMAN;0.4514081668934895;-1.7494915985283257;449.427;0.5609803771438535;2011.624;42.737;2;;;;701.012;0.0558505360638185;267.478;;449.8848;449.8848
MMAN;0.4514810787305602;-1.7495415015898457;449.427;2.136442003935916;1536.144;44.684;11;;;;;;84.403;103.334;448.9704;448.9704
MMAS;0.3787531304624488;-1.7857879458606911;1857.603;3.187012927510769;2990.209;40.426;18;;1190.304;0.0523598775598298;1190.304;0.0523598775598298;;;1858.0608;1857.1464
MMAS;0.3788553240677941;-1.7857554417715276;1857.603;3.99698375597997;1056.759;29.576;22;;223.579;0.0523598775598298;223.579;0.0523598775598298;;;1857.603;1857.603
MMBT;0.2753348578762844;-1.6800757065444625;135.636;1.3807034422480835;3000.92;44.553;7;;1195.66;0.0523598775598298;1195.66;0.0523598775598298;;;141.1224;130.1496
MMCB;0.3287298989997841;-1.7324378748389484;1295.0952;3.691610827141381;2879.589;39.036;21;;1175.6136;0.0523598775598298;1175.6136;0.0523598775598298;88.129;400.407;1309.116;1281.0744
MMCE;0.3255377064207215;-1.602202891903444;2.7432000000000003;5.583439700422535;2221.115;43.632;31;;805.757;0.0523598775598298;805.757;0.0523598775598298;;;2.7432000000000003;2.7432000000000003
MMCL;0.432228240018263;-1.8757976204277849;30.7848;3.7160979710797855;2247.331;41.282;20;;605.58;0.0523598775598298;818.865;0.0523598775598298;213.285;;32.257;29.5656
MMCM;0.3229785887146256;-1.5416323877940616;9.906;1.8862045497666031;2693.536;44.574;10;;549.367;0.0523598775598298;777.756;0.0523598775598298;492.602;264.212;11.8872;7.38
MMCN;0.4780938056345996;-1.9169484683010125;60.3504;2.394728916615427;2312.188;43.988;13;;851.294;0.0523598775598298;851.294;0.0523598775598298;;;57.912000000000006;62.7888
MMCN;0.4781012431101145;-1.917014646813804;60.3504;3.1777167803158712;1871.515;25.0;17;;;;630.958;0.0523598775598298;;;60.3504;60.3504
MMCP;0.3458683236953933;-1.579528012775142;10.21;2.9015248839060006;2506.206;44.146;16;;948.303;0.0523598775598298;948.303;0.0523598775598298;;;10.0584;10.3632
MMCS;0.5521893072782268;-1.8575038025387447;1187.271;0.6690815680629122;2702.872;43.661;3;;1046.636;0.0523598775598298;1046.636;0.0523598775598298;;;1185.9768;1185.0624
MMCS;0.5521555782389913;-1.857530954298296;1187.271;2.7310899917902502;1741.533;28.137;15;;;;;;;31.172;1189.9392;1188.1104
MMCU;0.500964709933851;-1.849411969618567;1351.99;3.330254193617045;2604.394;44.611;18;L;997.397;0.0523598775598298;997.397;0.0523598775598298;;;1342.0344;1360.0176
MMCU;0.5009572080899406;-1.849451815605931;1351.99;3.3302997467105224;2415.624;21.939;18;R;;;;;;798.938;1342.9488;1360.0176
MMCU;0.5009019156382164;-1.8494830167227256;1351.99;0.9726001369311352;1099.526;28.539;5;;;;;;;;1356.0552;1350.8736
MMCV;0.4137026646965481;-1.7271162313959003;227.3808;2.735149104031614;2207.05;44.500800000000005;15;;798.725;0.0523598775598298;798.725;0.0523598775598298;;;230.124;224.6376
MMCY;0.3585958748318425;-1.7608008525374823;1740.1032;1.6570653337270984;1919.491;28.375;8;;;;;;;;1739.046;1741.161
MMCZ;0.3580510022157109;-1.5171845845915937;3.809;2.020598741894521;2702.538;43.079;12;;850.625;0.0523598775598298;1046.469;0.0523598775598298;195.844;;2.926;4.572
MMCZ;0.3583346035145577;-1.5171757992808883;3.809;0.9574892333470012;3161.918;43.735;5;;683.128;0.0523598775598298;1131.542;0.0523598775598298;593.031;144.617;3.127;4.324
MMDO;0.4210615229939625;-1.8243626066996743;1860.041;0.6631785154668169;2906.499;44.221;3;;1148.45;0.0523598775598298;1148.45;0.0523598775598298;;;1860.4992;1859.5848
MMEP;0.3738390891557611;-1.829848174989898;919.8864;3.599531793662215;2305.988;40.967;20;;848.194;0.0523598775598298;848.194;0.0523598775598298;;;919.2768;920.496
MMGL;0.3581664498588544;-1.8031027477621668;1525.981;5.13414849226082;4006.503;57.0;29;;1698.451;0.0488692190558412;1698.451;0.0523598775598298;;;1526.4384;1527.048
MMGL;0.3582774560827092;-1.803055458447615;1525.981;3.6678109938624095;1852.0;27.167;20;;;;;;300.873;33.361;1521.379;1527.9624
MMGM;0.4881568855565563;-1.9359838179083009;14.478;3.6577030940324105;2342.0832;41.0;20;;866.2416000000001;0.0523598775598298;866.2416000000001;0.0523598775598298;;;10.9728;17.9832
MMHO;0.5077743887843086;-1.9382321006325869;187.604;1.023916656664123;2298.506;43.125;5;;844.453;0.0523598775598298;844.453;0.0523598775598298;;;184.0992;191.1096
MMHO;0.5078370309364628;-1.9381813783369424;187.604;5.334852280528057;1057.222;23.854;30;;223.811;0.0523598775598298;223.811;0.0523598775598298;;;187.604;187.604
MMIA;0.3364476286570597;-1.8077695422595563;746.4552;1.2872089467455508;2305.551;44.332;7;;847.976;0.0523598775598298;847.976;0.0523598775598298;;;740.9688;751.9416
MMIO;0.4457307105646448;-1.7615320463013044;1436.2176000000002;3.139835107033035;2875.082;40.261;17;;1132.741;0.0523598775598298;1132.741;0.0523598775598298;;;1416.1008000000002;1456.3344000000002
MMIT;0.287094829143434;-1.6596980067143272;28.498;3.140572334109077;2326.444;44.828;18;;;;858.422;0.0506145483078355;;;31.0896;25.908
MMJA;0.339903930614481;-1.6894359011427098;955.548;4.652477412217331;1699.316;27.071;26;;;;;;286.252;;953.839;957.258
MMLM;0.448296610358956;-1.9038244624639669;4.419;1.7456839901647974;1997.6592;42.843;9;;694.0296000000001;0.0523598775598298;694.0296000000001;0.0523598775598298;;;4.8768;3.9624
MMLO;0.3664022280663602;-1.7711769208566626;1806.5496;5.485944037609805;3503.882;39.575;31;;1447.141;0.0523598775598298;1447.141;0.0523598775598298;;;1798.0152;1815.084
MMLP;0.4201484631556411;-1.926189554059803;21.0312;0.1319021656433597;2492.467;39.975;36;;941.433;0.0523598775598298;941.433;0.0523598775598298;;;21.0312;21.0312
MMLT;0.4536090978853854;-1.9433953354048967;7.467;3.0206399401631843;2212.349;42.504;16;;801.375;0.0523598775598298;801.375;0.0523598775598298;;;10.9728;3.9624
MMMA;0.4497707226873658;-1.702136636015487;7.315200000000001;2.7275305673137336;2292.174;43.392;15;;841.287;0.0523598775598298;841.287;0.0523598775598298;;;7.9248;6.7056
MMMD;0.3653016982020167;-1.564824414315057;10.668;3.1603182911344403;2299.094;41.601;18;;844.747;0.0523598775598298;844.747;0.0523598775598298;;;10.3632;10.3632
MMMD;0.3653649255214026;-1.5646077229880408;10.668;1.839481387559014;3196.901;41.711;10;;972.066;0.0523598775598298;1293.651;0.0523598775598298;321.585;;10.9728;10.9728
MMML;0.5695106786571569;-2.01134521962651;21.793;2.064630955461385;2595.184;40.214;10;;992.792;0.0558505360638185;992.792;0.0488692190558412;;;21.9456;21.6408
MMMM;0.346445275179167;-1.7632256138966214;1837.791;0.9505048271062476;3400.241;44.139;5;;1395.32;0.0523598775598298;1395.32;0.0523598775598298;;;1837.6392;1837.944
MMMT;0.3159631533621553;-1.6507426464114343;8.5344;3.452645931011923;2100.468;41.224;19;;745.434;0.0523598775598298;745.434;0.0523598775598298;;;7.010400000000001;10.0584
MMMV;0.4704349789108675;-1.7710017373919489;565.861;4.409666683081104;2098.247;39.186;24;L;547.448;0.0523598775598298;660.013;0.0523598775598298;196.876;84.31;567.371;565.955
MMMV;0.4704961991066487;-1.770977136961528;565.861;4.409734925454857;1457.523;17.946;24;R;;;;;143.066;143.046;565.0992;565.0992
MMMX;0.3392216958423786;-1.7290955634582637;2223.363;1.0340432664237045;4064.114;43.329;5;R;1086.863;0.0541052068118242;1519.117;0.0523598775598298;541.443;82.517;2222.449;2223.537
MMMX;0.3392341950144478;-1.7291726104771052;2223.363;1.0332324039065202;3919.795;44.196000000000005;5;L;1110.522;0.0523598775598298;1070.113;0.0523598775598298;452.225;504.214;2223.47;2223.872
MMMY;0.4498962469102392;-1.74715182685792;384.048;2.119534824938922;3002.75;40.802;11;;1196.575;0.0523598775598298;1196.575;0.0523598775598298;;;388.9248;376.1232
MMMY;0.4499509249363698;-1.7472049834492482;384.048;6.0362831772108345;1798.893;28.041600000000003;34;;;;;;;;383.1336;388.0104
MMMZ;0.4042445657687639;-1.854666131576454;8.8392;1.62266925749342;2692.957;58.0;9;;1041.678;0.0523598775598298;1041.678;0.0523598775598298;;;6.096;11.5824
MMNL;0.4789772501593244;-1.737823036234441;145.846;2.6352255136964344;1999.049;44.042;14;;694.725;0.0523598775598298;694.725;0.0523598775598298;;;146.9136;144.78
MMOX;0.2966827298665555;-1.6881874039415994;1516.532;3.41339277800287;2446.452;41.629;19;;918.426;0.0523598775598298;918.426;0.0523598775598298;;;1520.0376;1513.0272
MMPA;0.3595740520797083;-1.7010078406232945;147.37;1.5560999563614035;1805.352;39.0;8;;597.876;0.0523598775598298;597.876;0.0523598775598298;;;151.1808;143.5608
MMPB;0.3343725671367042;-1.7169063973839038;2235.0984000000003;3.106539635425664;3602.956;41.892;17;;1496.678;0.0523598775598298;1496.678;0.0523598775598298;;;2242.1088;2228.088
MMPG;0.4996508749102058;-1.754669813581767;273.1008;2.2154891874892155;2020.955;25.0;12;;615.257;0.0523598775598298;705.677;0.0523598775598298;90.421;;272.105;274.0152
MMPN;0.3385317193078007;-1.7809145249126714;1595.6280000000002;3.6946853991516937;2404.842;42.359;20;;897.621;0.0523598775598298;897.621;0.0523598775598298;;;1602.6384;1588.6176
MMPR;0.3609353500175173;-1.8370322886980224;5.1816;0.8206584743168365;3108.138;43.534;4;;1249.269;0.0523598775598298;1249.269;0.0523598775598298;;;3.3528;7.010400000000001
MMPS;0.2771046142451693;-1.6945243047294292;69.342;1.6334679586413592;2311.0;40.871;9;;850.6968;0.0523598775598298;850.6968;0.0523598775598298;;;49.6824;89.00160000000001
MMQT;0.3598407244905418;-1.748568571341491;1919.0208;1.7647147985291558;3486.258;42.707;9;;1438.329;0.0523598775598298;1438.329;0.0523598775598298;;;1919.0208;1919.0208
MMRX;0.4539354983155592;-1.7144061260451862;42.3672;2.4610566641789675;1887.953;43.452;13;;639.177;0.0436332312998582;639.177;0.0523598775598298;;;42.3672;42.3672
MMSD;0.4040803971019085;-1.9149887588464851;106.0704;3.036040900015708;2997.827;44.864;16;;1194.114;0.0523598775598298;1194.114;0.0523598775598298;;;115.5192;96.6216
MMSF;0.5398338698360924;-2.003787979884759;29.8704;2.4451954610026934;1504.879;29.408;13;;447.64;0.0436332312998582;447.64;0.0436332312998582;;;29.126;30.614
MMSL;0.4005232649787918;-1.9187857217595177;198.4248;5.22756532061164;2089.49;41.897;29;;;;;;;;185.928;210.9216
MMSM;0.3447982985988388;-1.7281629785399777;2242.311;3.997295646317301;3447.717;73.412;22;;;;;;421.145;;2242.311;2242.311
MMSP;0.3885431830574358;-1.7616592694597075;1841.22;5.748648553159039;2997.061;42.077;32;;1193.73;0.0523598775598298;1193.73;0.0523598775598298;;;1839.468;1837.0296
MMSP;0.3884294909159874;-1.7615510369285308;1841.22;0.8247617433882752;999.707;29.187;4;;;;;;;;1838.2488;1850.136
MMTB;0.2921675619516883;-1.626179807133442;582.588;6.26409315049202;2133.488;37.321;36;;;;;;55.579;;586.384;578.793
MMTC;0.4461595035570225;-1.8047589192702629;1122.73;2.3718129180696663;2754.255;45.08;13;;1072.328;0.0523598775598298;1072.328;0.0506145483078355;;;1125.0168;1121.3592
MMTC;0.4462486596364453;-1.804750570884424;1122.73;1.5829101335342135;1468.341;29.737;8;;;;;;;;1122.5784;1121.9688
MMTG;0.2890581822392568;-1.6236118514515905;457.5048000000001;5.732060071283459;2488.418;42.49;32;;;;;;;;456.5904000000001;458.4192000000001
MMTJ;0.5679484518469967;-2.041511019543635;145.237;4.86806885900408;2964.899;45.0;27;;1182.405;0.0523598775598298;1129.072;0.0523598775598298;;;142.0368;148.4376
MMTL;0.355539885777632;-1.8295692218694284;1157.015;2.879526404948014;1201.432;16.451;16;;;;;;;;1153.047;1160.9832
MMTM;0.3890796351171029;-1.7081019868201015;19.862;2.5316028725445783;2555.484;40.417;13;;972.942;0.0523598775598298;972.942;0.0523598775598298;;;24.384;22.555200000000003
MMTM;0.3891245467021365;-1.7080373765554917;19.862;3.3246211434562336;1206.269;25.0;18;;;;;;;;13.716;21.6408
MMTM;0.3892366764470761;-1.708112894337301;19.862;4.886722938049395;1146.447;27.803;27;;;;;;;;13.4112;23.4696
MMTO;0.3374905136974077;-1.7377525352863643;2579.5224000000003;2.7375836638052204;4256.94;43.507;15;;1823.67;0.0523598775598298;1599.495;0.0523598775598298;;224.176;2578.9128;2580.18
MMTP;0.2582098920270045;-1.6121607529054676;25.45;0.9684067914170011;1994.336;45.664;5;;692.368;0.0523598775598298;692.368;0.0523598775598298;;;21.9456;28.956000000000003
MMUN;0.3671576555558044;-1.516289957521071;5.943;5.303667784650973;3499.033;54.084;30;L;1444.717;0.0523598775598298;1444.717;0.0523598775598298;;;5.486400000000001;6.096
MMUN;0.3673523406937933;-1.51617066923033;5.943;5.303106137697682;2795.445;42.346;30;R;1092.923;0.0523598775598298;1092.923;0.0523598775598298;;;5.486400000000001;6.7056
MMVA;0.3141053059182092;-1.619964519700821;10.668;1.509812079269262;2197.732;44.547;8;;794.066;0.0523598775598298;794.066;0.0523598775598298;;;8.2296;13.1064
MMVR;0.3340395835751736;-1.6788104267471469;23.926;3.334941973454977;2389.75;43.015;19;;890.075;0.0523598775598298;890.075;0.0506145483078355;;;20.7264;27.1272
MMVR;0.3341490391058643;-1.6787458164825364;23.926;1.7658740462183304;1518.019;40.18;10;;454.209;0.0523598775598298;454.209;0.0506145483078355;;;23.926;23.926
MMZC;0.399607466557826;-1.7922204239630335;2171.0904;0.4868960198653073;2999.859;41.409;2;;1195.13;0.0523598775598298;1195.13;0.0523598775598298;;;2172.3096;2169.8712
MMZH;0.3072059384861479;-1.770821802369314;5.943;1.598372424256652;2501.667;56.083200000000005;9;;946.034;0.0523598775598298;946.034;0.0523598775598298;;;3.9624;7.9248
MMZO;0.3341386348324846;-1.824890185673552;9.144;1.8518728761823235;2195.576;43.931;10;;792.988;0.0523598775598298;792.988;0.0523598775598298;;;9.144;9.144
MNBL;0.2092795013312586;-1.4621347275974184;7.533;4.13651253223433;2014.405;27.019;23;;;;;;196.011;;10.805;4.263
MNMG;0.2119108111187303;-1.503920700379481;58.8264;1.6844263368118375;2443.8864000000003;43.718;10;;917.1432;0.0541052068118242;;;;;58.8264;58.8264
MNPC;0.2451516628879178;-1.455376880909788;14.858;1.5873280854697869;2467.086;41.74;9;;;;;;;;12.019;17.699
MPBO;0.1630285036144137;-1.4355497376201618;0.762;4.65771427263794;1499.243;25.0;27;;;;;;;;0.3048;1.2192
MPCE;0.1394170175183864;-1.403416441623213;10.0584;3.3307161822700486;1498.454;16.776;19;;;;;;;;10.0584;10.0584
MPCH;0.1650877305094794;-1.4401613937598652;5.638;3.692280684508296;1102.641;24.361;21;;246.52;0.0523598775598298;;;;;5.7912;5.486400000000001
MPDA;0.1464186955892392;-1.43878701538387;16.4592;3.801382612313863;2596.249;43.576;22;;;;;;;;27.432;5.486400000000001
MPDA;0.1464743391413022;-1.4387585684541793;16.4592;3.801550512987905;1823.285;19.925;22;R;;;;;;;16.4592;16.4592
MPEJ;0.1633735240659004;-1.3939475229533145;8.2296;3.170527070995205;2698.109;43.971;18;;;;;;;;7.9248;8.5344
MPMG;0.1566146962478782;-1.3885068408908778;7.315200000000001;3.228092393049109;1795.889;28.094;19;;425.485;0.0523598775598298;460.812;0.0755727566113544;167.659;132.333;9.918;4.798
MPSA;0.1410972842625264;-1.4127593620847805;82.9056;3.047719770705428;1508.728;25.0;17;;;;;;;;84.027;81.784
MPTO;0.1581193074924044;-1.385543850514245;10.588;0.5143576760880094;3048.653;45.0;3;R;1081.757;0.0523598775598298;1202.737;0.0523598775598298;;;10.588;10.588
MPTO;0.1585325057780573;-1.385460811382951;18.557;3.6800188738484096;2682.0;45.0;21;R;721.477;0.0523598775598298;;;;;18.557;18.557
MRAO;0.1818642702339841;-1.4592680791538135;25.951;3.4044989292005576;995.344;11.5824;20;;;;;;;;25.637;26.266
MRBA;0.1599298558690117;-1.454388088728339;370.0272;3.294366559004613;954.383;10.237;19;;;;;;;;374.799;365.256
MRBC;0.187949336501419;-1.458842490927308;0.9144;2.873753553914117;997.928;10.647;16;;;;;;;;2.095;-0.266
MRCC;0.1501258704422378;-1.4480777389283692;7.9248;0.0049498021042761;1010.138;17.013;36;;;;;;;;5.899;9.95
MRGF;0.1510399192131809;-1.4517989265860098;14.9352;5.509120962878739;1402.176;20.846;31;;;;;;;;14.9352;14.9352
MRGP;0.1783245234293215;-1.462534685499175;269.1384;3.773300613715125;1134.138;16.708;22;;;;;;;;255.539;282.738
MRLB;0.1848894911951515;-1.493033944913846;79.4;4.36293933208331;2749.175;43.891200000000005;25;;;;1069.787;0.0523598775598298;;;82.9056;75.8952
MRLM;0.1737980793418994;-1.449007741308606;2.1336;2.5575985045554828;1799.502;28.233;14;;;;594.951;0.0523598775598298;;;2.1336;2.1336
MRNS;0.174121782151135;-1.494927054535175;10.0584;3.761480196823068;1013.038;19.444;22;;;;;;136.412;;13.089;7.027
MROC;0.1744259462265039;-1.469723012411368;909.5232;4.34940116214144;3014.199;44.608;25;;;;1202.299;0.0523598775598298;495.428;;928.198;896.1120000000001
MRPJ;0.1489726755270408;-1.4538782442226974;4.8768;2.8237437621920978;819.568;15.0;16;;;;;;;;6.155;3.599
MRPM;0.1562228741211996;-1.4568042208213674;14.9352;3.710405230658557;1372.057;10.282;21;;;;;;;;16.264;13.606
MRPV;0.1737851061843724;-1.4685163663706695;990.447;1.6545089499717025;1611.887;20.904;9;;;;;;46.867;;986.9424;993.9528
MRUP;0.1901050574729932;-1.4838129030832985;56.083200000000005;3.911143925510834;1016.154;12.32;23;;;;;;;;54.946;57.221
MSLP;0.2345884522363659;-1.5543157002877936;25.908;1.218829739179216;3198.95;39.694;7;;1294.675;0.0436332312998582;1294.675;0.0523598775598298;;;21.0312;30.7848
MSSS;0.2391014901425096;-1.5554349145418456;614.629;5.821901767194493;2245.419;42.785;33;;;;817.91;0.0541052068118242;;;617.8296;611.4288
MTCA;0.3188893406210286;-1.2878458119321206;60.749;4.462727484868535;1018.449;25.0;26;;;;;;87.13;79.633;55.988;65.511
MTCH;0.3443055468280355;-1.2601194883794538;3.6576;3.826467356988152;2638.691;43.971;23;;;;;;;;3.048;4.2672
MTJA;0.3183672836752613;-1.2656884781102296;49.274;0.106100101118477;1219.796;25.394;2;;;;;;;;41.922;56.627
MTJE;0.3257363004758181;-1.2945228821350865;65.31;4.816294888474145;1191.12;25.0;29;;;;;;;;58.635;71.987
MTPP;0.3242829206224278;-1.261743241622913;30.632;4.659289781353715;3067.228;44.51;28;;1228.814;0.0523598775598298;1228.814;0.0523598775598298;;;37.1856;24.0792
MTPX;0.3479194401726276;-1.2714320271273385;12.35;0.9178406236360308;847.835;21.336;6;;;;;;;;14.265;10.435
MUBA;0.3554429528256997;-1.3003771369902042;6.553;5.84832046701608;1797.343;28.566;34;;;;;;47.588;49.0728;7.037;6.069
MUBY;0.3559843729551641;-1.3372974676473135;56.997600000000006;4.332412127202527;2099.405;28.651200000000003;26;;;;;;50.0;99.0;62.125;51.6
MUCA;0.3844445488814423;-1.375137845039491;89.61120000000001;4.254991590512087;3521.423;43.904;25;;;;1455.912;0.0523598775598298;;;77.1144;102.108
MUCC;0.3920172331369947;-1.3670935355007572;3.505;4.3794274575269005;3003.617;44.097;26;;1197.0;0.0523598775598298;1197.0;0.0523598775598298;;;3.9624;3.048
MUCF;0.3865878174943257;-1.4034931999595537;30.48;3.421888168136953;2400.404;40.728;20;;;;895.402;0.0523598775598298;;;31.0896;29.8704
MUCL;0.3772749336667618;-1.423239746215799;2.59;2.027123131704326;2993.393;42.869;12;;1191.897;0.0523598775598298;1191.897;0.0523598775598298;;;2.1336;3.048
MUCM;0.3738557079051415;-1.358694169892513;121.92;1.1931164141748218;2990.879;44.091;8;;1190.639;0.0523598775598298;1190.639;0.0523598775598298;;;121.92;121.92
MUCU;0.3485403143088131;-1.323581256967321;65.0;4.702067103188395;4004.925;46.801;28;;1400.088;0.0523598775598298;1396.868;0.0523598775598298;297.574;300.795;76.137;60.718
MUCU;0.348634415051344;-1.3235793922344097;65.0;3.131318423882078;1344.785;41.738;19;;;;;;;;56.997600000000006;66.1416
MUGM;0.3474354015419043;-1.3126111736878912;15.087;1.5903941053667654;2436.653;56.514;10;;913.526;0.0523598775598298;913.526;0.0523598775598298;;;17.0688;13.1064
MUGT;0.3505527804903933;-1.311760480973125;14.0208;2.893593758719088;2401.142;43.553;17;;;;;;;256.517;17.2;10.242
MUHA;0.4012364550974515;-1.438309339471513;64.00800000000001;4.0881566145115;3999.465;45.057;24;;1462.013;0.0523598775598298;1585.054;0.0523598775598298;;;64.00800000000001;64.00800000000001
MUHG;0.3627760520615743;-1.3319506776177616;97.536;3.946498012970932;3241.563;43.204;23;;;;1215.467;0.0523598775598298;;100.515;110.0328;84.243
MUKW;0.4035834672370707;-1.418983637686081;3.505;4.201992049781401;1542.442;47.431;25;;;;;;123.562;121.679;3.9624;3.048
MULM;0.3898377485241409;-1.4598298084873331;39.9288;1.24619014885201;2037.256;43.13;7;;;;;;;;39.9288;39.9288
MUMO;0.3604798207343228;-1.3076404277258935;3.505;4.237886840243767;1960.027;29.886;25;;675.214;0.0523598775598298;552.132;0.0523598775598298;;123.082;2.1336;4.954
MUMZ;0.3541096024748771;-1.3454092976823566;30.632;1.291771237410264;3062.018;46.667;8;;;;;;;597.595;34.1376;27.1272
MUNB;0.3971780687236548;-1.429781143445536;20.157;0.9767857680899756;875.889;25.0;6;;;;;;;;17.978;22.338
MUNG;0.3810872396646089;-1.4448489733973249;21.488;3.980213236263407;2500.858;41.813;23;;;;945.629;0.0523598775598298;;;18.8976;24.0792
MUNG;0.3810858996316482;-1.4447680174613755;21.488;3.0002859104264266;1646.339;25.0;18;;;;;;;;21.488;21.488
MUPB;0.4019962654894613;-1.4412809357075669;20.1168;3.5214403524073075;2301.695;48.599;21;;623.898;0.0523598775598298;617.0;0.0523598775598298;222.15;229.044;6.762;31.0896
MUSC;0.3925631941641772;-1.3952785209318657;99.9744;4.46889774737311;2998.343;45.537;26;;;;;;;;96.9264;103.0224
MUSJ;0.3856138593022005;-1.46890661049638;19.518;1.4365773657238792;2580.637;41.507;8;;;;;;;62.765;18.509;20.528
MUSJ;0.3857654761319357;-1.4687008734999416;19.518;3.3493365764608;2030.296;37.7952;20;;;;;;;;27.957;11.079
MUSN;0.3777334180444764;-1.4478412611466918;11.8872;4.01472764582037;1921.543;39.87;23;;;;;;;;11.8872;11.8872
MUTD;0.3802808616642998;-1.396214648062461;23.926;4.071394123309497;1798.519;29.787;24;;;;;;300.14;;32.246;17.9832
MUVR;0.4020265186353405;-1.421313859427265;64.00800000000001;0.967722098751444;3499.374;47.187;6;;1444.887;0.0523598775598298;1444.887;0.0523598775598298;;;64.00800000000001;64.00800000000001
MUVT;0.3663022756515123;-1.3427848616593;99.06;3.917698334983773;1794.785;47.163;23;;;;;;;99.073;98.1456;100.081
MWCB;0.3436027258727215;-1.3942177843898358;0.762;1.4785307176186928;1852.0;44.606;9;;618.0;0.0523598775598298;618.0;0.0523598775598298;;;0.6096;0.9144
MWCL;0.343136049153763;-1.3978213378294435;1.2192;4.839716334371283;932.705;8.611;28;;;;;;180.863;;0.968;1.47
MWCR;0.3367228562128208;-1.4199601023445154;2.1336;1.323451232261989;2137.977;43.255;8;;764.189;0.0523598775598298;634.096;0.0523598775598298;;130.093;2.519;1.791
MYAB;0.4239000990149047;-1.3558502571464175;3.3528;4.582793047436355;1541.889;29.562;27;;;;;;;;3.6576;3.048
MYAF;0.4310609601277988;-1.357791295865138;3.3528;1.5701973297956122;1340.027;33.979;9;;;;;;;;3.3528;3.3528
MYAK;0.4216505289227094;-1.3542003976421946;5.334;4.91618409582306;1624.23;30.903;28;;;;;;;;5.858;4.8768
MYAM;0.4626892255948655;-1.3453890899072882;2.286;1.5420569499333945;1852.0;25.0;9;;;;;;;;2.1336;2.4384
MYAN;0.4372804861217353;-1.3622300780001355;3.048;1.947849753479968;1778.0;32.677;12;;584.199;0.0523598775598298;584.199;0.0523598775598298;;;3.048;3.048
MYAP;0.3916860401871932;-1.291031805639642;4.114;2.2130712781566726;1525.087;41.481;13;;;;;;;;4.572;3.6576
MYAT;0.4667949285910181;-1.3507329619029114;3.048;2.326668580703432;2127.115;41.639;14;;758.758;0.0523598775598298;;;;;3.048;3.048
MYBC;0.4436135813720015;-1.3592782058009052;1.524;1.831292477241582;1476.335;21.683;11;;;;;;;;1.524;1.524
MYBG;0.4492191791647929;-1.358568265310939;5.943;2.1463387189264247;1410.496;28.934;13;;;;;;;;7.010400000000001;4.8768
MYBS;0.4485482790819686;-1.3834368661708425;2.4384;1.5721044510692663;1636.122;25.0;10;;;;;;;;2.662;2.215
MYCA;0.4298600974899069;-1.3207476197578147;5.486400000000001;1.9419388469022387;2260.946;44.278;12;;;;;;;;6.291;4.682
MYCB;0.4243823177755374;-1.3168917890212732;3.81;1.4966200953845257;1541.0;30.439;9;;;;;;;;3.9624;3.6576
MYCI;0.3969837405376772;-1.2947266763763152;3.048;1.505207377103725;1220.19;18.16;9;;;;;;;;3.3528;2.7432000000000003
MYEF;0.4112424812143169;-1.3243136132633768;2.59;2.052279958476722;2152.103;48.451;12;;;;;;;;2.4384;2.7432000000000003
MYEH;0.4446340837657367;-1.3383420847826673;6.248;1.1880747688310485;1833.208;33.083;7;;;;;;;;4.2672;8.2296
MYEM;0.4413016909696294;-1.3322283121614025;4.419;5.67273894800205;2442.894;40.046;33;;916.647;0.0523598775598298;416.825;0.0523598775598298;;499.822;4.572;4.224
MYEN;0.4292869554448116;-1.3407433302213212;3.81;3.5757803060035247;1431.552;29.805;21;;;;;;63.421;64.153;3.643;3.977
MYER;0.4344420680959456;-1.3295529743914172;3.81;4.672864952275726;2187.157;47.877;27;;788.778;0.0523598775598298;788.778;0.0523598775598298;;;2.7432000000000003;4.8768
MYES;0.4218417147606527;-1.334117583085691;1.524;2.8456205917012207;920.223;22.241;17;;;;;;;;3.451;-0.403
MYGF;0.4635368344783207;-1.3734965445813103;2.1336;4.204933278636862;3349.1;45.708;24;;1369.75;0.0523598775598298;1369.75;0.0523598775598298;;;2.1336;2.1336
MYIG;0.3660835225852833;-1.2857287315034134;4.572;1.6629640230000635;2138.939;28.366;10;;;;;;;;5.1816;3.9624
MYLD;0.4045498943269239;-1.3106307883245107;2.7432000000000003;1.5978910624489515;1242.562;30.659;9;;;;;;;;2.4384;3.048
MYLR;0.4016274053249549;-1.307356933707706;3.303;2.537730549015405;805.804;25.0;16;;;;;;;;2.19;4.416
MYLS;0.4116021249949239;-1.3136875458983523;1.981;2.1538307192735355;1228.076;25.0;13;;;;;;;;1.8288;2.1336
MYMM;0.3905957683044216;-1.2743256244725203;4.572;4.118757821352567;2035.986;25.0;24;;;;;;;;4.8768;4.2672
MYNN;0.4369603879426471;-1.3520965497951538;4.038;1.5645553784556152;2529.312;46.854;10;;959.856;0.0523598775598298;;;;;4.278;3.9624
MYNN;0.4370551733308389;-1.3520036876565968;4.038;2.352630527859773;3392.091;43.528;14;;1324.306;0.0523598775598298;1391.246;0.0523598775598298;66.94;;3.9624;3.9624
MYRD;0.3871472549228544;-1.3217275251995717;1.8288;2.27035169266348;1157.174;20.101;14;;;;;;;;1.624;2.034
MYSM;0.4199808888154971;-1.3006835305527258;7.010400000000001;1.658680461416894;2436.05;42.267;10;;913.225;0.0436332312998582;;;;;4.8768;9.144
MZBZ;0.3061150638811277;-1.5412682733358043;4.419;1.3435418918146205;2162.2512;44.403;7;;776.3256;0.0523598775598298;776.3256;0.0523598775598298;;;4.572;4.2672
NCRG;-0.370054742448245;-2.7891356472512263;5.029;4.712423537903879;2337.42;45.801;26;;;;;;112.339;123.615;4.192;5.88
NFFN;-0.3098899893962132;3.09701314705917;10.9728;1.8172962456375263;2131.071;43.161;9;;759.96;0.0523598775598298;759.96;0.0523598775598298;;;5.7912;17.9832
NFFN;-0.3099983331091638;3.096878363540134;10.9728;3.799530817977497;3287.054;48.532;20;;1338.33;0.0558505360638185;1251.753;0.0523598775598298;;86.578;12.882;9.841
NFNA;-0.314915686462383;3.116446613241993;3.81;1.9066976822447448;1852.0;28.847;10;;491.716;0.0523598775598298;532.029;0.0523598775598298;120.168;;5.1816;2.4384
NFNL;-0.2874163083171891;3.1300660294596314;10.82;2.5469399533464783;1063.985;27.194;13;;;;;;;;9.144;12.4968
NFTF;-0.3707220613076112;-3.0569435165810823;33.299;2.1271842539845625;2671.101;45.12;11;;;;1030.75;0.0523598775598298;;;28.041600000000003;34.7472
NFTL;-0.3451733030192783;-3.0428295794370435;6.553;2.103297154242993;1196.181;27.137;11;;;;;;;;4.2672;8.8392
NFTV;-0.3243790635985973;-3.0362241727143875;68.8848;1.6805639231771743;1700.792;25.0;8;;44.225;0.0610865238198015;245.287;0.0610865238198015;501.371;300.309;68.8848;68.8848
NGFU;-0.1487715418461585;3.12757386463763;1.676;3.89239961294319;1536.615;29.718;21;;;;;;;;1.524;1.8288
NGTA;0.0241132143321651;3.021990814641702;2.7432000000000003;1.697067058452332;2072.981;56.261;9;;731.691;0.0523598775598298;;;;;2.7432000000000003;2.7432000000000003
NGTE;-0.021361640975233;3.05041830117586;2.1336;5.808969575568916;975.645;25.0;32;;;;;;;;2.572;1.696
NIUE;-0.3329907239773899;-2.9657633827148997;60.3504;1.9183278582483343;2336.078;45.462;10;;861.091;0.0523598775598298;823.933;0.0523598775598298;;;64.31280000000001;56.388000000000005
NLWW;-0.2310525499804155;-3.0752574642228927;20.4216;4.7111021491271945;2114.588;45.0;26;;754.399;0.0523598775598298;828.517;0.0523598775598298;;;23.016;18.093
NSFA;-0.2413792769986178;-3.002112246855753;10.515;4.699266547870645;3000.49;51.107;26;;1195.445;0.0523598775598298;1025.465;0.0523598775598298;;;3.3528;17.6784
NSTU;-0.2501689452492956;-2.979504490310043;3.886;1.0479525806310104;3048.049;45.687;5;;823.789;0.0567232006898157;840.655;0.0523598775598298;307.604;243.84;9.583;2.157
NSTU;-0.2500428183041735;-2.979409396733776;3.886;1.5703896650791818;1169.674;28.586;8;;;;;;;18.0;2.4384;1.524
NTAA;-0.3063690206080161;-2.611139197830361;1.524;0.9476820712004124;3447.359;44.762;4;;980.0;0.0523598775598298;1298.625;0.0523598775598298;338.0;180.0;1.524;1.524
NTAR;-0.3915409655271085;-2.6417409317306486;7.62;1.8849261659026872;1451.888;17.808;9;;421.144;0.0523598775598298;;;;;8.242;7.0
NTAT;-0.4078017739636205;-2.6096908699207377;4.8768;0.8387972099939156;1499.555;22.163;3;;444.977;0.0523598775598298;444.977;0.0523598775598298;;;4.572;5.1816
NTGA;-0.3028564197112324;-2.539629827162803;5.638;2.61759594292204;1459.548;25.0;14;;;;;;;;6.4008;4.83
NTGB;-0.2761111348741944;-2.4589515023505486;3.505;1.490016205827292;1047.626;25.0;7;;;;;;;;3.73;3.324
NTGC;-0.263887377614211;-2.587112910090466;3.6576;4.456024896942101;1201.566;22.792;24;;;;;;;;3.6576;3.6576
NTGF;-0.280206650108843;-2.542210625314833;4.114;1.1255020971531735;1401.876;30.766;5;;;;;;;;3.3528;4.8768
NTGI;-0.2519438627931643;-2.549374351796605;5.638;4.120509084724018;1298.322;28.581;22;;;;;;;;4.572;6.7056
NTGJ;-0.4028162486279075;-2.354282772253048;4.572;5.52692262311738;2004.492;28.362;30;;;;;;;262.268;4.572;4.572
NTGK;-0.2733702993359642;-2.563619748709805;4.114;0.495763217489942;1079.321;19.481;2;;;;;;50.0;;3.613;4.572
NTGM;-0.2894419817231887;-2.507311165791309;3.048;2.154918757529229;1501.0;30.229;11;;;;;;;101.226;2.7432000000000003;3.396
NTGT;-0.2567295886292833;-2.535018693772493;4.724;4.544043596449427;915.41;25.0;25;;;;;;;;4.2672;5.1816
NTGU;-0.2661312189192079;-2.5589432872497477;4.8768;2.0344652082686907;1292.864;25.0;10;;;;;;;;4.8768;4.8768
NTGV;-0.259572196452452;-2.59554619199146;4.8768;3.4444030900206046;1191.244;24.568;19;;;;;;;;4.8768;4.8768
NTHE;-0.2518161383414996;-2.5526618369087943;4.724;1.195750377815469;1241.65;21.751;6;;;;;;;;3.6576;5.7912
NTKR;-0.2523022367608785;-2.5311567304833638;5.486400000000001;1.5026573463468065;1043.255;25.0;7;;;;;;;;5.1816;5.7912
NTMD;-0.1535126018674814;-2.4474546125179875;64.00800000000001;4.329580155958242;1682.874;29.441;24;;;;536.637;0.0523598775598298;;;57.912000000000006;70.177
NTMN;-0.1704454748696089;-2.426176909881028;453.8472;3.6536485196471022;1603.765;29.628;20;;497.082;0.0698131700797731;332.877;0.0436332312998582;;164.205;463.6008000000001;441.926
NTTB;-0.2870085286801018;-2.648559456359092;3.2;2.175774569425935;1492.035;22.32;11;;510.418;0.0523598775598298;514.951;0.0523598775598298;;;3.048;3.3528
NTTG;-0.2610012450523479;-2.5771684533191634;3.048;5.002100371713434;2103.618;31.297;27;;;;747.0;0.0523598775598298;;;3.048;3.048
NTTH;-0.2912440744332978;-2.6358263032216778;4.114;1.387569218459579;1509.738;16.847;7;;450.069;0.0523598775598298;450.069;0.0523598775598298;;;4.28;3.9624
NTTM;-0.3052530013670494;-2.6138360307433244;1.981;2.363259583004418;1236.87;28.785;12;;313.635;0.0523598775598298;313.635;0.0523598775598298;;;2.4384;1.524
NTTO;-0.3154662117939729;-2.4599698883894625;4.572;2.3554443476798377;3349.787;50.0;12;;;;1370.094;0.0523598775598298;;;4.572;4.572
NTTP;-0.2866966228422574;-2.6571527697946133;5.029;1.5438533300660098;926.028;25.0;8;;;;;;;;3.277;6.7056
NTTR;-0.2918701565578456;-2.643577475186245;1.8288;4.604732359732699;1398.637;28.485;25;;411.855;0.0523598775598298;394.519;0.0523598775598298;;;1.8288;1.8288
NVSQ;-0.2481536234516248;2.924947117860302;22.633;2.494046877700164;483.785;25.0;13;;;;;;;;16.572;28.695
NVSS;-0.2706058640032793;2.918537898204863;45.110400000000006;2.2546585646941733;1982.872;30.0;12;;686.636;0.0523598775598298;686.636;0.0523598775598298;;;56.083200000000005;34.1376
NVVV;-0.308891465883701;2.937694736331684;18.44;2.0581238444111745;2590.545;43.451;11;;946.139;0.0523598775598298;919.522;0.0523598775598298;;;15.5448;21.336
NVVW;-0.339553643657909;2.953510628468027;4.572;2.7532387435968344;1227.251;25.0;15;;;;;;;;3.3528;5.7912
NWWD;-0.3674543411939521;2.876980671194789;6.248;1.741669820151673;1227.36;35.0;9;;299.387;0.0523598775598298;312.248;0.0575958653158128;;;7.259;5.238
NWWE;-0.3942454329218881;2.9226473950352343;91.287;1.9954546560256643;1247.855;25.0;10;;319.1256;0.0575958653158128;319.1256;0.0575958653158128;;;96.3168;86.25840000000001
NWWL;-0.3625822739327947;2.9188736281512675;28.041600000000003;5.502497263834496;1250.196;28.241;30;;320.298;0.0523598775598298;320.298;0.0610865238198015;;;28.651200000000003;27.432
NWWM;-0.3884709558660262;2.905499131727903;2.286;3.117621254445352;1386.151;28.874;17;;50.786;0.0750491578357561;294.29;0.0523598775598298;337.167;93.663;2.52;2.107
NWWR;-0.3749241471984981;2.93281118808944;40.69;5.567033605453789;1003.946;29.403;31;;197.173;0.0523598775598298;197.173;0.0663225115757845;;;41.4528;39.9288
NWWU;-0.3628514333043628;2.884320868509185;2.7432000000000003;5.6865410117268205;1103.833;29.462;31;;243.982;0.0575958653158128;243.982;0.0575958653158128;;;2.7432000000000003;2.7432000000000003
NWWV;-0.3602523779347029;2.907248227792394;6.7056;2.50917905684788;991.131;25.0;13;;190.765;0.0610865238198015;190.765;0.0610865238198015;;;5.974;7.315200000000001
NWWW;-0.3842259889203997;2.9009641012866343;12.039;2.1133200565384205;3249.49;43.655;11;;1125.07;0.0523598775598298;1319.945;0.0698131700797731;;;8.8392;15.24
NZAA;-0.6459822108834236;3.0505946783817257;5.7912;1.2378932724670495;3681.503;44.709;5;R;1003.289;0.0523598775598298;1171.179;0.0523598775598298;390.809;;4.39;7.010400000000001
NZAP;-0.6761536849721391;3.073260990661755;396.26;3.399528056957952;1382.468;29.984;17;;386.434;0.0523598775598298;386.434;0.0523598775598298;;;406.908;403.5552
NZAP;-0.6761873964563577;3.0731615902546627;396.26;5.3007953217680415;684.913;42.149;28;;;;;;;;401.7264;394.4112
NZAR;-0.6463004482307151;3.053872543344625;34.0;0.7991791086382702;547.058;33.37;3;;;;;;;;34.0;34.0
NZAR;-0.6463091438157782;3.0538822805273607;32.9184;0.7933011015169412;1403.619;45.745;3;R;327.872;0.0523598775598298;314.578;0.0523598775598298;102.358;105.351;32.56;33.28
NZAR;-0.6462774570101812;3.0538302318526576;33.924;1.5653110187552663;435.582;25.474;7;;;;;;;;33.924;33.924
NZCH;-0.7589788576701773;3.011306386598102;32.461;0.6978246450224285;3290.0;38.511;2;;1163.918;0.0523598775598298;247.055;0.0523598775598298;;;37.4904;28.346400000000003
NZCH;-0.7589443737652128;3.011262046526398;32.461;0.6952606865380787;617.323;57.866;2;L;;;;;;;32.461;32.461
NZCH;-0.7590335122896187;3.011264956758097;32.461;5.414026000452128;1700.807;48.599;29;;;;;;;;28.956000000000003;35.052
NZCI;-0.7646623938865597;-3.079902474894804;9.296;1.2563557143604958;1357.122;44.564;5;;373.761;0.0523598775598298;373.761;0.0523598775598298;;;11.8872;6.7056
NZDN;-0.8016132819765088;2.970509759955801;1.066;4.117892138043578;1887.775;44.026;21;;578.432;0.0523598775598298;474.841;0.0523598775598298;;;1.2192;0.9144
NZGS;-0.6748133477245699;3.106285457341445;3.6576;2.868317202360005;1311.682;45.559;14;;;;373.235;0.0523598775598298;;;3.6576;4.572
NZGS;-0.6747738606397743;3.106332262917752;3.6576;2.86698237454808;746.555;59.921;14;L;;;;;;;3.3528;4.59
NZGS;-0.6747884430071884;3.1062839124999533;3.6576;3.980899674258216;1169.89;60.197;21;;;;;;;;3.6576;3.6576
NZGS;-0.6747752650411304;3.1062716473947765;3.6576;5.140762591994178;1174.143;60.313;27;;;;;;;;3.6576;3.6576
NZGT;-0.7663874844406484;2.969305782277679;537.972;6.124530165784322;1047.126;26.693;33;;;;;;;;541.6296;534.3144
NZHK;-0.7454405748892152;2.9842711845572296;39.3192;0.994371094767832;1313.432;32.475;3;;279.276;0.0523598775598298;307.861;0.0523598775598298;81.842;78.494;37.7952;35.6616
NZHK;-0.7455243766884679;2.9843094076808048;39.3192;2.564975662237812;1173.516;20.11;12;;;;;;;;37.1856;46.6344
NZHN;-0.6608181897757802;3.0600611237447914;51.104;4.80125172111828;617.333;31.294;25;;;;;;;;51.104;51.104
NZHN;-0.660851661341434;3.06012002277722;51.104;0.2795000283806853;623.32;8.961;36;L;;;;;;;49.3776;52.1208
NZHN;-0.6608724698881935;3.0601340823952405;51.104;0.2787561690534854;2207.86;44.081;36;R;614.259;0.0523598775598298;724.5096000000001;0.0523598775598298;135.785;;49.9872;51.816
NZKK;-0.6154371367756248;3.0354037760577643;149.871;0.6929898735548939;496.288;25.0;2;;;;;;;;147.828;145.9992
NZKK;-0.6153608602269718;3.0353400786540354;149.871;6.033003179947562;1185.244;30.975;33;;287.075;0.0523598775598298;284.16;0.0523598775598298;;;149.9616;145.6944
NZKT;-0.612078674779345;3.024406704865608;76.962;2.480802795737256;1394.182;31.959;12;;447.911;0.0523598775598298;319.14;0.0523598775598298;;;67.9704;82.338
NZKT;-0.6121410126445387;3.024416816555372;76.962;3.497609801333502;1319.97;32.165;18;;;;124.067;0.0523598775598298;;;78.233;79.499
NZLX;-0.7890867825975295;2.9560922380519523;228.6;5.925506256922128;1202.103;30.162;32;L;;;;;;;228.6;228.2952
NZLX;-0.789093769494276;2.956064774203211;228.6;0.5107053826419935;665.662;49.358;36;;;;;;;;228.6;228.6
NZMC;-0.7638670989536192;2.969411596117631;645.5664;2.7099186243647835;1465.853;30.043;13;;;;;;;;656.2344;634.8984
NZMO;-0.7947011403437794;2.9260979155404065;208.1784;1.7780640365794969;1584.604;29.408;8;;391.968;0.0500909495322372;409.722;0.0500909495322372;;;209.3976;208.1784
NZMO;-0.7947116909089671;2.925980156486698;208.1784;2.826251276728438;1192.648;31.462;14;;;;;;;;209.3976;205.74
NZMS;-0.7151408204399651;3.0654051907961586;105.7656;4.487974021564484;1258.575;24.449;24;;221.17;0.0523598775598298;287.214;0.0523598775598298;131.358;;100.426;110.3376
NZMS;-0.7151548117884751;3.0653933548136187;105.7656;4.487580973416934;1048.238;25.0;24;L;;;;;;;100.215;106.68
NZMS;-0.7151454842228017;3.0653583384064733;105.7656;5.287228004827664;984.281;29.279;28;;;;;;;;104.367;110.886
NZNP;-0.6807770971215273;3.0400419207674894;26.087;2.7228145131419192;1241.441;33.062;14;;;;;;;;26.087;26.087
NZNP;-0.6808408627947665;3.0399278131573064;26.8224;4.292036727484442;1065.596;25.0;22;L;;;;;;;26.8224;26.8224
NZNP;-0.6808190009469899;3.0399612925251898;26.8224;4.293590943183343;1309.686;47.472;23;;345.362;0.0523598775598298;345.362;0.0523598775598298;;;24.9936;27.1272
NZNR;-0.6888789012913338;3.086913862840588;1.676;3.226218083965392;1748.397;46.566;16;;;;546.53;0.0523598775598298;;;1.8288;1.524
NZNR;-0.6888852152457638;3.0869403514106097;1.677;3.2234934504701034;776.416;34.706;16;L;;;;;;;1.8288;1.8288
NZNR;-0.688784578185255;3.086869452548816;1.676;4.688580944058235;1192.669;28.304;25;;;;;;;;1.524;1.524
NZNS;-0.7207649212206227;3.0233334769537383;4.165;3.852655498815551;1333.877;47.113;20;;359.227;0.0523598775598298;375.072;0.0523598775598298;;;4.2672;3.048
NZNS;-0.7207166741823685;3.023288060174328;4.165;3.86361529385345;688.059;51.691;20;R;;;;;;;4.8768;4.572
NZNS;-0.7207475534571857;3.023269639109874;4.165;4.587487284992519;602.735;27.8;24;;;;;;;;3.9624;4.2672
NZNV;-0.8100888968256018;2.937628924523691;0.965;4.273609715774811;2213.396;49.799;22;;642.218;0.0523598775598298;637.974;0.0523598775598298;175.0;131.633;1.2;1.545
NZNV;-0.8100840516409233;2.937726561626859;0.965;4.276632451506341;708.928;25.0;22;L;;;;;;;1.2192;1.524
NZNV;-0.8100972354586538;2.9377001900902835;0.965;5.601075728915163;743.789;29.296;30;;;;;;;;0.0;0.3048
NZOH;-0.7017531948144781;3.0610053886010222;45.847;1.245373928174022;565.449;50.0;5;;;;;;;;45.847;45.847
NZOH;-0.7017226022716044;3.061066979402717;45.567;1.9012817510428808;2435.814;59.448;9;;757.59;0.0523598775598298;906.047;0.0523598775598298;146.649;;45.76;45.110400000000006
NZOH;-0.7016551851548396;3.060917043953494;45.213;1.8982003722484853;545.748;25.506;9;L;;;;;;;45.213;45.213
NZOH;-0.7017351658120692;3.060987388856975;45.12;1.8993658158565043;874.192;50.0;9;R;;;;;;;45.12;45.12
NZOH;-0.7017537682783651;3.060965628438185;45.989;2.278715484971962;798.267;50.0;11;;;;;;;;45.989;45.989
NZOH;-0.7017583384344448;3.0611002403081677;45.567;2.9489805608006514;2139.843;49.181;15;;;;;;155.0;;51.136;40.509
NZOU;-0.7848068577614808;2.986001672303752;27.584;0.7814657620597799;788.638;38.216;2;;;;;;;;28.041600000000003;25.908
NZOU;-0.7849083725728373;2.9860132196037914;27.584;2.3576747039309613;878.384;39.104;11;;;;;;;;27.584;27.584
NZOU;-0.784821293837087;2.9859360555515035;27.584;0.4665301044363434;1268.933;33.42;36;;355.988;0.0523598775598298;358.067;0.0523598775598298;;;27.584;27.584
NZPM;-0.7037143827915436;3.065049822637458;40.766;1.5734925114233775;1904.498;47.8536;7;;518.436;0.0523598775598298;539.487;0.0523598775598298;137.219;78.692;36.126;46.459
NZPM;-0.7037411834507558;3.0651275718569773;40.767;1.5680214278171507;573.38;50.308;7;R;;;;;;;35.052;45.110400000000006
NZPP;-0.71393277780014;3.05411487279862;5.029;3.1422900871588904;1394.533;43.254;16;;275.809;0.0523598775598298;325.378;0.0523598775598298;255.583;98.307;5.614;4.572
NZQN;-0.7857167576967511;2.9451842605213807;354.939;1.351980488934843;1892.506;29.932;5;;604.237;0.0523598775598298;605.274;0.0523598775598298;63.555;53.781;353.451;357.019
NZQN;-0.7857637758838187;2.945115780350812;354.939;2.813122386496161;891.099;12.175;14;;;;;;70.939;100.294;356.273;352.882
NZRO;-0.6651061723646097;3.077294509378762;284.988;3.5802003523342005;2089.111;30.376;18;;592.774;0.0523598775598298;638.624;0.0523598775598298;147.711;101.861;284.988;285.9024
NZTG;-0.6574666561595239;3.0751098538381374;3.572;1.058742956558418;636.617;50.0;4;;;;;;;;3.572;3.572
NZTG;-0.6575227268836661;3.075247836271374;3.695;1.6348649201746557;1826.0;49.117;7;;606.062;0.0523598775598298;606.062;0.0523598775598298;;;3.9624;3.9624
NZTG;-0.6575041419723872;3.0752663665670448;3.695;1.633014958434004;790.717;32.283;7;L;;;;;;;3.9624;3.9624
NZTG;-0.6575183966461515;3.075173777506529;5.243;3.214428210335245;575.41;50.0;16;;;;;;;;5.243;5.243
NZTU;-0.7732366562275738;2.988524609119912;25.654;2.30760242942172;951.213;79.024;11;;;;;;;;26.8224;22.86
NZTU;-0.7731623341374747;2.9884554579575835;25.654;3.863665559335907;1278.374;43.48;20;;353.522;0.0500909495322372;363.347;0.0523598775598298;;;25.908;26.2128
NZTU;-0.7731386816779692;2.988454037951768;25.654;3.8593968330513793;1184.036;56.864;20;R;;;;;;;25.654;25.654
NZUK;-0.772002796009486;2.969163469606928;473.674;1.55204049505419;552.226;30.411;6;;;;;;;;474.454;472.894
NZUK;-0.7721099225745945;2.9691409523718515;473.674;3.0002780564447926;1079.851;17.385;15;;;;;;;;480.095;467.253
NZWB;-0.7246077787996372;3.0345916263579933;28.295;2.129275158428452;1115.536;30.634;10;;;;;;;;29.260800000000003;27.385
NZWB;-0.7246233208413113;3.034592874714754;28.295;4.642505997134837;1426.835;47.095;24;L;472.856;0.0523598775598298;404.463;0.0523598775598298;;;24.384;33.209
NZWB;-0.7245995279416702;3.0345903858034617;28.295;4.641083553794461;1411.376;45.385;24;R;;;;;;;23.7744;31.6992
NZWF;-0.7805593804484303;2.953956159193789;344.72880000000004;2.414342752216414;922.842;46.903;11;L;;;;;;;348.08160000000004;341.37600000000003
NZWF;-0.7805473728168357;2.953905241842401;344.72880000000004;2.413588246380777;1205.421;31.82;11;R;;;;;;;348.08160000000004;341.37600000000003
NZWK;-0.6618660721442872;3.087778685393442;5.943;5.101210987683033;1277.308;28.972;27;;331.284;0.0506145483078355;331.284;0.0506145483078355;;;6.096;5.7912
NZWK;-0.6618563583682409;3.0877208006508816;5.943;5.09958852961038;731.98;25.0;27;L;;;;;;;6.096;5.7912
NZWN;-0.7212866387693956;3.050956163488555;9.906;0.050210457462109;2047.091;39.034;34;;542.357;0.0523598775598298;508.294;0.0523598775598298;106.516;128.642;7.315200000000001;12.4968
NZWO;-0.6808810228218783;3.096290496736932;10.9728;6.223373920911292;920.173;27.694;34;;;;;;;;10.0584;11.8872
NZWP;-0.6421182287673445;3.047868243809068;20.523;0.9227880386534892;2037.697;48.0;3;;580.914;0.0523598775598298;734.091;0.0523598775598298;;;31.521;17.9832
NZWP;-0.6420150111193436;3.047907231551159;21.702;1.707739135963039;1576.642;50.0;8;;581.222;0.0523598775598298;599.054;0.0523598775598298;;;21.702;21.702
NZWR;-0.6242891136331348;3.0432199483984297;39.9288;1.4183460054233967;1126.578;32.267;6;;175.686;0.0523598775598298;233.248;0.0541052068118242;27.881;;40.5384;38.1
NZWR;-0.6243371558628579;3.043161103981609;39.9288;2.739194079106036;467.83;54.0;14;;;;;;;;40.5384;40.5384
NZWS;-0.7284494601925159;2.9946183222084737;3.81;0.9870425095985856;1266.618;30.647;4;;328.509;0.0523598775598298;328.509;0.0523598775598298;;;3.9624;3.6576
NZWU;-0.6974880337476855;3.0547433502077026;3.85;1.7912416214979046;668.673;35.225;8;;;;;;;;3.85;3.85
NZWU;-0.6974929842624656;3.054752642663342;6.133;2.214472777546024;1372.317;44.985;11;;436.945;0.0523598775598298;393.293;0.0523598775598298;;;3.3528;8.2296
NZWU;-0.6975076895149984;3.0547306325732;6.134;2.2190349111311045;786.089;25.0;11;R;;;;;;;4.572;7.315200000000001
NZWU;-0.6974979406289182;3.05472967289894;6.134;2.739593061373041;910.483;25.0;14;;;;;;;;3.3528;8.2296
OAHR;0.5970390284319926;1.0860829592423062;985.7232;3.2697769642391155;2998.99;42.511;18;;;;;;;;968.6544;1002.792
OAIX;0.6099192379958495;1.2089191111067985;1480.641;0.5189716634051666;3601.711;43.471;3;R;;;;;;;1483.7664;1479.1944
OAJL;0.6003928149420911;1.2304301862379925;555.6504;5.439476740670559;2035.594;26.585;31;;;;;;62.864;;555.0408;556.26
OAKB;0.6032877659741359;1.207984614642222;1789.632;5.014753310658692;3507.506;42.514;29;;;;;;;;1790.0904;1789.1760000000002
OAKN;0.5498811560944653;1.149260999745093;1012.2408;4.103116878727895;3204.678;51.447;23;;;;;;;;1017.4224;1007.0592
OAMN;0.6271066411887525;1.1302934359099257;838.8096;2.507299860842258;1997.653;29.603;14;;;;;;;;838.8096;838.8096
OAMS;0.6406572358882696;1.1730249375094397;389.2296;4.288195432333728;3181.048;41.916;24;R;;;;;;;389.2296;389.2296
OAMS;0.6406463751844492;1.1731446471205875;389.2296;4.292001297300627;2999.15;45.344;24;;;;;;;;386.1816;392.2776
OAUZ;0.6399281935893031;1.2027213006688304;444.0936;5.11911754220972;1997.786;44.715;29;;;;;;;;445.511;442.677
OBBI;0.4584105822750544;0.8838376868844428;2.286;5.283974187503171;2527.28;42.024;30;L;840.0;0.0523598775598298;652.965;0.0523598775598298;118.841;305.875;2.116;2.483
OBBI;0.4585122550815634;0.8837235558675707;2.286;5.283829848774031;3956.646;55.461;30;R;1368.333;0.0523598775598298;1367.707;0.0523598775598298;305.19;305.816;2.106;2.466
OBBS;0.4523472198602434;0.8829406723316147;25.2984;5.828338192409998;3923.179;29.531;33;L;;;1533.388;0.0523598775598298;123.498;123.402;8.5344;42.3672
OBBS;0.4523610590652733;0.8829721231197615;25.2984;5.828404863987424;3799.307;44.317;33;R;1594.853;0.0523598775598298;;;;;8.8392;41.4528
OEAB;0.3183556446990227;0.7444961364333723;2086.356;2.2548404280022307;3343.229;42.274;13;;1366.815;0.0523598775598298;1366.815;0.0523598775598298;;;2082.3936;2090.3184
OEAH;0.4413141433283201;0.8636811100478252;177.08880000000002;2.878520048101314;3056.892;43.049;16;;1223.646;0.0523598775598298;1223.646;0.0523598775598298;;;179.22240000000002;174.95520000000002
OEBA;0.3542329498756486;0.7266549805080914;1654.606;4.377121528519166;3349.494;42.447;25;;1128.393;0.0523598775598298;1129.803;0.0575958653158128;241.554;240.144;1654.606;1654.606
OEBH;0.3487907307739498;0.7439135205307955;1183.08;3.243104842610137;3054.096;45.878;18;;1222.248;0.0523598775598298;1222.248;0.0523598775598298;;;1181.4048;1184.7576
OEDF;0.4620096416303229;0.8689426763217514;18.821;6.013252161467368;4001.385;50.049;34;L;1695.892;0.0523598775598298;1695.892;0.0523598775598298;;;17.9832;15.5448
OEDF;0.4620093373433623;0.869332561544893;18.821;6.013544504117077;4001.058;54.732;34;R;1695.729;0.0523598775598298;1695.729;0.0523598775598298;;;22.86;18.8976
OEDM;0.4267309742350776;0.7700594010173792;920.953;2.6861454946233687;3046.514;43.833;15;;;;;;;;918.0576;923.8488
OEDR;0.4585410453093634;0.8756105086846857;25.6032;2.881557095532709;3590.305;41.388;16;L;1490.352;0.0558505360638185;1490.352;0.0523598775598298;;;25.6032;25.6032
OEDR;0.4584720482410728;0.8753080864571099;25.6032;4.273584757566508;3056.29;29.217;24;;;;952.82;0.0523598775598298;264.205;270.525;25.6032;25.6032
OEDR;0.4581953402122156;0.8750621913841169;25.6032;2.8812275773699327;3647.471;41.054;16;R;1518.936;0.0523598775598298;1518.936;0.0523598775598298;;;25.6032;25.6032
OEGN;0.2949795304186048;0.7432617222569716;5.486400000000001;2.6219390202327024;3048.315;43.438;15;;1219.357;0.0523598775598298;1219.357;0.0523598775598298;;;4.8768;6.096
OEGS;0.4590702412953575;0.7640032790717819;647.3952;2.668698834354583;3000.089;43.109;15;;1195.245;0.0523598775598298;1195.245;0.0523598775598298;;;648.0048;646.7856
OEGT;0.5482442560938671;0.6506502537375742;508.558;5.000081200301801;3047.534;42.218;28;;1218.967;0.0523598775598298;1218.967;0.0523598775598298;;;503.8344;513.2832000000001
OEHL;0.4788871695156753;0.7275626060933877;1000.6584;3.202894900105141;3658.926;41.675;18;;1524.663;0.0523598775598298;1166.506;0.0523598775598298;;358.157;995.172;1006.1448
OEJB;0.471920232823369;0.862281850361138;7.010400000000001;2.9179693761182914;3994.463;43.616;17;;1692.432;0.0523598775598298;1692.432;0.0523598775598298;;;6.096;7.9248
OEJF;0.372594280458768;0.6836994924967392;4.2672;5.860602698028216;2733.244;42.353;33;;;;;;;;4.8768;3.6576
OEJN;0.3783547661661198;0.6834404662710668;7.873;2.790198708501692;3997.475;59.173;16;C;1614.482;0.0523598775598298;1595.457;0.0523598775598298;;;6.096;8.5344
OEJN;0.3785036795232445;0.6830041499786467;7.873;2.7900353456837053;3798.744;59.401;16;R;1481.173;0.0523598775598298;1481.979;0.0523598775598298;;;4.2672;4.2672
OEJN;0.378448433884899;0.6837124363959046;7.873;2.790447417920101;3998.597;60.173;16;L;1608.413;0.0523598775598298;1556.777;0.0523598775598298;;;9.144;14.9352
OEKK;0.4869622608013543;0.794615709829065;411.1752;2.2716683690511847;3648.384;42.207;13;;1519.392;0.0523598775598298;1519.392;0.0523598775598298;;;412.0896;410.2608
OEKM;0.3193302992401536;0.7468129539438353;2050.0848;4.192778107594273;3800.202;51.835;24;;;;;;;;2040.636;2041.8552
OEKM;0.3193638468775474;0.7473142316012046;2050.0848;2.464418866450009;3793.012;41.033;14;;;;1591.706;0.0436332312998582;;;2052.2184;2065.6296
OEMA;0.4284737485429086;0.6929475924600809;638.632;0.0660769594579921;3043.081;42.317;36;;1216.741;0.0523598775598298;1216.741;0.0523598775598298;;;627.888;647.3952
OEMA;0.4286034274531272;0.6930252402506135;638.632;6.092714384316792;4327.536;55.357;35;;1852.0;0.0523598775598298;;;;;628.8024;650.4432
OENG;0.3073778255087895;0.7752604688017767;1208.684;4.186572589438807;3044.807;41.438;24;;1217.603;0.0523598775598298;1217.603;0.0523598775598298;;;1203.3504;1214.0184000000002
OENN;0.4874280188077593;0.6159048102294347;6.248;5.848974965485579;1937.672;44.442;33;;;;;;;;6.248;6.248
OEPA;0.4945426048959699;0.8050320844671648;360.967;2.760340837389049;2999.597;60.0;16;;;;;;;;360.967;360.967
OEPS;0.4199764239895192;0.8304397335786866;490.956;6.203349583870236;4036.228;40.344;35;R;1676.038;0.0523598775598298;1713.314;0.0523598775598298;37.276;;503.2248;483.108
OEPS;0.4202376777517871;0.8297951523673871;490.956;6.203645417178449;3995.739;39.565;35;L;1693.069;0.0523598775598298;1693.069;0.0523598775598298;;;491.9472;485.5464
OERF;0.5170769795202668;0.7590556511165516;446.379;5.121489968261956;3002.15;44.104;29;;1196.275;0.0523598775598298;;;;;448.056;444.7032
OERK;0.4356414912224476;0.8152857123947822;620.496;5.76308068074378;4205.914;55.168800000000005;33;R;1798.157;0.0523598775598298;1798.157;0.0523598775598298;;;614.4768;620.8776
OERK;0.435538519344684;0.8148115864969641;620.496;5.764735951006371;4200.509;55.0;33;L;1795.455;0.0523598775598298;1795.455;0.0523598775598298;;;620.8776;625.7544
OERM;0.4900834784468834;0.8484214076618746;3.81;5.986987225152881;3328.0;59.169;34;;;;;;;146.666;2.7432000000000003;4.8768
OERR;0.5394220057317277;0.7179983597803293;552.2976;1.8284828462117213;3045.954;37.851;10;;1218.177;0.0523598775598298;1218.177;0.0523598775598298;;;554.4312;550.164
OERT;0.4664045635307464;0.8732007978267466;2.4384;5.800586410105737;2135.746;29.066;33;;763.073;0.0523598775598298;763.073;0.0523598775598298;;;2.4384;2.4384
OERY;0.4315060968409582;0.8155446918070761;616.762;0.1429208585621959;4105.717;43.653;1;;;;1748.058;0.0523598775598298;443.0;;610.899;621.4872
OERY;0.431433506845865;0.8154426152351772;616.762;5.766728069814598;3129.33;42.612;33;;;;1259.865;0.0523598775598298;83.898;;616.762;616.762
OESH;0.3048545258889463;0.822422833273086;716.127;4.619024337378505;3664.636;43.954;26;;1527.518;0.0523598775598298;1527.518;0.0523598775598298;;;720.2424000000001;712.0128000000001
OESK;0.5198481735344779;0.6998768151243038;689.0;1.7429147635071207;3658.521;41.028;10;;;;;;;;689.1528000000001;688.8480000000001
OETB;0.4951690322691844;0.6388960073565081;774.344;5.452240682556243;3034.251;44.515;31;;1212.326;0.0523598775598298;1212.326;0.0523598775598298;;;773.8872;770.2296
OETB;0.4952413589390234;0.6394173055354316;774.344;1.1343098139569003;3336.588;43.402;6;;;;;;;;775.716;777.5448
OETB;0.4951317103031462;0.6396333882885266;774.344;1.1325140446895234;2689.508;41.793;6;R;;;;;;;774.344;774.344
OETF;0.3749262186904984;0.7075233825945316;1456.41;1.299777341941842;3724.687;44.969;7;;;;1557.544;0.0523598775598298;;;1477.6704;1443.8376
OETF;0.375094068059241;0.7076119847156418;1456.41;6.146341021847719;3336.851;42.73;35;;1363.625;0.0523598775598298;1363.625;0.0523598775598298;;;1455.42;1448.7144
OETN;0.4863846363752642;0.8511812825912671;7.162;2.693180567772308;2431.553;28.271;15;;910.976;0.0523598775598298;910.976;0.0523598775598298;;;6.4008;7.9248
OETR;0.5531413451058522;0.6759892276227828;852.068;4.982462974167545;3000.029;40.377;28;;1195.214;0.0523598775598298;1195.214;0.0523598775598298;;;852.068;852.068
OEWD;0.3578661069255086;0.7888719423495232;626.9736;4.922034439475745;3048.508;43.441;28;;1219.454;0.0523598775598298;1219.454;0.0523598775598298;;;625.4496;628.4976
OEWJ;0.4572745503147633;0.6366578129152971;19.964;2.628618046214234;2860.477;43.605;15;L;1125.438;0.0523598775598298;1125.438;0.0523598775598298;;;19.964;19.964
OEWJ;0.4572505116448848;0.6366275090549245;19.964;2.628755229093441;3053.531;41.611;15;;1221.965;0.0523598775598298;1221.965;0.0523598775598298;;;19.812;20.1168
OEYN;0.4213950273543293;0.6643343582421201;11.43;1.80237184793726;3212.628;39.4;10;;1301.514;0.0523598775598298;1301.514;0.0523598775598298;;;9.4488;13.4112
OIAA;0.5300103164170903;0.8417820768442392;2.4384;2.525648158202624;3099.577;41.488;14;R;;;;;;;2.4384;2.4384
OIAA;0.5299345665189458;0.8418736594171161;2.4384;2.5259923371311173;2262.362;42.415;14;L;;;;;;;2.4384;2.4384
OIAD;0.5661052569905325;0.8447114708195423;142.265;2.4568177830246487;3570.321;35.104;14;L;;;;;;;141.1224;144.4752
OIAD;0.5660637978921661;0.8446940484404971;142.265;2.4570507844797898;3854.12;29.123;14;R;;;;;;;140.5128;142.9512
OIAG;0.5366085333850259;0.8670102200557627;15.697;2.384812653937296;2126.699;43.256;13;;;;;;;;15.8496;15.5448
OIAH;0.5294475669420301;0.8871869110406916;731.8248;2.177525134665685;2819.771;30.121;12;;;;;;221.505;;716.612;741.41
OIAI;0.5585427897548457;0.8598964122399702;361.7976000000001;2.397074813663033;1800.771;29.559;14;;;;;;;;361.7976000000001;361.7976000000001
OIAI;0.5585499873117957;0.8599635738337106;361.7976000000001;2.135583651009785;1423.625;29.061;12;L;;;;;;;361.7976000000001;361.7976000000001
OIAM;0.5333060601894757;0.857862051051137;5.1816;5.5405883766275705;2700.0;43.704;31;;;;;;303.926;302.242;4.802;5.486400000000001
OIAW;0.5469417206494662;0.8510566497731433;18.8976;2.1685594830179458;3396.685;46.408;12;;1393.542;0.0523598775598298;1393.542;0.0541052068118242;;;19.812;17.9832
OIBA;0.451621946038249;0.9605070465967328;4.419;1.4535021725463184;2985.242;42.737;8;;;;;;263.723;288.0;3.124;5.737
OIBB;0.5051690896802863;0.887217862486134;11.658;2.306536382314602;4461.607;41.949;13;R;;;;;;;2.1336;21.9456
OIBB;0.5051971718557359;0.8872461689756888;11.658;2.3065793174142013;4460.13;41.374;13;L;1925.265;0.0523598775598298;;;;;2.4384;20.1168
OIBJ;0.4855601064874277;0.9137176287077644;645.742;2.00630257545851;2346.829;41.883;11;;868.615;0.0575958653158128;;;;;638.04;653.446
OIBK;0.4630037763885972;0.9421464416209806;29.413;1.6560090604637914;3645.636;44.772;9;L;;;;;;;28.651200000000003;30.1752
OIBK;0.4629566704264448;0.9421423844615072;29.413;1.6560307898129785;3656.29;43.493;9;R;;;;;;;29.413;29.413
OIBL;0.4630757929198034;0.956873774463984;21.488;1.4060398634005098;2500.233;42.3672;8;;;;;;;;20.1168;22.86
OIBP;0.4778631327118607;0.9204456162621184;5.1816;2.250817444076384;3995.062;42.453;13;;;;;;;;3.6576;6.7056
OIBQ;0.5106968426762436;0.878283927106151;7.62;5.489362439482761;2344.701;42.353;31;;;;;;;;9.482;5.764
OIBV;0.4679425468624968;0.93118948949423;13.563;1.9327392164149768;2701.59;43.879;11;;;;;;;;13.4112;13.716
OICC;0.5994420293723415;0.8230816535536903;1310.792;2.025753222774436;3217.21;44.147;11;R;;;1303.805;0.0523598775598298;238.947;;1310.553;1310.9448
OICI;0.5861784533483042;0.8099332501441976;1334.1096;2.480813616778618;3194.981;42.491;14;;;;;;;;1325.88;1342.3392
OICK;0.5835577760494327;0.8426949611323913;1154.2776;1.973897570835507;3201.542;43.482;11;;;;1086.217;0.0628318530717958;;209.754;1153.0584;1155.646
OICS;0.6151299941990465;0.8204546115858953;1373.4288;3.457557811125811;3016.791;42.386;19;;;;;;;;1380.1344;1364.062
OIFK;0.591583929799524;0.900189295720299;1062.5328;1.931714359078205;2697.891;39.955;11;;;;;;;;1061.3136;1063.752
OIFM;0.571574785846935;0.9051590507991176;1538.858;4.500912670908293;4399.478;45.0;25;L;1894.9416;0.0523598775598298;1894.9416;0.0523598775598298;;;1535.2776;1541.6784
OIFM;0.5716455793786269;0.9051412929241928;1538.858;4.501372390633269;4395.316;44.434;25;R;1892.858;0.0459021593274508;1892.858;0.0523598775598298;;;1537.1064;1541.3736
OIFP;0.5693461939999963;0.9022804571417564;1582.673;4.626699597297075;3280.95;42.641;26;;;;;;;;1567.5864;1597.7616
OIFS;0.563685450047289;0.8873567187691029;2046.4272;2.563818334410815;3312.202;44.248;14;;;;;;157.523;156.216;2049.359;2043.684
OIGG;0.6514531207344929;0.8657802219414041;-13.4112;1.637948393364154;2913.622;43.262;9;;;;;;;;-15.696;-11.2776
OIHH;0.6085473134211128;0.8474787188560544;1748.9424;1.8315088980688288;3445.403;39.895;10;;;;;;350.738;;1737.16;1759.0008
OIHS;0.61433049191371;0.8494976394322001;1694.154;2.26534573930291;4357.335;68.27;13;R;;;;;;;1694.154;1694.154
OIHS;0.6143908051002821;0.8495461302901343;1694.154;2.265001036775641;4454.652;41.888;13;;;;;;;;1696.212;1673.352
OIHS;0.6144310646058235;0.8489000510507215;1694.154;1.0286650168803912;3877.112;44.801;5;;;;;;;;1710.8424;1696.206
OIIE;0.6181825483216069;0.8926320715830082;999.972;5.04182895241073;4196.594;41.803;29;R;;;;;;;992.4288;1007.364
OIIE;0.6181560753560446;0.89261090413368;999.972;5.042067015320702;4091.971;39.398;29;L;;;;;525.39;;990.953;1007.364
OIII;0.6229148600928158;0.8955908253488833;1179.042;1.9141052086560597;4114.737;39.808;11;L;;;;;;119.85;1209.205;1157.9352
OIII;0.6228811895703035;0.8955787084860722;1179.042;1.9157802011391984;4082.549;56.997600000000006;11;R;;;;;;45.312;1203.96;1157.0208
OIIK;0.6325080624310566;0.8734906584644152;1273.4544;1.7448531261743854;1129.727;39.021;10;;;;;;;;1275.2832;1271.6256
OIIK;0.6325212345454423;0.8735075502918371;1273.4544;3.0259918177815;603.379;34.379;17;;;;;;;;1273.4544;1273.4544
OIIM;0.6244138127702115;0.8880399132154655;1231.392;2.420550888365758;1107.162;17.385;13;;;;;;;;1231.392;1231.392
OIIP;0.6244105592404032;0.8870930814256447;1269.034;5.380676772703795;3919.592;56.368;30;;;;;;107.911;;1268.8824;1269.1872
OIKB;0.4750587421605948;0.9839595427559052;5.41;3.624391739928847;3456.465;30.237;21;R;;;;;;;6.4008;4.2672
OIKB;0.4750399348857678;0.9839981715954276;5.41;3.623808799958681;3657.224;41.354;21;L;1523.812;0.052010811709431;1523.812;0.0523598775598298;;;6.7056;4.2672
OIKJ;0.5013812144143631;1.0065368159899586;788.5176;2.248611522434788;2206.903;26.355;13;;;;;;;;811.194;769.62
OIKM;0.5076102552274872;1.0201520424102175;984.8088;2.1420614405285625;3543.086;41.015;12;;1432.265;0.0523598775598298;1342.245;0.0523598775598298;34.478;124.498;984.8088;984.8088
OIKR;0.5287947485266655;0.9782784583902238;1606.6008000000002;1.9578733539070967;2997.326;36.519;11;;;;;;;;1600.8096;1612.392
OIKY;0.5157563565567337;0.9716778578410976;1776.3744000000002;2.299738673943935;3704.0;43.069;13;;;;;;;;1770.5832;1782.1656
OIMB;0.5741066347600334;1.0348011422954566;1502.9688;4.865171263379919;3794.0;44.634;28;;;;;;242.565;;1517.5992;1499.616
OIMB;0.5741607919873278;1.0343998814213309;1502.9688;1.3723033470911603;2178.357;28.727;8;;;;;;173.816;;1483.556;1509.0648
OIMC;0.6370661348073524;1.0657820567596603;286.969;2.5366519355376727;3873.459;35.973;14;;;;;;;;283.464;290.4744
OIMM;0.6324350335605394;1.0409459131755423;989.6856;2.334102461586451;3807.713;40.584;13;L;;;1599.057;0.0523598775598298;;;983.8944;993.648
OIMM;0.6324111879958475;1.0409176300926768;989.6856;2.3339525378037047;3919.058;38.238;13;R;1654.729;0.0523598775598298;;;;;985.7232;995.4768
OIMN;0.6543778918886655;1.00022546750458;1066.1904;1.225019479558244;3302.032;44.064;7;;;;;;;201.487;1082.6496;1050.656
OIMS;0.6312519073414408;1.0052253001791085;910.285;1.6538246063719952;3176.285;42.3672;9;;;;;;;;906.78;913.7904
OIMT;0.5876132424387431;0.9929645018333578;685.952;2.637686951540522;2997.665;41.606;15;;;;;;;;685.8000000000001;686.1048000000001
OING;0.6442285934267891;0.9494329673968837;-13.258;5.480418499730916;2994.819;42.218;31;;;;;;;;-8.5344;-17.9832
OINN;0.6399013636717292;0.8982367097015395;-20.1168;5.040251349299852;2288.802;35.983;28;;;;;;116.028;138.132;-22.052;-16.466
OINR;0.6441995281703902;0.8845260620113632;-20.878;2.2769635234688104;1495.368;27.636;13;;;;;;;;-21.336;-21.336
OINZ;0.6395668879337579;0.9283178476235816;5.943;2.809119648389637;2630.864;41.273;16;;;;;;;516.799;1.2192;12.936
OISF;0.5042635141308582;0.9376477071525372;1301.343;2.42957162260469;1945.262;29.477;14;;;;;;;;1308.5064;1294.1808
OISL;0.4830147870246555;0.949169025766465;802.69;1.554808307995173;3168.183;42.746;9;;;;;;;;805.5864;799.7952
OISR;0.4777502246945029;0.9283148203584362;406.146;1.9902432774121344;3052.453;42.8;11;;;;;;;;407.2128;405.0792
OISS;0.5155209964444689;0.9178533800412652;1492.833;1.9998710371649109;4270.284;38.892;11;R;;;;;;;1501.7496;1484.376
OISS;0.515588472077957;0.9178824121381878;1492.833;1.9993121827384224;4333.072;39.398;11;L;;;1852.0;0.0514872129338327;;;1499.9208;1485.2904
OISY;0.535824175227646;0.8996311554124672;1797.1008000000002;2.3146443093547417;2599.08;42.938;13;;;;;;;;1773.358;1810.512
OITL;0.6687033884430983;0.8450117318294758;1313.23;1.306098994305736;2497.598;41.553;7;;944.0;0.0523598775598298;944.0;0.0523598775598298;;;1316.4312;1315.5168
OITL;0.6689067223527717;0.8451627517886346;1313.23;2.6181418819120634;4021.491;29.885;15;;1344.441;0.0558505360638185;1342.583;0.0610865238198015;361.504;363.362;1309.4208;1311.5544
OITR;0.6574332957756444;0.7865967575370386;1313.0784;0.5736630215929807;3251.764;42.619;3;;;;1321.082;0.0523598775598298;;;1323.4416;1302.7152
OITT;0.6655343918931004;0.8069424994340926;1353.387;5.39312114480344;3755.734;41.334;30;L;;;;;268.164;;1354.509;1350.5688
OITT;0.6655578746541088;0.8069642364461931;1353.387;5.392427725491622;3651.035;57.183;30;R;1520.718;0.0558505360638185;;;;;1356.0552;1352.7024
OITU;0.6864166931304808;0.7754792433241374;1362.0;2.8994566687423875;191.645;9.128;16;;;;;;;;1363.5;1360.501
OITZ;0.6418211686221685;0.8440316313319751;1628.8512;2.210550952903623;2997.124;42.481;12;;;;;;;;1617.8784;1639.824
OIYY;0.5568449562904099;0.9473037310942164;1224.9912000000002;2.3242252942835644;4097.981;44.514;13;;1744.191;0.0523598775598298;1744.191;0.0523598775598298;;;1214.3232;1235.6592
OIZB;0.5427478388031677;1.074147599701912;478.383;2.912936370154315;3000.012;46.165;16;;;;1195.206;0.0523598775598298;;;477.6216;479.1456
OIZC;0.4441061283342739;1.053901983819318;7.010400000000001;1.586860860829028;3813.489;43.119;9;L;;;;;;;6.7056;7.315200000000001
OIZC;0.4440348023004011;1.0538302657234;7.010400000000001;1.5866582281028716;2999.75;41.591;9;R;;;;;;;7.010400000000001;7.010400000000001
OIZH;0.5144452718190775;1.062992845446385;1372.056;3.0173194512612653;4263.202;42.701;17;R;;;1555.161;0.0558505360638185;;271.64;1366.7232;1378.112
OIZH;0.514450854314468;1.0630354612253128;1372.056;3.017417364232302;4251.66;29.167;17;L;;;1821.03;0.0523598775598298;;;1366.7232;1378.016
OIZI;0.475359828256325;1.0597655857456836;594.9696;2.983801450174265;2338.061;45.301;17;;;;;;;;603.903;587.0448
OJAI;0.5535684411132582;0.6283098093855373;722.452;4.544154424856928;3658.908;60.626;26;L;1524.654;0.0523598775598298;1524.654;0.0523598775598298;;;721.1568000000001;718.7184000000001
OJAI;0.5537841981232609;0.6281178901379969;722.452;4.544006595469285;3663.625;61.548;26;R;1527.012;0.0523598775598298;1527.012;0.0523598775598298;;;729.996;719.9376000000001
OJAM;0.5580242789225024;0.6281604903124652;763.981;4.259451604882633;3598.349;44.115;24;;1406.987;0.0523598775598298;1397.67;0.0523598775598298;87.387;96.705;749.1984;778.764
OJAQ;0.5168098799373542;0.6111763469080531;43.891200000000005;0.2953393451281394;3002.499;45.739;1;;1276.8072;0.0523598775598298;1276.8072;0.0523598775598298;;;53.34;34.4424
OKAJ;0.5049993736280743;0.8341067503551306;124.408;2.644387445071853;3010.253;41.801;15;R;1200.326;0.0523598775598298;1200.326;0.0523598775598298;;;124.145;124.672
OKAJ;0.5050180404627659;0.8341461516153988;124.408;2.644097371350172;3003.218;40.765;15;L;1196.809;0.0523598775598298;1196.809;0.0523598775598298;;;125.797;123.021
OKAS;0.512214544111743;0.8294040499964035;139.9032;5.241501600155889;2987.39;35.952;30;R;;;;;;;142.6464;136.8552
OKAS;0.5121805751539426;0.8293809944074743;139.9032;5.242450710203124;2987.202;39.916;30;L;;;;;;;143.8656;136.2456
OKBK;0.5101003817169648;0.8372155331969857;50.673;5.849118431550092;3404.019;42.358;33;L;1397.21;0.0523598775598298;1397.21;0.0523598775598298;;;51.2064;40.5384
OKBK;0.5101060227290785;0.8376008229068012;50.673;5.849157177859487;3496.329;44.936;33;R;1443.364;0.0523598775598298;1443.364;0.0523598775598298;;;62.1792;48.768
OLBA;0.5901401876504399;0.6194519067345275;14.071;3.713306666007072;3809.943;43.138;21;;592.298;0.0523598775598298;1045.211;0.0523598775598298;1007.873;554.961;15.205;14.175
OLBA;0.590336224524734;0.6193809064437471;14.071;3.087936694527432;3220.024;43.73;17;;1305.212;0.0523598775598298;;;;821.473;25.908;5.895
OLBA;0.5903601695678554;0.6192957919193379;14.071;2.914368063739726;3393.6;44.174;16;;1212.717;0.0523598775598298;;;179.283;;3.036;14.630400000000002
OLKA;0.6036973888880031;0.6285182303490118;7.010400000000001;4.22019880093943;2993.035;49.923;24;;;;;;69.668;86.807;9.906;4.114
OLRA;0.5908104323459646;0.628091144094393;900.0744000000001;3.9289216747387226;2933.371;62.687;22;;;;;;;;913.847;886.302
OMAA;0.4267980812132098;0.9538966698537222;22.479;5.374684184717073;4097.512;59.885;31;R;1743.956;0.0523598775598298;1743.956;0.0523598775598298;;;21.9456;18.8976
OMAA;0.4264371734713823;0.9538434742512452;22.479;5.374838122757098;4101.432;41.438;31;L;1745.916;0.0523598775598298;1745.916;0.0523598775598298;;;25.2984;23.7744
OMAD;0.4263564320967514;0.9504727549520186;4.2672;2.2369415529242533;3200.318;39.129;13;;;;;;551.096;424.509;4.723;3.846
OMAL;0.4234467289987952;0.970562162392666;259.537;3.270834808298749;4004.199;43.967;19;;;;;;;;255.4224;263.652
OMAM;0.4229092411931278;0.9520969061091952;21.793;2.2186062757201075;3654.499;36.281;13;R;;;;;;;21.6408;21.6408
OMAM;0.4232123636708243;0.9520374999318324;21.793;2.2196684656495784;3642.318;38.619;13;L;;;;;;;23.4696;20.4216
OMBY;0.4238293230382298;0.9176996136972324;3.3528;2.312903343425877;2531.816;29.345;13;;;;;;;;3.3528;3.3528
OMDB;0.440809290299165;0.9663022229681376;8.686;2.1209135303282425;4350.213;58.322;12;L;;;;;451.579;302.339;2.553;10.287
OMDB;0.4406267766395957;0.9665040276407788;8.686;2.120439254557305;4311.99;59.965;12;R;;;;;716.864;;0.386;18.836
OMDM;0.4368015560009449;0.9663227506346256;44.653;1.5585070446525842;3921.836;43.331;9;;1656.118;0.0523598775598298;1057.384;0.0523598775598298;;598.735;39.624;49.6824
OMDW;0.4345274498467241;0.9627432982827344;45.415200000000006;5.260092498282282;4496.216;58.118;30;;;;;;;;52.1208;35.052
OMFJ;0.4382895426444184;0.9830414231715868;27.889;5.105579197734925;3748.84;40.526;29;;;;;;;;14.9352;46.79
OMRK;0.4470374709164585;0.9763157294727814;24.0792;2.8777573392181925;3758.18;42.731;16;;1574.292;0.0523598775598298;1574.292;0.0523598775598298;;;19.5072;28.651200000000003
OMSJ;0.4420995255283555;0.9689826946053022;30.632;2.1380297299564552;4059.384;59.577;12;;1425.234;0.0523598775598298;1423.987;0.0523598775598298;299.658;300.905;26.5176;34.7472
OOKB;0.4567835247872934;0.9815844894025428;30.48;0.2364238712714786;2499.131;26.842;1;;;;;;258.269;256.352;39.745;21.215
OOMA;0.3607812813370812;1.027852429661303;15.468;2.914471212698519;3051.413;43.967;17;;;;;;;;13.4112;13.4112
OOMA;0.3608649895095768;1.0278606063980875;15.468;4.307519543278884;2584.142;41.148;25;;;;;;;;20.4216;14.630400000000002
OOMS;0.412028173552985;1.017127500243039;6.7056;1.4844192839819963;4090.348;76.46;8;L;1740.374;0.0523598775598298;1740.374;0.0523598775598298;;;7.62;5.715
OOMS;0.4117772713990461;1.017254754610361;6.7056;1.48296525018216;3584.331;44.056;8;R;;;;;417.888;;6.7056;6.7056
OOSA;0.2974093261664935;0.944004370988339;24.536;4.375155764182645;3996.601;59.731;25;;;;1693.501;0.0523598775598298;;;26.8224;22.250400000000003
OOTH;0.3083313613645281;0.942908547819096;461.924;3.0124375908105123;3999.873;42.172;17;C;1695.137;0.0523598775598298;1695.137;0.0523598775598298;;;453.8472;470.0016
OOTH;0.3083277742893978;0.942856085626216;461.924;3.0122738789266745;3802.199;31.654;17;R;1569.092;0.0523598775598298;1568.042;0.0523598775598298;27.208;28.258;461.924;461.924
OOTH;0.3083379971609357;0.9429705521389676;461.924;3.0115970402427514;3924.205;32.796;17;L;1627.275;0.0523598775598298;1629.128;0.0523598775598298;30.027;28.174;461.924;461.924
OOTH;0.3081124268964573;0.9429006675670424;461.924;3.0081472224432595;1050.689;46.103;17;;;;;;;;461.924;461.924
OPBW;0.5122229646682074;1.2517171189127534;120.0912;1.3761346938651382;2849.822;29.396;8;;;;;;;;119.4816;120.7008
OPCH;0.6263324766445489;1.2531447475068338;1492.758;0.4789406520550845;1769.626;29.09;2;;;;;;;;1485.9;1499.616
OPDG;0.5229199152905661;1.230206636751021;146.456;3.1588270818215363;1979.716;30.195;18;;;;;;;;149.9616;142.9512
OPDI;0.5569238719432779;1.2373800614043795;180.4416;2.075744164940534;1521.973;21.249;12;;;;;;;;181.0512;179.83200000000002
OPFA;0.5474272748633195;1.2740126380258547;179.52720000000002;0.6302908051325897;2811.756;45.176;3;R;1101.078;0.0523598775598298;1101.078;0.0523598775598298;;;178.91760000000002;180.13680000000002
OPGD;0.4404040736945527;1.0878551967202537;8.5344;4.230675663373302;1524.432;22.117;24;;;;;;;;10.0584;7.010400000000001
OPGT;0.6269010777919262;1.2973665061986803;1461.516;1.2467507486077505;1649.825;29.8704;7;;;;;;;;1461.2112;1461.8208
OPIS;0.5855257227080244;1.2710432342163624;530.809;4.896074412181581;3659.935;48.92;28;L;;;;;;;532.4856;528.2184
OPIS;0.585558123417644;1.2710501860030752;530.809;4.895448362578891;3663.667;35.523;28;R;;;;;;;533.4;529.1328
OPJA;0.4936507281114363;1.194673269466503;54.984;5.713793455332087;3080.038;45.2;33;L;;;;;;;53.554;56.415
OPJA;0.4936473341414923;1.1947070297146576;54.984;5.712907177137923;2927.116;23.381;33;R;;;;;;;54.503;55.465
OPKC;0.4347363311417541;1.1722112819793258;25.679;1.2983096771205476;3186.822;42.694;7;L;1288.611;0.0523598775598298;1288.611;0.0523598775598298;;;23.4696;30.48
OPKC;0.4346692475703113;1.1721428642265943;25.679;1.29813896646641;3397.721;46.244;7;R;1394.061;0.0507890812330349;;;;;21.6408;27.1272
OPLA;0.5501558160380116;1.2985703356344371;215.874;3.156537035309994;2748.982;47.029;18;R;1069.691;0.0523598775598298;1069.691;0.0523598775598298;;;216.408;214.884
OPLA;0.5501554649376725;1.2986050711613113;215.874;3.1559671853092186;3351.739;44.633;18;L;;;;;;;217.0176;215.1888
OPLH;0.549686646506646;1.297591623933833;223.357;5.53137705243432;1345.807;45.044;32;;;;;;;121.09;233.0;213.709
OPMA;0.5768268724117075;1.2852339687078904;265.915;2.3734751696492657;1378.751;27.134;14;;;;;;;;266.36;265.471
OPMF;0.5993292852018085;1.282967740855166;813.555;2.2944576566932504;913.395;22.137;13;;;;;;;;811.119;816.0
OPMI;0.568322034311063;1.2491466665173794;209.042;1.066256721161301;3185.905;43.64;6;R;;;;;;;207.857;210.227
OPMI;0.5683437440153594;1.2491295562275242;209.042;1.0665230584051553;3049.571;25.71;6;L;;;;;;;208.709;209.375
OPMJ;0.4770883947037701;1.189321361174231;46.6344;1.3332482191390382;1977.473;29.827;8;;683.937;0.0514872129338327;683.937;0.0514872129338327;;;46.9392;46.3296
OPMR;0.4345606990488296;1.168320973189492;19.535;1.5735764617603982;2734.547;69.97;9;;;;;;;;10.377;28.693
OPMR;0.4343999711652967;1.1683405723906397;19.535;0.7860483683569862;3254.111;29.899;4;;;;;;;;16.413;22.657
OPMT;0.5271825016215391;1.2465011644739814;122.5296;3.199438450054492;3203.1432;47.072;18;;1296.771;0.047996554429844;1296.771;0.0523598775598298;;;122.2248;122.8344
OPNH;0.4576155389640235;1.193631859047579;28.803;0.3567392777217215;2737.949;42.888;2;;1064.175;0.0523598775598298;1064.175;0.0523598775598298;;;28.651200000000003;28.956000000000003
OPNH;0.4576343169804889;1.1936008763932175;28.803;0.3562417367118555;2704.035;12.083;2;L;1047.217;0.0523598775598298;1047.217;0.0523598775598298;;;28.803;28.803
OPPG;0.4704457752462926;1.119323337026036;998.067;5.445684527754053;1520.181;22.588;31;;;;;;;;1002.4872;993.648
OPPI;0.4413967572380926;1.1055695117963895;9.906;4.158037328833325;2735.517;45.641;24;;1062.959;0.0523598775598298;;;;;10.0584;9.7536
OPPS;0.5933029638727646;1.2481644594178445;363.0168000000001;6.213476856854933;2742.077;42.072;35;;1066.238;0.0523598775598298;1066.238;0.0523598775598298;;;369.1128;356.92080000000004
OPQT;0.5279756314357223;1.1682707814454714;1590.903;5.526232868996992;3648.067;29.069;31;L;1519.233;0.047996554429844;1519.233;0.047996554429844;;;1599.2856000000002;1582.5216
OPQT;0.5280007643683241;1.1683007888211132;1590.903;5.525969324279941;3647.622;40.962;31;R;;;1519.011;0.0523598775598298;;;1590.903;1590.903
OPRK;0.4953992312064655;1.2266087867413646;81.534;3.395552720520685;2999.216;42.283;19;;1194.808;0.047996554429844;1194.808;0.047996554429844;;;82.6008;80.4672
OPRQ;0.536837310365934;1.2615857146041376;147.082;5.770829942622635;3035.298;48.762;33;R;;;;;;;149.318;144.847
OPRQ;0.5368188132297397;1.2615474290627244;147.082;5.770997145164976;2921.669;29.641;33;L;;;;;;;145.0;149.167
OPRS;0.5948023144638779;1.2561360599774811;318.098;4.779833738669507;2758.702;49.248;27;L;1074.551;0.0523598775598298;1074.551;0.0523598775598298;;;319.187;317.01
OPRS;0.5948577005423589;1.2561795496061416;318.098;4.779721688531529;1775.39;47.295;27;R;;;;;;;316.622;319.575
OPRT;0.590788108216075;1.2880206442964952;1652.141;0.229563453220787;908.367;22.121;1;;;;;;;;1638.854;1665.431
OPSD;0.6166834786107649;1.3182249638219263;2218.486;5.804690377308876;2512.371;32.332;33;L;;;;;;;2218.486;2218.486
OPSD;0.6167906636925967;1.3184456810994964;2218.486;5.70964393503547;3639.928;29.242;32;;;;;;;;2225.3448000000003;2211.6288
OPSF;0.4341407830433568;1.171426221621268;8.851;1.3743574250878323;2447.282;46.0;8;;;;918.841;0.0523598775598298;;;6.568;11.136
OPSK;0.4838406393904356;1.2006443783166778;59.1312;2.454944172072633;2731.824;29.039;14;;1061.112;0.047996554429844;1061.112;0.047996554429844;;;59.7408;58.52160000000001
OPSN;0.4620428498707221;1.181864044588967;38.037;2.9174714336826977;1975.507;27.643;17;;;;;;;;38.356;37.719
OPSR;0.5592402330233002;1.2683477588913767;185.285;2.508181601180365;3114.405;48.17;14;;1252.402;0.0523598775598298;1252.402;0.0523598775598298;;;185.815;184.756
OPSR;0.5593260653528469;1.2682010535652728;185.285;4.074424538489734;2399.966;30.522;24;;;;;;;;186.307;184.264
OPSS;0.6076070550098615;1.262783442696225;951.5856;0.9108106119419228;1944.901;51.849;5;;;;;;;;933.2976;969.8736
OPST;0.5678558725392684;1.297894077370328;239.268;3.8926727569711272;3589.063;44.089;22;;;;;;;;239.5728;238.9632
OPSU;0.4999576956448067;1.2073568238293575;232.56240000000005;0.1073825079663186;1825.49;29.98;1;L;;;;;;;232.56240000000005;232.56240000000005
OPTU;0.4535471988956155;1.1000836470214352;149.504;4.591081965119926;1852.0;15.0;26;R;612.846;0.047996554429844;;;;;151.7904;147.2184
OPZB;0.5473049807635652;1.2123744143788109;1428.5976;4.899736462018115;1948.471;31.097;28;;;;;;;;1441.3992;1415.796
ORAA;0.5897457615295802;0.7409714791410579;177.546;1.5439727105868462;4001.434;58.0;9;L;;;;;;;181.356;169.77360000000002
ORAA;0.5895939867046924;0.7405054441554968;177.546;1.5441661803344298;3998.595;42.729;9;R;;;;;;;188.3664;175.86960000000002
ORAT;0.5818407256931075;0.7608829801388068;80.876;2.085805813545356;4019.082;55.381;12;R;1704.741;0.0523598775598298;;;;;83.41;78.343
ORAT;0.5818768012529423;0.7609430885168478;80.876;2.084834625083084;3684.394;42.312;12;L;;;;;;;82.848;78.905
ORBD;0.5923020996913255;0.7741745778710131;48.234;2.195271380700576;3488.67;40.74;12;;;;;;;;48.4632;47.244
ORBD;0.5924336920983918;0.7743355924864895;48.234;2.544273264782356;3495.531;39.223;14;;;;;;;;48.4632;48.768
ORBI;0.5804213089458454;0.7718844829974646;34.1376;5.762440843039999;3298.609;43.384;33;L;1344.505;0.0523598775598298;1344.505;0.0523598775598298;;;33.8328;34.7472
ORBI;0.5806401790455208;0.7721666350321341;34.1376;5.762620961018805;3996.817;58.822;33;R;1693.609;0.0523598775598298;1693.609;0.0523598775598298;;;33.528;34.4424
ORBM;0.633655487597349;0.7530637181151577;213.798;2.752286142891096;2655.484;42.94;15;;;;;;;;219.829;207.769
ORER;0.632474555755369;0.7670149709665522;404.926;3.147512112280857;4798.478;67.986;18;;;;;;;;398.9832;410.8704
ORER;0.6324664219308483;0.767301695107859;404.926;2.6487355838373468;2798.905;25.0;15;;;;;;;;404.926;404.926
ORKK;0.619063377148806;0.7739922241571537;320.268;2.3282102300317185;2988.217;40.154;13;;1189.308;0.0523598775598298;;;;152.598;314.8584;322.7832
ORKK;0.6190552667309746;0.7740847429976014;320.268;2.539361908267244;2593.774;43.537;14;;992.087;0.0523598775598298;992.087;0.0523598775598298;;;320.04;323.3928
ORMM;0.5331770425182291;0.831866332278439;3.048;2.405971280459223;3994.28;42.9768;14;;1692.34;0.0523598775598298;1692.34;0.0523598775598298;;;3.048;3.048
ORNI;0.5583282967060635;0.775001536202861;31.6992;1.81729266771256;2972.622;37.577;10;;;;;;;;35.3568;28.041600000000003
ORQW;0.6242382040839762;0.752622556638059;227.244;2.66321308998264;3497.172;55.605;15;;;;;;;;228.526;225.963
ORQW;0.6242716697979576;0.7527266773941541;227.244;2.8541355295229254;3684.932;26.723;16;;;;;;;;224.757;229.733
ORSU;0.6206535808043141;0.790890285560667;751.6368;5.464063542909254;3498.821;41.878;31;;;;;;;;743.712;759.5616
ORTI;0.5987097452469112;0.755125192052393;123.215;2.1149205234624997;3100.919;36.755;12;L;;;;;;;120.025;126.406
ORTI;0.5987259894892634;0.7551453140029342;123.215;2.115607485056084;3046.688;25.0;12;R;;;;;;;121.235;125.195
ORTL;0.5398933345301784;0.8044002755059761;4.493;2.0694616777650547;3042.85;41.271;12;R;;;;;;;4.6;4.388
ORTL;0.5399612841491241;0.8044443971152467;4.493;2.069348929495376;3311.533;42.177;12;L;;;;;;;5.689;3.298
OSAP;0.6314715264551727;0.6496867953961432;386.029;1.687914726387799;2908.494;43.9;9;;;;1149.447;0.0523598775598298;;;388.9248;383.1336
OSDI;0.5828634458706509;0.6372267827180303;611.047;3.986699752428444;3591.935;39.425;23;L;1491.168;0.0523598775598298;1491.168;0.0523598775598298;;;610.2096;615.696
OSDI;0.5833868779594127;0.6373659354857303;611.047;3.986164459946857;3585.213;38.925;23;R;1487.806;0.0523598775598298;;;;;608.076;610.2096
OSDZ;0.6158462505940003;0.701203779350071;213.36;5.059813872220831;2999.083;43.951;28;;;;;;;;213.36;213.36
OSKL;0.6461287660166046;0.7189222296079778;436.016;3.815002289131801;3593.088;43.461;21;;;;;;;;451.7136;420.3192
OSPR;0.6031387297318925;0.6687478767571674;395.0208;1.4683352022602425;2952.447;43.362;8;;;;;;;;404.26;385.114
OTBD;0.4408887618609032;0.899980281787363;9.4488;2.7620838977130164;4570.89;44.63;15;;1266.444;0.0610865238198015;2062.2768;0.0523598775598298;752.243;;11.147;8.2296
OTBH;0.438379822244926;0.8956175947991766;38.481;2.759644974616279;3750.448;43.55;16;L;;;1570.424;0.0523598775598298;;;39.3192;38.1
OTBH;0.4384138263127605;0.8955454865917708;38.481;2.759888098981082;3751.0;59.51;16;R;1570.701;0.0523598775598298;;;;;40.2336;36.2712
OTHH;0.4411454513187637;0.900901194569934;3.9624;2.762461063364372;4848.862;58.535;16;L;;;;;;;3.9624;3.9624
OTHH;0.4410999955282046;0.9005478471887403;3.9624;2.762277629259988;4249.164;59.568;16;R;;;;;;;3.9624;3.9624
OYAA;0.2239168744651741;0.7859018441415826;2.1336;4.488406514153128;3102.903;44.734;26;;1246.651;0.0488692190558412;1246.651;0.0523598775598298;;;2.1336;2.1336
OYAT;0.2539674237454574;0.8172689923854022;1130.35;2.3555139863169923;2871.671;49.488;13;;;;;;;;1122.2736;1138.428
OYGD;0.2826274167263464;0.9106136520394392;38.7096;4.575458824853624;2686.449;43.34;26;;;;;;;;36.576;40.8432
OYHD;0.2574878424764568;0.7500783587458142;10.668;3.598548300628716;2987.811;57.0;21;;1189.105;0.0488692190558412;1189.105;0.0488692190558412;;;12.4968;8.8392
OYRN;0.2559080079842946;0.8617582895355852;14.478;4.222230713254603;2987.675;38.045;24;;1189.038;0.0523598775598298;1189.038;0.0523598775598298;;;14.0208;14.9352
OYSN;0.2701116961277752;0.7717804168569778;2191.663;3.136405360519941;3251.357;44.281;18;;1320.879;0.0523598775598298;1320.879;0.0436332312998582;;;2183.8920000000003;2199.4368
OYSQ;0.2204710879629066;0.940844085627864;26.8224;0.4534767869606778;3294.424;41.837;3;;;;;;;;44.500800000000005;9.144
OYSY;0.2786619256505832;0.8515177771561877;637.6416;1.1958934948141329;2994.748;44.94;7;;;;;;;;639.1656;636.1176
OYTZ;0.238867575393307;0.7703699609705906;1454.962;3.288867375597429;3002.198;44.526;19;;;;;;;;1474.6224;1435.3032
PAAQ;1.0750484236934186;-2.6020665153986258;71.069;3.1384360511046365;1828.948;30.48;16;;457.665;0.0523598775598298;609.674;0.0523598775598298;152.0;;76.0;67.3608
PAAQ;1.0750005277555033;-2.6021304078580982;71.069;1.9792866239668896;1100.448;19.914;10;;;;;;;;71.0184;69.4944
PABA;1.2240690068617193;-2.5059426234831714;16.0;1.614073510927348;1370.477;39.791;7;;380.438;0.0523598775598298;380.438;0.0523598775598298;;;16.0;16.0
PABE;1.0607417695238468;-2.8245628651999124;36.626;0.4097542995228725;1206.644;19.532;1;R;298.522;0.0523598775598298;298.522;0.0523598775598298;;;37.1856;35.6616
PABE;1.0608066587181708;-2.8247059502914094;36.626;2.245185092047273;560.443;22.86;12;;;;;;;;38.4048;38.7096
PABE;1.060807571579052;-2.8245788519686825;36.626;0.410611901957425;1947.791;45.72;1;L;669.096;0.0523598775598298;669.096;0.0523598775598298;;;38.7096;31.0896
PABI;1.1168585404754614;-2.543254142335792;385.8768;1.6069579780998924;1236.495;27.432;7;;313.447;0.0523598775598298;;;;;386.4864;383.1336
PABI;1.1169230376077404;-2.5432909766624703;385.8768;2.174985157005258;1852.0;45.72;10;;;;;;;;382.2192;382.8288
PABI;1.11695942915788;-2.543316731822895;385.8768;0.5179215686074117;2741.118;42.732;1;;;;;;304.8;306.603;388.533;392.06
PABR;1.2441663589228156;-2.736072386195317;13.4112;1.570228571189223;2042.505;45.298;8;;716.453;0.0523598775598298;716.453;0.0523598775598298;;;13.4112;13.4112
PABV;1.0719113363125656;-2.609422988164292;23.1648;0.6862502671950252;1221.705;30.48;2;L;;;306.053;0.0610865238198015;;;25.2984;21.0312
PABV;1.0718912943348795;-2.609432194795404;23.1648;3.829701626625022;963.835;14.345;20;L;177.118;0.0610865238198015;;;;;22.250400000000003;24.0792
PACD;0.963586120498234;-2.8401559412588813;27.051;2.7646428994622902;3111.501;43.354;15;;;;;;;;22.250400000000003;28.346400000000003
PACD;0.963394548449918;-2.8399547529623907;27.051;1.6567541415214675;1897.703;47.483;8;;326.709;0.0523598775598298;333.912;0.0523598775598298;317.342;310.14;27.1272;30.48
PACL;1.122253162074533;-2.6025747526449377;167.9448;3.734993952759428;1211.169;25.0;19;;;;;;;;165.5064;170.38320000000002
PACV;1.0557233402346948;-2.539046563675156;13.258;3.152514051384148;664.214;24.574;16;;;;;;;;15.24;11.8872
PACV;1.055793419862364;-2.539065858589343;13.258;1.995489388077779;2283.685;45.026;9;;837.043;0.0523598775598298;837.043;0.0523598775598298;;;12.8016;13.1064
PACZ;1.07828215729426;-2.897935330310928;128.168;3.658338393880136;1196.968;53.723;20;;;;293.684;0.0436332312998582;;;142.3416;113.9952
PADE;1.1531309973803143;-2.840818881116797;7.086;2.2069458880671657;872.193;15.982;12;;;;;;;;9.144;6.096
PADE;1.1531196568393638;-2.840822712011607;7.086;3.806632213638012;1115.672;18.09;21;;;;;;;;6.096;7.010400000000001
PADK;0.9053426821280994;-3.083120223677432;5.1816;3.2248658028609465;2309.0;58.199;18;;;;;;;;5.1816;5.1816
PADK;0.905539374389693;-3.082996105806472;5.1816;4.198046209408492;2391.969;61.488;23;;;;;;;;5.1816;5.1816
PADL;1.0305242544773403;-2.7664431584903646;21.336;0.4618634779889459;1947.839;40.5384;1;;669.12;0.0523598775598298;669.12;0.0523598775598298;;;22.86;19.812
PADQ;1.0079590532432774;-2.6616251483309403;10.617;1.6032463609126013;2293.07;43.231;8;;;;841.735;0.0357792496658837;348.99600000000004;;23.635;6.4008
PADQ;1.0079353422670487;-2.661475610795436;10.617;2.2161723093584462;1643.312;41.675;11;;;;347.082;0.0523598775598298;134.4168;169.77360000000002;10.576;7.96
PADQ;1.0078580475274124;-2.6614236011318813;10.617;0.3901860519219475;1518.01;45.72;1;;;;454.205;0.0654498469497873;;;10.9728;6.7056
PADU;0.9407137532809032;-2.9067597379895944;5.486400000000001;5.509658000689578;1258.663;29.404;31;;306.598;0.0523598775598298;256.624;0.0523598775598298;;60.919;4.08;6.893
PAED;1.069032389604308;-2.614389474108843;58.978;3.1418073290877886;2451.656;45.72;16;;921.028;0.0733038285837618;751.911;0.0523598775598298;;169.117;64.92240000000001;56.388000000000005
PAED;1.0690315469634943;-2.6147881836538387;58.978;1.3960522167559724;3049.081;41.139;6;;;;;;;452.709;53.34;61.2648
PAEH;1.0236030661592088;-2.828548283170473;115.366;2.866854267380984;1202.7408;45.72;15;;296.5704;0.0523598775598298;;;;;68.8848;161.8488
PAEI;1.1286287287624766;-2.5674055388298256;164.8968;2.7786315388840994;4421.795;45.0;14;;1906.098;0.0471238898038469;1906.098;0.0471238898038469;;;162.7632;167.0304
PAEM;1.0958246575183797;-2.8709057926888586;4.8768;3.0841543915054355;1591.017;48.059;16;;;;;;;;4.8768;4.8768
PAEN;1.057273313643023;-2.6395565180591465;29.413;0.5414574382903103;603.342;22.86;2;R;;;;;;;29.8704;30.48
PAEN;1.057185889658606;-2.6397622394511253;29.413;0.5387381804091181;2390.043;45.72;2;L;804.878;0.0523598775598298;890.222;0.0523598775598298;85.34400000000001;;27.342;29.8704
PAFA;1.1312407631413357;-2.5806887413628146;131.635;0.6635742514214141;3597.833;44.324;2;L;1265.516;0.0523598775598298;1264.68;0.0523598775598298;228.6;229.437;132.826;133.874
PAFA;1.1310998899819746;-2.580691862254717;131.635;0.6633645675650796;1978.632;27.9;2;R;684.516;0.0523598775598298;684.516;0.0523598775598298;;;131.9784;132.2832
PAFA;1.1313075482774906;-2.5803099977237647;131.635;0.661844333426715;875.242;22.86;2;;;;;;;;131.9784;132.2832
PAFB;1.1315959713543264;-2.5764247837899616;135.788;1.552437208393168;2220.129;22.86;7;R;;;;;;;135.788;135.788
PAFB;1.1316295189917205;-2.5763538147081;135.788;1.5532432014417392;2704.69;45.72;7;;;;;;32.61;61.413;135.0264;136.5504
PAFE;0.9941626531964094;-2.337175751532207;45.72;2.271902766769728;1218.0;30.48;11;;304.197;0.0523598775598298;4.867;0.0610865238198015;;299.33;45.72;45.72
PAFM;1.1712627668584352;-2.755210101057006;82.067;5.1054343354070095;724.984;40.268;28;;;;;;;;81.3816;89.30640000000001
PAFM;1.1711628963669998;-2.755140356925216;82.067;0.3772285530222165;834.948;44.196000000000005;1;;;;112.674;0.0523598775598298;;;75.8952;81.6864
PAGA;1.1298567021982135;-2.739067818243276;45.567;1.5631544026650397;2208.189;40.163;8;;615.58;0.0523598775598298;799.295;0.0523598775598298;183.715;;45.644;46.787
PAGK;1.084809106745046;-2.538658816262968;476.021;2.9849697735755507;1524.902;28.406;15;L;457.651;0.0523598775598298;457.651;0.0523598775598298;;;483.4128;471.2208
PAGM;1.112937100788901;-2.9973029524340986;9.0;3.003473056173493;1371.749;29.260800000000003;16;;381.074;0.0523598775598298;381.074;0.0523598775598298;;;9.144;8.8392
PAGS;1.0197296218889933;-2.3684983100329706;9.677;2.3569936764568333;2045.032;44.872;11;;717.716;0.0523598775598298;717.716;0.0523598775598298;;;10.9728;8.8392
PAGS;1.019682041941383;-2.368630838707608;9.677;0.7152831211702502;1010.066;18.288;2;;;;;;;95.0;9.4488;9.4488
PAHC;1.0853896394522775;-2.788601194512934;22.555200000000003;0.5458998946485816;1409.017;41.778;1;;;;;;;;22.250400000000003;22.86
PAHL;1.1466443366934314;-2.728847817925907;65.379;4.031833617819167;1230.583;42.611;21;;;;;;;;63.7032;67.056
PAHN;1.0339991530493855;-2.365331088490242;4.114;1.9224611469829076;1212.293;28.904;8;;301.347;0.0523598775598298;301.347;0.0523598775598298;;;4.572;3.6576
PAHO;1.0410117386374371;-2.6437674048651982;13.792;4.101746969798004;2042.404;44.857;22;;716.402;0.0523598775598298;716.402;0.0523598775598298;;;22.555200000000003;21.6408
PAII;1.0155276354765357;-2.7467350070067487;25.2984;2.43813839670518;1712.748;35.707;12;;655.425;0.0523598775598298;;;;;24.6888;28.041600000000003
PAII;1.0155299468871009;-2.7466628207770456;25.2984;4.002958367075397;460.495;27.466;21;;;;;;;;24.0792;24.384
PAIK;1.1689511046712835;-2.800146715643565;49.6824;1.4270539766603718;1102.64;15.572;7;;;;;;;;54.5592;44.805600000000005
PAIL;1.042861920390648;-2.7036950832649764;52.349;1.613585342335565;1546.086;27.796;8;;468.243;0.0523598775598298;468.243;0.0523598775598298;;;58.52160000000001;43.891200000000005
PAIL;1.0429413217323185;-2.703719855344452;52.349;3.299642689333392;1458.838;29.0;18;;424.619;0.0523598775598298;424.619;0.0523598775598298;;;55.778400000000005;53.34
PAIM;1.151790028152135;-2.6826377233985585;338.785;4.528055158770682;1280.667;46.167;24;;335.533;0.0436332312998582;;;;;293.2176;384.3528
PAJN;1.0184860771532207;-2.348799458807224;7.315200000000001;1.830203042722487;2574.696;44.641;8;;1133.188;0.0523598775598298;1075.406;0.0523598775598298;;;7.62;7.010400000000001
PAKN;1.024086197780723;-2.7340121918237617;19.735;2.3028244160614606;2710.844;45.72;12;;970.911;0.0523598775598298;1071.825;0.0523598775598298;;;18.288;22.250400000000003
PAKN;1.0241300326580502;-2.7340871088338794;19.735;3.426823610195742;1426.0;30.306;18;;;;;;140.919;65.746;20.1168;18.288
PAKP;1.1891564903066976;-2.6484200695245;633.831;0.6659522625272564;1661.875;34.148;2;;526.138;0.0698131700797731;526.138;0.0523598775598298;;;625.7544;641.9088
PAKT;0.9661360218204308;-2.298838754413824;26.5176;2.3669378644029964;2296.48;44.08;11;;856.548;0.0523598775598298;1084.925;0.0523598775598298;;;25.908;27.1272
PAKW;0.9700408778676444;-2.3226139664001684;18.135;0.6807966543346111;1511.75;29.316;2;;451.075;0.0523598775598298;451.075;0.0523598775598298;;;11.8872;24.384
PALU;1.2020987275971151;-2.899198285043776;4.114;1.7599807674660464;1570.232;62.689;9;;480.316;0.0523598775598298;480.316;0.0523598775598298;;;3.9624;4.2672
PAMC;1.0987037563701174;-2.7158189758851967;104.5464;3.123733746551687;1808.828;30.48;16;;433.193;0.0523598775598298;432.889;0.0523598775598298;166.4208;166.7256;104.5464;104.5464
PAMC;1.0988212638019166;-2.7159641519742683;104.5464;1.178328413955599;609.645;18.288;5;;;;;;;;104.5464;104.5464
PAMR;1.0684190231637052;-2.615235625925891;39.0144;1.5707038243445408;1219.0;28.038;7;;304.699;0.0663225115757845;;;;;37.7952;41.7576
PAMR;1.0683521092907595;-2.6154204061332047;39.0144;3.1425634057197525;802.391;20.939;16;;;;96.395;0.0523598775598298;;;37.7952;35.6616
PAMR;1.0683296330173897;-2.615200547100908;39.0144;1.1529665982625563;609.774;18.288;5;;;;;;;;39.624;41.4528
PAMY;1.053696923666311;-2.9019630987846043;16.0;4.277464973559542;1112.025;49.71;24;;;;251.212;0.0523598775598298;;;15.8496;16.154400000000003
PANC;1.067580250305449;-2.618130580859051;36.779;1.5681841623166068;3781.057;59.082;7;R;1464.598;0.0523598775598298;1490.394;0.0523598775598298;;;40.2336;30.48
PANC;1.067879323425902;-2.618103920639974;36.779;2.877808128299425;3464.525;44.535;15;;1230.156;0.0558505360638185;1126.043;0.0523598775598298;62.774;206.354;46.0248;36.472
PANC;1.0676141080814754;-2.617615805344204;36.779;1.568632293055349;3227.557;44.791;7;L;1224.415;0.0523598775598298;1427.67;0.0523598775598298;;;39.0144;28.041600000000003
PANI;1.074801623561774;-2.784551977709658;29.5656;2.115856369007419;1826.0;39.525;10;;;;608.197;0.0523598775598298;;;29.5656;29.5656
PANN;1.1265593960293192;-2.6018946244748693;109.982;1.0254160166646338;853.596;18.288;4;R;;;;;;;110.9472;110.9472
PANN;1.1265897252469388;-2.6018419828307047;109.982;1.028582567526527;1398.556;33.88;4;L;394.478;0.0523598775598298;394.478;0.0523598775598298;;;112.1664;111.252
PANT;0.9606761774817127;-2.29647239274441;29.641;2.6415537284983155;2199.675;38.232;12;;;;;;;;30.1752;30.1752
PANT;0.9606766456154984;-2.296201358887143;29.641;0.781258486757813;1757.64;30.403;2;;;;;;;;28.041600000000003;30.1752
PANV;1.0934029019682543;-2.795843419228282;89.458;3.2515838266492514;1225.946;21.733;17;;308.173;0.0523598775598298;;;;;88.39200000000001;90.5256
PAOM;1.1259382410128624;-2.8876508835757737;7.772;1.9179562776505847;1832.249;42.054;10;;611.325;0.0523598775598298;;;;;5.7912;7.62
PAOM;1.1259735383002791;-2.8874517004523303;7.772;0.7279375610986649;1878.674;45.72;3;;;;451.657;0.0523598775598298;180.112;182.88;4.678;13.0
PAOR;1.098879868300172;-2.4771129944229253;524.103;1.3283456590833562;1551.573;30.48;5;;547.549;0.0523598775598298;;;;;524.368;523.839
PAOT;1.1672762273173474;-2.838125551404994;3.81;3.389471295275036;1174.403;18.123;18;;;;;;;;3.3528;3.3528
PAOT;1.1674121733686176;-2.837719687215312;3.81;1.7769546180404667;1911.71;43.502;9;;529.1328;0.0523598775598298;651.0528;0.0610865238198015;121.92;;3.921;4.572
PAPB;0.9874612127288006;-2.9611897312363378;38.252;2.069511594181662;1512.972;44.69;11;;451.686;0.0628318530717958;;;;;39.0144;37.4904
PAPC;1.1388882493241173;-2.912216367809653;1.676;3.1425833024732253;1366.818;29.491;16;;;;378.609;0.0523598775598298;;;2.4384;0.9144
PAPG;0.9913729561943316;-2.3203505941635347;33.375;1.235045244193645;1951.194;42.959;5;;638.556;0.0523598775598298;638.556;0.0523598775598298;123.764;;34.4424;32.167
PAPH;0.994126858516846;-2.768918727969675;26.289;5.717003115826504;1604.987;36.64;32;;497.694;0.0523598775598298;497.694;0.0523598775598298;;;25.2984;23.1648
PAPH;0.9941364260010844;-2.768429535966198;26.289;1.229161739285172;2281.296;45.647;6;;835.848;0.0523598775598298;835.848;0.0523598775598298;;;27.7368;28.956000000000003
PAPM;1.030055693519896;-2.8244184693338164;5.1816;5.843011524497364;1706.436;46.093;32;;;;;;;;5.1816;5.1816
PAQT;1.2253914789537044;-2.6355710844841265;12.4968;4.355300375013182;1547.655;49.492;23;;469.028;0.0523598775598298;469.028;0.0523598775598298;;;11.5824;13.4112
PARC;1.1888252446918453;-2.5408400778336486;635.355;0.7766686547975035;1371.816;22.86;2;;381.108;0.0523598775598298;381.108;0.0523598775598298;;;633.0696;637.6416
PARY;1.1297033942351786;-2.713463443710684;199.0344;0.8875946960174999;1411.228;30.48;3;;;;;;;;197.5104;200.5584
PASA;1.1115356311206357;-2.97566569184106;17.3736;1.039842210129918;1537.885;30.48;5;;464.142;0.0523598775598298;464.142;0.0523598775598298;;;17.9832;16.764
PASC;1.2251293942539674;-2.591206903890312;19.5072;4.4501379013751245;1977.426;45.72;24;;712.9272000000001;0.0523598775598298;712.9272000000001;0.0523598775598298;;;18.5928;20.4216
PASC;1.2251570375539933;-2.591228750133629;19.5072;4.448491008692942;1969.049;28.473;24;R;712.9272000000001;0.0523598775598298;712.9272000000001;0.0523598775598298;;;19.5072;19.5072
PASD;0.9654066576794864;-2.8016289520437083;6.553;2.5938521347120584;1586.638;44.617;14;;325.837;0.0523598775598298;316.395;0.0523598775598298;162.682;172.124;5.976;7.139
PASI;0.99565992644385;-2.3625056826331283;7.772;2.3660535060710104;1979.512;43.466;11;;684.956;0.0523598775598298;684.956;0.0523598775598298;;;7.288;8.254
PASN;0.9977410854067602;-2.970944133493012;16.154400000000003;3.310914898307397;1967.806;43.956;18;;679.103;0.0523598775598298;679.103;0.0523598775598298;;;20.1168;12.192
PASV;1.0663430253757789;-2.715291155042197;446.532;3.14154186450856;1339.16;41.071;16;;;;364.78;0.0523598775598298;;;477.012;416.052
PASX;1.0554873422901474;-2.6361137997837307;30.632;1.5707848774350035;1514.662;37.12;7;;452.531;0.0523598775598298;452.531;0.0523598775598298;;;28.956000000000003;34.1376
PASY;0.9200024320569554;3.0388553654684127;27.584;1.881062809790228;3049.375;45.72;10;;;;;;;;29.8704;25.2984
PATK;1.0877137832564818;-2.619610671646011;109.88;0.4719687772783605;1057.832;20.697;1;;;;224.116;0.0523598775598298;;;108.5088;111.252
PATL;1.0977334437698458;-2.722329702549762;277.9776;3.1900611450493765;1066.746;25.0;17;;228.573;0.0523598775598298;228.573;0.0523598775598298;;;284.3784;271.5768
PATQ;1.2298835386145914;-2.7477712835584933;30.48;4.55337552289399;1529.168;50.982;25;;459.784;0.0523598775598298;459.784;0.0523598775598298;;;30.1752;30.7848
PAUN;1.1150952619078316;-2.806507881365936;7.162;2.86464974200279;1795.814;45.72;15;;786.9936;0.0523598775598298;719.52;0.0523598775598298;;;7.9248;7.62
PAUN;1.1149699659001784;-2.8063705387155395;7.162;1.715314824847783;579.14;22.86;9;;;;;;;;7.315200000000001;5.7912
PAVD;1.0669935616389397;-2.5524535797921444;28.194;1.4179840241365331;1978.298;44.321;6;;843.403;0.0523598775598298;;;;;17.3736;39.0144
PAWD;1.049475925170495;-2.607880409319215;6.781;3.080237698131035;698.216;22.86;16;;;;;;;;7.62;5.1816
PAWD;1.0494584228185948;-2.60777694395042;6.781;2.554943858763199;1292.769;30.48;13;;;;341.584;0.0523598775598298;89.91600000000001;;8.5344;5.7912
PAWG;0.985837367809142;-2.310291194943465;10.82;2.119900820483065;1827.806;44.500800000000005;10;;609.103;0.0523598775598298;609.103;0.0523598775598298;;;8.2296;13.4112
PAWI;1.2328652348370643;-2.792431839651823;12.4968;1.1708722801246167;1533.073;46.741;6;;461.736;0.0523598775598298;;;;;12.8016;12.192
PAWS;1.0746274543869283;-2.609969823041207;105.156;0.980864393112376;1120.109;29.929;4;;255.255;0.0523598775598298;;;;;102.4128;107.8992
PAYA;1.0385386814761084;-2.4373568731408963;10.287;2.357569460577066;2359.871;45.72;11;;;;875.136;0.0523598775598298;;;12.192;10.0584
PAYA;1.0385147949497102;-2.437749692002426;10.287;0.7784205464874852;1938.343;46.711;2;;;;;;420.538;;6.622;11.2776
PCIS;-0.0483220274349741;-2.996867931311818;2.7432000000000003;1.7789419371932502;2265.0;43.474;9;;;;;;;;2.7432000000000003;2.7432000000000003
PFYU;1.1619000970027975;-2.535055965024038;136.2456;1.0455400120059786;1701.447;33.806;4;;545.923;0.0523598775598298;545.923;0.0523598775598298;;;136.2456;136.2456
PGRO;0.2473893248269479;2.534934929033832;181.508;1.6011437627627236;2129.856;45.72;9;;762.0;0.0523598775598298;765.721;0.0523598775598298;;;178.30800000000002;184.7088
PGSN;0.2638763706185826;2.543456017228501;63.779;1.1824939040148712;2645.062;59.594;7;;1016.46;0.0523598775598298;1016.46;0.0567232006898157;;;63.7032;63.7032
PGSN;0.2639256299961476;2.543481343266289;63.779;1.1839587588560705;2131.535;30.419;6;;;;1021.84;0.0567232006898157;130.0;;64.709;63.0936
PGUA;0.2370353933841436;2.5294989127047893;176.78400000000002;1.147897463983064;3704.0;59.46;6;R;;;;;291.209;;176.78400000000002;176.78400000000002
PGUA;0.2371214890389446;2.5294815683480416;176.78400000000002;1.1470349222667284;3729.0;54.415;6;L;1247.844;0.0523598775598298;1364.445;0.0523598775598298;311.859;195.258;176.78400000000002;176.78400000000002
PGUM;0.2353531897364666;2.52717941902952;81.457;1.1340365826625007;3655.13;42.528;6;L;1146.193;0.0523598775598298;1309.697;0.0523598775598298;304.8;;71.348;92.964
PGUM;0.2353230828823953;2.527193977990245;81.457;1.1336391013786515;3046.207;41.637;6;R;1156.074;0.0523598775598298;714.338;0.0523598775598298;;306.123;70.4088;91.412
PGWT;0.2617856500231064;2.5415360601345816;77.1144;1.3778194601920883;2615.544;69.0;8;;1004.497;0.0523598775598298;1004.497;0.0523598775598298;;;71.9328;82.296
PHBK;0.3843696357724391;-2.788775223247644;6.553;2.9670115573030054;1828.912;41.295;16;;;;;;456.934;460.353;7.010400000000001;6.096
PHHN;0.3629524565752448;-2.722965670099411;19.812;1.5700245421996648;1096.386;26.741;8;;243.393;0.047996554429844;;;;;23.4696;16.827
PHJH;0.3658725580949083;-2.734460624978993;75.742;0.4873120365458127;922.174;30.48;2;;;;;;;;73.4568;78.0288
PHJR;0.3718590646455069;-2.758845308142734;6.502;0.9550690201798456;2539.349;60.96;4;R;857.531;0.0523598775598298;955.938;0.0523598775598298;102.894;;3.3528;8.2296
PHJR;0.3718642784855414;-2.7588977469289246;6.502;2.068059899123023;2561.781;59.186;11;;654.24;0.0523598775598298;550.244;0.0523598775598298;335.208;433.502;9.144;3.048
PHJR;0.3718841098030239;-2.7588635107447548;6.502;0.9570845613066336;2538.116;58.753;4;L;509.184;0.0523598775598298;933.023;0.0523598775598298;1161.243;;6.4008;8.8392
PHKO;0.3445061948201155;-2.7235106168367254;12.8016;3.22499111750124;3345.157;38.705;17;;1226.369;0.0523598775598298;1270.797;0.0523598775598298;;;14.3256;11.2776
PHLI;0.3834966072244387;-2.780935534986493;31.775;3.141921299087944;1981.467;45.72;17;;685.934;0.0523598775598298;685.934;0.0523598775598298;;;27.7368;27.7368
PHLI;0.3836096966436383;-2.7810433227905733;31.775;0.7832920745890668;1987.307;48.976;3;;688.853;0.0523598775598298;;;;62.484;46.3296;24.613
PHMK;0.3691841364925837;-2.7418313836273427;133.731;1.0529905258767698;1369.074;30.48;5;;376.381;0.0523598775598298;;;;182.292;133.1976;136.0
PHMK;0.369192703340856;-2.741870394776124;133.731;3.1377798073058867;951.85;30.48;17;;;;;;129.84480000000002;;135.653;131.036
PHMU;0.3490895054591147;-2.716921758643382;812.5968;0.9083897355496516;1586.911;29.138;4;;488.655;0.0436332312998582;488.655;0.0523598775598298;;;811.0728;814.1208
PHNG;0.3743812348925928;-2.753569409172746;5.334;0.898320180603318;2363.974;59.179;4;;993.326;0.0523598775598298;906.727;0.0523598775598298;;;3.6576;7.010400000000001
PHNL;0.3719533350865348;-2.755966222944898;1.905;1.5644293656836212;1902.956;117.465;8;;;;;;;;0.0;0.0
PHNL;0.3721282708304536;-2.7561645712297573;1.905;4.066481021465132;2739.556;47.518;22;L;965.624;0.0523598775598298;964.378;0.0523598775598298;;;2.7432000000000003;2.4384
PHNL;0.3721758566297359;-2.7561397133257546;1.905;4.065669792428805;2122.881;46.769;22;R;;;762.385;0.0523598775598298;;;2.4384;3.048
PHNL;0.3718739864099154;-2.756367202938753;1.905;4.711959105789924;3659.807;60.671;26;L;1386.0;0.0523598775598298;1024.644;0.0523598775598298;;;3.048;3.048
PHNL;0.3721958693490604;-2.7563142336009387;1.905;4.713634796404763;3745.585;46.44;26;R;1527.232;0.0523598775598298;1408.658;0.0523598775598298;;;2.4384;3.6576
PHNY;0.362776912257405;-2.739318613116556;398.0688;0.7674938777987896;1523.185;45.72;3;;456.792;0.0523598775598298;;;;;397.4592;398.6784
PHOG;0.3647221895374404;-2.730225715107522;8.305;0.6075133857294378;2134.316;48.303;2;;664.072;0.0523598775598298;662.904;0.0523598775598298;;;16.764;4.2672
PHOG;0.3647899167928382;-2.73022642511043;8.305;1.132303994314046;1514.917;46.445;5;;474.484;0.0523598775598298;;;;;6.7056;5.486400000000001
PHTO;0.3441498806410567;-2.706257421341404;9.372;0.7126144952906583;1706.673;48.337;3;;593.885;0.0523598775598298;;;110.44;;10.546;7.62
PHTO;0.344203739433063;-2.7060207250972934;9.372;1.57084746494198;2983.612;44.894;8;;1096.921;0.0523598775598298;1026.572;0.0453785605518525;;;8.2296;11.2776
PKMJ;0.1233067375005585;2.989262403570107;1.981;1.3285557967252963;2408.0;42.894;7;;899.2;0.0471238898038469;899.2;0.0471238898038469;;;2.1336;1.8288
PKSA;0.0903621383457672;-1.038277784665852;457.897;4.228762607980191;607.4664;25.0;25;;;;;;;;458.085;457.71
PKWA;0.1521948403717115;2.927469547531527;4.572;1.267151361182244;2033.135;58.723;6;;711.768;0.0523598775598298;711.768;0.0523598775598298;;;4.572;4.572
PLCH;0.0346671910448007;-2.746273286654243;1.524;4.712981345132816;2104.819;42.263;26;;;;747.61;0.0523598775598298;;;1.524;1.524
PMDY;0.4922095958082055;-3.095889906854564;2.7432000000000003;1.1954285391014012;2374.882;43.38;6;;711.62;0.0523598775598298;;;;;3.6576;1.8288
PPIZ;1.2170685342353635;-2.84497884276923;7.162;1.1962783399141974;1502.713;44.73;5;;;;;;;;8.8392;5.486400000000001
PTKK;0.1302349536771429;2.650159342581727;3.048;0.800708540661793;1828.942;45.348;4;;609.671;0.0523598775598298;609.671;0.0523598775598298;;;3.048;3.048
PTPN;0.121913501135243;2.761281601197452;2.59;1.5752402841363249;2009.305;45.754;9;;713.574;0.0523598775598298;706.242;0.0523598775598298;;;2.7432000000000003;2.4384
PTRO;0.1285833718307011;2.348240171571618;52.882;1.5932150810367636;2190.478;46.437;9;;798.744;0.0523598775598298;815.689;0.0523598775598298;;;53.6448;52.1208
PTSA;0.0934967914309361;2.844160716561466;3.505;0.9719256369884096;1749.944;44.869;5;;570.172;0.0523598775598298;577.519;0.0523598775598298;;;3.3528;3.6576
PTYA;0.1657877251070641;2.4099936965699973;27.584;1.2490234116399426;1826.179;44.247;7;;608.29;0.0523598775598298;608.29;0.0523598775598298;;;27.7368;27.432
PWAK;0.3365433093511162;2.9083585865156723;6.553;1.7763996906047952;3001.574;41.127;10;;1195.987;0.0523598775598298;1195.987;0.0453785605518525;;;7.010400000000001;6.096
RCAY;0.39761574455461;2.098956683822324;10.3632;3.159405658468573;2440.857;43.576;18;R;915.629;0.0523598775598298;915.629;0.0523598775598298;;;10.3632;10.3632
RCAY;0.3976435634048053;2.099000087626457;10.3632;3.159199360550987;2264.018;41.528;18;L;827.209;0.0523598775598298;827.209;0.0523598775598298;;;10.3632;10.3632
RCDC;0.3957118971145794;2.10245282396488;23.4696;4.673506884374611;2391.745;42.749;27;;891.073;0.0523598775598298;891.073;0.0523598775598298;;;23.7744;23.1648
RCDC;0.3961900431112793;2.1028119996117014;23.4696;4.500681065716553;2441.441;44.728;26;;915.921;0.0523598775598298;915.921;0.0523598775598298;;;23.4696;23.4696
RCDI;0.4337735671987714;2.1159721141680583;236.635;0.6047416283443456;520.779;29.119;4;;;;;;;;238.912;234.358
RCFG;0.4565803254660832;2.0936735365808925;66.903;3.59571161699545;1475.791;31.963;21;;471.231;0.0523598775598298;562.915;0.0523598775598298;;;66.4464;67.3608
RCFN;0.3971473006306116;2.113622066961064;41.605;0.6723647069188388;2434.915;43.663;4;;912.658;0.0523598775598298;912.658;0.0523598775598298;;;43.586400000000005;39.624
RCKH;0.3940440417674239;2.1005067059945883;7.9248;1.6030241804988223;3141.175;58.0;9;;1113.245;0.0523598775598298;822.612;0.0523598775598298;152.542;443.176;6.209;9.982
RCKU;0.409516448540985;2.1012121055868365;24.384;3.131072157924622;3046.214;42.218;18;;1218.307;0.0523598775598298;1218.307;0.0523598775598298;;;22.86;25.908
RCKW;0.3846867671536626;2.107139217663417;11.5824;5.5654298224041305;1700.348;28.782;32;;;;;;;;14.0208;9.144
RCLY;0.3844712793205866;2.121162094983972;12.954;5.417137224376732;1249.63;19.748;31;;;;;;29.109;44.609;13.1064;12.8016
RCMQ;0.4235056787457174;2.105228607640745;200.5584;6.222906172671758;3658.302;57.148;36;;1524.351;0.0523598775598298;1524.351;0.0523598775598298;;;202.0824;199.0344
RCMT;0.4577000897773329;2.094443710284576;10.21;0.4884223102961764;1152.802;28.988;3;;271.601;0.0507890812330349;271.601;0.0521853446346304;;;7.9248;12.4968
RCNN;0.4005591591367847;2.0979570699482037;13.4112;3.119509526163085;3050.792;43.512;18;R;;;1220.596;0.0523598775598298;;;17.0688;7.62
RCNN;0.4005602885095419;2.098017076897258;13.4112;3.119240221859502;3048.337;44.255;18;L;1219.369;0.0523598775598298;1219.369;0.0523598775598298;;;19.2024;9.7536
RCPO;0.4331556891188122;2.1107947027442813;6.553;0.7844880265524109;3665.228;42.826;5;;1527.814;0.0436332312998582;1527.814;0.0436332312998582;;;6.553;6.553
RCQC;0.4113479283494704;2.087906378016542;22.707;3.4584334428115366;3000.97;42.982;20;;1195.685;0.0523598775598298;;;;;14.0208;31.3944
RCQS;0.3977732832767301;2.114955881544557;17.544;0.5938870243004649;2604.418;28.809;4;L;997.409;0.0523598775598298;997.409;0.0523598775598298;;;2.809;32.279
RCQS;0.3978103653242034;2.1150234878653937;17.544;0.5936303910872516;3333.341;43.23;4;R;1361.871;0.0523598775598298;1361.871;0.0523598775598298;;;4.613;30.475
RCSQ;0.3961900314079347;2.102811874776026;27.584;4.501250392118553;2444.719;38.218;26;;917.56;0.0523598775598298;917.56;0.0523598775598298;;;29.5656;25.6032
RCSS;0.4375469010589869;2.121491154023935;4.114;1.6097084424681103;2603.484;57.949;10;;996.942;0.0523598775598298;996.942;0.0506145483078355;;;3.9624;4.2672
RCTP;0.4377932915735693;2.1158575540285494;25.908;3.9974354471903855;3651.603;58.786;23;R;1409.798;0.0523598775598298;1402.217;0.0523598775598298;;;19.2024;22.555200000000003
RCTP;0.4375772478316231;2.1159815704705225;25.908;3.996595769287252;3338.808;59.754;23;L;1248.926;0.0523598775598298;1260.931;0.0523598775598298;;;28.911;32.714
RCYU;0.4192922113521736;2.122614659504353;14.478;3.597849994394993;2756.965;41.575;21;;1073.683;0.0521853446346304;;;;;15.5448;13.4112
RCYU;0.4193338752590712;2.12215189365306;14.478;3.598555107412799;2437.238;43.603;21;R;913.819;0.0521853446346304;;;;;14.478;14.478
RJAA;0.6241101519386618;2.450085493182822;41.528;5.750410812104778;4006.308;60.753;34;L;813.184;0.0523598775598298;1571.794;0.0523598775598298;751.767;;42.3672;39.624
RJAA;0.6247445492895722;2.4501859546931617;41.528;5.750591104616508;2565.78;58.114;34;R;760.157;0.0523598775598298;865.553;0.0523598775598298;63.549;;42.9768;41.148
RJAF;0.6312291501877997;2.407204493058952;657.4536;2.984900833070097;1990.814;41.375;18;;667.053;0.0523598775598298;563.29;0.0523598775598298;;;649.8336;665.0736
RJAH;0.6314916093945648;2.450675692852722;32.6136;0.3451291730045301;2689.0;43.932;3;L;939.041;0.0523598775598298;938.061;0.0523598775598298;;;32.6136;32.6136
RJAH;0.6314804970688347;2.450714072020892;32.6136;0.3443599191367136;2697.438;42.281;3;R;932.38;0.047996554429844;927.567;0.0523598775598298;;;32.6136;32.6136
RJBB;0.6010902816172348;2.360088466030164;4.2672;0.8894347442879998;4002.273;60.623;6;L;1617.474;0.0523598775598298;1580.226;0.0523598775598298;;;4.572;7.010400000000001
RJBB;0.6008695623891073;2.3604541019232235;4.2672;0.8872673420629958;3499.692;59.659;6;R;1333.5;0.0523598775598298;1278.214;0.0523598775598298;;;1.524;3.9624
RJBD;0.5875180240267999;2.362556841853639;89.00160000000001;2.4599045723397257;1988.64;43.721;15;;689.52;0.0523598775598298;689.52;0.0523598775598298;;;90.8304;83.51520000000001
RJBE;0.6044547474293119;2.360101979492101;7.010400000000001;1.4754214135562649;2486.671;57.489;9;;818.94;0.0523598775598298;757.1232;0.0523598775598298;;;7.010400000000001;7.010400000000001
RJBT;0.6198171954283631;2.352477234858501;176.326;3.195720549681893;1298.053;27.676;19;;290.079;0.0523598775598298;299.841;0.0523598775598298;54.148;44.385;174.65040000000002;178.00320000000002
RJCB;0.745842403375556;2.4996156159226723;148.59;2.780933453634555;2489.827;44.634;17;;940.114;0.0523598775598298;940.114;0.0523598775598298;;;143.256;153.924
RJCC;0.746975129140988;2.472505652916277;21.183;3.0133615681165176;2688.952;41.665;18;R;972.511;0.0523598775598298;971.631;0.0523598775598298;;;21.183;21.183
RJCC;0.7468805251546379;2.472586749292362;21.183;3.0136635100771128;3993.0;41.541;18;L;616.027;0.0523598775598298;1630.024;0.0523598775598298;998.791;;21.183;21.183
RJCC;0.7465651141650755;2.472964977984248;21.183;3.013560884717096;2988.115;57.0;19;R;1079.565;0.0523598775598298;1100.784;0.0523598775598298;;;24.9936;18.8976
RJCC;0.7465710477608051;2.473028386705476;21.183;3.0134743163861963;2985.181;56.552;19;L;1061.176;0.0523598775598298;1100.664;0.0523598775598298;;;23.4696;17.3736
RJCH;0.729026821293352;2.457808616131417;37.033;1.8852720203472624;2994.058;40.502;12;;1192.229;0.0523598775598298;1192.229;0.0523598775598298;;;28.041600000000003;46.0248
RJCK;0.7512067776804208;2.5166421098302005;93.421;2.7753744054340275;2489.206;41.24;17;;939.803;0.0523598775598298;939.803;0.0523598775598298;;;98.4504;88.39200000000001
RJCM;0.7658615185777733;2.516137547434104;36.118;6.189660442948068;2494.632;43.984;36;;942.516;0.0523598775598298;942.516;0.0523598775598298;;;41.148;31.0896
RJCN;0.7605696581962617;2.530025516399947;67.818;1.238248202623735;1996.112;43.812;8;;693.256;0.0523598775598298;693.256;0.0523598775598298;;;71.0184;64.61760000000001
RJCO;0.752540841935266;2.467569174347368;7.162;5.496705912310527;1487.115;39.826;32;;438.757;0.0523598775598298;438.757;0.0523598775598298;;;8.2296;6.096
RJCS;0.7579051343167184;2.526215476949844;120.884;2.4410625213339707;1600.487;34.516;15;;;;;;;;125.927;115.842
RJCT;0.7485794294751078;2.498587516107712;81.9912;2.149691670952431;1487.183;42.206;13;;;;;;;;81.9912;81.9912
RJCW;0.792457105933596;2.474913233765493;8.382;1.2015047283592943;2189.636;41.897;8;;718.221;0.0523598775598298;722.62;0.0523598775598298;;;7.315200000000001;9.4488
RJDB;0.5890316936600729;2.2651873941776923;11.43;3.3039121137496203;1319.26;27.469;20;;297.427;0.0523598775598298;298.151;0.0523598775598298;57.403;56.679;15.8496;7.010400000000001
RJDC;0.5921886123584083;2.291246521671618;6.858;1.0847712262263345;2486.49;41.7;7;;938.445;0.0523598775598298;938.445;0.0523598775598298;;;7.010400000000001;6.7056
RJDT;0.598383853912229;2.2572437568095016;58.978;2.376533859163386;1886.16;43.389;14;;638.28;0.0523598775598298;638.28;0.0523598775598298;;;62.484;55.473600000000005
RJEB;0.7732492607297448;2.502872867394556;23.1648;5.446007239132746;1987.619;44.145;32;;609.0;0.0523598775598298;553.929;0.0523598775598298;;;21.9456;24.384
RJEC;0.7621980849753448;2.4861790215526787;210.464;5.833664413688309;2489.355;57.401;34;;939.877;0.0523598775598298;939.877;0.0523598775598298;;;219.7608;201.168
RJEO;0.7342877848450293;2.433564802225922;48.92;2.0981913680492084;1482.65;45.0;13;;436.525;0.0785398163397448;436.525;0.0523598775598298;;;54.864;42.9768
RJER;0.7896216078922926;2.4641883667650677;32.004000000000005;0.9941777646465888;1784.498;42.737;7;;587.449;0.0523598775598298;587.449;0.0523598775598298;;;29.8704;34.1376
RJFA;0.5913620987536563;2.280349584296152;29.8704;2.0206198603784697;1651.399;42.646;12;;;;;;;;24.274;35.467
RJFC;0.5303283431041783;2.2804332710125155;35.9664;2.339659938990651;1487.33;46.177;14;;438.865;0.0523598775598298;438.865;0.0523598775598298;;;34.1376;37.7952
RJFE;0.5701342445626083;2.248556481121028;75.5904;3.5909528022569623;1987.7;40.875;21;;689.05;0.0523598775598298;689.05;0.0523598775598298;;;83.2104;67.9704
RJFF;0.5861851008480564;2.276793998965084;7.162;2.6237604458400834;2791.237;59.694;16;;967.876;0.0523598775598298;968.719;0.0523598775598298;;;4.572;9.7536
RJFG;0.534159023353101;2.2862337841090734;234.08640000000003;2.148896498945222;1988.117;38.526;13;;689.258;0.0523598775598298;689.258;0.0523598775598298;;;237.1344;231.0384
RJFK;0.5550738657402365;2.2814837554246457;268.986;5.761626472411018;2988.293;42.446;34;;1125.645;0.0523598775598298;1021.474;0.0523598775598298;;;261.8232;276.1488
RJFM;0.5563609176596865;2.2942081700647328;5.486400000000001;1.4876607094688004;2488.509;39.268;9;;939.455;0.0523598775598298;939.455;0.0523598775598298;;;4.572;6.4008
RJFO;0.5843273353275227;2.299246038609322;5.486400000000001;0.007281094411234;2988.907;44.039;1;;1189.654;0.0523598775598298;1189.654;0.0523598775598298;;;5.7912;5.1816
RJFR;0.5907183738370725;2.2869929878777198;6.858;6.11515163904873;2488.666;58.812;36;;939.533;0.0523598775598298;939.533;0.0523598775598298;;;7.010400000000001;6.7056
RJFS;0.578571870355019;2.2742018719754475;1.8288;1.7317760722208928;1987.647;43.955;11;;689.024;0.0523598775598298;689.024;0.0523598775598298;;;1.8288;1.8288
RJFT;0.5731190129130478;2.283851646331092;189.433;1.125022829740576;2999.16;44.92;7;;1194.78;0.0523598775598298;;;;;183.1848;195.6816
RJFU;0.5745093468488941;2.267416990561712;4.419;5.552369698144382;2987.614;57.094;32;;1189.0;0.0523598775598298;1189.0;0.0523598775598298;;;4.572;4.2672
RJFY;0.547453841455639;2.283571686722984;62.712;1.385446304677208;2248.638;57.912000000000006;8;R;819.519;0.0523598775598298;819.519;0.0523598775598298;;;67.6656;56.997600000000006
RJFY;0.5474859144716089;2.2835222205863306;62.712;1.3850089949798283;1217.198;43.129;8;L;;;;;;;65.2272;60.96
RJFZ;0.5879193902310276;2.2870921776246087;9.7536;1.2176943152343311;2396.019;44.482;7;;893.209;0.0523598775598298;893.209;0.0436332312998582;;;9.7536;9.7536
RJGG;0.6083939410896824;2.387703841875699;4.572;2.946959993125618;3489.607;57.076;18;;1337.606;0.0523598775598298;1338.298;0.0523598775598298;;;4.572;4.572
RJKA;0.496208330234402;2.263911105434191;6.248;0.4499314821978092;1986.162;44.47;3;;688.281;0.0523598775598298;688.281;0.0523598775598298;;;8.2296;4.2672
RJKB;0.4787728453936168;2.246336153785958;27.1272;0.5924336886323293;1338.125;42.306;4;;364.263;0.0523598775598298;364.263;0.0523598775598298;;;30.1752;24.0792
RJKI;0.4943046876029025;2.267670305555203;5.943;1.146018442510367;1320.022;30.323;7;;295.821;0.0523598775598298;286.301;0.0523598775598298;59.39;68.911;6.4008;5.486400000000001
RJKN;0.4858369022913698;2.249403873492607;4.724;0.0896376075802814;1995.187;44.928;1;;692.793;0.0523598775598298;692.793;0.0523598775598298;;;5.1816;4.2672
RJNA;0.6153242580166286;2.3897815990664357;15.5448;2.6621714774850496;2724.434;39.211;16;;1057.417;0.0523598775598298;1057.417;0.0523598775598298;;;15.8496;15.24
RJNF;0.6308114285594457;2.377555856138979;5.486400000000001;3.069465525987726;1319.447;29.136;18;;294.62;0.0523598775598298;297.843;0.0523598775598298;60.304;57.081;5.1816;5.7912
RJNG;0.6177429531421318;2.38882597416368;38.557;4.752891963671096;2685.369;40.385;28;;1037.885;0.0436332312998582;;;;;43.586400000000005;33.528
RJNH;0.6065108904930666;2.403376656722775;44.348;1.5784055085479864;2536.615;42.773;9;;963.508;0.0523598775598298;;;;;43.586400000000005;45.110400000000006
RJNK;0.6351937810677324;2.380759810579399;8.5344;4.108104157065468;2684.76;39.471;24;;941.645;0.0523598775598298;896.659;0.0523598775598298;;;5.486400000000001;11.5824
RJNO;0.6314329405279139;2.326936027178015;80.01;1.1736549632708264;1992.648;39.865;8;;691.524;0.0523598775598298;691.524;0.05846852994181;;;77.1144;82.9056
RJNT;0.6396355690117433;2.3943719317122154;24.0792;0.233380435935021;1993.0;41.258;2;;691.697;0.0523598775598298;691.697;0.0523598775598298;;;28.956000000000003;19.2024
RJNW;0.6508904765895346;2.3904402086868366;215.1888;1.1634560270670424;1984.741;38.527;7;;687.571;0.0523598775598298;687.571;0.0523598775598298;;;216.408;213.9696
RJNY;0.6075937600103571;2.4137560019784523;6.096;1.518094539234601;1486.099;42.557;9;;;;;;;;6.096;6.096
RJOA;0.601022700653645;2.319881344659314;325.983;4.711790332451256;2989.918;59.888;28;;1082.553;0.0523598775598298;1101.161;0.0523598775598298;;;325.2216;326.7456
RJOB;0.6066228095778029;2.336217949807349;245.364;4.173448237062585;2981.742;41.037;25;;1186.071;0.0523598775598298;1186.071;0.0523598775598298;;;245.0592;245.6688
RJOC;0.6180859255083075;2.319368199810486;3.2;1.035136453400691;1991.44;42.291;7;;690.92;0.0523598775598298;690.92;0.0523598775598298;;;1.8288;4.572
RJOF;0.5940401165895627;2.2958811631801828;2.1336;1.8967110827977585;1468.148;42.781;12;;;;;;;;2.1336;2.1336
RJOF;0.5939842740806409;2.295958740750648;2.1336;6.273729462358131;1172.275;41.532;1;;;;;;;;2.1336;2.1336
RJOH;0.6194763764776001;2.3254627867487803;4.419;1.1151622954254612;2492.6544000000004;44.0;7;;941.5272;0.0523598775598298;941.5272;0.0523598775598298;;;2.7432000000000003;6.096
RJOI;0.59594135418374;2.308145300880269;3.048;0.1590936204632434;2436.073;53.34;2;;;;;;;;3.048;3.048
RJOK;0.5854891497560427;2.332970373100363;9.144;2.280230430762693;2491.207;44.303;14;;940.804;0.0523598775598298;940.804;0.0523598775598298;;;12.8016;5.486400000000001
RJOM;0.5903967834815433;2.31604543301534;6.4008;2.28087515538838;2493.195;42.438;14;;941.797;0.0523598775598298;941.797;0.0523598775598298;;;7.62;5.1816
RJOO;0.6070560381377971;2.363878859465741;12.268;5.498920560598383;3161.013;60.315;32;L;1085.516;0.0523598775598298;1020.726;0.0523598775598298;81.187;80.08;9.4488;14.0208
RJOO;0.6071919841890672;2.3637975056160743;12.268;5.5003737217335935;2218.428;42.824;32;R;621.539;0.0523598775598298;515.689;0.0523598775598298;178.484;209.65;10.3632;15.24
RJOR;0.6201164440989857;2.341622156445676;14.3256;1.6367882730103531;1999.408;42.835;10;;694.904;0.0523598775598298;;;;;8.8392;19.812
RJOS;0.5957203306686519;2.349374865449506;6.553;1.7906086778446688;2487.323;44.244;11;;938.862;0.0523598775598298;938.862;0.0523598775598298;;;1.8288;11.2776
RJOT;0.5971477583553161;2.3390164379718046;178.155;1.2707873183464613;2492.103;54.357;8;;941.251;0.0523598775598298;941.251;0.0523598775598298;;;177.69840000000002;178.61280000000002
RJOW;0.6052171150021243;2.300174059223201;54.102;4.971583813341089;1990.276;40.335;29;;690.338;0.0523598775598298;690.338;0.0523598775598298;;;52.1208;56.083200000000005
RJOY;0.6038140244206268;2.366622310701497;11.125;1.5121490751376825;1479.487;41.101;9;;574.045;0.0523598775598298;481.077;0.0523598775598298;;;10.9728;11.5824
RJOY;0.6038381918272964;2.366685516564751;11.125;5.366523199667672;1188.443;29.916;31;;;;;;;;11.8872;10.0584
RJSA;0.7109296586053141;2.455479650549224;199.796;4.04610098632252;2989.306;56.0;24;;1189.853;0.0523598775598298;1189.853;0.0523598775598298;;;202.3872;197.2056
RJSC;0.670413808854688;2.4499422988601087;106.68;3.2562590401165683;1996.204;42.913;19;;693.302;0.0523598775598298;693.302;0.0523598775598298;;;107.5944;105.7656
RJSD;0.6642808583526826;2.4157916739418845;22.86;1.6939745793638932;944.654;24.717;10;;108.689;0.0785398163397448;167.527;0.0523598775598298;58.838;;29.5656;16.154400000000003
RJSF;0.6497408511944507;2.450930193785136;367.131;0.0399444290565491;2490.466;57.397;1;;888.739;0.0523598775598298;824.3;0.0523598775598298;;;365.76;368.5032
RJSH;0.7077661392206052;2.46906777982554;37.947;1.108661973706041;2244.3;41.931;7;;817.35;0.0523598775598298;817.35;0.0436332312998582;;;46.3296;29.5656
RJSI;0.6881605148876565;2.4632780260038154;88.544;0.1862615552261273;2493.586;34.014;2;;942.0;0.0523598775598298;942.0;0.0523598775598298;;;86.25840000000001;90.8304
RJSK;0.6914232318214845;2.447278102674215;91.897;4.828052648046056;2489.786;57.631;28;;940.093;0.0523598775598298;940.093;0.0523598775598298;;;95.7072;88.08720000000001
RJSM;0.7104051498088461;2.467343416829376;31.6992;1.6624851046533164;3049.591;39.871;10;;1220.0;0.0523598775598298;1220.0;0.0436332312998582;;;34.7472;28.651200000000003
RJSN;0.6624632001942101;2.4279243986861885;5.334;4.758715254720375;2493.042;39.238;28;;941.721;0.0523598775598298;941.721;0.0523598775598298;;;3.6576;8.8392
RJSN;0.6624141514768485;2.4280811844931374;5.334;0.5534977492148259;1373.505;41.413;4;;;;;;;56.732;7.010400000000001;1.8288
RJSR;0.7014804308127626;2.449943796888222;83.972;1.7482278948160417;1995.014;41.084;11;;692.707;0.0523598775598298;692.707;0.0523598775598298;;;78.9432;89.00160000000001
RJSS;0.6656774360228911;2.4594429257917363;2.895;4.581791228445709;2989.655;44.156;27;;1059.147;0.0523598775598298;1042.5;0.0523598775598298;;;4.572;3.6576
RJSS;0.6656133602110192;2.4595361078217133;2.895;5.197444428380721;1334.071;43.583;30;;316.245;0.0523598775598298;316.633;0.0523598775598298;88.947;44.671;1.524;1.8288
RJST;0.6703564390592915;2.4646712155557524;2.1336;2.441577567996234;1496.051;42.272;15;;443.225;0.0471238898038469;;;;;2.1336;2.1336
RJST;0.6702355435092209;2.464603640443835;2.1336;4.154516301600352;2687.859;41.159;25;;;;1039.13;0.0471238898038469;;;2.1336;2.1336
RJSY;0.6774031574519689;2.4397465712795112;22.098;4.526701132336985;1995.048;40.725;27;;692.724;0.0523598775598298;692.724;0.0523598775598298;;;26.2128;17.9832
RJTA;0.6188004673632724;2.4338633701519985;57.607200000000006;3.126952831824065;2437.538;38.089;19;;;;;;;;62.484;52.7304
RJTF;0.6225860019602689;2.435221512087871;42.214;2.8496252496699217;788.129;28.637;17;;322.66;0.0523598775598298;276.314;0.0523598775598298;;;42.672;41.7576
RJTH;0.5779678256284172;2.4397239526154486;86.25840000000001;1.2116486866916405;1987.931;44.918;8;;689.165;0.0523598775598298;689.165;0.0523598775598298;;;85.95360000000001;86.56320000000001
RJTJ;0.6255636371221539;2.433174573704671;81.533;5.932532254358957;1990.524;50.72;35;;690.462;0.0523598775598298;;;;;84.12480000000001;78.9432
RJTK;0.6178169592419258;2.4418902417072275;3.048;0.2683246328202881;1852.0;41.711;2;;;;;;;;3.048;3.048
RJTL;0.6248105268949472;2.4436735505491987;28.803;6.263861894366132;2237.571;46.0;1;;813.986;0.0523598775598298;813.986;0.0523598775598298;;;29.8704;27.7368
RJTO;0.6070614392313457;2.4322960114252163;36.728;0.3486227113017845;1789.401;45.248;3;;546.105;0.0523598775598298;625.77;0.0523598775598298;;;37.7952;35.6616
RJTQ;0.5946715061809021;2.4357784508523204;19.5072;3.434844968904983;1323.918;29.623;20;;289.71;0.0567232006898157;300.471;0.0523598775598298;67.449;56.688;18.5928;20.4216
RJTT;0.6205135444340943;2.4398975756342107;8.686;2.618140834714512;3351.06;60.471;16;L;1233.904;0.0523598775598298;905.086;0.0523598775598298;;356.783;5.746;6.138
RJTT;0.620442060405069;2.4395699990179014;8.686;2.6180972014832125;3095.599;59.014;16;R;934.287;0.0523598775598298;1105.311;0.0523598775598298;105.57;;4.761;5.486400000000001
RJTT;0.6206086692192806;2.439432375487234;8.686;3.750616394894029;2489.38;58.894;22;;812.583;0.0523598775598298;884.559;0.0523598775598298;;;10.668;5.7912
RJTT;0.6201563349491711;2.440193108492912;8.686;3.882576201781265;2488.67;61.0;23;;799.268;0.0523598775598298;;;;;16.764;14.0208
RJTU;0.6373006873888375;2.4412112136515547;99.822;0.0803639402261496;1684.334;42.533;1;;537.367;0.0523598775598298;537.367;0.0523598775598298;;;97.8408;101.8032
RJTU;0.6372859353229262;2.441195648203191;99.822;0.0829286142954927;780.784;26.36;1;L;;;;;;;99.822;99.822
RJTY;0.6239290426804486;2.432089689261546;136.093;6.113813669644151;3346.186;60.519;36;;1368.293;0.0436332312998582;1368.293;0.0523598775598298;;;131.064;141.1224
RKJB;0.6107146792205979;2.2057961814914835;12.8016;3.136858622526684;2791.744;41.871;19;;;;;;;;15.5448;10.0584
RKJJ;0.6130765955696087;2.213216460892096;13.792;0.5197712510953828;2830.945;40.0;4;L;;;;;;;13.4112;14.630400000000002
RKJJ;0.6130615509200814;2.213248730914367;13.792;0.5199899932105352;2832.0;41.848;4;R;1111.198;0.0523598775598298;1111.198;0.0523598775598298;;;13.1064;14.0208
RKJK;0.626638952130483;2.2098651691449613;6.7056;2.9518778073589624;2747.673;42.726;18;;1069.036;0.0523598775598298;1069.036;0.0523598775598298;;;5.1816;8.2296
RKJY;0.6081124171345081;2.227343279517462;9.144;5.902065612403219;2092.961;42.109;35;;741.68;0.0523598775598298;741.68;0.0523598775598298;;;9.4488;8.8392
RKNN;0.6589235060545984;2.250495436644403;8.382;4.331820286053176;2727.776;41.475;26;;1059.088;0.0523598775598298;;;;;10.668;6.096
RKNW;0.6534152274241124;2.2333293608465388;99.822;0.458448235161936;2732.3;43.625;3;;1061.35;0.0575958653158128;1061.35;0.0575958653158128;;;99.06;100.584
RKNY;0.6642950954714302;2.2456998351359703;69.646;5.604392378092727;2495.574;40.306;33;;1021.3848;0.0523598775598298;1021.3848;0.0523598775598298;;;69.1896;70.104
RKPC;0.5848685974618346;2.207765698348814;25.45;5.336547693363445;1912.516;40.886;31;;;;;;414.341;;35.284;20.1168
RKPC;0.5848147737798621;2.2075453321715828;25.45;4.1590038921730805;3175.253;48.505;25;;1282.827;0.0523598775598298;1282.827;0.0523598775598298;;;23.1648;26.5176
RKPD;0.5828223905376744;2.2115337149894505;348.767;3.137283086600769;2286.55;44.221;19;;;;838.475;0.0523598775598298;;;355.09200000000004;335.88960000000003
RKPD;0.5829101831774474;2.211552674407758;348.767;2.4835888648222144;1526.786;25.0;15;;;;;;;;356.00640000000004;348.08160000000004
RKPK;0.6139984797297842;2.250374665930009;3.048;3.036733097597049;3197.862;59.442;18;R;1294.131;0.0523598775598298;1294.131;0.0523598775598298;;;4.033;3.6576
RKPK;0.614037194393834;2.250410298713305;3.048;3.0361248503527287;2740.465;43.862;18;L;;;;;;;2.4384;2.1336
RKPS;0.6124056077116996;2.235280948179889;5.638;0.9677508617775168;2737.949;49.536;6;R;;;1064.174;0.0558505360638185;;;4.8768;7.315200000000001
RKPS;0.6124218812124134;2.2352320360015483;5.638;0.9677441422598964;2736.623;42.864;6;L;;;;;;;4.572;5.7912
RKPU;0.6212229426690925;2.257613496675413;10.668;3.0740225806646837;1995.539;44.122;18;;692.969;0.0575958653158128;692.969;0.0523598775598298;;;12.8016;8.5344
RKSG;0.645112389051853;2.217115703235;8.743;5.438885423119984;2502.921;48.633;32;;749.1984;0.0523598775598298;474.421;0.0523598775598298;197.462;472.24;9.201;8.285
RKSI;0.6539407602632359;2.2069441001488084;7.010400000000001;5.663811588878098;3754.927;59.122;33;L;1481.063;0.0523598775598298;1476.772;0.0523598775598298;;;7.010400000000001;7.010400000000001
RKSI;0.653978339702856;2.207010621959709;7.010400000000001;5.664584769736733;3753.187;57.061;33;R;1479.3;0.0523598775598298;1475.321;0.0523598775598298;;;7.010400000000001;7.010400000000001
RKSO;0.6473867292729664;2.21708050737657;11.637;4.608974207946746;2742.668;43.138;27;R;1066.534;0.0523598775598298;1066.534;0.0523598775598298;;;13.716;9.561
RKSS;0.6555318182629023;2.2129506077153867;11.811;5.500334800891274;3595.692;42.464;32;R;;;1493.046;0.0523598775598298;;;12.8016;11.5824
RKSS;0.6555142515426065;2.212872062668432;11.811;5.500479663219189;3193.17;54.464;32;L;;;;;;;12.4968;10.3632
RKSW;0.6499577785389169;2.2167022396735354;23.027;2.5202444443055243;2732.737;40.568;15;L;1061.569;0.0523598775598298;1061.569;0.0523598775598298;;;22.592;23.462
RKSW;0.6499434770517739;2.216677015064734;23.027;2.521101924567029;2731.021;39.084;15;R;;;;;;;21.636;24.418
RKSW;0.6499254421976928;2.2166480453856496;23.027;2.5220286943998382;2664.875;28.859;16;;915.815;0.0523598775598298;;;111.823;111.157;27.021;19.033
RKTH;0.6281078213604967;2.258812012792706;20.878;4.702971532806779;2128.1136;47.643;28;;759.2568;0.0610865238198015;;;;;18.8976;22.86
RKTI;0.646293876802703;2.231996420112778;85.64880000000001;3.0639005436677422;2824.747;25.0;18;R;1107.573;0.0523598775598298;1107.573;0.0523598775598298;;;85.64880000000001;85.64880000000001
RKTI;0.6462967207154491;2.2320420007390136;85.64880000000001;3.063968087909794;2725.951;25.0;18;L;1058.175;0.0523598775598298;1058.175;0.0523598775598298;;;85.64880000000001;85.64880000000001
RKTN;0.6264620677796827;2.2455144931681144;35.052;2.1691099598640244;2735.565;41.373;13;R;;;;;;;33.528;35.9664
RKTN;0.6264777678165094;2.2455296841094494;35.052;2.169817760688878;2734.852;42.093;13;L;;;;;;;34.1376;36.576
RKTY;0.6393464671409187;2.240213806514191;106.68;4.692092546513248;2726.674;39.221;28;;1058.537;0.0523598775598298;1058.537;0.0575958653158128;;;107.5944;105.7656
ROAH;0.457207829547004;2.227840367377452;3.81;6.241440871196237;3047.9;44.897;36;R;1088.674;0.0523598775598298;1021.396;0.0523598775598298;;53.913;2.7432000000000003;3.3528
RODN;0.4599725750183218;2.2299964745594;30.403;4.029867504416795;3681.837;43.399;23;L;1536.118;0.0471238898038469;1536.118;0.0488692190558412;;;40.5384;22.555200000000003
RODN;0.4600113130890608;2.229935047604529;30.403;4.030026154845801;3677.978;44.512;23;R;1534.189;0.0523598775598298;1534.189;0.0523598775598298;;;39.3192;19.2024
ROKJ;0.4601293471713684;2.2115733659210712;6.248;0.3677061762496755;1997.081;42.613;3;;693.741;0.0523598775598298;693.741;0.0523598775598298;;;6.7056;5.7912
ROMY;0.4325419072094749;2.1868126698986945;41.7576;0.6661947934801136;1989.754;43.776;4;;;;;;;;37.7952;45.72
RORE;0.4663964355578981;2.2303010658068474;69.951;0.6756643391361966;1494.217;40.205;4;;;;;;;;64.92240000000001;74.9808
RORS;0.4333114781909095;2.184190902238215;10.515;6.040088867644808;2999.927;60.702;35;;1022.285;0.0523598775598298;1082.884;0.0523598775598298;;;16.4592;4.572
RORT;0.4302900491134035;2.175996860108232;10.668;3.0163040187024555;1487.351;42.827;18;;438.876;0.0523598775598298;438.876;0.0523598775598298;;;10.3632;10.9728
RORY;0.472004537866441;2.241032393053511;13.258;5.553131534362878;1315.583;28.831;32;;296.183;0.0523598775598298;296.215;0.0523598775598298;56.809;56.777;15.8496;10.668
ROTM;0.458572615081514;2.2297719732003976;75.5904;4.097855758230683;2743.833;43.925;24;;1067.117;0.0523598775598298;1067.117;0.0523598775598298;;;76.953;74.228
ROYN;0.4270371980991022;2.146401972749049;17.3736;4.453696976785791;1990.406;56.557;26;;690.403;0.0523598775598298;690.403;0.0523598775598298;;;12.8016;21.9456
RPLB;0.2582118406338861;2.0991306345347365;13.563;4.316084746583046;2830.665;41.617;25;;1110.533;0.0541052068118242;1110.533;0.0506145483078355;;;14.630400000000002;12.4968
RPLC;0.2650128180476082;2.1041253957599237;130.606;0.3640330959322684;3195.906;37.132;2;L;;;1293.153;0.0523598775598298;;;130.606;130.606
RPLC;0.2650780173805649;2.104225186278504;130.606;0.3648621273269657;3187.189;55.034;2;;1288.795;0.0610865238198015;1288.795;0.0523598775598298;;;141.732;119.4816
RPLI;0.3172331827668349;2.1036646194772177;6.7056;3.2365654429687654;2782.693;41.969;19;;1086.547;0.0506145483078355;1086.547;0.0523598775598298;;;6.4008;7.010400000000001
RPLL;0.2533747371148231;2.1120334471581965;11.353;5.496831576016671;2109.8;39.388;31;;;;;;141.452;212.401;13.476;4.8768
RPLL;0.2531797301348568;2.1121106112104844;11.353;4.191325295524913;3731.649;56.291;24;;1416.506;0.0534070751110264;1383.064;0.0525344104850293;144.518;177.96;22.86;4.8768
RPLS;0.2529941033856148;2.1101810651761945;2.1336;1.178185384223398;2282.885;42.0624;7;;;;;;479.108;62.164;2.1336;2.1336
RPLU;0.2418290774946139;2.0962455338177586;13.1064;4.278769607175407;1254.432;26.92;25;;;;;;;;14.228;11.984
RPMB;0.1065622649403513;2.185762388344538;4.52;0.2569466394403193;1696.779;26.435;1;;;;;;;;-0.3048;9.349
RPMC;0.1250483531772707;2.1678796387324275;52.578;4.946665747610365;2002.413;42.07;28;;696.407;0.0523598775598298;696.407;0.0523598775598298;;;48.768;56.388000000000005
RPMD;0.1243640118031341;2.192932145949911;28.041600000000003;3.998348428922105;2995.159;44.907;23;;1192.78;0.0530580092606276;1192.78;0.053232542185827;;;28.346400000000003;27.7368
RPME;0.1562392939137213;2.1900063956159044;10.9728;5.1744500645515465;2090.497;42.408;30;;;;;;;;13.716;7.855
RPMF;0.1430340532110128;2.204723023799682;3.9624;4.052383997096775;1188.787;26.219;23;;;;;;;;3.358;4.567
RPMG;0.1501248346962377;2.1527202184055314;4.114;3.448896614712789;1873.896;28.132;20;;632.148;0.0523598775598298;632.148;0.0523598775598298;;;3.9624;4.2672
RPMH;0.1503111577944855;2.1721762174278902;50.0;1.4924666480970918;2095.068;42.464;9;;;;;;;;53.416;46.584
RPMJ;0.1056584156342569;2.11207781843882;35.9664;1.5486931280817902;1798.535;29.292;9;;;;;;;;18.062;53.871
RPMO;0.1427401295621988;2.1614387576286385;16.916;3.71371210599231;1879.312;27.725;21;;;;;;;;14.9352;18.8976
RPMP;0.13659936707765;2.154781419264726;3.81;3.4185624432472776;2062.48;43.927;20;;;;;;;;4.572;3.048
RPMQ;0.121284738944774;2.2038906429181533;47.5488;2.4360729740683693;1599.153;35.429;14;;;;;;;;47.5488;47.5488
RPMR;0.1057344288576556;2.1833406230416257;147.2184;3.020797194328789;3214.942;44.389;17;;1252.671;0.0523598775598298;1302.671;0.0523598775598298;50.0;;153.3144;141.1224
RPMS;0.1703017460941571;2.190057625056483;7.9248;3.1114406944981896;1705.679;28.354;18;;548.04;0.0523598775598298;548.04;0.0593411945678072;;;7.010400000000001;8.8392
RPMW;0.1583442399246002;2.2021089101265927;4.8768;3.597342801714364;1454.798;26.294;21;;;;;;;;6.352;3.402
RPMZ;0.120819419813793;2.130342424779652;8.382;4.7778894418827855;2603.273;43.146;27;;996.837;0.0523598775598298;996.837;0.0541052068118242;;;9.7536;7.010400000000001
RPSP;0.25369680145581;2.118211791032923;389.0;3.8235653980408606;399.558;10.273;22;;;;;;;;387.144;390.856
RPUB;0.2857991343039717;2.1051974143261805;1289.6088;1.5458827291070587;1680.037;31.582;9;;535.218;0.0523598775598298;535.218;0.0523598775598298;;;1283.5128;1295.7048
RPUD;0.2466051539230822;2.1464156188488923;3.048;4.169279343611271;1134.015;26.206;24;;;;;;;;3.048;3.048
RPUH;0.2157497305222753;2.1126614408290343;3.6576;4.975287925612595;1833.229;30.148;28;;;;;;;;3.6576;3.6576
RPUM;0.2305259755436195;2.104961178413625;3.9624;2.8807601781962484;1299.085;27.721;16;;;;;;;;4.388;3.537
RPUN;0.2371012773627615;2.1514759110018007;45.72;3.922200237256367;1400.76;29.619;22;;395.58;0.0523598775598298;395.58;0.0506145483078355;;;53.34;38.1
RPUR;0.2745357886146994;2.1205815778812003;27.432;3.999478529612771;1151.61;28.603;23;;;;;;;;29.8704;24.9936
RPUS;0.289585458876731;2.0996806761280813;4.114;3.2331018370681828;2118.798;41.805;19;;;;;;;;3.6576;4.907
RPUT;0.3079374384874877;2.1246436293524247;22.555200000000003;3.005159218763845;1962.808;27.145;17;;676.604;0.0488692190558412;676.604;0.0488692190558412;;;22.250400000000003;22.86
RPUV;0.236963406111299;2.167784833838661;38.7096;4.1958148059598175;1744.0;26.179;24;;567.202;0.0523598775598298;567.202;0.0523598775598298;;;30.7848;46.6344
RPUW;0.2331941567183609;2.1262571304659845;6.4008;2.8204346179303164;1479.123;28.604;16;;434.762;0.0506145483078355;23.687;0.0523598775598298;;411.074;4.8768;7.9248
RPUY;0.2954816156067539;2.124997124975984;58.674;5.310845974798577;2090.587;33.694;30;;;;;;361.619;;62.339;56.083200000000005
RPVA;0.1959594683727062;2.182145594521034;3.048;3.206801994168656;2143.124;44.101;18;;766.762;0.0523598775598298;766.762;0.0523598775598298;;;2.1336;3.9624
RPVB;0.1880869385759549;2.14708842072522;25.908;0.5206307210322348;1991.492;42.453;3;;690.946;0.0523598775598298;690.946;0.0523598775598298;;;26.2128;25.6032
RPVC;0.2107015337760464;2.173724172009269;3.3528;2.904187034614068;1566.041;27.966;17;;;;;;;;3.3528;3.3528
RPVD;0.162912055335304;2.1520274506232586;6.7056;1.6281601505866568;1852.0;41.522;9;;;;618.396;0.0523598775598298;;;11.485;3.6576
RPVE;0.2081488880195331;2.1285504632648817;5.486400000000001;1.0985587513584365;1548.43;27.239;6;;;;;;146.942;;3.535;7.315200000000001
RPVF;0.218194898613341;2.1752934032711924;4.8768;3.906259098000352;1562.254;26.817;22;;;;;;;;4.8768;4.8768
RPVI;0.1890720266488272;2.1379122105068507;43.434;0.3484372177088826;2500.486;43.57;2;;945.443;0.042760566673861;945.443;0.0523598775598298;;;40.2336;46.6344
RPVJ;0.2158924177000547;2.157751486263748;10.668;0.653588193026496;1265.821;28.178;4;;;;;;;;16.154400000000003;5.1816
RPVK;0.2038610400191672;2.135873893587531;7.62;0.8489662836141979;2182.968;42.603;5;;;;;;;;9.7536;5.486400000000001
RPVM;0.1799006069995284;2.1638489444225923;7.9248;3.9209957855395663;3282.368;43.423;22;;1336.384;0.0523598775598298;;;;;9.4488;6.4008
RPVO;0.1930176161870401;2.174081677978923;12.192;0.0686516778971804;2032.271;32.486;36;;;;;;;799.104;7.42;15.8496
RPVP;0.1700319254836171;2.0727312283944586;13.716;1.6149234862730693;2585.972;42.955;9;;988.186;0.0523598775598298;988.186;0.0523598775598298;;;21.288;7.315200000000001
RPVR;0.2024235825661516;2.1424395869607284;3.3528;2.5291489396162743;1825.805;41.547;14;;500.811;0.0523598775598298;608.102;0.0523598775598298;107.2896;;3.3528;3.3528
RPVS;0.1879154085053247;2.1281228854697885;5.486400000000001;3.14474018036284;1187.425;29.688;18;;;;;;;;5.486400000000001;5.486400000000001
RPVU;0.2148701481012798;2.1306944067706395;3.048;3.585469501345971;1376.949;37.08;21;;;;;;;;2.37;3.726
RPVV;0.2115671307002042;2.0961529447572427;49.3776;4.617020699397216;1223.024;29.27;26;;;;;;;;49.171;49.585
SAAC;-0.5462353067673497;-1.0122318429402142;28.651200000000003;0.4834926801837959;1594.128;28.075;4;;;;492.264;0.0488692190558412;;;34.1376;23.1648
SAAG;-0.5760550836464647;-1.0229871854500672;19.5072;0.0187415724007178;1329.775;33.154;1;;;;;;;;22.86;16.154400000000003
SAAP;-0.5549231325130212;-1.05558195212817;67.3608;0.1454517605105128;2094.542;37.0;2;;;;;;;;63.3984;71.3232
SAAR;-0.5742738111864597;-1.060892360360369;24.6888;0.1884835862567189;2991.205;38.77;2;;;;1190.803;0.0523598775598298;;;25.2984;24.0792
SAAV;-0.5534584004153357;-1.0613577477608604;17.6784;0.3974258347388527;2319.25;31.28;3;;;;;;;;17.3736;17.9832
SABE;-0.6031723066276479;-1.0195474710331074;5.486400000000001;5.307714155988798;2096.955;39.308;31;;632.137;0.0523598775598298;752.669;0.0523598775598298;131.738;;4.644;6.096
SACO;-0.5464640369348793;-1.1206468526662512;472.363;6.26947539683932;3198.497;40.901;1;;1294.449;0.0436332312998582;;;;;465.1248000000001;488.8992
SACO;-0.5465827732178649;-1.120508277263553;472.363;0.7679469652726074;2462.27;43.349;5;;;;;;261.42;;465.4296000000001;470.0016
SADF;-0.601336315179806;-1.0225932976830607;6.7056;0.7693064720401559;1799.464;28.066;5;;;;;;112.716;274.291;10.0584;2.048
SADL;-0.6103410440914807;-1.0104283497298638;16.07;0.2438087694890409;1263.53;43.777;2;;;;;;;;14.405;17.736
SADP;-0.6040571145920225;-1.0229831829062024;15.392;5.8791389673490215;2106.338;36.466;35;;;;;;;;18.526;12.8016
SAEZ;-0.6077620833645576;-1.0216434932437028;19.583;1.7857625966435813;3293.978;57.685;11;;;;1342.189;0.0506145483078355;;;18.8976;20.1168
SAEZ;-0.6077540431667939;-1.0215286054105444;19.583;2.863404100515641;3109.038;43.229;17;;;;944.715;0.0523598775598298;;305.0;18.8976;20.584
SAHS;-0.6525876780733602;-1.2026054921725609;587.381;4.925540805943001;1546.559;23.93;28;;;;;;;;585.289;589.474
SAHZ;-0.6802573047729468;-1.223709704428664;1082.741;4.857017434180452;1965.377;37.14;27;;;;;;;;1082.6496;1082.831
SAME;-0.5730256436295567;-1.2006622610272788;701.0400000000001;3.154375095965549;2833.506;52.353;18;;;;;;;45.241;697.9920000000001;704.187
SAMM;-0.619477851099024;-1.214304803053914;1422.653;2.52637980022506;2638.221;25.0;14;;;;;;470.531;;1422.872;1422.5016
SAMM;-0.6193295521674925;-1.214274959525097;1422.653;1.6865282368300143;1746.817;22.964;10;;;;;;;;1422.653;1422.653
SAMR;-0.6036723671371754;-1.193862719223832;746.912;5.035762187930797;2350.808;27.748;29;;;;;;152.196;90.774;739.4448;754.38
SANC;-0.4990434654720218;-1.1475751173460864;466.9536000000001;0.2081589621671312;2800.875;28.305;2;;;;;;;;459.6384000000001;474.2688
SANE;-0.4846017078919936;-1.1224203931165675;199.3392;0.4823954789495297;2429.337;43.621;3;;;;;;;;199.0344;199.644
SANL;-0.5127857141432676;-1.1658052768425464;434.9496;3.6332822726055807;2803.434;25.0;21;;;;;;;;428.5488;441.3504
SANR;-0.4799065659433427;-1.133346612260309;279.349;3.1874206364240343;2499.409;25.0;19;;;;;;;;280.416;278.2824
SANT;-0.4684616896754504;-1.1362938031216858;445.6176;3.311313706041478;2887.404;40.253;20;;;;1138.902;0.0523598775598298;;;455.3712;435.864
SANU;-0.5510258777881473;-1.1941246946923525;592.683;3.132591641571408;2455.978;40.877;18;;;;;;;;593.7504;591.6168
SAOC;-0.5775676882753761;-1.1217116775766731;417.8808;0.7739928381613933;2260.201;44.589;5;;;;;;;;420.3192;419.1
SAOC;-0.5775823525662027;-1.1215725950290412;417.8808;3.1303869416602885;2066.337;36.439;18;;;;;;;;420.0144;412.0896
SAOD;-0.557548520408108;-1.137015345527299;556.294;6.208680692070453;1394.883;20.879;35;;;;;;153.199;;559.965;552.625
SAOD;-0.5575728341065853;-1.1370579144928483;556.294;0.2696003288771558;844.564;28.429;1;;;;;;;;558.837;553.752
SAOR;-0.5886138491466003;-1.1410643906815203;482.117;1.019525844598418;2359.474;48.372;6;;874.937;0.0436332312998582;874.937;0.0523598775598298;;;484.632;479.7552
SAOR;-0.5887311985832469;-1.1410183887348788;482.117;1.7666117968931483;2435.0;55.669;10;;;;;;;;484.9368;479.1456
SAOU;-0.5807264970638699;-1.1581388292909;705.764;3.2549479487824704;2949.982;27.123;19;;;;;;;;710.7936000000001;700.7352000000001
SAOV;-0.564091860393054;-1.1035122432609927;203.356;0.210773404300095;1798.442;32.411;2;;;;;;160.859;;202.159;204.555
SARC;-0.4790038401583331;-1.0255851329031018;61.417;3.2780751321677224;2251.0;43.216;20;;;;;;149.287;153.687;60.89;61.945
SARE;-0.4790914982096428;-1.0307229948242451;52.4256;3.5047892132115805;2771.755;42.939;21;;;;;;;;52.7304;52.1208
SARF;-0.4574981134556369;-1.0162725631152856;58.8264;0.4346199704694508;1798.261;35.119;4;;;;;;;;58.52160000000001;59.1312
SARI;-0.449200284114881;-0.9507410424244116;277.9776;2.005000647102985;3303.851;42.821;13;;;;;;;;276.7584;279.1968
SARL;-0.5181779365566893;-0.9974922293875748;69.646;6.121685279103571;2245.682;41.644;36;;;;;;;;68.627;70.518
SARM;-0.5283217168915706;-1.0059952866292774;48.535;3.038508795578028;1316.518;25.814;18;L;;;;;;;51.463;45.608
SARM;-0.5283112365464508;-1.0060174839729334;48.535;3.026116608823018;1603.755;25.0;19;R;;;;;;;52.573;44.500800000000005
SARP;-0.4779710668077491;-0.9768697970166804;122.377;6.267993612304377;2250.833;27.383;1;;;;820.617;0.0506145483078355;;;130.4544;114.3
SASA;-0.4337397562361235;-1.142844914127469;1232.763;4.05076153902412;2385.333;29.075;24;;;;;;;;1214.3232;1239.9264
SASA;-0.4338818289883095;-1.1429643662650348;1232.763;3.337687376368364;2977.941;43.059;20;;;;;;;;1230.4776000000002;1246.3272000000002
SASJ;-0.4257333928418085;-1.1361710194320145;902.5128;2.622977665670564;2941.43;39.118;16;;;;1165.915;0.0523598775598298;;;920.1912;884.8344000000001
SASO;-0.404082474445581;-1.1227498578724782;356.665;3.3242678888156303;1471.067;30.459;20;;;;;;;;355.571;357.76
SAST;-0.3947181251599885;-1.1133956241777645;443.013;3.27010543520434;2491.84;43.397;20;;;;;;256.17;;447.17;438.856
SATG;-0.5079860847337232;-1.033557771159296;38.1;3.798980341131418;2124.29;41.502;22;;;;;;328.333;;38.1;38.1
SATR;-0.5098151419498693;-1.0416106865574508;48.1584;1.562812667197499;2791.272;45.474;10;;1090.836;0.0471238898038469;;;;;47.8536;49.0728
SATR;-0.5097137207652699;-1.0417884291535244;48.1584;0.1220462669227381;1246.3272000000002;32.195;2;;318.364;0.0471238898038469;;;;;47.8536;47.8536
SATU;-0.5196829223082439;-1.011925660037896;76.115;3.16051498974114;1006.573;41.079;19;;;;;;;;75.847;76.384
SAVB;-0.7320471912181684;-1.2484706735290818;341.593;0.165144013754792;1295.528;25.0;36;;;;;;;;331.808;351.379
SAVC;-0.7991033651312548;-1.1774983381378652;39.471;1.384632178394323;2806.748;48.264;7;;;;;;;;55.614;29.8704
SAVC;-0.799147311190356;-1.1774702423085135;39.471;5.512501665639852;1323.266;50.736;30;;;;;;;;39.471;39.471
SAVE;-0.7488125659518923;-1.2415490970500198;790.194;0.9955982008583244;2392.13;37.479;5;;;;;;;;799.1856;781.2024
SAVE;-0.7489537668049031;-1.2416805412147207;790.194;1.5780993079840164;1288.882;9.691;8;;;;;;;;790.194;790.194
SAVH;-0.8122500715557756;-1.2036754197412434;332.506;1.6590932317849905;1368.86;14.768;9;;;;;;;;333.443;331.569
SAVH;-0.8123082839919857;-1.2037343109714422;332.506;3.9269396788401583;947.814;43.445;22;;;;;;;;331.554;333.459
SAVH;-0.81230566829446;-1.2037780658759143;332.506;3.160533664764136;1556.203;40.601;17;;;;;;;;333.625;331.387
SAVH;-0.8123199229682244;-1.2036410899303165;332.506;2.273350168318406;1385.177;51.23;12;;;;;;;;332.91;332.102
SAVT;-0.7541648097400436;-1.1391827503379333;34.1376;1.2054620879052664;2548.545;42.72;7;;;;969.473;0.0523598775598298;;;34.7472;33.528
SAVV;-0.7132301265433233;-1.0995185393224314;5.1816;0.4431750508639513;1458.855;39.817;2;;;;;;;;5.486400000000001;4.572
SAVV;-0.7133180011065088;-1.0994987996811485;5.1816;1.843642601561619;2550.0;42.608;11;;;;;;;;6.096;4.572
SAVY;-0.7462892253703427;-1.1362575305555498;131.521;4.15246222360368;2489.494;42.267;24;;;;;;;;131.9784;131.064
SAWC;-0.8775550857146006;-1.257565592315622;194.919;1.477482472869945;2546.163;44.381;7;;;;;;;;197.2056;192.6336
SAWD;-0.8331368083607723;-1.1502437998140895;78.265;1.1334869784810475;1650.88;28.369;6;;;;;;;;79.057;77.475
SAWE;-0.9385951904285426;-1.1824519113921697;16.154400000000003;1.5259759225378318;1998.14;40.529;8;;;;;;;;19.2024;13.1064
SAWG;-0.900743683155618;-1.209725229682968;17.3736;4.63495605185656;3473.674;43.877;25;;1432.037;0.0523598775598298;;;;;15.8496;18.963
SAWH;-0.9571957666343454;-1.1919704912544655;23.012;1.5040105001158777;2913.317;45.988;7;;;;878.955;0.0610865238198015;181.078;272.904;25.284;20.771
SAWJ;-0.860564409893325;-1.183382537950787;48.447;4.525351992825194;1997.496;35.152;25;;;;;;295.39;301.246;40.0;56.903
SAWP;-0.8122367121878756;-1.2388088915418425;427.982;1.9626789434695375;1691.208;29.503;10;;;;;;57.091;;431.7;424.266
SAWP;-0.8120782137914956;-1.2388643653954083;427.982;6.2469215541133485;1540.095;52.684;35;;;;;;;;425.792;430.174
SAWP;-0.8122020117710355;-1.2387707698472543;427.982;4.6617974704229805;877.565;53.204;25;;;;;;;;425.8056;430.162
SAWU;-0.8729615990174419;-1.196931359593592;113.497;1.359069038972063;2000.433;29.104;7;;;;;;;;114.123;112.872
SAZB;-0.6758462029985665;-1.085082627563048;72.288;1.058462778853595;1979.534;32.296;6;;;;;;;;74.0664;75.5904
SAZB;-0.6758998043169908;-1.0852804687029731;72.288;6.008264010465168;1498.316;29.041;35;L;;;;;;;71.628;70.4088
SAZB;-0.6759005123693411;-1.0847887643815144;72.288;5.999827088861028;2516.062;58.436;35;R;;;;;;151.422;66.4464;75.5904
SAZG;-0.6230145023690309;-1.1127904676334226;138.455;2.7935846472505608;2369.924;50.956;16;;;;;;;302.299;139.5984;137.876
SAZG;-0.6229219172096302;-1.1129036467782645;138.455;3.676573593904973;1319.089;52.971;21;;;;;;;;138.0744;138.0744
SAZH;-0.6699779236354619;-1.0529504316804947;115.824;6.201385739395891;1277.607;28.882;36;;;;;;;;111.322;120.329
SAZH;-0.6699078615628097;-1.0529001619141762;115.824;5.488786131763753;1057.56;58.211;32;;;;;;;;111.0;120.644
SAZL;-0.6377822098004644;-0.9899769266307636;1.987;2.968820416539772;1489.637;29.058;17;;;;;;;;2.717;1.257
SAZM;-0.662076738199374;-1.0048433966370072;20.269;2.144672522902716;2198.255;42.698;13;;794.328;0.0523598775598298;794.328;0.0523598775598298;;;21.6408;18.8976
SAZN;-0.6797884161218524;-1.1895417195492324;270.205;4.716184024310227;2569.571;43.0;27;;;;979.986;0.0523598775598298;;;268.8336;271.5768
SAZO;-0.6717693487469371;-1.026536396359424;28.0;3.1960608888860325;1489.5;30.546;18;;;;439.95;0.0488692190558412;;;28.453;27.537
SAZO;-0.6718115451560154;-1.0264430426803923;28.0;2.271121906462385;802.517;26.145;13;;;;;;;;28.48;27.511
SAZO;-0.6717760898734463;-1.026404663512222;28.0;3.044913979399922;1088.352;37.265;17;;;;;;;;27.201;28.789
SAZP;-0.6256043296514469;-1.0796177117749888;81.279;3.139201377981636;1491.371;28.287;18;;;;;;;;83.666;78.893
SAZR;-0.6385838479461966;-1.1218207917598122;188.6712;0.1955826606293282;2298.222;28.516;1;;;;;;;;187.452;189.8904
SAZS;-0.7182212402260992;-1.2419389900753912;838.2;2.003772371641894;2345.144;47.0;11;;;;867.772;0.0523598775598298;;;834.8472;841.5528
SAZT;-0.6498629814473803;-1.0337342810030683;171.29760000000002;0.0886342073213343;2544.338;47.915;1;;;;;;;;175.56480000000002;167.0304
SAZV;-0.649878459120659;-0.99535139897149;5.334;4.920658247360548;1815.62;29.634;29;;;;440.377;0.0471238898038469;62.212;162.633;5.486400000000001;5.1816
SAZW;-0.6796273371379805;-1.2088955951863134;650.935;1.455578416224491;1690.505;28.02;7;;;;;;62.215;;658.666;643.204
SAZY;-0.6994455351711912;-1.2415801343199897;782.1168;1.1919017522818964;2499.816;41.946;6;;;;;;158.055;159.449;789.1272;775.1064
SBAA;-0.1456964353784881;-0.8604578684954483;199.0344;1.013971159721021;2013.961;28.893;8;;702.18;0.0523598775598298;;;;1023.015;199.927;198.142
SBAC;-0.0027948055120105;-0.8794556347620018;2.0;0.6663435478922611;575.057;11.357;6;;;;;;;;0.969;3.031
SBAF;-0.399244300070484;-0.7572066865111828;25.45;4.213209106351044;1988.233;46.899;26;;689.316;0.0610865238198015;;;;;19.2024;31.6992
SBAN;-0.2832129935751155;-0.8545750028638147;1128.826;0.6801310032111929;3297.84;43.912;6;L;1344.12;0.0436332312998582;1344.12;0.0453785605518525;;;1137.2088;1121.9688
SBAN;-0.2832952797912381;-0.8546021390189064;1128.826;0.6797092269441561;2241.508;21.0;6;R;815.954;0.0436332312998582;815.954;0.0453785605518525;;;1136.904;1119.2256
SBAQ;-0.3806883779761328;-0.8400817447157239;701.9544000000001;2.589063125777511;1788.289;26.418;17;;;;;;;;692.5056000000001;711.4032000000001
SBAR;-0.1917074267552484;-0.6469997386770644;6.858;1.6053377889552658;2186.565;44.231;12;;788.483;0.0558505360638185;;;;;7.010400000000001;6.7056
SBAT;-0.1721991683979835;-0.9792391625445508;278.434;0.3164007917173156;2490.411;28.014;4;;940.406;0.0523598775598298;;;;;287.7312;269.1384
SBAU;-0.3689883804985609;-0.8800742735593623;408.889;0.4977436774987651;2108.13;33.946;5;;;;;;;;414.8328;402.9456
SBAX;-0.3414423294149661;-0.8196141085831906;995.4768;2.355368076791525;1898.509;27.514;16;;;;;;;;992.124;998.8296
SBBE;-0.0240712285832901;-0.846067053624055;12.039;0.7900854196366043;2798.099;46.274;6;;;;;;;;11.2776;15.8496
SBBE;-0.0241260880112626;-0.8460736699148881;12.039;0.0848746197595521;1817.8272;44.833;2;;;;;;;;6.4008;14.630400000000002
SBBG;-0.5478670338896195;-0.9444337901096548;180.13680000000002;3.946215095099184;1500.509;29.062;24;;;;;;;;181.0512;179.22240000000002
SBBG;-0.5478583558595733;-0.9444527729346516;180.13680000000002;5.358394154143584;1161.026;36.725;32;;;;;;;;180.13680000000002;180.13680000000002
SBBH;-0.3464627775310674;-0.7670708193271465;787.6032;1.9351391314029316;2361.038;41.66;13;;;;;;;;786.6888;788.5176
SBBI;-0.4434017332791068;-0.8592604915036999;927.658;2.7550877454063967;1382.659;28.948;18;;;;386.529;0.0521853446346304;310.305;;920.8008;932.0784
SBBQ;-0.3711884103329199;-0.7637704605358602;1108.709;2.831326694193238;1745.523;27.705;18;;;;;;;;1101.5472;1115.8728
SBBR;-0.277152592106497;-0.8364424414593736;1054.9128;1.5049302188185087;3289.486;46.448;11;R;;;;;;;1066.1904;1040.645
SBBR;-0.276854683468835;-0.8362332558773831;1054.9128;1.5042951982234631;3202.072;43.985;11;L;1296.236;0.0523598775598298;1296.236;0.0523598775598298;;;1050.9504;1061.184
SBBT;-0.2831155983410702;-0.774070652170662;897.335;4.414903543501713;1330.544;21.423;28;;;;;;;;893.127;901.543
SBBV;0.0496781817528164;-1.0592407297499913;80.01;1.097259057024354;2707.216;44.142;8;;1048.808;0.0523598775598298;;;;;79.5528;80.4672
SBBW;-0.276833125908019;-0.9143601813393276;350.82480000000004;0.8865118937495626;1587.898;27.762;7;;;;;;;;350.52000000000004;351.12960000000004
SBBZ;-0.3974294156046898;-0.7323973279818177;7.754;4.051652006008488;1288.354;29.631;25;;;;339.377;0.0523598775598298;;;9.049;6.461
SBCA;-0.4363355405209581;-0.9337738688697188;752.398;5.500563962622062;1756.57;43.564;33;;;;;;;;748.5888;756.2088
SBCC;-0.1629041204676421;-0.9593250556020634;537.6672;1.7762538683457911;2609.772;44.52;12;;;;;;;;537.6672;537.6672
SBCF;-0.3426737553373699;-0.7673991059463638;826.9224;2.425592970041844;2997.859;38.504;16;;1194.13;0.0523598775598298;844.059;0.0523598775598298;;350.071;826.9224;826.9224
SBCG;-0.3572684171150432;-0.954240326865559;554.278;3.876678908771702;2600.781;41.776;24;;995.591;0.0523598775598298;995.591;0.0523598775598298;;;559.0032;549.5544
SBCH;-0.473575085754636;-0.9190696384290232;647.242;1.728713124103398;2059.467;39.45;11;;;;;;;;637.9464;656.5392
SBCI;-0.1277663320834304;-0.8283109810142644;171.145;1.492033631909672;1791.398;40.0;11;;;;;;;;171.29760000000002;170.99280000000002
SBCJ;-0.1067771500511787;-0.8727248462071656;626.6688;4.594153744603436;1998.61;45.154;28;;694.505;0.0523598775598298;694.505;0.0523598775598298;;;624.5352;628.8024
SBCM;-0.5013593174565526;-0.8626230184616827;27.355;4.4639438048242495;1491.702;27.777;27;;;;;;;74.8;27.499;27.212
SBCO;-0.5226553260750774;-0.8926375253416077;6.248;5.052618228780708;2743.83;39.489;31;;1067.115;0.0610865238198015;1067.115;0.0610865238198015;;;7.010400000000001;5.486400000000001
SBCP;-0.3787090439632121;-0.7208512528928739;16.611;0.812009373035531;1539.667;42.315;7;;465.034;0.0523598775598298;;;;;17.3736;15.8496
SBCR;-0.3318111731300768;-1.0065436195343058;137.0;4.437782366534406;1497.634;40.568;27;;444.017;0.0523598775598298;;;;;141.1224;132.8928
SBCT;-0.445567220691778;-0.8582665498506117;906.551;5.493056254311683;2206.167;43.596;33;;798.284;0.0523598775598298;798.284;0.0523598775598298;;;910.4376;905.8656
SBCT;-0.4455569510068617;-0.8581998329839675;906.551;1.6014500680464487;1786.409;42.172;11;;588.405;0.0523598775598298;;;;;906.4752;903.4272
SBCV;-0.3080655198911637;-0.6850799019963357;6.793;0.5922709890394583;1524.444;47.319;6;;457.422;0.0523598775598298;;;;;6.039;7.549
SBCV;-0.3080794293162613;-0.6851026611005343;6.793;2.6917157129311087;1146.531;46.031;18;;;;;;;;6.033;7.555
SBCX;-0.5095893727285321;-0.8933893482009047;750.265;2.3733844125281625;1996.216;26.61;15;;;;;;267.872;;753.4656;747.0648
SBCY;-0.2731967036250061;-0.9794202991105684;184.0992;2.6685216834355057;2294.25;43.122;17;;842.325;0.0523598775598298;842.325;0.0523598775598298;;;188.0616;180.13680000000002
SBCZ;-0.1326455383848147;-1.2700676902210393;193.548;1.6231232176318635;2388.227;44.655;10;;;;889.314;0.0521853446346304;;;193.2432;193.8528
SBDN;-0.3870270791284788;-0.8975306547219917;440.893;1.7196699449302846;2097.668;31.557;12;;654.501;0.0610865238198015;744.034;0.0610865238198015;89.533;;429.483;451.4088
SBEG;-0.0530332205207907;-1.048065096727637;78.486;1.573093703689297;2687.43;45.304;11;;1038.915;0.0523598775598298;1038.915;0.0523598775598298;;;76.8096;80.1624
SBEK;-0.1087901604382842;-1.008397569764489;98.1456;1.1007929473339144;1588.494;29.801;8;;;;;;;;97.536;98.7552
SBFI;-0.4467314518609652;-0.9509830909981348;235.9152;5.424322221308417;2184.908;43.566;33;;787.654;0.0523598775598298;787.654;0.0523598775598298;;;239.5728;232.2576
SBFL;-0.4829342914202618;-0.8474092321978466;4.724;3.3414703775220618;1494.371;42.086;21;;;;;;142.535;;4.8768;4.8768
SBFL;-0.4829618762035645;-0.847185050730265;4.724;2.1182102945695838;2024.941;42.47;14;;475.306;0.0523598775598298;707.671;0.0523598775598298;232.364;;4.8768;4.2672
SBFN;-0.0672728028222642;-0.5658901924284208;52.1208;1.6456353469887126;1852.0;44.255;12;;612.481;0.0567232006898157;;;;;56.083200000000005;48.1584
SBFZ;-0.0659091232538222;-0.6725211286939704;22.098;1.8323618404742787;2530.84;42.171;13;;960.62;0.0523598775598298;;;;;25.307;19.2024
SBGL;-0.3982976282263733;-0.7548740850899232;5.562;2.193538356019808;3180.2832000000003;47.183;15;;1044.416;0.0523598775598298;1033.719;0.0523598775598298;128.689;;5.249;3.595
SBGL;-0.3978831718311723;-0.7546177584357463;5.562;4.4390463339787;4011.543;45.938;28;;1531.033;0.0523598775598298;1531.014;0.0523598775598298;;;8.5344;4.8768
SBGM;-0.1882571812786754;-1.1394365802785882;145.9992;6.04742448649094;1798.869;43.498;35;;;;;;;;149.873;142.125
SBGO;-0.29028195417427;-0.8590704291868415;746.76;5.242350004705283;2497.434;43.312;32;;826.789;0.0567232006898157;728.583;0.0610865238198015;117.128;215.334;747.6744;745.8456
SBGR;-0.4090176929543843;-0.8111056990118753;745.464;1.2849489897103132;2998.864;42.038;10;R;1267.6632;0.0523598775598298;1267.6632;0.0523598775598298;;;747.0648;745.5408
SBGR;-0.4089234810300795;-0.8109846240105202;745.464;1.284812958748413;3704.0;43.409;10;L;1533.144;0.0523598775598298;1563.0144;0.0523598775598298;89.526;59.055;745.267;744.0
SBGV;-0.3298009130289603;-0.7327453386378583;170.99280000000002;0.7760904097630251;1706.314;28.425;7;;;;;;206.143;;170.99280000000002;170.99280000000002
SBGW;-0.397788322074585;-0.7889726379267553;534.771;6.266760013589067;1539.181;27.629;2;;;;464.791;0.0523598775598298;;;532.7904;536.7528
SBHT;-0.0567767050005167;-0.9120026127828484;110.3376;4.046329275388681;1991.624;34.144;25;;;;691.012;0.0523598775598298;;;108.5088;112.1664
SBIC;-0.0545688222219082;-1.0206968487073964;42.9768;2.245704676565592;1508.987;29.339;14;;;;;;;;42.083;43.87
SBIH;-0.0740348490600608;-0.9773931939954084;26.06;0.655644452684733;1691.622;25.0;5;;541.011;0.0523598775598298;541.011;0.0523598775598298;;;28.041600000000003;24.0792
SBIL;-0.2585865466190373;-0.6812530799500275;3.3528;4.68355701380637;1632.779;42.116;29;;;;511.589;0.0523598775598298;166.243;;4.405;2.4384
SBIP;-0.3398283621181784;-0.7415476582040856;239.115;0.5276574689606416;2004.938;41.495;5;;;;;;;;238.6584;239.5728
SBIZ;-0.0965391226819586;-0.8283332797869072;129.54000000000002;4.0813798500918566;1782.233;43.467;25;;;;586.317;0.0523598775598298;;;131.3688;127.7112
SBJF;-0.3803327952561138;-0.7572301478160594;902.208;0.093215090978569;1538.779;27.521;3;;464.59;0.0523598775598298;;;;;904.9512;899.4648000000001
SBJP;-0.1247655535575314;-0.6100042569429441;64.61760000000001;2.3632356719936656;2509.118;41.717;16;;949.7568;0.0523598775598298;;;;;65.532;63.7032
SBJV;-0.45770793686991;-0.8516684850261566;3.81;2.2491745656514817;1537.27;39.925;15;;;;463.835;0.0523598775598298;;;4.572;3.048
SBKG;-0.1268777907521174;-0.6265049117738308;495.9096;2.1861088384599188;1652.838;37.528;15;;521.619;0.0523598775598298;;;;;490.1184;501.7008
SBKP;-0.4015554414587994;-0.8226514386049394;656.691;2.232070862580713;3239.125;41.923;15;;1314.762;0.0523598775598298;1221.079;0.0523598775598298;;93.684;651.9672;661.416
SBLJ;-0.4848896686867165;-0.877577240145993;927.049;2.580382556209792;1525.803;26.765;17;;;;;;;;920.496;933.6024
SBLN;-0.4119619092156665;-0.8382043331806643;704.322;2.0819688817177715;648.256;33.044;14;;;;;;;;702.503;706.141
SBLO;-0.4072467077343127;-0.8923921530180083;560.374;1.921097521238324;2156.515;41.727;13;;385.431;0.0523598775598298;773.458;0.0523598775598298;388.026;;571.902;551.9928
SBLP;-0.2314563972937057;-0.7576179420416264;439.5216;2.785582138097242;1220.542;25.31;18;;;;;;100.706;158.765;438.785;440.32
SBMA;-0.0937006285844288;-0.8576209231405251;104.698;4.020680265767222;2007.625;47.471;25;;;;;;;;101.1936;108.204
SBMC;-0.1843512017103767;-0.8103535406566987;520.909;4.738716399486398;1015.278;26.746;29;;;;;;;;521.623;520.197
SBMD;-0.0155304436596018;-0.9180828202117026;205.892;4.215730408988475;1801.07;29.027;26;;;;595.735;0.052010811709431;;;206.0448;205.74
SBME;-0.3899586031125053;-0.7289550700379573;2.4384;0.5790346737917211;1200.342;25.0;6;;295.371;0.0523598775598298;377.6472;0.0523598775598298;;841.97;2.4384;2.4384
SBMG;-0.4097357165543779;-0.9078580917431016;538.429;4.499566672989155;2099.491;44.565;28;;;;;;;;548.9448;527.9136
SBMK;-0.2915910200849768;-0.7647859519475345;662.482;1.691049512257306;2105.767;41.0;12;;748.084;0.0523598775598298;;;;;657.1488;667.8168000000001
SBML;-0.387407396867382;-0.8713810135606656;641.756;3.372908644272385;1692.356;28.979;21;;;;;;;;633.0696;650.4432
SBMN;-0.0549066392647726;-1.0469537471211794;76.657;4.467031990402728;2229.845;44.453;27;;619.65;0.0523598775598298;810.123;0.0523598775598298;190.472;;76.5048;76.8096
SBMO;-0.1659954594743201;-0.6246816477132786;115.062;1.7586217493906886;2599.754;42.587;12;;995.077;0.0523598775598298;;;;115.348;118.2624;111.574
SBMQ;0.0008834152663632;-0.8913771999601872;14.782;4.138901189848609;2087.775;42.9768;26;;;;739.087;0.0523598775598298;;;14.630400000000002;14.9352
SBMS;-0.0907910542232637;-0.6521273718749974;20.7264;3.574622454577752;1989.347;27.588;23;;;;;;;;23.1648;18.288
SBMT;-0.4103110471249198;-0.8139835904685584;722.528;4.893540892239385;1562.82;42.633;30;;;;177.934;0.0523598775598298;114.652;298.676;722.72;722.297
SBMY;-0.101427873060892;-1.0695099075215126;53.0352;3.853946518863252;1266.654;28.175;23;;;;;;;;53.128;52.942
SBNF;-0.4691342282265233;-0.8491193951358545;5.334;4.112548638005672;1698.54;43.306;25;;544.47;0.0525344104850293;;;;;5.1816;5.486400000000001
SBNM;-0.4936226751943481;-0.9454383583996708;314.5536;4.902106793675249;1609.507;27.0;30;;;;499.954;0.0471238898038469;;;317.6016;311.5056
SBNT;-0.1031559070061563;-0.6151876994903226;46.786;4.87199759515032;1810.662;43.438;30;;;;;;;;44.196000000000005;50.5968
SBNT;-0.1031660128442479;-0.6151268420982251;46.786;2.46283114042947;2590.163;42.444;16;L;;;;;;;49.0728;42.0624
SBNT;-0.1032158281306831;-0.6152480497374859;46.786;2.4640802725751225;1788.418;44.111;16;R;;;;;;;48.768;46.0248
SBOI;0.0672691572304107;-0.9040313399168612;16.154400000000003;3.341034045209063;1486.726;25.0;21;;;;;;;;13.84;18.469
SBPA;-0.5235049069721033;-0.8931061194585288;6.248;1.593323745235993;2269.0;43.744;11;;;;829.702;0.0523598775598298;;;3.3528;9.144
SBPB;-0.0504971467002794;-0.728331281768958;5.334;1.284782415486503;2499.861;44.755;10;;;;;;165.515;;5.1816;5.486400000000001
SBPC;-0.3812220738981387;-0.8127879065606671;1260.195;4.357973346762611;1554.392;28.447;27;;;;;;45.233;;1260.679;1259.7384
SBPF;-0.4929503356001339;-0.9132910339936204;720.394;4.334443515918924;1688.262;27.81;27;;;;539.331;0.0523598775598298;;;725.7288000000001;715.0608000000001
SBPJ;-0.1796210199478912;-0.8439889141240605;228.447;5.299576558351374;2497.659;46.6344;32;;;;944.029;0.0518362787842315;;;235.9152;220.98
SBPK;-0.5535702785383657;-0.913294505985862;16.84;0.8932095947540909;1976.014;40.836;6;;;;;;;;17.0688;16.764
SBPK;-0.5536767789745364;-0.9132764360217468;16.84;2.489030103298232;1337.305;34.946;15;;;;;;;;17.6784;15.8496
SBPL;-0.1634067440096444;-0.7080640381054799;382.2192;5.047718216905734;3253.265;40.169;31;;;;830.909;0.053232542185827;;490.924;383.7432;380.156
SBPN;-0.1870695258652032;-0.8447253977996569;265.537;3.742966093183763;1687.068;28.95;23;;;;;;;;257.423;273.652
SBPP;-0.3935653515651983;-0.9721943732531808;649.5288;0.3499229815945203;1994.979;45.198;4;;332.677;0.0575958653158128;692.689;0.0523598775598298;360.012;;655.669;645.2616
SBPS;-0.2869065398832877;-0.6820913047016435;49.0728;1.2961237394988876;1988.379;42.155;10;;689.389;0.0523598775598298;;;;;51.2064;46.9392
SBPV;-0.1520054451454972;-1.115305633428745;87.47760000000001;6.224875951265558;2399.65;41.793;1;;895.025;0.0523598775598298;895.025;0.0523598775598298;;;87.47760000000001;87.47760000000001
SBRB;-0.1722342725802136;-1.1849529317449443;187.299;0.9943988455029388;1852.0;41.322;6;;477.289;0.0523598775598298;;;142.584;;192.6336;181.9656
SBRF;-0.1418389837287149;-0.6095217436481382;8.382;5.968057733151601;2998.022;42.268;36;;;;1194.211;0.0523598775598298;;;9.7536;7.010400000000001
SBRJ;-0.3998647177762289;-0.7533333241643795;2.819;3.082277464427841;1310.984;40.548;20;L;350.692;0.0541052068118242;350.692;0.0558505360638185;;;3.048;2.7432000000000003
SBRJ;-0.3998601593234939;-0.7533467674062492;2.819;3.081534128699416;1246.076;27.316;20;R;318.238;0.0523598775598298;318.238;0.0558505360638185;;;2.7432000000000003;2.7432000000000003
SBRP;-0.3688598777744781;-0.8338152122380644;549.2496;2.851184875889504;2101.92;43.765;18;;541.59;0.0523598775598298;643.122;0.0523598775598298;204.57;103.038;548.132;550.266
SBSC;-0.4001974965292283;-0.7630174751443296;2.895;3.5608570427672723;2045.106;40.936;23;;717.753;0.0523598775598298;717.753;0.0518362787842315;;;2.7432000000000003;3.048
SBSG;-0.1007019204449088;-0.6172633188701059;81.838;1.7336043046123568;2987.075;55.105;12;;;;;;;;83.2104;80.4672
SBSJ;-0.4054086799045045;-0.8004550234142;632.917;5.498255939219224;2671.307;39.62;34;;;;1030.854;0.0523598775598298;;;646.4808;619.3536
SBSL;-0.0451411929518789;-0.7720691695780211;47.396;1.2206232395185654;1465.985;44.202;9;;;;;;84.014;;52.824;39.9288
SBSL;-0.0451812535005615;-0.7720763086182478;47.396;0.6780839763446989;2383.167;43.363;6;;886.784;0.0523598775598298;;;;;53.9496;43.586400000000005
SBSM;-0.5185596879553102;-0.9370669169717236;82.829;1.629930350780492;2685.621;42.336;11;;1038.011;0.0523598775598298;1038.011;0.0523598775598298;;;87.78240000000001;78.0288
SBSM;-0.5185975424235293;-0.937038017512707;82.829;3.1839132227592266;1761.608;27.627;20;;;;;;256.248;;83.2104;82.296
SBSN;-0.042279128318256;-0.9563144950306076;52.273;4.5498206362735285;2402.232;47.552;28;;;;896.316;0.0541052068118242;;;54.864;49.6824
SBSP;-0.4123768278929807;-0.8142994637402335;795.528;2.575718512849688;1912.034;46.049;17;R;;;;;102.104;57.205;788.548;802.0
SBSP;-0.4123525200461755;-0.8142720935182494;795.528;2.5768435520855237;1478.569;45.082;17;L;;;;;46.571;;788.922;801.624
SBSR;-0.3633274609956841;-0.8623146899461815;535.99;4.0365442614703;1694.565;34.978;25;;;;481.863;0.0523598775598298;;60.62;528.2184;543.7632
SBST;-0.4176239990530068;-0.8080921969998015;3.048;2.5925427887072123;1385.891;43.845;17;;;;;;;;2.4384;3.6576
SBSV;-0.2252970030844994;-0.6688546502713796;12.039;1.367249990588106;2992.204;42.884;10;;1191.302;0.0523598775598298;;;;;9.025;19.626
SBSV;-0.2253800207596616;-0.6691523287432637;12.039;2.514396195047942;1506.553;44.601;17;;;;;;;;8.5344;10.9728
SBTA;-0.4021255055242561;-0.7944101990972895;578.2056;0.984986773539124;1503.456;28.017;8;;;;;;396.719;;585.57;573.9384
SBTB;-0.0259992258749732;-0.9843094571560064;48.768;4.416214634835812;1605.953;34.474;27;;498.177;0.0523598775598298;498.177;0.0523598775598298;;;45.110400000000006;52.4256
SBTE;-0.0883143163600474;-0.7474149739918152;62.941;6.179224072152843;2202.0;43.552;2;;796.199;0.0593411945678072;796.199;0.0523598775598298;;;66.7512;59.1312
SBTF;-0.0590444503869289;-1.1296485114005168;53.9496;2.410389057861871;2190.987;42.672;15;;;;;;;;56.692800000000005;51.2064
SBTK;-0.1423395299270446;-1.2353974211965997;196.9008;5.556469302024392;1186.592;21.187;32;;;;;;;;191.365;202.437
SBTL;-0.4244258951792826;-0.8840396163927601;785.719;0.0285602013604922;1792.746;28.764;2;;;;;;232.681;;796.0;775.435
SBTS;0.0388262027757617;-0.976414427679196;340.918;1.4223695129480192;1595.224;29.117;10;;;;;;;;340.15680000000003;341.68080000000003
SBTT;-0.0742771024423151;-1.2206110410788025;78.9432;2.0071012381242226;2147.105;30.502;12;;768.753;0.0523598775598298;;;;;79.5528;78.3336
SBTU;-0.0660833977587691;-0.8677830387153334;252.984;3.21178124399167;1994.592;44.373;20;;692.496;0.0523598775598298;692.496;0.053232542185827;;;249.474;256.494
SBUA;-0.0025869014462573;-1.169114545780214;74.9808;0.7374904462265308;2602.323;44.286;5;;;;;;;;75.2856;74.676
SBUF;-0.1640754263086604;-0.6675982104003776;264.8712;5.164650913466224;1793.099;43.041;32;;;;;;;;260.2992;269.4432
SBUG;-0.5197950520531835;-0.995497074403266;73.152;4.621524521531987;1500.951;29.392;27;;;;;;;;69.7992;76.5048
SBUG;-0.5197855489373406;-0.9955062420232296;73.152;3.7507020905603023;974.555;87.14;23;;;;;;;;73.152;73.152
SBUL;-0.329578812806166;-0.8417000520028135;941.984;0.3940545043958229;2101.234;43.507;4;;745.817;0.0523598775598298;;;;;942.4416;941.5272
SBUR;-0.3449640296622028;-0.8371434952096477;803.605;5.744944440887531;1750.7712;44.406;35;;570.5856;0.0523598775598298;570.5856;0.0523598775598298;;;806.5008;800.7096
SBVG;-0.3768397096865075;-0.7936724436582429;920.496;3.5045333479432386;2088.024;27.1272;22;;;;;;445.938;;920.8008;920.1912
SBVH;-0.2215587090381186;-1.0489138856983429;613.5624;0.2611879116957132;2588.854;30.344;3;;989.627;0.0523598775598298;;;;;612.0384;615.0864
SBVT;-0.353564922963932;-0.7031358845157208;5.943;0.5535439131735412;1742.613;41.675;6;;;;566.507;0.0523598775598298;;;3.9624;3.9624
SBVT;-0.353548848420077;-0.703015379077138;5.943;6.1448623789054295;2044.959;41.872;2;;;;717.679;0.0523598775598298;;;10.3632;5.486400000000001
SBYS;-0.3837029840037171;-0.8262860371167468;598.779;3.1389263140915213;2105.259;43.394;20;R;;;;;;;598.0176;599.8464
SBYS;-0.3837028143052199;-0.8262598762403748;598.779;3.1379018058206007;2104.54;42.261;20;C;;;;;;;598.3224;599.8464
SBYS;-0.3837050262373557;-0.8260097913700027;598.779;3.138510925729547;1897.651;43.139;20;L;;;;;;;602.2848;594.36
SBZM;-0.3754792660928568;-0.7535159665607398;404.7744;4.0675605076074905;2522.67;44.862;26;;;;;;;181.329;404.4696;405.0792
SCAR;-0.3202421711889948;-1.2276432375713462;44.043;0.3347911689659472;2169.308;44.024;2;;779.854;0.0436332312998582;;;;;37.4904;50.5968
SCAT;-0.4758015183344897;-1.2353306809232665;196.596;3.06219256446174;2198.917;44.061;17;;;;;;;;188.976;204.216
SCBA;-0.8013844581822221;-1.2512164654337643;516.483;1.7464315321367192;2504.821;43.267;9;;;;947.61;0.0488692190558412;;;524.8656;508.1016
SCBE;-0.3864293951696857;-1.2228216624400554;1059.18;2.4191223363730003;1631.952;28.612;14;;;;;;;;1034.541;1083.819
SCCC;-0.8130220183161709;-1.2511681696315744;326.136;2.3844208275202234;1200.145;22.306;12;;;;;;;;326.136;326.136
SCCF;-0.3927012058557752;-1.2025859163781027;2295.4488;1.6452862811383138;3035.01;44.388;10;;1214.9328;0.0523598775598298;1214.9328;0.0610865238198015;;;2264.9688;2325.9288
SCCH;-0.6384840125647951;-1.2571841256983871;151.028;0.7824179613397905;1751.788;30.254;4;;370.814;0.0523598775598298;;;200.28;;149.9616;152.0952
SCCI;-0.9250399729078947;-1.23664656598278;37.236;4.689960975897787;2791.225;44.0;25;;1090.813;0.0523598775598298;1090.813;0.0523598775598298;;;34.1376;42.3672
SCCI;-0.9250484987944608;-1.2365480160187303;37.236;3.6411552783284016;1671.726;42.302;19;;;;;;;;33.528;37.1856
SCCI;-0.9251235406402548;-1.23668718439089;37.236;2.424419410652803;2400.015;41.552;12;;;;895.208;0.0471238898038469;;;42.0624;34.1376
SCCY;-0.7957696147471699;-1.258489961485975;310.896;0.7918654809407133;1549.014;26.874;3;;;;;;;;314.777;307.015
SCDA;-0.3584072637297189;-1.2248947226884783;38.7096;0.0503449595155847;3349.734;41.53;1;;1370.067;0.0558505360638185;1370.067;0.0558505360638185;;;47.8536;29.5656
SCEL;-0.5828165856787358;-1.2354455999653435;472.897;3.096176393926098;3748.448;54.666;17;L;1475.361;0.0523598775598298;934.864;0.0523598775598298;;551.591;472.44;474.226
SCEL;-0.5827484429546037;-1.2357423889830357;472.897;3.097827126332634;3800.444;44.819;17;R;1519.261;0.0523598775598298;1519.713;0.0523598775598298;;;472.7448;472.44
SCES;-0.4592192599825839;-1.217633390312458;1597.152;4.707620740868242;2298.685;28.077;27;;;;844.542;0.0523598775598298;;;1628.302;1566.0
SCFA;-0.4091828447021889;-1.2294995752838347;122.072;3.25278182064782;2607.715;48.694;19;;999.058;0.0645771823237902;999.058;0.0436332312998582;;;138.684;105.4608
SCFM;-0.9294525668587162;-1.22730244397783;28.422;1.9209465502580263;2503.104;25.0;9;;946.752;0.0453785605518525;946.752;0.0593411945678072;;;18.5928;31.6992
SCFM;-0.9293551774763432;-1.2274529958032034;28.422;3.9550096346670576;959.743;25.0;21;;175.072;0.0593411945678072;175.072;0.0453785605518525;;;31.6992;31.6992
SCGZ;-0.9587271609830668;-1.1802998925786146;19.812;4.728719502596825;1441.494;28.715;26;;415.947;0.0488692190558412;;;;;12.8016;26.8224
SCHR;-0.8245552899460851;-1.266896473936676;195.9864;1.4957754432930228;1054.437;22.457;7;;;;;;;;195.9864;195.9864
SCIE;-0.6417819448626271;-1.2751811155585866;6.019;0.4363304454962827;2597.59;40.076;2;;994.0;0.0523598775598298;994.0;0.0523598775598298;;;7.9248;4.8768
SCIP;-0.4741018181865847;-1.909800330674293;53.9496;2.044516559430926;2927.263;41.097;10;;1065.213;0.0436332312998582;1206.211;0.0488692190558412;;;38.7096;69.1896
SCJO;-0.7088004457093363;-1.275147675201852;55.016;2.7123270041996106;1696.976;42.468;15;;478.591;0.0523598775598298;543.688;0.0558505360638185;65.097;;54.864;55.168800000000005
SCJO;-0.7087727146342256;-1.275176145538232;55.016;2.709869231546952;775.529;18.972;15;R;;;;;;;55.016;55.016
SCLL;-0.4990971253071693;-1.2349124814083396;535.8384;1.6986989413029467;1435.14;25.0;10;;;;;;;;526.829;544.848
SCNT;-0.9018235683200267;-1.2658657057591391;65.074;2.0892153142391265;1762.29;29.166;10;;;;576.345;0.0523598775598298;;;63.7032;66.4464
SCQP;-0.6793840011963475;-1.2680094932203014;96.012;3.439944995512236;2441.533;42.458;19;;;;;;;;94.1832;97.8408
SCRA;-0.4595882137738474;-1.2323294050052205;29.8704;1.70183494890293;1225.495;29.932;9;;;;;;;;20.165;39.576
SCRG;-0.596434966150374;-1.23527041650063;490.728;0.6261120854775873;1602.064;21.962;3;;;;;;;;494.503;486.953
SCSE;-0.5221398873707007;-1.2426667976714991;139.75;2.0303031216014595;1936.811;43.432;12;;663.606;0.0436332312998582;663.606;0.0523598775598298;;;132.8928;146.6088
SCSE;-0.5221658863508054;-1.2426472062725815;139.75;2.0300596481708064;1358.39;25.0;12;R;;;;;;;139.75;139.75
SCTC;-0.6766092669203845;-1.267755070310185;91.7448;1.1728233836954212;1699.032;42.298;6;;544.716;0.0558505360638185;544.716;0.0523598775598298;;;87.837;95.653
SCTE;-0.7232455387425852;-1.2757302676977391;84.886;3.167924610547557;2648.835;42.388;17;;1019.617;0.0523598775598298;1019.617;0.0523598775598298;;;80.1624;89.61120000000001
SCTL;-0.6174573330163357;-1.2496817278295926;113.0808;0.679116792382859;1122.16;19.575;3;;;;;;;;111.8616;114.3
SCTO;-0.6674914778478717;-1.2627149937345747;348.234;0.2191510981560691;1038.573;17.296;1;;;;;;;;345.94800000000004;350.52000000000004
SCTT;-0.4461767542870132;-1.2282912751704278;786.384;2.7438034936605527;1228.653;19.631;16;;;;;;;;786.384;786.384
SCVD;-0.6920194177521644;-1.2755958742901905;17.221;3.111470714161324;2102.897;47.051;17;;;;746.648;0.0523598775598298;;;17.9832;16.4592
SCVM;-0.5750789544839099;-1.247536863660724;135.483;0.9120231968930383;1752.117;26.9;5;;571.259;0.0558505360638185;;;;;140.5128;130.4544
SEAM;-0.0211548721339094;-1.3713850739557978;2574.3408;3.338891828085165;1916.02;25.0;19;;;;;;;;2591.4096;2557.272
SECO;-0.0079907979459516;-1.3437185232852924;253.8984;2.686694400673121;2304.424;30.098;16;;;;;;;;253.5936;254.2032
SECU;-0.0504306951094467;-1.3785384936920622;2524.0488;0.9065383251857212;1893.434;34.828;6;;656.12;0.0523598775598298;714.678;0.0558505360638185;;;2531.6688;2516.4288
SEGU;-0.0376606900903373;-1.3942369934794954;4.2672;0.5226346731727897;2684.202;44.016;3;;;;901.078;0.0523598775598298;99.635;136.223;4.598;3.928
SELT;-0.0158233257107434;-1.3721040572300514;2790.291;0.0747977606102989;3640.858;44.171;1;;1515.629;0.0558505360638185;;;;444.7032;2778.5568000000003;2805.261
SEMA;-0.0764114004415365;-1.3952379961505126;454.36;3.3102036766372094;1080.938;17.867;19;;;;;;;;468.442;440.28
SEMC;-0.0401283461581174;-1.363464406352009;1037.386;0.2506685330412631;2488.893;27.074;2;;;;;;;;1022.9088;1051.8648
SEMT;-0.0165049694639418;-1.408100806742013;13.1064;0.9711363467407802;3115.648;44.338;6;;;;1043.077;0.0523598775598298;53.209;209.947;11.5824;14.630400000000002
SEPV;-0.0181799404446349;-1.4045039320110766;34.087;5.374231795374955;2263.695;25.314;30;;;;;;129.891;;36.469;31.706
SEQM;-0.0021659087330781;-1.3675430375614652;2390.5464;3.1002065337018774;4089.61;46.826;18;;1670.062;0.0558505360638185;1609.19;0.0558505360638185;;;2370.1248;2410.9680000000003
SERO;-0.0600723083327666;-1.3962041540634391;4.419;1.1816379247365232;2471.435;44.63;7;;;;;;;;6.4008;5.1816
SESA;-0.0384450658027341;-1.4134902749683311;4.495;1.4236045079267303;1066.822;41.034;8;;;;;;;;4.8768;4.2672
SESA;-0.0385826854322869;-1.4134433679630374;4.495;2.261566752406492;2428.817;44.189;13;;;;909.609;0.0523598775598298;;;5.1816;3.6576
SETN;0.017066612972934;-1.3897491587260211;7.9248;0.0375640861908262;2540.628;41.7576;1;;;;;;;;9.7536;6.096
SETR;-0.0021459077170984;-1.3323441596688208;248.1072;2.1482904333624675;1565.378;15.13;12;;;;;;;;248.932;247.283
SETU;0.0141282717906582;-1.3562627922425412;2932.176;0.949689042760573;2455.505;26.961;6;;;;;;;;2940.1008;2924.2512
SFAL;-0.9020890645447244;-1.0083674375531708;22.86;1.5616230507793396;1105.028;18.026;9;;;;;;;306.432;22.86;22.86
SFAL;-0.902082229791458;-1.0084798832884154;22.86;3.1427934401151654;334.595;14.816;18;;;;;;;;22.86;22.86
SGAS;-0.4405185850701254;-1.0038978678195556;82.143;0.2163440327602091;3358.175;44.241;2;;1374.287;0.0523598775598298;1374.287;0.0523598775598298;;;88.39200000000001;75.8952
SGAY;-0.4777063430037972;-0.9922908261072978;67.9704;0.1780057813450513;1852.0;41.077;2;;;;;;;;68.252;67.689
SGCO;-0.4091372016581158;-1.0022921845402115;76.5048;0.277826501974118;1852.0;44.745;3;;;;;;;;75.8952;77.1144
SGCO;-0.4091097456116041;-1.00231110494737;76.5048;0.27858298003181;1284.488;25.0;3;L;;;;;;;76.5048;76.5048
SGEN;-0.475200908539538;-0.974546620688966;193.395;3.3576935619851995;1997.784;39.643;20;;;;;;;;199.0344;187.7568
SGES;-0.4442822519676729;-0.9572015461360373;246.888;0.7090047878783912;3389.869;42.856;5;;1390.135;0.0523598775598298;1390.135;0.0523598775598298;;;257.86080000000004;235.9152
SGGR;-0.4194395272027559;-0.9486011092647488;304.8;2.9029312702172576;1400.533;28.356;18;;;;;;;;305.805;303.795
SGIB;-0.4434506474080051;-0.9532895159385628;223.4184;0.3342918651735366;1523.568;30.086;3;;456.984;0.0523598775598298;;;;;227.076;219.7608
SGME;-0.3847572329917047;-1.0580483617897465;167.9448;3.1026812360482805;3496.959;55.825;19;;;;;;;;167.0304;168.85920000000002
SGPI;-0.4691691568585839;-1.0178410375609228;75.8952;3.224689175540645;1501.76;16.778;20;;;;;;;;75.979;75.812
SGPJ;-0.3951669835367416;-0.9744174781820434;562.356;0.2581678114113547;1798.892;30.0;3;;;;;;;;562.356;562.356
SKAP;0.0711404948985923;-1.283911841864572;369.1128;4.8028123945354135;2501.558;49.155;28;;;;945.979;0.0523598775598298;;;361.7976000000001;376.428
SKAR;0.0776848296678324;-1.3223750010381106;1206.7032000000002;0.2358913189568176;2443.962;35.277;2;;;;917.181;0.0523598775598298;127.035;;1203.6552;1209.7512000000002
SKAS;0.0088157198958334;-1.335192714741621;246.2784;0.1489865758445769;1595.883;18.697;1;;;;;;139.549;;244.596;247.8024
SKBC;0.1578743447858673;-1.2911066056163136;33.8328;4.885016006040945;1215.55;25.0;28;;;;;;;;33.8328;33.8328
SKBG;0.1243755395975988;-1.2773132308840336;1181.861;2.78457839924442;2166.629;46.891;17;;778.515;0.0436332312998582;778.515;0.0523598775598298;;;1189.0248;1174.6992
SKBO;0.0820335701703297;-1.2942579964348668;2546.9088;5.362275940932944;3800.356;45.065;32;L;1595.378;0.0523598775598298;1595.378;0.0523598775598298;;;2546.9088;2545.6896
SKBO;0.0820835727102791;-1.2939587341103422;2546.9088;5.361872769875733;3792.19;44.416;32;R;1591.295;0.0523598775598298;1591.295;0.0523598775598298;;;2548.128;2546.9088
SKBQ;0.1900596250891235;-1.3051725512451229;22.555200000000003;3.8410148508364497;2998.298;41.717;23;;1194.349;0.0523598775598298;1194.349;0.0523598775598298;;;16.154400000000003;28.956000000000003
SKBS;0.108275634594789;-1.3507952002896757;19.812;3.033657129323334;579.476;14.228;18;;;;;;;;16.154400000000003;23.4696
SKBU;0.0666641411262043;-1.343726793648834;13.4112;1.4989068257704885;1186.454;21.375;9;;;;;;;;12.192;14.630400000000002
SKCC;0.138336383339921;-1.2655731611544343;316.153;3.4391608190793144;1916.822;44.522;21;;653.611;0.0523598775598298;;;;;302.9712;318.8208
SKCC;0.1384291147911296;-1.2656087081132033;316.153;2.5999716081354007;2317.325;43.862;16;;853.863;0.0523598775598298;853.863;0.0523598775598298;;;331.9272;310.896
SKCG;0.1822485437033737;-1.317949240824576;2.1336;0.0402880808956083;2541.736;42.593;1;;966.068;0.0523598775598298;966.068;0.0523598775598298;;;2.1336;2.1336
SKCL;0.0618400634297191;-1.3331117196255358;962.2536;0.1710399454075391;2998.247;43.55;2;;1194.323;0.0523598775598298;1194.323;0.0523598775598298;;;960.7296;963.7776
SKCO;0.0316668338393085;-1.374433771826301;3.81;0.9435415742560284;1586.49;25.0;6;;;;;;;;0.6096;7.010400000000001
SKCU;0.1390664789399047;-1.3124548248058088;60.972;0.2369102596274244;1155.208;21.878;2;;;;;;;;61.753;60.192
SKCV;0.164079534182627;-1.3210627362132037;9.4488;0.8810314726318378;1327.859;26.637;5;;;;;;;;9.4488;9.4488
SKCZ;0.1628784082194809;-1.313976891588857;161.696;0.3504107836671602;1660.436;29.202;3;;;;;;148.985;71.103;151.1808;172.21200000000002
SKEB;0.1325571547261377;-1.3056644116111766;51.663;3.217302942146205;999.077;13.794;19;;;;;;;;49.3776;53.9496
SKEJ;0.1225989250687582;-1.2881713365620042;123.901;0.5405280504636234;1785.385;44.508;4;;587.893;0.0436332312998582;;;;;123.1392;124.6632
SKFL;0.027736569830894;-1.3188451006474;245.364;5.163901294552493;1507.323;29.811;30;;;;;;;;244.7544;245.9736
SKGI;0.0746351896780858;-1.3054383185973046;274.472;0.2146716582709481;1598.888;19.51;2;;494.644;0.0523598775598298;;;;;274.9296;274.0152
SKGO;0.0830469978922336;-1.3256816406243503;908.151;3.227045544563762;2219.517;45.348;19;;;;778.632;0.0523598775598298;33.276;26.327;908.6088;907.6944
SKGP;0.0448558712613709;-1.3595768829581982;7.162;3.4555786077540493;1284.989;15.022;20;;;;;;;;4.572;9.7536
SKIB;0.0771721061394108;-1.3113296808571424;913.4856;2.287010860373766;1787.652;31.632;14;;;;589.026;0.0418879020478639;;;926.8968;900.0744000000001
SKIP;0.015044456421997;-1.355627417662354;2970.733;1.0674376109332004;1758.059;31.718;6;;;;;;;;2970.733;2970.733
SKLC;0.1363384761190658;-1.3389511970574957;14.173;2.611486243342508;2120.641;21.681;15;;;;;;;;12.4968;15.8496
SKLM;0.1960457103193152;-1.2651761915066744;94.488;1.5707699723231916;1697.914;43.293;10;;544.157;0.0523598775598298;;;;;85.64880000000001;103.3272
SKLT;-0.073168678672016;-1.2207247897864164;81.0768;0.3608688489049878;2098.194;42.71;3;;744.297;0.0523598775598298;744.297;0.0523598775598298;;;82.6008;79.307
SKMD;0.1085587150947995;-1.3193037079102332;1495.044;0.1857139930798992;2427.988;30.456;2;;;;;;368.419;252.23;1502.24;1488.135
SKMG;0.1620494369123557;-1.306310405026062;57.607200000000006;1.7742577352802853;1500.383;19.698;11;;;;;;;;55.778400000000005;59.436
SKMR;0.1540014271661601;-1.3234125727599946;11.8872;2.406310572465811;1902.834;35.346;14;;;;646.617;0.0549778714378213;;;11.202;12.4968
SKMU;0.0218783319374856;-1.2258158071201042;169.46880000000002;0.1958369900079289;1763.54;28.242;2;;;;;;;;169.16400000000002;169.77360000000002
SKMZ;0.0877902171806415;-1.3171150810346628;2089.861;1.652035469355776;1469.974;18.989;10;;430.187;0.0436332312998582;;;;73.133;2062.8864000000003;2116.836
SKNV;0.0514966064803624;-1.3141274512164602;446.379;0.2465199726757351;1852.0;41.213;2;;567.074;0.0523598775598298;509.39;0.0523598775598298;57.069;114.753;441.0456;451.7136
SKOC;0.1451255403755626;-1.2803449433003582;1153.9728;0.1061606745154967;1212.361;29.844;1;;;;;;43.788;25.624;1154.8872;1153.0584
SKPC;0.1079504805708188;-1.1779665265388388;52.578;1.049972799240194;1797.648;21.464;7;;;;;;;;51.2064;53.9496
SKPD;0.0672732475493603;-1.1851918672289947;98.0;6.086656346483119;1852.0;28.15;36;;;;;;;;98.4504;97.536
SKPE;0.083998351074198;-1.3219014212963751;1335.024;1.256537054069778;2013.839;44.051;8;;702.12;0.0523598775598298;;;;;1323.4416;1346.6064
SKPI;0.0324230513045156;-1.3279513014581676;1283.054;4.190198161893974;1505.26;25.0;25;;;;;;;;1279.5504;1286.5608
SKPP;0.0428418894966608;-1.3370801989552956;1725.32;1.2317378452611158;2018.19;31.13;8;;;;;;;;1716.719;1733.3976
SKPQ;0.0957046917645616;-1.3030171306593945;172.364;0.046819670188578;3039.32;46.792;1;;;;;;;;173.43120000000002;171.29760000000002
SKPS;0.0243728530328734;-1.3489824380303752;1796.947;0.2583072457652965;2179.281;30.184;2;;784.841;0.0523598775598298;784.841;0.0523598775598298;;;1813.8648;1780.0320000000002
SKPV;0.2331318598148735;-1.4199639956571637;7.315200000000001;2.9489554280594232;1289.919;12.886;17;;;;;;151.158;;5.7912;8.8392
SKPZ;0.1025581411239508;-1.2546595582162088;274.32;3.714645333543351;1500.815;20.806;22;;;;;;;;274.32;274.32
SKQU;0.0909767160825396;-1.306966798813212;457.8096000000001;0.0414440473657892;1792.801;51.074;1;;;;;;;;466.6488000000001;448.9704
SKRG;0.1075911118188106;-1.3163815466019142;2132.3808;3.1330016194127013;3500.622;45.0;19;;1313.685;0.0523598775598298;1362.584;0.0523598775598298;;;2141.2200000000003;2123.5416
SKRH;0.2011696628153609;-1.272810408047198;13.4112;4.681251782930336;1898.047;30.928;28;;;;;;;;15.24;11.5824
SKSJ;0.0450169268385536;-1.267796679601474;185.47;0.0918357066561696;1397.633;19.372;1;;;;;;;;184.0992;186.8424
SKSM;0.1940749490063389;-1.2955690207052424;4.724;6.262374350244656;1695.112;32.205;1;;;;542.756;0.0436332312998582;;;2.4384;7.010400000000001
SKSP;0.2196260947769773;-1.4261283111227887;3.81;1.0388959449693642;2373.728;47.729;6;;882.064;0.0436332312998582;;;;;6.096;1.524
SKSV;0.0375598599246418;-1.3049160997552698;266.3952;5.443387325392577;1455.238;13.724;32;;;;;;;;264.8712;267.9192
SKTJ;0.0967344924656086;-1.2800972225056022;2724.9120000000003;0.5936963121730995;1093.185;17.046;4;;;;;;;;2724.9120000000003;2724.9120000000003
SKTM;0.1125918456508758;-1.252446603988259;359.511;4.163210833802087;1990.373;25.0;25;;;;;;;;340.76640000000003;378.2568
SKTQ;0.0130186601308786;-1.3130819914402927;197.2056;1.1112277996926905;1899.841;23.487;7;;;;;;;;196.2912;198.12
SKUA;0.0964102981158983;-1.198810643663793;100.66;1.104790100386832;2342.108;40.117;7;;;;;;;;102.7176;99.3648
SKUA;0.0964949191492755;-1.198637871088074;100.66;0.4107772020908813;2514.485;30.353;3;;;;;;;;98.7552;101.8032
SKUC;0.1233757579755383;-1.234592519768272;127.558;4.845340308819984;2090.223;28.647;29;;;;;;;;127.1016;128.01600000000002
SKUI;0.0993252969773014;-1.3376443937934182;57.759;2.139601049882026;1454.675;25.0;13;;;;;;;;53.34;64.704
SKUL;0.0714620091823813;-1.3303588432962346;952.957;0.1966021772585882;1187.578;30.895;2;;;;;;;;954.6336;951.2808
SKVP;0.1821269108425911;-1.2784429781482562;141.579;0.1713583458229804;2090.864;34.692;2;;740.632;0.0523598775598298;740.632;0.0523598775598298;;;135.9408;147.2184
SKVV;0.0727635322874714;-1.2847863547867835;415.7472;0.680902857619595;1937.051;27.958;5;;;;663.726;0.0523598775598298;;;421.25;410.5656
SKYP;0.0928361844397176;-1.2633413255304746;309.524;0.7824222024898727;2243.201;27.59;5;;816.801;0.0523598775598298;816.801;0.0523598775598298;;;306.0192;313.0296
SLBJ;-0.397465221987598;-1.1224686343031496;381.0;0.0351065125057025;1373.149;34.859;1;;;;;;;;378.8664;383.1336
SLCB;-0.304045040650637;-1.1550206681688782;2545.536;2.305729167535555;3798.471;41.449;14;;1493.238;0.0418879020478639;1292.07;0.0575958653158128;101.198;302.366;2546.317;2545.636
SLCB;-0.3040416291256761;-1.15499725367738;2545.536;3.792818281674327;2648.891;41.751;23;;794.495;0.0541052068118242;1019.646;0.0523598775598298;225.151;;2548.328;2542.3368
SLCO;-0.1926937729376689;-1.2004905495548068;234.3912;0.1823629958226551;1988.0;31.801;2;;;;;;;;245.364;223.4184
SLET;-0.3108698460740341;-1.1025484962370609;416.204;2.517664673138152;2778.599;35.699;16;;;;;;597.1032;216.136;419.4048;413.655
SLGM;-0.1900409231443981;-1.141112327581142;139.446;2.575564923875512;1757.229;23.264;16;;;;;;;;139.9032;138.9888
SLLP;-0.2882116559151804;-1.1901798795254426;4027.0176;1.604092758333356;4000.836;44.026;10;;1695.618;0.0418879020478639;1695.618;0.0523598775598298;;;3995.928;4058.1072
SLLP;-0.2880753587635712;-1.1901204577436202;4027.0176;1.7192526367061327;2056.953;25.0;10;L;;;;;;;4027.0176;4027.0176
SLOR;-0.3133840229367349;-1.1706951448908922;3705.0;0.0410416268001569;3995.105;44.799;1;;;;;;197.1;;3702.1008;3707.892
SLPO;-0.3410949448878632;-1.14709996935617;3916.68;4.119838354692477;2803.528;26.171;24;;;;;;;;3894.7344;3938.6256
SLPS;-0.3311818667340823;-1.0091594106867925;124.0536;0.5589228433952624;1987.948;34.279;5;;;;689.174;0.0523598775598298;;;134.112;113.9952
SLSA;-0.2401966949850444;-1.142057427275957;144.627;2.421432628703865;1508.647;20.964;15;;;;;;;;144.78;144.4752
SLSU;-0.3317390863788028;-1.1395096559624838;2902.04;0.7945915979658658;2870.142;27.629;5;;;;604.277;0.0436332312998582;716.044;526.0;2917.366;2886.714
SLTJ;-0.3762165768048075;-1.1292480931672044;1851.9648;2.1733429767120565;3031.813;40.301;13;;1211.107;0.0523598775598298;855.829;0.0523598775598298;;355.278;1857.756;1846.1736
SLTR;-0.2586352032743537;-1.1330338676827658;154.8384;2.3580119015424463;2385.848;30.299;14;;;;888.124;0.0523598775598298;;;154.8384;154.8384
SLVM;-0.3709655435410521;-1.1066385108997312;396.5448;3.057591702020558;1500.928;34.479;18;;;;;;;;402.0312;391.0584
SLVR;-0.3079589609382699;-1.101919425858516;372.4656;2.571406676932636;3496.904;44.785;16;;1443.652;0.0523598775598298;1443.652;0.0523598775598298;;;371.856;373.0752
SLYA;-0.3832898676414766;-1.1109335993693108;644.499;0.3537688669611674;2092.972;45.154;3;;;;;;;654.0;643.128;645.8712
SMJP;0.0951691525657758;-0.963206688312408;17.221;1.566800116219775;3490.441;42.141;11;;1509.9792;0.0523598775598298;1509.9792;0.0523598775598298;;;17.0688;17.3736
SNLN;-0.3378112438571063;-0.6993452648154809;42.0624;3.762092632857593;1356.222;29.245;24;;;;;;;;41.178;42.947
SNRS;-0.0863452988454216;-0.6633657582312799;35.052;0.9638922006007448;1075.356;26.781;8;;;;;;;;44.708;25.396
SOCA;0.084125806348936;-0.9138735718738996;6.553;1.1361374354831262;3193.732;40.956;8;;1292.066;0.0523598775598298;1292.066;0.0523598775598298;;;5.486400000000001;7.62
SOOG;0.0680265508817535;-0.9041513850238884;8.686;0.3123729208695631;1194.062;10.9728;4;;;;;;;;8.8392;8.5344
SPAY;-0.1872485402247269;-1.2874588915562863;579.12;3.933537896077323;1504.759;25.0;22;;;;;;;;562.845;595.395
SPBC;-0.0683619043705724;-1.2306000485820123;99.9744;2.042502798539975;1788.861;15.844;12;;;;;;;;99.9744;99.9744
SPBR;-0.1991605379386739;-1.21279988557187;268.578;2.2026550833676004;1342.879;15.843;13;;;;;;;;269.396;267.761
SPCL;-0.1462227698967192;-1.3015672735127388;157.2768;0.3472079474101179;2798.817;47.17;2;;1094.608;0.0488692190558412;;;;;157.2768;157.2768
SPEO;-0.1596935770441931;-1.370496181524146;21.0312;3.2870028403575238;1798.152;26.305;19;;594.276;0.0523598775598298;;;;;21.0312;21.0312
SPHI;-0.118463957859348;-1.393263017732353;28.498;3.2682208286780368;2497.496;44.267;19;;943.948;0.0523598775598298;;;;;29.5656;28.651200000000003
SPHO;-0.2295938041435104;-1.2951116149857915;2739.389;3.533588716665814;2792.478;38.84;20;;1091.439;0.0523598775598298;1091.439;0.0488692190558412;;;2742.8952;2735.8848000000003
SPHZ;-0.1631422191625513;-1.354345963842754;2751.276;2.831660575679144;3044.681;28.148;16;;;;;;;;2729.7888000000003;2772.7656
SPJA;-0.1059031091638674;-1.346692428981354;825.0936;2.895418325919123;1889.207;27.161;16;;639.804;0.0523598775598298;639.804;0.0523598775598298;;;825.0936;825.0936
SPJE;-0.0976087323097786;-1.374868917784258;754.9896;2.8480853456708872;2398.876;46.252;16;;;;;;;;747.893;762.086
SPJI;-0.1250980280235703;-1.339150216334114;348.08160000000004;0.5934549505908412;2557.228;25.0;4;;;;;;;;348.08160000000004;348.08160000000004
SPJJ;-0.20565869716166;-1.3172591258004198;3363.1632;2.233430997666792;2803.221;45.393;13;;;;;;;;3366.74;3359.586
SPJL;-0.2699476679010554;-1.2244865490387886;3824.9352;5.098047403880869;4197.498;44.782;30;;1793.949;0.0523598775598298;1793.949;0.0523598775598298;;;3824.0208;3825.8496
SPJR;-0.1246023796749699;-1.3699006763380122;2696.8704;5.886918074358086;2504.687;46.206;34;;947.544;0.0488692190558412;;;;;2682.591;2711.149
SPLO;-0.3088359920301352;-1.245186738431432;21.9456;2.0047949600506376;2515.573;48.085;12;;;;;;;;21.9456;21.9456
SPME;-0.0619980644339523;-1.4029136269265818;29.413;2.4731392295246737;2496.392;43.858;14;;943.396;0.0523598775598298;943.396;0.0523598775598298;;;23.7744;35.052
SPMS;-0.1028628435531729;-1.3285133740897963;178.91760000000002;4.790974524350837;1794.83;30.382;27;;;;592.615;0.0488692190558412;;;178.91760000000002;178.91760000000002
SPNC;-0.172414866891263;-1.3300208975165793;1850.136;4.320120820478283;2511.0;28.919;25;;;;;;;301.266;1843.041;1857.231
SPPY;-0.108245662329181;-1.3588443394086285;2539.8984;5.454441891808859;1966.716;29.827;31;;;;;;;;2549.189;2530.607
SPQT;-0.066056357180992;-1.2794798944828407;91.592;0.9865710263544518;2487.985;43.013;6;;939.193;0.0523598775598298;939.193;0.0523598775598298;;;93.2688;89.91600000000001
SPQU;-0.2851968918924436;-1.2491463778348784;2540.5080000000003;4.767852576953341;2979.191;44.922;28;;746.717;0.0575958653158128;1184.796;0.0523598775598298;438.078;;2567.365;2520.696
SPRU;-0.1410523141607697;-1.380706351032022;23.622;3.4421503935550555;2999.708;40.48;20;;596.567;0.0523598775598298;1195.054;0.0523598775598298;598.487;;38.013;14.0208
SPSO;-0.2398924548379354;-1.3302974865614323;7.772;3.8283081557502303;3002.508;44.682;22;;1196.454;0.0523598775598298;;;;;12.192;3.3528
SPST;-0.1135987663131631;-1.3329641950653075;252.221;6.1064312759740655;2605.957;42.151;35;;;;643.4328;0.0523598775598298;;354.748;240.4872;267.606
SPTN;-0.3150894460201661;-1.226545565273651;443.941;3.479644952809799;2486.539;43.491;20;;;;938.469;0.0436332312998582;;;468.7824;419.1
SPTU;-0.2201495912341346;-1.2082687796521685;200.406;0.0369249117121608;3503.63;42.826;1;;1447.015;0.0523598775598298;1447.015;0.0488692190558412;;;200.8632;199.9488
SPUR;-0.0908579271345031;-1.4070213994641771;32.004000000000005;3.3549523478620173;2491.493;43.728;19;;;;;;;;35.3568;28.651200000000003
SPYL;-0.0798765033141226;-1.4181516937294187;85.191;2.9644696597804003;2450.212;41.724;17;;920.306;0.0523598775598298;;;;;84.42960000000001;85.95360000000001
SPZA;-0.2592535963014769;-1.3083296220869385;552.6024;4.284291130797016;986.579;16.062;25;;;;;;;;552.6024;552.6024
SPZO;-0.2362429774739831;-1.255568876885362;3286.0488;1.675304897075065;3387.5472;43.281600000000005;10;;;;1388.9736;0.0523598775598298;;;3310.128;3261.9696000000004
SSZW;-0.4395507594305884;-0.8751743796457797;788.8224;1.0277517558959928;1427.438;27.226;7;;;;;;;87.597;788.443;789.202
SUAA;-0.6071826390683768;-0.9820090165258014;49.53;3.084998083665849;1244.748;26.39;19;;317.574;0.0523598775598298;317.574;0.0523598775598298;;;46.0248;53.0352
SUDU;-0.5822279659603619;-0.9861645933251124;87.47760000000001;1.511292816606654;1445.159;27.147;10;;;;;;;;84.12480000000001;89.91600000000001
SUDU;-0.5822414189550188;-0.9861076214434332;87.47760000000001;0.4047809838193147;2282.475;43.451;3;;836.437;0.0523598775598298;836.437;0.0523598775598298;;;82.9056;92.964
SULS;-0.6083691651090919;-0.961694155854122;25.679;1.2626488480444116;2131.816;40.987;8;;761.108;0.0523598775598298;761.108;0.0523598775598298;;;28.956000000000003;21.9456
SULS;-0.608376754728087;-0.9615710366685708;25.679;6.242395740830003;1583.859;35.883;1;;487.13;0.0523598775598298;487.13;0.0523598775598298;;;28.956000000000003;22.86
SUMU;-0.6079303247953456;-0.9779232774850374;20.878;6.272912997334049;2244.566;43.475;1;;;;817.483;0.0523598775598298;;;18.8976;15.5448
SUMU;-0.6079928265073642;-0.977837265704206;20.878;0.9328549930592372;3200.723;44.605;6;;944.96;0.0523598775598298;;;350.602;149.406;16.285;31.817
SUSO;-0.5487049524037176;-1.012033713117788;39.242;3.8160845678009623;1581.034;45.748;23;;485.717;0.0523598775598298;485.717;0.0523598775598298;;;39.0144;42.9768
SUSO;-0.5485985807043379;-1.0120345557586017;39.242;5.173909885148055;804.519;49.059;31;;;;;;;;39.9288;35.052
SVAC;0.1667383760883505;-1.208421445881806;226.0;1.8378067441417252;1796.896;39.124;11;;;;593.648;0.0523598775598298;;;224.9424;227.076
SVAN;0.1645840361114431;-1.1252288915418005;219.7608;1.5787951707567864;1256.036;39.829;9;;;;;;65.114;;219.7608;219.7608
SVBC;0.1763823475356141;-1.1290442833215155;7.848;3.3603843360929995;3093.681;39.243;20;;942.807;0.0523598775598298;1242.041;0.0523598775598298;299.234;;6.096;11.8872
SVBC;0.1764799417265182;-1.1290974711217632;7.848;5.631820227287818;2896.623;34.719;33;;1002.207;0.0523598775598298;1143.512;0.0523598775598298;141.305;;8.5344;4.8768
SVBI;0.1503568886136434;-1.2254587146686275;185.6232;2.148693098274195;1833.125;38.874;13;;;;611.762;0.0523598775598298;137.885;;188.582;181.0512
SVBI;0.1503884525341217;-1.2256239034770235;185.6232;3.718584890730953;1198.437;37.972;22;;;;;;;;189.342;185.928
SVBL;0.1777304967657266;-1.1791065493396502;427.786;1.426578898037979;3157.176;55.641;9;;;;;;;;422.7576;432.816
SVBM;0.1752759601472813;-1.2105339307971867;618.591;4.5566672138632525;2836.754;44.274;27;;647.73;0.0523598775598298;1113.577;0.0558505360638185;465.847;;614.172;623.0112
SVBS;0.1789037746203158;-1.1807571188467811;408.1272;4.9719927439848295;2043.496;39.761;29;;;;664.972;0.0523598775598298;;51.976;412.238;404.016
SVBS;0.1788765116789906;-1.180727150482288;408.1272;4.024723495512393;1300.911;38.94;24;;;;;;;;412.914;403.341
SVCB;0.1417582833157902;-1.108932272821265;49.9872;4.115538387014339;1819.431;41.07;25;;;;;;189.213;144.396;49.9872;49.9872
SVCB;0.1417443329289863;-1.108899846754399;49.9872;1.9884974245613647;1386.595;35.82;12;;;;;;;;49.9872;49.9872
SVCD;0.1330984870805174;-1.1547966661525808;42.9768;1.7755909922958837;1486.579;30.379;11;;;;;;;;43.643;42.311
SVCL;0.1557660457667507;-1.1766396247309097;105.0;1.4591353972400554;1563.062;34.551;9;;;;;;;;100.8888;109.1184
SVCN;0.1087680118585641;-1.09702477504333;402.488;3.026921205608187;2080.281;24.861;18;;;;;;;;396.8496;408.1272
SVCP;0.1860555422344292;-1.1041227755416363;23.012;6.06528182273272;1997.924;40.564;35;;;;;;;;25.908;20.1168
SVCR;0.1992256026831674;-1.2161754266490858;15.5448;4.51779175010433;2051.145;40.351;27;;623.021;0.0523598775598298;720.773;0.0523598775598298;97.752;;15.8496;15.24
SVCS;0.1795405770085485;-1.1661617217089535;648.766;1.639420404055286;1998.683;27.323;10;;694.541;0.0645771823237902;;;;;652.5768;644.9568
SVCU;0.1823759229063716;-1.1193208715214331;6.096;4.231766668688723;3071.595;44.684;26;;1231.0;0.0523598775598298;1231.0;0.0523598775598298;;;3.048;9.144
SVED;0.1172123846291564;-1.0757978493176228;96.9264;4.669089630570738;1217.012;15.0;28;;;;;;;;94.927;98.926
SVFM;0.1829971949562748;-1.1666414808166554;834.8472;4.931238433286137;1953.035;43.839;29;;;;484.573;0.0575958653158128;199.039;187.1472;834.8472;834.8472
SVGD;0.1258563872008454;-1.2349335630331406;130.1496;0.9739616857339084;2059.078;26.914;6;;;;;;;;130.1496;130.1496
SVGI;0.1845536227591687;-1.087562394641967;18.135;0.5739952450160977;2004.279;37.383;5;;;;;;;;20.7264;15.5448
SVGU;0.1575499397759537;-1.2174592679509912;159.562;3.927085064766849;1795.636;37.538;23;;;;;;350.199;;163.416;156.972
SVJC;0.2056142420070672;-1.2243785505745048;26.2128;4.6238175351032575;2788.296;44.294;27;;;;1089.348;0.0523598775598298;;;24.384;28.041600000000003
SVJM;0.1729130080522704;-1.175993100764401;427.9392;3.991195720581581;1493.615;24.771;24;;;;;;;;427.9392;427.9392
SVLF;0.1438003823659838;-1.2613666513992758;92.506;3.139119172973867;2013.63;59.771;19;;;;702.015;0.0523598775598298;;;86.86800000000001;98.1456
SVMC;0.1842794602077695;-1.251904013524331;67.818;3.537437516732312;2995.147;42.043;21;R;1192.773;0.0523598775598298;1192.773;0.0523598775598298;;;72.8472;65.532
SVMC;0.1842714902300736;-1.2518721648224664;67.818;3.5372785172374552;2500.95;30.0;21;L;;;945.675;0.0523598775598298;;;69.7992;63.0936
SVMD;0.1497902536281647;-1.2419964456953152;1493.976;4.184849251335388;1618.702;44.135;25;;;;;;;;1527.048;1460.9064
SVMG;0.1904866157664276;-1.1164530683478249;15.5448;1.365748501285908;2933.977;28.537;9;L;1162.188;0.0523598775598298;1162.188;0.0523598775598298;;;15.5448;15.5448
SVMG;0.1904591187582098;-1.116439367632373;15.5448;1.3648767965909991;3030.704;43.586400000000005;9;;1210.552;0.0558505360638185;1210.552;0.0523598775598298;;;21.9456;9.144
SVMI;0.1850418043738925;-1.1690886423774238;53.721;1.3257154479006008;2872.836;43.641;9;;;;;;;;67.9704;30.7848
SVMI;0.1850800860141908;-1.1693132451654125;53.721;1.538233544407513;3498.628;42.207;10;;1444.514;0.0523598775598298;1444.514;0.0523598775598298;;;71.3232;44.805600000000005
SVMP;0.1768575325861217;-1.1656653984674792;174.95520000000002;4.485792883598266;1408.455;25.0;26;;;;;;100.272;;174.95520000000002;174.95520000000002
SVMT;0.1701531311723205;-1.1022350182499203;61.417;0.8428869527636512;2095.03;43.339;6;;593.279;0.0523598775598298;;;149.436;;64.92240000000001;57.912000000000006
SVPA;0.0980875980621736;-1.1799496348804042;71.9328;0.5292455091404462;2512.685;25.0;4;;951.542;0.0523598775598298;;;;;71.9328;71.9328
SVPC;0.1829173254808191;-1.188093493068596;5.486400000000001;1.6783723132354451;2115.188;42.573;11;;;;;;;;7.010400000000001;3.9624
SVPM;0.1361562316364231;-1.2601762574031592;1000.0488;3.3595130677304037;1020.528;39.139;20;;;;;;;;1000.0488;1000.0488
SVPR;0.1446621522964462;-1.0953754694974194;139.5984;4.257849741695153;2045.785;44.462;26;;718.092;0.0523598775598298;718.092;0.0523598775598298;;;144.1704;135.0264
SVPT;0.1322174592964595;-1.2247746073613837;106.0704;4.036844807167493;1153.517;25.0;24;;;;;;;;104.721;107.42
SVSA;0.1368465826780292;-1.2643137720405846;390.0;6.013519022309998;1852.0;38.419;35;;;;;;;;401.1168;378.8664
SVSE;0.0794955067812306;-1.0671854360236588;895.959;1.7835495191520525;1641.316;30.269;11;;;;;;;;898.8552000000001;893.0640000000001
SVSO;0.132035238220506;-1.2572508269605722;313.486;5.068105233365355;3009.686;42.898;30;;1200.043;0.0523598775598298;;;;;296.8752;330.0984
SVSP;0.1793987500265997;-1.2000030974485651;231.9528;3.777171579463123;1492.491;28.194;22;;;;;;;;231.9528;231.9528
SVSR;0.1375905291863874;-1.1771207804377382;47.396;5.020137651401094;1951.615;43.739;30;;;;;;;;47.8536;46.9392
SVST;0.1561218625536623;-1.1196474182434148;258.927;4.332489270755466;1920.59;45.546;26;;;;;;;;263.9568;253.8984
SVSZ;0.1566356627897902;-1.2556443322493334;4.419;3.130640887066454;2701.247;41.728;19;;;;;;;;4.8768;3.9624
SVTC;0.1586334412738544;-1.0837487505617167;4.8768;4.275498511091319;1703.193;37.461;25;;;;;;;;4.8768;4.8768
SVTM;0.1265258126622457;-1.073878258928502;38.1;4.32636159428464;2999.081;37.203;26;;;;;;;;38.1;38.1
SVVA;0.1771471318490934;-1.185575526272791;429.0;1.6183773183298409;2997.668;49.202;10;;1194.034;0.0523598775598298;1194.034;0.0523598775598298;;;431.9016;426.1104
SVVG;0.150519307630476;-1.2509272601833956;73.7616;4.571624336486993;3238.143;45.488;27;;;;;;488.441;;76.5048;71.0184
SVVL;0.1630223886168424;-1.2319309841427253;570.5856;0.2962398128491209;2051.852;41.973;3;;;;;;;;593.1408;548.0304
SVVP;0.1609554960310413;-1.1518022093833415;124.968;4.406847627273283;1515.25;39.34;26;;;;;;;;124.968;124.968
SWGN;-0.1261497256824277;-0.8419550990913104;235.0008;1.2760712153904117;1796.71;44.696;9;;;;;;;;241.978;228.023
SYCJ;0.1134316015900814;-1.0167161588880682;23.1648;0.7816807866236256;2264.0;43.277;6;;827.199;0.0523598775598298;827.199;0.0523598775598298;;;26.8224;18.5928
SYCJ;0.1134217122638655;-1.0167508866127126;23.1648;4.711956487796045;1522.79;43.084;29;;;;;;;;24.6888;22.555200000000003
SYLT;0.0588655179508175;-1.0435199780032938;106.9848;1.0101941275933652;1814.453;30.676;7;;;;;;;;106.9848;106.9848
TAPA;0.2990802185315817;-1.078506206123936;12.954;4.157675173013537;3037.607;42.194;25;;915.787;0.0523598775598298;715.317;0.0523598775598298;298.216;498.686;6.964;19.788
TAPH;0.307807572323755;-1.0790871601515746;4.572;1.5038110264356672;690.34;15.477;10;;;;;;;;4.572;4.572
TBPB;0.2281957577035503;-1.038332095987184;50.139;4.465955471320099;3352.405;41.391;27;;1371.402;0.0523598775598298;1371.402;0.0523598775598298;;;48.768;51.5112
TDCF;0.2676770844535695;-1.0714948415848409;3.9624;3.082278162559541;937.834;18.99;19;;;;;;;144.08;1.309;6.616
TDPD;0.2713386396691842;-1.069912502576927;13.563;1.217797027860811;1754.03;41.604;9;;;;;;352.473;;26.621;4.8768
TFFF;0.2546577806387359;-1.064730831135703;3.3528;1.395918262735882;2999.894;43.315;10;;1195.147;0.0523598775598298;944.677;0.0750491578357561;;250.47;3.048;3.713
TFFG;0.3159043206486794;-1.1003791408689878;3.6576;1.869406628380784;1208.069;29.959;12;;240.146;0.0523598775598298;;;59.089;162.967;1.295;6.49
TFFJ;0.3124904725739186;-1.096827245992595;7.9248;1.5459287010795564;642.102;20.0;10;;;;;;;;14.630400000000002;1.2192
TFFM;0.2769660993097521;-1.069361821200742;4.8768;1.3673954812345523;1237.419;27.084;9;;313.909;0.0523598775598298;;;;115.734;3.9624;6.0
TFFR;0.2838868136424259;-1.0739523254955765;5.029;4.904401901641622;3251.109;47.74;30;;878.968;0.0698131700797731;866.058;0.0558505360638185;299.355;396.436;9.356;0.784
TGPY;0.2095106014260766;-1.078371469418278;10.668;1.5763518145237498;2735.574;43.281600000000005;10;;1062.987;0.0523598775598298;;;;;7.62;13.716
TIST;0.3200462864581809;-1.1339983715229842;5.486400000000001;4.667742236388198;2130.122;45.0;28;;;;625.616;0.0523598775598298;;;1.868;7.315200000000001
TISX;0.3089503278555384;-1.1310082293868002;15.392;1.4647170300011034;3043.214;45.72;10;;1216.807;0.0523598775598298;911.242;0.0523598775598298;;305.565;22.555200000000003;6.628
TJAB;0.3220289793310117;-1.1637059152776152;4.724;1.186342791347832;1208.422;18.288;8;;;;;;;;3.048;6.4008
TJBQ;0.3227956888446833;-1.1716294931131033;65.379;1.2624973534653383;3562.329;58.462;8;;1357.797;0.0523598775598298;1476.365;0.0523598775598298;118.5672;;72.058;59.1312
TJCP;0.3196218822200408;-1.1397676210849097;7.62;2.11897282891978;789.156;11.641;13;;;;;;;;13.1064;2.1336
TJIG;0.3221322437923911;-1.1536357099693335;2.4384;1.4461782474061746;1688.395;30.48;9;;752.44;0.0523598775598298;;;93.033;37.923;2.785;2.0
TJMZ;0.318622387329924;-1.1719622270032817;5.7912;1.3335348720153857;1519.132;30.48;9;;454.766;0.0523598775598298;454.766;0.0523598775598298;;;4.572;7.010400000000001
TJPS;0.3143129700653973;-1.1617707438356717;8.382;1.8856966589542727;2431.744;43.54;12;;337.439;0.057246799465414;841.248;0.0523598775598298;573.6336;69.827;8.632;8.217
TJRV;0.3184378431400606;-1.1456930946932409;7.772;4.08721937270318;3354.633;42.593;25;;;;;;261.767;734.271;3.122;13.94
TJSJ;0.3217261260302418;-1.1519553827579132;2.59;1.5730532120506506;2440.816;43.486;10;;915.595;0.0523598775598298;912.023;0.0523598775598298;;;2.7432000000000003;3.048
TJSJ;0.3219075337237432;-1.1519544386881126;2.59;1.167170611314062;3171.11;57.313;8;;1057.878;0.0523598775598298;;;125.172;123.401;2.451;2.121
TJVQ;0.3165133568517677;-1.1430783100283928;11.125;1.3358192287535662;1309.327;22.86;9;;286.863;0.0523598775598298;;;63.0;;16.465;7.62
TKPK;0.3021388466900072;-1.0946451807922493;49.9872;4.127092292129616;2200.872;44.681;25;;795.636;0.0523598775598298;795.636;0.0523598775598298;;;48.721;51.27
TKPN;0.3002966700245262;-1.0924006431382467;3.81;1.559578572093553;1217.355;26.123;10;;;;;;171.216;;3.606;3.9624
TLPC;0.2446958000594012;-1.064527270961367;4.572;1.3073784951803729;1900.903;44.097;9;;514.629;0.0523598775598298;;;131.022;309.637;6.368;2.409
TLPL;0.2396934453141042;-1.0638270208407576;3.048;4.71280087808816;2736.354;44.231;28;;914.615;0.0523598775598298;1063.377;0.0523598775598298;148.762;;3.048;3.048
TNCA;0.2181918498920638;-1.222003091505195;11.2776;4.951949906453702;2829.161;43.785;29;;1083.399;0.0523598775598298;1024.328;0.0523598775598298;26.381;85.453;19.038;3.186
TNCB;0.2117224516385161;-1.191491325116225;5.7912;1.6019273457836989;3056.439;41.173;10;;1045.725;0.0523598775598298;;;177.694;;5.449;6.096
TNCC;0.2127366342261488;-1.2035735928406963;10.3632;1.7829760039598472;3409.715;60.451;11;;569.0616;0.0523598775598298;;;831.0;;9.359;10.9728
TNCE;0.3053720711953571;-1.0991991082339871;35.204;0.8762696733803291;1300.875;27.633;6;;345.638;0.0523598775598298;;;;;39.9288;30.48
TNCM;0.3148737592302312;-1.1014594219965568;3.2;1.4226016417385343;2297.173;43.989;10;;843.786;0.0523598775598298;;;;;3.699;2.7432000000000003
TNCS;0.3079701317807232;-1.103407155028408;37.338;1.9544917784813576;297.818;20.898;12;;;;;;;;40.8432;33.8328
TQPF;0.3177339688837296;-1.1004977971791186;29.8704;4.723517199695406;1646.363;29.956;29;;;;372.904;0.0523598775598298;137.906;145.477;22.434;37.307
TRPG;0.2930641785907988;-1.085479761057633;167.64;4.71058605526738;589.654;13.829;28;;;;;;24.534;29.576;167.64;167.64
TTCP;0.1945987965638353;-1.061723258818244;7.315200000000001;1.6448452364363348;2740.75;43.641;11;;771.382;0.052010811709431;;;294.194;;8.827;6.096
TTPP;0.1849242910904211;-1.0705366731551846;13.4112;1.5676106471244016;3187.212;42.782;10;;;;;;;;9.144;17.6784
TUPJ;0.321935563234142;-1.1264632901137412;3.3528;4.197259938580469;1412.604;25.0;25;;341.025;0.0523598775598298;253.04;0.0523598775598298;60.477;148.462;2.347;4.495
TVSA;0.2296864712263235;-1.0672463480313643;28.651200000000003;3.5042240755997853;2737.62;42.504;22;;;;;;;;12.705;41.4528
TVSB;0.2266927439655666;-1.0692270454839352;4.572;4.956164352998494;1091.378;27.97;30;;240.889;0.0523598775598298;240.889;0.0523598775598298;;;4.114;5.03
TVSC;0.2216706515295441;-1.0706736491007824;4.114;2.12495459586514;1786.276;25.915;13;;;;;;146.727;56.767;3.208;4.935
TVSM;0.2249325901909539;-1.0677975209480242;2.7432000000000003;1.245618797868077;993.661;23.34;9;;;;;;50.0;;2.963;2.524
TVSU;0.2199149040641862;-1.0718386000256646;4.2672;1.1333578241164002;754.661;18.711;8;;;;;;161.642;;4.558;3.976
TXKF;0.5648589385620817;-1.1288554381524991;5.486400000000001;1.7716648741435224;2958.618;43.236;12;;1174.509;0.0558505360638185;;;;;5.486400000000001;5.486400000000001
UAAA;0.7566412550196439;1.3445998865652298;678.7896000000001;0.972277233566224;4383.496;25.0;5;R;1886.948;0.0523598775598298;1886.948;0.0523598775598298;;;679.0944000000001;681.5328000000001
UAAA;0.7567527001189226;1.3447443214424746;678.7896000000001;0.9726170491715872;4492.597;44.425;5;L;1941.499;0.0523598775598298;1941.499;0.0523598775598298;;;677.2656000000001;677.2656000000001
UAAH;0.8184598837736657;1.3090773331711538;431.5968;0.9049786291529688;2487.952;40.051;5;;;;;;;;422.148;441.0456
UAAT;0.7875377981218229;1.3690845787099846;589.788;0.4546778003788526;2472.437;46.832;2;;;;;;;;587.0448;592.5312
UACC;0.8905120926259467;1.24732138948155;354.025;3.9175288635134047;3502.366;44.085;22;;;;;;;;352.95840000000004;355.09200000000004
UACK;0.9307894925813244;1.2146751905048954;268.5288;3.695135170499933;2838.0;45.075;20;;1106.239;0.0523598775598298;1051.176;0.0523598775598298;;;266.3952;270.6624
UACP;0.9560027159789968;1.2074858258961447;137.4648;4.285310054014331;2488.929;42.385;23;;;;;;;;139.5984;135.3312
UADD;0.7479390517150893;1.2444722882526669;660.044;2.393638260365856;2902.339;42.964;13;;;;;;;219.688;653.796;668.0
UAFW;0.7479325329521282;1.3063085012820017;770.654;1.9994202186191208;2678.202;49.268;11;R;;;;;;;765.425;775.883
UAFW;0.7479644596762901;1.306330425547616;770.654;1.998713185739138;2666.842;45.328;11;;;;;;;;766.614;774.695
UAII;0.7394101047244985;1.2125747990456364;410.8704;4.996810802349414;3288.449;45.953;28;;;;;;;;422.7576;398.9832
UAKD;0.8326800560780635;1.1822577841136082;378.714;4.043398169442881;2593.471;39.413;22;;;;;;;;376.1232;381.3048
UAKK;0.8669384434431214;1.2799466082623907;536.295;1.0169481678261478;3601.851;59.159;5;;1496.126;0.0523598775598298;1496.126;0.0523598775598298;;;538.2768;534.3144
UAON;0.8037669782694613;1.103905943774485;93.787;1.160588555825771;4498.728;77.111;6;;;;;;;;98.158;89.417
UARR;0.8927524814442765;0.8995734735278803;38.1;4.045948095480045;2404.509;43.296;22;;;;;;;;39.0144;37.1856
UASA;0.8363480890949332;1.4041565455334164;656.656;3.714214237218109;2497.637;43.21;21;;;;;;;;651.32;662.0
UASB;0.9004358559333786;1.312812221544246;227.694;0.937094816691352;2487.277;37.576;5;;;;;;;;233.482;221.906
UASK;0.8733038457762502;1.439785021998661;285.9024;5.423269264170688;2499.75;42.155;30;;;;;;;;287.1216;284.6832
UASP;0.9109807274438888;1.3451833919219989;120.853;3.883219355610625;2490.201;40.759;21;;;;;;;;124.968;116.7384
UASS;0.8788043124241931;1.400343221344586;218.5416;4.602305130341951;3090.383;52.535;26;;;;;;;421.648;202.25;231.3432
UATE;0.7655032382368161;0.891703262943924;18.8976;5.283741709646806;2654.833;40.401;30;;;;;;;;16.154400000000003;21.6408
UATG;0.822435562610933;0.9044306814424672;-22.402;5.758947392009207;2986.611;41.504;32;;;;;;;;-21.9456;-22.86
UATR;0.8361055899424416;1.0405750107773974;168.899;0.94536099273477;1756.885;32.753;4;;;;;;;;167.783;170.016
UATT;0.8769620187252657;0.9984225126480828;222.1992;2.35970452185103;3189.535;40.929;12;;;;;;;;218.8464;225.552
UAUU;0.9286440939597176;1.1091395156480464;178.30800000000002;2.7396609546809443;2485.566;45.678;15;;;;;;;;182.2704;174.34560000000002
UBBB;0.7063950280283204;0.8732911788562411;-1.295;2.906909922780104;3996.141;58.374;16;;1693.271;0.0523598775598298;1693.271;0.0523598775598298;;;1.2192;-5.486400000000001
UBBB;0.7063439780390265;0.8737644933221648;-1.295;3.130025833038051;3278.424;46.155;17;;1334.4144;0.0523598775598298;;;;;3.048;-4.271
UBBG;0.7110283060972353;0.808439060728068;325.8312;2.236047595281382;3294.515;50.0;12;;1242.3648;0.0523598775598298;1179.08;0.0523598775598298;;;322.1736;329.4888
UBBG;0.7110083635979787;0.8083951497790008;325.8312;2.2352541686034253;2471.807;40.117;12;R;;;;;;;325.8312;325.8312
UBBN;0.6839719873215282;0.7933978753908962;866.089;2.403463940455808;3143.344;46.071;14;L;;;;;;142.707;872.9472000000001;860.4504000000001
UBBN;0.683952290592509;0.7933894099716108;866.089;2.4038355210535576;3292.587;42.226;14;R;;;;;;111.795;872.3376000000001;858.13
UBBQ;0.7122471333691406;0.8329620774253846;342.138;2.917048540404939;3469.575;41.598;16;;;;;;;;344.11920000000003;340.15680000000003
UBBY;0.7253944776259439;0.8144960019077898;381.457;2.7672396003234074;2091.934;30.7848;15;;;;;;;;373.6848;389.2296
UDSG;0.7112302121988634;0.7654896974670744;1515.0;0.4102326942708442;3205.818;43.605;2;;1298.109;0.0523598775598298;;;;;1506.0168;1524.0
UDYE;0.7002708199247567;0.7760714325626248;892.301;3.706527109060625;2794.145;42.309;21;;;;;;535.612;;903.668;883.9200000000001
UDYZ;0.7007021174328862;0.7748604016688033;859.2312000000001;1.5635771214098726;3956.718;52.11;9;;1239.662;0.0523598775598298;1508.525;0.0523598775598298;;;853.44;865.0224000000001
UEEE;1.0837457115932267;2.265022197567067;97.383;0.6426202298476982;3384.226;51.138;5;R;;;;;;;99.06;95.7072
UEMA;1.1597977315794106;2.500370177364614;199.0344;2.554216580063893;1815.093;77.644;16;;;;;;;;198.12;199.9488
UEMM;1.0839291615203668;2.2609854643314007;185.244;2.947228424764575;1197.526;18.718;19;;;;;;;;181.587;188.902
UEMM;1.083939981262481;2.261111290890677;185.244;2.118633536913192;619.765;58.275;14;;;;;;;;188.037;182.451
UEMM;1.084057927569704;2.261405700228293;185.244;0.5237751062126279;2461.386;85.0;5;;;;;;;;197.086;173.403
UEMO;1.0541935609475328;2.1026113496690644;220.98;1.2178382176311582;1983.375;34.458;8;L;;;;;;;224.028;217.932
UENK;1.1150491214716116;2.142840332887691;97.153;2.8882328053886623;2014.162;60.341;18;;;;;;;;96.238;98.068
UENW;1.1127732773707124;2.12392466168263;110.24;1.841497940976768;1598.57;37.88;12;;;;;;;;109.319;111.163
UERA;1.1512728222427184;1.9467997447322103;649.243;2.8328735795092803;1690.0;50.342;17;;;;;;;;641.537;656.949
UERL;1.059838095767922;2.004117343211683;240.792;4.152076331306064;2234.195;25.34;25;L;;;;;;;234.08640000000003;245.9736
UERP;1.1589035199776223;1.9552941180921943;502.462;2.8584217090999733;3097.234;44.072;17;;;;;;;;505.0536;499.872
UERR;1.091436623036273;1.9903552242118057;347.929;0.9771261247474068;2792.8824;43.755;7;;;;;;;;341.98560000000003;354.987
UERS;1.255379450450229;1.9910816664177065;20.013;3.0130669565387813;1798.231;77.475;18;;;;;;;;21.512;18.516
UESS;1.1997621723959269;2.815913640985959;4.572;2.105387971420419;1679.912;68.164;13;;;;;;;;4.572;4.572
UEST;1.2513634243323355;2.2497932671752743;7.010400000000001;3.276612720787476;3035.432;57.061;21;;;;;;270.431;246.985;7.010400000000001;7.010400000000001
UESU;1.147531011341275;2.63349685390124;34.594;5.716657366101684;1769.596;56.396;34;;;;;;;;35.17;34.1376
UGSB;0.7262254619083462;0.7260609421411518;8.2296;5.427866985019218;2490.421;44.163;31;;;;;;;;11.2776;5.1816
UGSS;0.748018107808093;0.7178212101537172;11.459;2.1387161679512645;3631.482;53.542;12;;;;;;;;6.43;16.49
UGTB;0.7272437874799794;0.7845697772575548;471.068;2.3852961101400982;2999.46;41.974;13;R;1194.93;0.0610865238198015;1194.93;0.0523598775598298;;;480.9744;461.1624000000001
UGTB;0.7272624952763771;0.7846113475376952;471.068;2.3325348068523097;2558.707;61.216;13;L;;;974.554;0.0523598775598298;;;471.068;471.068
UHBB;0.8800904222243999;2.2237673147622714;183.337;6.079665953763032;2790.425;43.787;36;;;;;;;;194.4624;172.21200000000002
UHHH;0.8469751590464814;2.3594366521518806;69.951;0.7342038167121002;3508.604;47.278;5;L;1449.502;0.0471238898038469;1449.502;0.0471238898038469;;;68.8848;68.8848
UHHH;0.8469742929989784;2.359528983738814;69.951;0.7332630842452753;4020.372;55.439;5;R;;;;;;;70.104;71.9328
UHKD;0.8832383117923501;2.392520564020081;23.926;3.1415053871271934;2462.019;33.481;19;;;;;;;;23.4696;24.384
UHKG;0.8593217253533831;2.446845952772485;203.835;1.952998998372127;3428.582;73.979;13;;;;;;;;223.21;184.461
UHMA;1.129838070473556;3.102175266112625;51.054;0.2573796207211541;3488.683;57.441;1;;;;;;;;42.9768;59.1312
UHMD;1.123611873573178;-3.023666850626757;14.0208;3.517166564667949;1808.537;66.128;20;;;;;;;;14.0208;14.0208
UHMF;1.0901128460213614;2.7183127869776764;528.303;3.586735737718293;2101.331;92.718;21;;;;;;;;525.023;531.584
UHMG;1.0792348212508234;2.8021107865445254;58.584;0.9750865329835264;1997.912;46.682;6;L;;;;;;;52.587;64.581
UHMG;1.0791972067011693;2.8020285120317467;58.584;0.9727024830384722;998.452;54.052;6;R;;;;;;;55.742;61.427
UHMM;1.0456437176350977;2.630566437833839;170.535;4.765781569262924;3446.109;54.577;28;;;;;;;;174.95520000000002;166.116
UHMP;1.2179476309675568;2.9774738585870333;3.048;2.9117479754666324;2500.646;44.359;17;;;;;;;;3.048;3.048
UHMS;1.0981550684636354;2.6602706344319045;205.276;2.943656608450368;1634.084;43.527;18;;;;;;;;207.305;203.247
UHMT;1.040605620875288;2.634082138166393;41.396;3.384197782940135;818.702;54.184;20;;;;;;;;43.911;38.882
UHMW;1.0807469635976217;2.779079189471775;8.091;3.4458417649230237;1598.102;40.5384;21;;;;;;;;11.756;4.427
UHNN;0.9277396594863916;2.4547920088319004;50.292;1.6559919562371217;1686.822;30.966;11;L;;;;;;;50.292;50.292
UHNN;0.9277161123569876;2.4548253009462693;50.292;1.654182398868654;1852.0;36.687;11;;;;;;;;46.0248;54.5592
UHOO;1.0368953212292722;2.4968016325299214;13.1064;3.405618208849861;1771.79;36.09;21;;;;;;;;14.0208;12.4968
UHPL;1.0311766691273152;2.790630788539386;19.964;1.8661561969950395;1471.598;21.851;11;;;;;;;;14.9352;24.9936
UHPP;0.9279950264663084;2.765533683776616;36.576;2.7474391890253824;3399.106;56.146;16;;;;;;;;36.576;36.576
UHSS;0.8183060081984159;2.490886972812032;14.3256;3.1578275317589197;3392.269;43.328;19;;;;;;;;15.24;13.4112
UHWW;0.7574547954668691;2.306418402159434;11.5824;4.205883086815797;3498.787;57.543;25;R;;;;;;;11.5824;11.5824
UHWW;0.7574189013088762;2.3064455149078364;11.5824;4.204047174975624;3499.797;61.773;25;L;;;;;;;13.4112;9.7536
UIAA;0.9080286289799956;1.9775478172538032;681.38;1.7596622448775574;2791.482;55.713;11;;1090.941;0.0523598775598298;1090.941;0.0610865238198015;;;691.8960000000001;670.8648000000001
UIAE;0.8732250647118455;2.0605651569201764;648.059;2.681506234938643;2495.02;37.424;16;;;;;;;;644.455;651.6624
UIBB;0.9838527614394637;1.7749723233237429;489.051;2.005420224255164;3142.801;57.443;12;;;;1266.6;0.0523598775598298;;;490.1184;487.9848
UIBV;0.9858996705643016;1.816957315382424;584.71;4.805283780756238;1389.268;38.735;28;;;;;;;;577.735;591.685
UIII;0.9122338864772784;1.8220298804427384;497.586;5.1232513545430685;3704.0;45.27;30;;1081.457;0.0575958653158128;1074.946;0.0575958653158128;471.723;478.234;515.07;480.102
UITT;0.992359758807193;1.84532632420456;664.464;2.0371790207226166;2221.798;45.472;12;;;;;;;;665.988;662.94
UIUU;0.9042162937237868;1.8751536165814875;510.387;4.504087773883521;2984.798;44.313;26;;;;;;;;510.387;510.387
UIUU;0.9043335495336764;1.875218890035627;510.387;5.495297082538317;1421.939;92.964;32;;;;;;;;510.387;510.387
UKBB;0.8786438244592251;0.5393969488708661;126.263;3.188148089656265;3988.321;57.667;18;L;1689.361;0.0523598775598298;1689.361;0.0523598775598298;;;124.968;128.93040000000002
UKBB;0.8785360834685232;0.5389657352367065;126.263;3.186098025916873;3486.234;58.418;18;R;;;;;;;128.01600000000002;123.1392
UKCM;0.8216338074317546;0.6536191504021324;71.342;3.507815614134539;2558.343;47.812;19;;;;;;;;73.0;69.683
UKDB;0.8170760334907468;0.6415404951100377;46.545;4.791408762268732;2500.66;46.421;27;;;;;;;;51.536;41.555
UKDD;0.8439938665893981;0.6126202353489452;140.97;1.5704005733870068;2844.148;42.68;8;;1117.274;0.0488692190558412;1117.274;0.0523598775598298;;;138.0744;143.8656
UKDE;0.8354389966904427;0.6163641977152438;108.5088;0.3932514784069803;2470.752;39.491;2;;;;;;;;103.0224;113.9952
UKDE;0.8354238935241923;0.6161519146480399;108.5088;4.783867194570865;1443.103;41.681;27;;;;;;;;108.5088;108.5088
UKDR;0.8385283753868945;0.5795901666682907;119.4816;0.0930538609529283;2502.478;40.761;36;;;;;;;;114.9096;124.0536
UKFB;0.7800128810673946;0.5860074382248378;85.971;4.374379790797208;3008.17;51.946;25;;;;;;;;104.812;67.13
UKFF;0.7863067584097918;0.5929528817247237;178.215;0.2373091895345528;3704.0;55.441;1;;;;;;;;181.8;174.631
UKFG;0.7874275935770756;0.5930041345719914;148.799;3.3676564249543586;3100.719;76.5048;19;L;;;;;;;140.984;156.616
UKFG;0.7874836350428561;0.5929785042472427;148.799;3.371651134546324;2420.835;93.783;19;R;;;;;;;140.558;157.042
UKFI;0.7870009422967658;0.5865164166829765;17.278;3.933083586873028;3201.037;61.207;22;L;;;;;;;25.123;9.434
UKFI;0.7869929781707422;0.5865269106819985;17.278;3.934135845879056;3100.593;62.214;22;R;;;;;;;25.204;9.353
UKFY;0.7975994619390788;0.6007384459180564;19.2024;0.872895882123054;2499.403;54.705;5;;;;;;;258.642;22.86;15.5448
UKHH;0.8713878970778679;0.6333925329489943;156.0576;1.443892564217763;2494.788;44.582;7;;;;;;;;150.876;161.2392
UKKE;0.8624696441796948;0.558416038631343;110.9472;5.753765334927111;2490.229;38.061;32;;;;;;;;107.8992;113.9952
UKKK;0.8796766563265324;0.5314648588027142;174.95520000000002;1.5036425847095571;2361.549;42.318;8;;678.53;0.0523598775598298;;;197.444;46.063;170.43;179.097
UKKM;0.8831998136401761;0.5269377710313373;155.295;5.838913491413682;3500.23;52.792;33;;1445.315;0.0523598775598298;;;;;154.2288;156.3624
UKKO;0.8754375527565675;0.5015782382707213;232.86720000000005;2.062035127264894;3015.645;63.266;11;;;;;;;;228.477;237.258
UKLH;0.9827910223109098;2.8065695501899284;53.0;2.2059320088513896;1998.043;29.0;13;;;;;;;;39.034;66.966
UKLI;0.853184924450993;0.43082484905092;278.13;1.813588555441052;2474.693;43.517;10;;;;;;;;280.1112;276.1488
UKLL;0.8693479982564655;0.4181468966890302;326.593;2.370641278542803;3367.639;42.498;13;;;;;;469.154;121.709;326.0;327.09
UKLN;0.8422875599034472;0.4534360229732636;248.1072;2.6731380793070305;2213.315;21.083;15;;;;;;;;244.1448;252.0696
UKLR;0.883272971247484;0.4562485239423607;228.447;5.207302397061836;2620.899;41.492;29;;;;;;;;228.9048;227.9904
UKLR;0.8831637614870306;0.4566027763822063;228.447;0.9918441547169172;605.307;20.234;5;;;;;;;;228.447;228.447
UKLU;0.8488320058544612;0.3885654291650278;114.452;4.944541507377762;2037.51;25.0;28;;;;;;638.375;;115.326;113.9952
UKOH;0.8146491577273443;0.5673416802410952;42.0624;3.716072663805632;2491.783;40.351;21;;;;;;;;42.3672;41.7576
UKON;0.8213185778440341;0.557097805100673;51.054;0.8810137051800525;2537.609;41.558;4;;;;;;;;46.0248;56.083200000000005
UKOO;0.8102996506557733;0.5354060303283277;51.5112;2.852246559673492;2804.971;54.351;16;;;;;;;;51.5112;51.5112
UKWW;0.8594446338787308;0.4994044668406063;295.503;2.413273039917867;2488.961;38.451;13;;;;;;;;295.9608;295.0464
ULAA;1.1274877755457668;0.7106388987606662;12.4968;1.683476877698753;2491.152;41.213;8;;;;;;;;10.0584;14.9352
ULAH;1.1247182434064935;0.7055038924556136;19.2024;5.556386573417848;2438.729;31.298;30;;;;;;;;21.336;17.0688
ULAK;1.2048126103326533;0.5833409637878555;79.772;2.564369858454445;2991.282;68.082;13;;;;;;;;74.824;84.722
ULAM;1.1805455555352724;0.9271367772920234;10.82;1.4324228712388944;2550.0;39.404;6;;;;;;;;9.144;12.4968
ULKK;1.068790346882257;0.8150067046587044;55.473600000000005;2.4295759859278205;1441.03;31.354;12;;;;;;;;53.9496;56.997600000000006
ULLI;1.043621806854398;0.5279733609868633;20.802;4.999730738188;3782.8728;57.231;28;L;1508.061;0.0523598775598298;1542.737;0.0523598775598298;;;24.0792;20.4216
ULLI;1.0438015877829951;0.5283884474121171;20.802;5.000807780869406;3386.473;57.269;28;R;1359.862;0.0523598775598298;1385.322;0.0523598775598298;;;20.1168;18.5928
ULLP;1.0416924695297545;0.5294845514616314;81.88;3.748865829654279;2483.729;41.228;21;;;;;;;;82.166;81.596
ULMM;1.2004679367424165;0.5716303786845046;77.571;2.551540292188885;2504.706;40.648;13;;;;947.553;0.0523598775598298;;;73.7616;81.3816
ULNR;1.0115992615582794;0.5477546271655236;26.06;3.4111186139875214;1989.865;40.722;19;;;;;;;;24.9936;27.1272
ULOO;1.0085215276897386;0.4955928357356332;46.177;0.314265695536766;1994.354;42.693;1;;;;;;;;45.415200000000006;46.9392
ULPB;1.0800998505627664;0.5961140409349315;43.738;0.4010297127514182;2490.144;43.879;1;;;;;;;;45.415200000000006;42.0624
ULPP;1.0791704470036634;0.5985590880914359;33.573;1.020210048571785;716.377;28.861;5;;;;;;;;36.098;31.049
ULWW;1.0346619134560169;0.6971685675492072;117.6528;2.8626731566249064;1488.317;41.811;15;;;;;;;;118.2624;117.0432
UMBB;0.9094604629759144;0.4170689718348476;139.9032;5.131288944814353;2606.221;37.153;29;;;;;;;;141.4272;138.3792
UMGG;0.9167698044221818;0.541343027830009;141.274;5.07602972630111;2557.045;39.688;28;;;;;;;;142.3416;140.208
UMII;0.9621354265624372;0.5297007044347941;199.3392;4.225745806368119;2587.988;40.0;23;;;;;;;;206.9592;191.7192
UMII;0.9622691489782268;0.5299506410628008;199.3392;2.6552973236931448;530.054;25.161;14;;;;;;;;199.3392;199.3392
UMKK;0.958012256324418;0.3594061012819786;12.344;1.1469122954334834;2477.892;42.312;6;;;;934.146;0.0523598775598298;;;13.1064;11.5824
UMMA;0.9266780725013182;0.4545952470615044;181.168;3.910836398496632;2974.142;55.353;22;;;;;;;;186.196;176.141
UMMG;0.9355307749661954;0.4198175257288641;133.045;3.1078954071886136;2542.3;40.174;17;;;;;;;;135.0264;131.064
UMMG;0.9354445915363097;0.4197135688195939;133.045;4.709464855755899;658.13;25.0;26;;;;;;;66.838;133.045;133.045
UMMS;0.9404263659500676;0.4892276752716268;200.787;2.423160679196265;3644.831;55.477;13;R;1517.615;0.0466002910282486;1517.615;0.0466002910282486;;;194.7672;203.9112
UMNB;0.9267989446446996;0.5097018886838448;149.504;1.439654381195145;3000.553;49.778;8;;;;;;;;148.332;150.676
UMOO;0.941699841989742;0.5252449290433878;189.2808;2.385136412513541;2553.175;42.91;13;;;;;;;;190.5;188.0616
UNAA;0.938098283970394;1.595010656074143;251.917;3.5732602250965706;1297.175;25.0;20;R;;;;;;;251.917;251.917
UNAA;0.9379802615914312;1.595002572964116;251.917;3.57202627731541;2801.359;46.139;20;;;;;;298.122;;250.645;253.401
UNBB;0.9313620787175496;1.458036114877557;251.0;1.174327944777103;2895.669;50.335;6;;;;;;396.755;;252.366;249.936
UNBG;0.9070333180355852;1.4981298620478207;292.455;0.4399344456818959;2306.514;42.947;2;;;;;;;;289.8648;295.0464
UNEE;0.9646438278245612;1.5028623825286755;255.4224;4.075744356470092;3204.13;55.437;23;;1297.265;0.047996554429844;1297.265;0.0523598775598298;;;257.25120000000004;253.5936
UNEE;0.9646860242336396;1.5028880752712623;255.4224;4.105774666112832;2653.857;47.816;23;R;;;1022.128;0.0523598775598298;200.673;;255.4224;255.4224
UNIP;1.074957061533532;1.5707435915239751;62.636;3.976821188862156;2090.167;39.189;22;;;;;;;;63.0936;62.1792
UNIS;1.053712840215013;1.6233626560354104;520.727;3.754369550917518;1553.596;22.931;21;;;;;;;;529.161;512.294
UNKL;0.9804031420918282;1.614310641710299;286.8168;1.974067042305876;3704.0;56.465;11;;;;;;;;286.8168;286.8168
UNKM;0.9804804426831368;1.6152447948767663;247.954;1.9753582368865008;1787.409;28.829;11;;;;;;;;253.8984;242.0112
UNKS;0.982082057099663;1.580847151364464;306.0;1.5005896722352614;2440.318;29.104;8;;;;;;560.039;;314.214;297.799
UNKY;0.9018018293573687;1.6476002281571005;645.8712;4.047717161209866;2688.205;42.405;23;;;;;;;;644.9568;646.7856
UNKY;0.9018496375201994;1.6474384723297972;645.8712;5.620585019293955;1214.974;25.0;32;;;;;;;;645.8712;645.8712
UNNE;0.9615250737330776;1.4486878186796872;188.518;0.2701624296160531;3154.689;76.712;1;;;;;;;;177.261;201.7776
UNNT;0.9601482454569392;1.44252229386845;111.099;1.4147820430908244;3592.811;58.425;7;;;;1491.605;0.0523598775598298;;;110.9472;110.9472
UNNT;0.9605174859801464;1.44162502964427;111.099;6.110434014080589;3684.091;58.723;34;;1484.725;0.0523598775598298;1385.555;0.0523598775598298;;;112.1664;110.3376
UNOO;0.9593574797183724;1.2795050410693447;92.506;4.484081588266686;2487.909;42.685;25;;;;;;;;89.91600000000001;95.0976
UNOS;0.7725143257967548;2.3284735579804394;151.029;3.8417393370089528;2499.146;39.116;23;;;;;;;;140.87;161.188
UNSS;1.0595834602470446;1.3554263229926204;49.834;2.8509688041281067;1985.504;42.455;15;;;;;;;;50.292;49.3776
UNTT;0.9840720645628902;1.4872044855448932;175.107;3.7232149001706434;2490.284;50.786;21;;;;;;;;168.24960000000002;181.9656
UNWW;0.939195501788206;1.516314706193857;305.562;0.3463728946295012;2678.984;44.615;1;;;;;;;;306.0192;305.1048
UOIG;1.166582593487571;1.542915011948125;120.766;4.655498228086683;1617.051;28.889;25;;;;;;;;121.28;120.253
UOII;1.1770042580374458;1.5118361404893337;22.86;2.346950702875007;2509.176;45.554;12;;;;;;;;22.86;22.86
UOOO;1.2097057202074628;1.5242302555349263;172.974;3.705804019151524;3435.414;40.703;19;;;;;;;;181.9656;163.9824
UOOW;1.2112041930477284;1.5420749458702867;30.759;2.642162324808486;1619.888;25.0;13;;;;;;;;30.738;30.782
URKA;0.7854354736601419;0.6518335008912342;48.0;3.8781798919284167;2599.022;44.015;22;;;;;;;;53.6448;42.3672
URKE;0.8147203784311153;0.6670706548331897;17.114;1.4427324438639624;3501.575;66.819;8;L;;;;;;;18.448;15.781
URKE;0.8146720026560701;0.6666918487763018;17.114;1.444492957480449;1875.796;40.889;8;R;;;;;;;14.8;19.429
URKG;0.7781026553045385;0.6634519416611655;33.985;3.386296192299808;3089.875;42.422;19;;;;;;;;39.9288;28.041600000000003
URKH;0.7798051642551557;0.6987612211048589;178.462;0.8836925761423535;2499.372;37.425;5;;;;;;;;177.71;179.215
URKK;0.786011453766311;0.6833339892415855;34.518;0.9152558957335823;2191.555;28.55;5;L;;;;;;;32.9184;34.1376
URKK;0.7859965261502302;0.6839624354417493;34.518;0.9146341221875594;2987.8;34.764;5;R;;;;;;;34.4424;36.576
URMG;0.7572667636803049;0.7976123746293252;163.525;4.655189304809079;2506.812;47.0;26;;;;;;;;163.9824;163.068
URML;0.7472946714112061;0.8316910629891983;2.1336;5.725179110707471;2640.433;39.764;32;;;;;;;;4.2672;0.0
URMM;0.7719034755752484;0.7519398693366308;317.144;5.275986339115568;3886.033;56.189;30;;;;;;;;318.2112;316.0776
URMM;0.7718776287386239;0.7519108528441679;317.144;5.275704468441371;3850.377;56.911;30;L;;;;;;1195.287;317.144;317.144
URMN;0.7594437613324239;0.7616015108837345;432.968;4.236923418496667;2194.22;42.735;24;;;;;;;;420.0144;445.9224
URMO;0.7540729735946995;0.7785341049561483;503.682;1.771208121478275;2996.36;40.543;9;;;;;;;;497.4336;509.9304
URMS;0.7561378239468619;0.7856107507516126;355.39680000000004;4.814606456955765;2997.573;50.366;27;;;;;;;;342.90000000000003;367.8936
URMS;0.7560862882687656;0.7857565042056861;355.39680000000004;1.8371722296921629;2300.705;31.921;10;;;;;;;;355.39680000000004;355.39680000000004
URMT;0.7873057559077619;0.7350065964702283;445.008;1.3201336057000428;2587.033;46.765;7;;;;;;;;452.9328;437.0832
URRP;0.828812188451566;0.6965847813121673;69.037;0.9473182922244192;1137.502;75.933;5;;;;;;;;52.4256;85.64880000000001
URRT;0.8237646236859473;0.6780521293680636;28.498;4.960208979007066;2750.63;55.235;28;;;;;;250.793;;19.523;36.264
URSS;0.7582435072684529;0.6972939649858473;20.193;3.640951947470544;2500.385;45.543;20;;;;945.392;0.0493928178314395;;;27.432;15.24
URSS;0.7582579784540929;0.6971194291062035;20.193;4.272346097396367;2897.422;41.353;24;;;;;;;;26.2128;11.8872
URWA;0.807788733174553;0.8379465084983744;-22.326;1.6900209897291056;3197.113;41.604;9;;;;;;;;-21.9456;-21.336
URWI;0.809390376849441;0.7735969397910208;147.828;4.84895104597651;3185.615;44.478;27;;;;;;;;147.5232;148.1328
URWW;0.8514159170961647;0.7739771424470352;134.569;2.094301901811139;2486.0;45.492;11;;938.201;0.0453785605518525;938.201;0.0453785605518525;;;134.569;134.569
URWW;0.8513751836051655;0.7737990331461632;134.569;4.2650527155181335;2927.865;46.425;24;;1159.133;0.0453785605518525;1159.133;0.0453785605518525;;;145.0848;124.0536
USCC;0.9652679145288487;1.073438673501814;227.9904;4.951713414340058;3188.051;55.069;27;;1289.225;0.0523598775598298;1289.225;0.0523598775598298;;;224.6376;231.3432
USCM;0.9318864587772268;1.0254799978571385;430.834;0.2806126234189542;3239.438;40.316;36;;;;;;;;436.4736;425.196
USDB;1.2272301563191397;1.1926587025345612;7.010400000000001;2.187878427788516;2958.902;136.286;10;;;;;;;;7.010400000000001;7.010400000000001
USDD;1.1622271937819773;1.1625830573822673;58.216800000000006;1.0721012354142845;2708.744;41.623;4;;;;;;;;64.61760000000001;51.816
USHB;1.1156332939190243;1.1349346859070937;29.78;1.2257794657277323;1116.7872;35.347;5;;;;;;278.677;;30.266;29.296
USHH;1.0651488921610517;1.2057785809920656;41.4528;1.314431649940362;2790.0;44.041;6;;;;;;;;40.5384;42.3672
USHN;1.08403294092891;1.1451765246655496;106.9848;3.1824724534617053;2525.284;38.681;16;;;;;;;;110.0328;103.9368
USHS;1.070314087243588;1.1101062275192857;103.784;2.4833638918816323;2488.537;39.119;12;;;;;;;;104.2416;103.3272
USHU;1.0490713463981651;1.1314253053806418;55.93;3.3543091940326573;2291.27;42.713;18;;;;;;;;56.997600000000006;54.864
USHY;1.089958086843592;0.6257607975175329;43.891200000000005;5.085557827753597;592.638;21.093;28;;;;;;;;40.773;47.0
USII;0.991960622090118;0.9330972829119596;156.514;0.4350261085863898;2489.533;42.595;1;;;;;;;;161.544;151.4856
USKK;1.0210781748844957;0.8612657269688536;142.9512;0.8333487109482097;2707.131;46.11;3;;;;;;;;143.8656;142.0368
USKK;1.0210337372849196;0.8610337900848941;142.9512;1.2506125339238832;681.114;29.338;6;;;;;;;;142.9512;142.9512
USMM;1.1428728519616682;1.2688353592399837;14.9352;2.7444754454225704;2535.778;44.375;14;;;;;;;;14.9352;14.9352
USMU;1.1531390258747334;1.335517716622111;62.941;5.022796835049432;2536.5456;48.107;27;;;;;;;;60.96;64.92240000000001
USNN;1.0637751126061905;1.3348793693923866;48.92;3.877507416567623;3184.52;56.251;21;;;;;;;;54.2544;43.586400000000005
USPP;1.0107989107804571;0.9777571836179896;118.2624;3.942456528555014;3191.59;46.685;21;;;;;;;;119.7864;116.7384
USRK;1.085430419756655;1.3008553200474955;66.598;3.3148453797828883;2502.938;38.153;17;;;;;;;;67.056;66.1416
USRN;1.0665469678593733;1.267979493646889;35.052;2.696135061130084;2701.754;41.52;14;;;;;;;;35.21;34.891
USRO;1.1027676667225816;1.313691205144108;131.216;0.435389049804342;2503.779;39.286;1;;;;;;;;132.588;129.84480000000002
USRR;1.0706527527789382;1.2811086099444249;56.997600000000006;4.706365849136057;2780.285;40.282;25;;;;;;;;59.1312;54.864
USSK;0.9896367357594958;1.06094703058427;223.283;1.5730188290643865;1791.537;36.721;7;;;;;;;;223.1136;223.456
USSS;0.9903226980468642;1.06123492506004;228.2952;4.785044244618411;3023.455;48.885;26;L;884.094;0.0523598775598298;1206.928;0.0523598775598298;322.834;;232.906;224.028
USSS;0.9903834267021708;1.061204597792978;228.2952;4.715981566116995;3007.312;42.241;26;R;;;;;250.434;;233.642;224.3328
USTJ;0.793840090169012;0.6710086430490627;3.0;1.1309913321836211;423.86;16.764;6;;;;;;;;3.243;2.757
USTR;0.997948193645078;1.139688467464034;104.5464;3.973835279577844;2989.665;41.663;21;;1190.033;0.0471238898038469;1190.033;0.0471238898038469;;;103.9368;113.0808
USTR;0.998000788475864;1.140391893092154;104.5464;2.351672342100428;2690.4696000000004;44.416;12;;;;;;;;96.012;105.156
USUU;0.968223477182754;1.1417100564027562;71.475;0.5251082934150563;2590.1904;42.739;2;;;;;;;;71.9328;71.0184
UTAA;0.6630832550962713;1.0186084804841915;207.492;5.227653110673016;3783.401;45.454;29;R;1586.901;0.0523598775598298;1586.901;0.0523598775598298;;;206.9592;207.8736
UTAA;0.6629072133862847;1.0185737683640068;207.492;5.227394278344944;2979.823;56.782;29;;;;;;;;207.492;207.492
UTAK;0.6992876453487321;0.925095963659182;80.1624;6.048756870841913;3486.161;39.423;34;L;;;;;;;86.25840000000001;75.2856
UTAK;0.6992394509755286;0.9251510161923412;80.1624;6.047980199324775;2467.265;41.203;34;R;;;;;;;86.86800000000001;72.2376
UTAM;0.656672829996335;1.080285364179677;221.665;6.257428785276206;3793.486;42.218;35;L;;;;;;;221.8944;221.8944
UTAM;0.6565970391364843;1.0803177200264755;221.665;6.257058600941857;2796.347;39.847;35;R;;;;;;;220.98;221.8944
UTAT;0.7288762285062721;1.0444390026462638;84.73440000000001;1.571729624159108;2696.288;43.415;9;L;;;;;;;84.73440000000001;84.73440000000001
UTAT;0.7288551975959645;1.0443133711427313;84.73440000000001;1.5694295594576595;1497.722;30.829;9;R;;;;;;;84.73440000000001;84.73440000000001
UTAV;0.6821395770971443;1.1102312972622757;190.957;2.686393331377152;2742.694;41.881;15;;;;;;;;192.503;189.411
UTDD;0.6727143060510589;1.2012134027350194;779.9832;1.5730714681946265;3102.981;43.081;9;;;;;;;403.645;784.86;773.636
UTDL;0.701890872960754;1.2164123179489403;434.492;4.576663451103351;2893.074;45.631;26;;;;;;299.25;293.801;425.515;441.96
UTDT;0.6608919618086817;1.2019132081285326;448.513;6.108915577631354;2266.375;34.171;35;;;;;;65.037;;448.056;448.9704
UTNN;0.7415767800266503;1.0406133041210404;74.9808;5.840599828536959;2987.584;45.073;33;;;;;;;;74.676;75.2856
UTNN;0.7415822981536453;1.040706041423921;74.9808;1.3191130418732315;596.259;21.483;7;;;;;;;;74.9808;74.9808
UTNU;0.7257535069809576;1.058430444783132;97.383;2.435964938187672;2990.776;47.769;13;;1190.588;0.0523598775598298;1190.588;0.0523598775598298;;;97.536;97.2312
UTSA;0.7001794168031641;1.1374518958866122;344.11920000000003;4.49264888596595;3987.436;44.303;25;;;;;;;;347.47200000000004;340.76640000000003
UTSB;0.6942093534517765;1.1254276533448366;226.923;0.1774775574469352;2988.552;42.1;1;;1189.476;0.0523598775598298;1189.476;0.0523598775598298;;;224.9424;228.9048
UTSS;0.6929053843476578;1.1690887984220188;670.102;4.811937324930691;3086.479;44.019;27;;1008.961;0.0523598775598298;1238.439;0.0523598775598298;229.479;;670.102;670.102
UTTT;0.7200951622139004;1.2091772010649;423.9768;1.4250613342533702;3998.704;62.062;8;L;;;1445.348;0.0527089434102287;249.396;249.204;416.291;431.983
UTTT;0.7200625449924051;1.209184340105127;423.9768;1.4249854124309085;3904.15;42.682;8;R;1447.46;0.0523598775598298;;;199.815;205.54;416.519;431.146
UUBA;1.0087556004340936;0.7159221708377738;135.0264;2.562044381759088;1669.3896;70.683;13;;;;;;;;135.9408;134.112
UUBC;0.9521221970369496;0.6347095415295928;195.9864;5.650884807773203;1076.013;42.902;31;;;;;;;;188.976;202.9968
UUBD;0.9536913112654268;0.6906180573151154;133.404;1.2587464663698775;3002.72;66.246;6;;;;;;;;135.568;131.24
UUBI;0.9938320278588229;0.7144041534119692;124.968;5.25864265327265;2501.322;43.836;29;;;;;;;;124.968;124.968
UUBK;1.0141006232586058;0.6794207106873499;127.7112;0.94012107798797;2504.0;25.0;4;;;;;;448.636;;123.1392;132.2832
UUBL;0.9796079875990232;0.7036325666597638;164.766;0.5036350887487495;1910.873;40.644;2;;;;;;;;167.083;162.451
UUBM;0.9697177017089174;0.6629396550576104;132.335;1.229164182746125;1404.959;34.284;6;;;;;;;;133.364;131.308
UUBP;0.928766979078376;0.5964827977198937;199.491;6.132237365228203;2389.891;39.938;34;;;;;;;;196.2912;202.692
UUBW;0.9695338304613704;0.6659315604977194;118.414;2.2965476884725136;4591.211;69.072;12;;;;;;;;122.2248;114.6048
UUDD;0.9670540906902556;0.6612661313905371;165.455;2.5420847964332807;3492.664;49.384;14;R;1441.532;0.0523598775598298;1441.532;0.0523598775598298;;;180.4416;161.8488
UUDD;0.9670695039951388;0.6619153237196225;165.455;2.5426221833099696;3793.323;50.317;14;C;1591.862;0.0523598775598298;1591.862;0.0523598775598298;;;165.8112;159.7152
UUEE;0.9769293553375236;0.6530050212935709;186.486;1.3100064374351006;3548.885;56.063;6;C;1451.088;0.0523598775598298;1409.933;0.0523598775598298;;;188.976;189.5856
UUEE;0.9768858364505016;0.6530181680507099;186.486;1.3094415616226929;3704.0;57.261;6;R;1510.93;0.0523598775598298;1435.528;0.0523598775598298;;;188.6712;189.2808
UUEE;0.9771199091948566;0.6519585628319946;186.486;1.309171384654484;3105.684;54.028;6;L;1179.222;0.0523598775598298;1129.859;0.0523598775598298;;;182.88;179.52720000000002
UUEM;0.9917786233777124;0.624083903287205;137.189;4.447968980713671;2473.726;48.914;25;;;;;;;;134.896;139.482
UUMO;0.968790322828436;0.6545707727610233;167.9448;4.621656642956364;2047.791;44.942;25;;;;;;121.27;;171.382;164.8968
UUMT;0.9582766582863927;0.6811493415031905;155.0;1.916965977833003;2997.026;81.859;10;;;;;;;;157.099;152.913
UUMU;0.975307230809526;0.6643037344903274;149.772;2.278358041541154;3005.87;102.534;12;L;;;;;;;151.096;148.449
UUMU;0.9752606690528992;0.6642641303720855;149.772;2.2797604135951315;3637.244;57.781;12;R;;;;;;;151.285;148.26
UUOB;0.8838949337947206;0.6386387756436795;218.5416;2.0481086215644555;2489.576;41.75;11;;;;;;;;224.028;213.0552
UUOK;0.903218753292224;0.633476640985765;204.978;2.164051803705527;2471.572;38.678;12;;;;;;;;200.8632;209.0928
UUOL;0.919844354980982;0.6900649962588549;175.107;5.934205676045768;2180.18;39.023;33;;;;;;;;173.884;176.17440000000002
UUOO;0.9043424791856322;0.6846872157727116;151.638;5.426651014129353;2290.185;41.363;30;;;;;;;;147.828;155.448
UUOT;0.921646020519012;0.7240091039576652;121.92;5.815798350800269;2086.452;41.817;32;;;;;;;;124.968;118.872
UUWE;0.9639274309894718;0.6389308521145988;190.79;2.392765246674008;2996.843;59.872;13;;;;;;;;196.776;184.805
UUWW;0.9702678466818064;0.6503877399152007;196.672;1.1916581915847806;3506.339;56.967;6;;1382.56;0.0523598775598298;1401.333;0.0523598775598298;;;191.7192;208.788
UUWW;0.970388794896928;0.6504364258288788;196.672;0.4068883990779278;3059.568;43.242;1;;1225.238;0.0523598775598298;1210.544;0.0523598775598298;;;192.9384;193.2432
UUYH;1.1094502999153633;0.9390656843884092;138.0744;0.2710153894747952;2681.838;47.244;36;;;;;;;;145.0848;131.064
UUYI;1.1528913831022751;1.0491401581634991;57.866;0.7486956694638445;1449.135;38.206;2;;;;;;;;56.892;58.842
UUYK;1.113939164563165;0.9997170820159028;107.731;3.2138051277922832;1500.877;35.23;17;;;;;;292.101;400.428;106.717;108.746
UUYP;1.1365812567714746;0.9971236754605862;56.083200000000005;0.0230430079007572;1792.038;39.054;34;;;;;;;;60.0456;52.1208
UUYS;1.1520002611834703;1.001248199385468;74.676;5.87718158059291;2486.089;42.77;31;;;;;;;;71.9328;77.4192
UUYW;1.1779037010342854;1.1168879802388887;175.107;4.920638176074149;2197.525;50.144;26;;;;;;298.494;;184.0992;166.116
UUYX;1.1421023271576458;0.9110668913682004;73.0;2.9980206475902635;1339.799;33.528;15;;;;;;;;77.1144;68.8848
UUYY;1.0759420852380088;0.8874179116570801;97.8408;3.520764211855085;2495.055;47.466;18;;;;;;;;94.488;101.1936
UWGG;0.9810930659613551;0.7641891203823423;78.105;2.775369343979197;594.884;19.774;15;;;;;;;;78.105;78.105
UWGG;0.9810610280554192;0.7642831294486734;78.105;1.1874033406678062;494.875;17.663;6;;;;;;;;78.105;78.105
UWGG;0.9813900032214126;0.7641435475583369;78.105;0.2010954576046776;2790.577;40.32;36;L;;;;;;;77.4192;78.0288
UWGG;0.9814058729567364;0.7642098118956554;78.105;0.2022449489033335;2499.899;39.664;36;R;;;;;;;78.6384;78.3336
UWKB;0.9536736743250634;0.9215417281138624;297.4848;0.4105433279711142;1961.488;38.879;1;;;;;;;;302.0568;292.9128
UWKB;0.953559133691129;0.9215138663514032;297.4848;0.4085251164905705;2694.608;40.255;1;L;;;;;;;297.4848;297.4848
UWKD;0.9705344664275892;0.860018579553491;115.2144;5.314646254711869;3736.653;42.871;29;;;;;;;;124.968;105.4608
UWKD;0.9705660069413782;0.8600514815563725;115.2144;5.314490920408442;3704.0;21.258;29;R;;;;;;253.86;115.2144;115.2144
UWKE;0.9697856922895692;0.9091857425650876;190.5;3.96107133769216;2488.557;38.139;21;;;;;;;;189.8904;191.1096
UWKG;0.9750485985964562;0.8575263601158812;61.0;2.161111534781155;3174.414;94.063;11;;;;;;;;66.669;55.342
UWKJ;0.9896934969809714;0.8359285475964888;103.3272;6.161090101224622;2389.052;45.0;34;;;;;;;;103.3272;103.3272
UWKS;0.9789599734066312;0.8263644651302551;165.2016;1.2526238513538814;2500.823;42.47;6;;;;;;;;170.99280000000002;159.4104
UWLL;0.9471622727676238;0.8416622189907261;125.8824;3.701623257461296;3820.354;56.688;20;;;;;;;;114.9096;136.8552
UWLW;0.9494777912068324;0.8517680570823037;68.732;3.686300662892188;4988.467;94.768;20;;;;;;;;60.96;76.5048
UWOO;0.9040071256968132;0.9678998465441436;117.0432;4.710614853200037;2490.51;39.412;26;;940.455;0.0471238898038469;940.455;0.0471238898038469;;;117.0432;117.0432
UWOO;0.90392213600808;0.9682838098749004;117.0432;6.275481772927134;637.694;61.922;35;;;;;;;;117.0432;117.0432
UWOO;0.9039268349009508;0.9682519377663468;117.0432;0.8533125025175142;639.375;49.125;4;;;;;;;;117.0432;117.0432
UWOR;0.891383459299009;1.0226885473039231;270.814;1.3383050313940117;2889.1992;40.81;7;;;;;;;;277.0632;264.5664
UWPP;0.9269315610944212;0.7858539774620289;178.61280000000002;2.0275693251275984;2787.256;45.158;11;;;;;;;;173.12640000000002;184.0992
UWPS;0.9446639246785404;0.7891105969533025;207.111;3.717797398172453;2794.911;40.619;20;;;;;;;;198.12;216.1032
UWSB;0.9051067075902414;0.8333159943693507;23.844;3.810011520135723;2506.782;39.115;21;;;;;;;;23.792;23.897
UWSG;0.90255631472757;0.8057947368213634;29.108;1.606673489431817;2747.419;50.299;8;;;;;;;;26.8224;31.3944
UWUU;0.9522247534459786;0.975002582995912;123.596;5.774148162596527;3761.777;41.307;32;L;;;;;;;137.16;113.3856
UWUU;0.9521983331454672;0.9753682735045802;123.596;5.7739947481552765;2517.23;45.284;32;R;;;;;;;123.7488;120.0912
UWUU;0.9522982563019532;0.9756429510031434;123.596;0.4822584182433706;566.158;86.151;1;;;;;;;;123.596;123.596
UWUU;0.9522568089069317;0.9756230631194952;123.596;1.0712359709843156;652.613;25.0;5;;;;;;;;123.596;123.596
UWUU;0.952249213436264;0.9757081152260664;123.596;2.6728272361672505;661.771;58.278;14;;;;;;;;123.596;123.596
UWWG;0.9288946391616452;0.8784434124845952;33.694;0.5751334091279082;3605.797;95.017;2;;;;;;;770.867;33.134;34.256
UWWW;0.933819073038368;0.8753138679093593;129.463;1.0691441938758004;2554.409;58.501;5;;;;972.405;0.0471238898038469;;;145.3896;125.5776
UWWW;0.9338536096083836;0.8757377786564671;129.463;2.8003359298631256;3007.503;51.343;15;;1198.952;0.0471238898038469;;;;;128.32080000000002;118.5672
VAAH;0.4027731159512584;1.2677099422132758;56.235;0.7766958121206644;3493.19;42.083;5;;1441.795;0.0488692190558412;1441.795;0.0523598775598298;;;54.864;57.607200000000006
VAAK;0.3612653901878723;1.3448971983323157;304.038;4.943972704574538;1399.482;39.772;28;;;;;;;;304.038;304.038
VAAU;0.3466746314756345;1.3159004689173832;579.577;4.701157437582255;2835.116;40.899;27;;1112.758;0.0523598775598298;1112.758;0.0523598775598298;;;574.8528;584.3016
VABB;0.3331599953025057;1.271721692709263;7.9248;1.555940433267771;3444.88;58.988;9;;1356.9696;0.0523598775598298;1017.1176;0.0523598775598298;139.944;481.222;4.771;7.375
VABB;0.333174507449852;1.2717689508148955;7.9248;5.484554406459368;2870.014;42.848;32;;977.7984;0.0523598775598298;829.6656;0.0523598775598298;200.199;400.884;7.222;13.0
VABI;0.3837782423613868;1.433112375659967;277.0;2.9294255427954567;1486.381;25.0;17;;;;;;;;279.438;274.555
VABI;0.3838204095121037;1.4331433817210175;277.0;0.9537246977767894;1879.456;25.0;6;;;;;;;;275.283;278.71
VABJ;0.4064449876651681;1.2159684412958864;78.0288;0.7830455991921002;2904.688;40.491;5;;;;;;144.568;;81.6864;74.3712
VABM;0.2310136305078347;1.624024285118727;6.805;6.218088016738702;1000.761;21.574;36;;;;;;;;7.591;6.021
VABO;0.3898401418581184;1.2780388304491204;39.0144;0.7701937799785773;2463.241;41.327;4;;709.944;0.0523598775598298;926.821;0.0523598775598298;216.877;;38.653;39.3192
VABP;0.4064665803360181;1.3496623165290913;522.1224;5.195824239236095;2743.022;44.0;30;;1066.711;0.0523598775598298;1066.711;0.0523598775598298;;;521.8176;522.4272
VABV;0.3796499636134351;1.2598841263166316;9.144;1.1823874389304998;2009.682;44.863;7;;439.593;0.0523598775598298;612.232;0.0523598775598298;260.448;87.809;12.346;6.7056
VADN;0.3565885347152122;1.2713284993407046;10.134;3.5804776851523425;1791.199;44.238;21;;590.8;0.0523598775598298;392.809;0.0523598775598298;;198.0;12.8016;8.344
VADN;0.3566623243031304;1.271310249925305;10.134;4.788564399186758;1030.208;22.072;28;;;;;;114.6048;32.749;11.374;7.804
VAID;0.396552688799785;1.3229440020497627;560.374;4.275164978671263;2751.592;38.951;25;;1071.0;0.0523598775598298;1071.0;0.0523598775598298;;;560.5272;560.2224
VAJB;0.4045288166032378;1.3971699686782564;487.832;4.162895452806252;1985.294;41.901;24;;;;;;;;495.6048;480.06
VAJM;0.392118671876611;1.2219134438852974;23.055;2.0359359972293465;2515.712;43.498;12;;;;;;;;19.865;26.246
VAJM;0.3920625953007965;1.2218340483952996;23.055;4.218318557736257;2502.482;40.113;24;;;;;;;;28.545;17.565
VAKE;0.4033877405014094;1.2234827375650592;29.5656;0.8722994333044775;1520.252;27.578;5;;;;;;;;29.5656;29.5656
VAKJ;0.4151584378839161;1.4934940580070224;373.79;3.167741350976097;794.95;18.426;18;;;;;;;;378.303;369.278
VAKP;0.2908528550288679;1.2965808606733908;608.6856;1.2138354795246344;1368.157;45.0;7;;;;;;;;609.9048;607.4664
VAKS;0.3720502680384671;1.2264481856440652;50.139;0.8590326446080004;1358.254;38.822;5;;;;;;;;50.9016;49.3776
VANP;0.3682190494356913;1.379562793821131;311.048;5.647574441780945;3197.823;36.0;32;;1294.111;0.0523598775598298;1294.111;0.0523598775598298;;;307.2384;316.122
VAOZ;0.3511534019886895;1.290031786049574;599.694;4.611278915224005;2996.23;42.79;27;;;;;;;;591.312;608.076
VAPO;0.3243229753194382;1.290119826410142;584.9112;1.6363088310648306;2528.584;42.0;10;;959.492;0.0453785605518525;959.492;0.0523598775598298;;;583.0824;586.74
VAPR;0.3778548636517449;1.215735045394963;6.553;4.680370391658078;1369.837;43.943;27;;;;;;;;5.1816;7.9248
VARG;0.2969493262056488;1.2798324382343698;90.49;0.7463781863764615;2089.324;57.571;4;;;;;;;;87.222;93.759
VARK;0.3893730262637362;1.2353393335960656;132.13;3.959926401702851;1852.0;42.097;23;;519.639;0.0523598775598298;515.548;0.0523598775598298;98.296;102.387;129.567;134.695
VARP;0.5029539332729877;1.3775568483530696;190.852;5.246839689673115;2099.011;25.762;30;;;;;;;;192.454;189.252
VASD;0.3436351031756519;1.29812944723538;586.282;1.5444071230376677;2561.104;59.245;9;;;;;;;;590.7024;581.8632
VASL;0.307670262832835;1.325308280523832;482.8032;2.5326347111983574;2126.379;41.026;15;;;;;;252.065;1231.692;482.8032;482.8032
VASU;0.3685409674848702;1.2696122974768655;7.010400000000001;3.8887164446227063;2905.573;44.015;22;;;;;;617.925;;6.542;7.315200000000001
VAUD;0.4296568981686967;1.2897313924017348;509.9304;1.4223346063629794;2279.718;43.671;8;;684.628;0.0523598775598298;835.059;0.0523598775598298;150.431;;513.06;507.1872
VCCT;0.1490358033679973;1.4168807495133002;2.7432000000000003;4.175991007249816;2153.758;34.317;24;;;;;;;;3.6576;1.8288
VDBG;0.2285626400028136;1.8016057885544745;10.125;4.343541917309571;1589.477;34.656;25;;;;;;;;8.812;11.438
VDKH;0.2138814905082941;1.8249957186332324;19.483;3.184690068809289;2398.684;46.205;18;;;;;;;;15.904;23.063
VDPP;0.2015250348751764;1.829875108287016;11.43;3.936543876648032;2998.343;43.376;23;;;;1194.372;0.0523598775598298;149.581;;10.925;11.8872
VDRK;0.2396623027140328;1.867218912766367;319.051;3.122421433487112;1318.972;28.128;18;;;;;;;;322.653;315.449
VEAN;0.491747664795496;1.654615993153778;247.416;0.9370341141399676;342.115;25.0;5;;;;;;;;248.31;246.523
VEAT;0.4169101593987199;1.5924532490069212;16.764;3.216915129986412;2286.557;43.465;18;;;;838.479;0.0523598775598298;136.264;;16.4592;17.0688
VEAT;0.4169511328082839;1.5923519916691464;16.764;3.9936838619632247;1052.0;38.759;23;;;;;;;;16.764;16.764
VEBD;0.4656789561634299;1.5416150590417734;123.901;3.1712253772289287;2785.963;44.71;18;;1088.182;0.0523598775598298;1088.182;0.0523598775598298;;;128.93040000000002;118.872
VEBI;0.4486188853601463;1.6053217162149953;886.9680000000001;3.820334619062494;1828.339;44.867;22;;;;;;;305.428;884.2248000000001;890.81
VEBS;0.353443927935432;1.497716655959938;35.052;5.655363148100895;2742.62;43.521;32;;1066.51;0.0523598775598298;1066.51;0.0523598775598298;;;38.1;32.004000000000005
VEBS;0.3533301012055204;1.4978039160975305;35.052;4.036754573645164;1268.2728;40.749;23;;329.336;0.0523598775598298;329.336;0.0523598775598298;;;35.052;35.052
VECC;0.3954652491264149;1.5437135857681206;5.41;3.249319087411864;3630.449;42.779;19;L;1085.762;0.0523598775598298;1510.425;0.0523598775598298;424.663;;5.486400000000001;5.486400000000001
VECC;0.3953344466951115;1.5436619037982162;5.41;3.249455223093519;3267.71;42.066;19;R;1241.824;0.0523598775598298;;;87.231;439.9;5.172;5.535
VEDB;0.4159812707867807;1.508405375229904;264.416;4.405276132814787;1130.854;27.19;25;;;;;;;;259.08000000000004;269.754
VEDG;0.4122909194916937;1.522676527303528;88.39200000000001;5.905552256649928;2798.381;43.0;34;;;;;;;252.419;85.95360000000001;91.311
VEGK;0.4667149479337885;1.4564784855312802;79.248;1.9743846922297383;2741.623;43.154;11;;1066.012;0.0523598775598298;1066.012;0.0523598775598298;;;79.248;79.248
VEGT;0.455664983475558;1.598473074979693;49.3776;3.536227654494829;3104.203;44.795;20;;1247.302;0.0523598775598298;1247.302;0.0567232006898157;;;49.3776;49.3776
VEGY;0.4318670338411473;1.4826674577328067;112.928;1.8104548167690964;2285.871;43.677;10;;;;;;;77.801;109.4232;116.678
VEIM;0.4321372991787834;1.638815471410054;774.4968;3.743312017441508;2740.116;41.969;22;;1065.258;0.0523598775598298;1065.258;0.0610865238198015;;;775.4112;773.5824
VEJS;0.3981732450796017;1.5039232204996922;143.256;4.558513772211862;1328.392;30.329;26;;;;;;187.1472;411.541;141.849;145.713
VEJT;0.4665114033639115;1.6436467057017834;90.2208;3.9160030966813113;3113.011;44.472;22;;;;;;;333.561;89.91600000000001;90.5256
VEKR;0.4242631660238173;1.6058345645790928;27.889;3.606605962186399;1001.91;25.0;21;;;;;;;;27.432;28.346400000000003
VEKU;0.4348195419221028;1.622795254480858;103.479;0.990792000430645;2285.746;44.074;6;;838.073;0.0523598775598298;838.073;0.0523598775598298;;;99.06;107.8992
VELP;0.41610420857049;1.616518306026474;422.0;6.133720196960698;2432.696;44.177;35;;;;911.548;0.0610865238198015;;;425.196;418.7952
VELR;0.4763971132462655;1.6423048782283305;100.736;0.7418043765386851;2275.204;42.949;4;;;;;;113.046;;100.906;100.584
VEMN;0.4796789651485703;1.6583654560920549;108.661;3.928043599592044;1830.214;44.481;23;;427.061;0.0523598775598298;610.307;0.0523598775598298;183.246;;109.219;108.204
VEMR;0.4517596885529205;1.6366229434196056;147.5232;5.20490379107082;2288.951;44.188;30;;839.676;0.0523598775598298;628.1928;0.0567232006898157;;211.486;150.2664;144.223
VEMZ;0.4558504405263029;1.4889934588056672;53.0352;1.818410202032612;1209.876;25.0;11;;;;;;;;53.0352;53.0352
VEPH;0.4096966156799552;1.5259074852611338;71.78;5.7528321073760695;3168.375;45.52;33;;;;;;;;73.589;69.984
VEPT;0.446643085757305;1.485055985536958;53.34;4.334439327128719;2069.178;43.228;25;;596.4936;0.0549778714378213;335.143;0.0523598775598298;133.295;394.647;53.34;53.34
VERC;0.4069199152420937;1.4891460704196964;642.8232;5.436419971018616;2746.209;44.772;31;;1068.305;0.0523598775598298;776.339;0.0567232006898157;;291.966;632.7648;655.273
VERK;0.3884501648742836;1.480293629329516;200.8632;4.703165962485451;1818.619;27.701;27;;;;;;;206.9592;200.8632;200.8632
VETZ;0.4661512738945021;1.6193670795617077;74.516;0.7711652302402373;3137.965;46.66;5;;962.764;0.0523598775598298;;;301.419;;71.28;77.753
VEZO;0.4815313471305723;1.6376140606655218;1646.8344000000002;0.060598412823884;1075.499;26.246;36;;;;;;;;1646.8344000000002;1646.8344000000002
VGBR;0.397956118778277;1.5760494354517671;3.048;6.1779419532843285;1827.787;31.799;35;;;;;;;;3.048;3.048
VGCB;0.3744113534500088;1.605080182588436;3.505;6.097800448290028;2050.505;37.18;35;;;;;;;;3.6576;3.3528
VGEG;0.3883294624293993;1.6024440900341237;4.2672;3.9840266061460894;2939.784;50.417;23;;1165.092;0.0523598775598298;1165.092;0.0523598775598298;;;4.2672;4.2672
VGIS;0.4215422554298267;1.5542057590683007;14.0208;5.813393287091021;1410.078;20.742;33;;;;;;;;14.0208;14.0208
VGJR;0.404635217560979;1.556149965492302;6.096;2.7508403121387435;2431.266;44.504;16;;910.833;0.0523598775598298;910.833;0.0523598775598298;;;6.096;6.096
VGRJ;0.4265125254558093;1.5466505713129763;16.764;2.9684812990661094;1817.99;29.183;17;;604.195;0.0523598775598298;604.195;0.0523598775598298;;;16.764;16.764
VGSD;0.449580560892078;1.5517549382617768;38.1;2.785924571696483;1815.705;28.623;16;;603.052;0.0523598775598298;603.052;0.0523598775598298;;;38.1;38.1
VGSY;0.4357023778729067;1.6033466831812275;15.24;5.115776458422626;3032.913;45.233;29;;1211.657;0.0523598775598298;1211.657;0.0523598775598298;;;15.24;15.24
VHHH;0.3892406965459581;1.9881987347206007;7.315200000000001;4.376847686359528;3799.439;58.195;25;L;1401.984;0.0523598775598298;1284.603;0.0523598775598298;;157.448;8.2296;8.2296
VHHH;0.3894888952272865;1.988171325487468;7.315200000000001;4.376863394322796;3798.893;58.191;25;C;1260.094;0.0523598775598298;1263.977;0.0523598775598298;176.074;167.919;6.7056;6.7056
VHSK;0.3915933555493632;1.9910717965970648;13.716;5.088637635751667;1825.527;34.7472;29;;;;;;257.145;308.345;23.047;4.617
VIAG;0.4739998937581659;1.360684526505522;167.64;3.940493905811146;3214.763;41.871;23;;1068.296;0.0523598775598298;;;234.286;107.586;167.64;167.64
VIAG;0.4739910986946734;1.360673447339268;167.64;5.169734184912659;1813.0;45.110400000000006;30;;;;;;;;167.64;167.64
VIAM;0.5300977755115411;1.3406521143532426;277.0632;2.124922377087148;3671.562;44.416;12;L;1074.967;0.0523598775598298;;;456.014;398.037;277.0632;277.0632
VIAR;0.5534656564890088;1.3054448802725294;231.0384;5.893204226724993;3653.601;45.119;34;;1522.0;0.0523598775598298;;;;;230.4288;231.648
VIBK;0.4899361099312503;1.2777010329118303;228.6;3.926354120876114;2932.423;43.504;23;;1161.412;0.0523598775598298;;;;;228.6;228.6
VIBR;0.5563537201027365;1.3465966019954898;1084.63;5.914576132481514;1116.752;28.667;34;;;;;;;54.375;1080.8208;1088.4408
VIBT;0.5283153970854683;1.3047326849381635;201.7776;2.2844426083794565;2743.094;45.048;13;;1066.747;0.0523598775598298;;;;;201.7776;201.7776
VIBY;0.4960660234153232;1.3866662324735777;176.772;1.9585056866950945;2742.272;42.723;11;;1066.336;0.0523598775598298;1066.336;0.0523598775598298;;;177.853;175.692
VICG;0.5353495577893532;1.340225285572206;310.855;1.9936651699435948;2913.308;43.901;11;;830.374;0.0575958653158128;1007.818;0.0523598775598298;321.481;144.036;314.307;307.405
VIDD;0.4988914682835859;1.3474900431270895;213.817;5.331780675577473;1223.498;29.745;30;;;;;;394.546;;212.413;214.5792
VIDN;0.5269169878418245;1.3645326096279151;549.5544;4.53088346482354;2137.8672;43.311;26;;;;;;1029.194;;566.084;543.7632
VIDP;0.4986443814199977;1.3456928853273011;225.907;1.5964058919752595;2813.058;43.905;9;;996.051;0.0523598775598298;818.0;0.0523598775598298;;148.225;219.1512;229.779
VIDP;0.498516417049768;1.345713803105277;225.907;1.827191302565245;3812.396;43.394;10;;1524.385;0.0523598775598298;1345.883;0.0523598775598298;;;219.7608;237.1344
VIDP;0.498159781028732;1.3454303871093871;225.907;1.8113424912266607;4430.759;58.495;11;;1141.076;0.0523598775598298;267.773;0.0523598775598298;647.281;1461.879;218.697;234.377
VIGG;0.5613830744641045;1.3310411872995536;760.933;2.583153091864408;1373.385;29.482;15;;;;;;;;770.2296;751.6368
VIGR;0.458955384671118;1.3653369492957006;190.989;4.199524328752006;3121.262;43.04;24;R;;;;;;331.52;187.387;194.592
VIGR;0.4589123514728983;1.3653309727877074;190.989;4.198422851461073;3135.1728000000003;42.9768;24;L;;;;;;;189.711;192.268
VIHR;0.5092755007287892;1.3221815369490784;213.6648;5.247779200409462;1221.366;45.027;30;;;;;;;;213.6648;213.6648
VIJO;0.4581677495772406;1.274926895506444;217.228;3.921519384315165;3212.446;43.939;23;;;;;;196.079;274.353;215.653;218.803
VIJP;0.4681778016446602;1.3232445361377376;383.286;1.466907348399186;3407.3592000000003;42.917;9;;1398.878;0.0523598775598298;1398.878;0.0523598775598298;;;386.1816;380.3904
VIJR;0.4693092166354929;1.2368172943743023;231.0384;3.884688399242029;2822.251;44.343;22;;;;;;;;231.679;230.403
VIJU;0.5705327902607792;1.306172945342219;290.881;3.0886561192451043;2041.323;44.383;18;;;;;;65.868;;292.03;289.734
VIKG;0.4641053946639916;1.3057383611448048;449.427;4.004682403310517;1998.672;43.477;23;;;;;;;;450.1896;448.6656
VIKO;0.4391345650887093;1.323751376784923;271.8816;4.468841373238271;1241.868;45.789;26;;;;;;112.067;;271.8816;271.8816
VILD;0.5385125446718814;1.325622889834287;254.05;5.217450090398781;1456.059;28.837;30;;;;;;101.915;119.463;253.873;254.233
VILH;0.5957903810379596;1.353451953148382;3260.0;4.375683551748447;3160.706;45.423;25;;;;1275.553;0.0523598775598298;405.337;;3307.719;3212.2872
VILK;0.467059506103162;1.4117778571859236;122.682;1.555548955916549;2742.732;43.814;9;;909.389;0.053232542185827;1066.566;0.0523598775598298;157.178;;123.536;121.92
VIPK;0.5625833987481432;1.3200721807278295;308.492;0.1747158531583345;2739.41;42.3672;1;;;;1064.905;0.0523598775598298;;;301.233;315.751
VIPT;0.5067292742568078;1.3870561723123276;234.848;4.86061682669684;1373.551;29.388;28;;;;;;;;235.3056;234.3912
VISR;0.5931875454879828;1.305049377443963;1662.0744000000002;2.3744433037853474;3671.458;44.554;13;;1530.929;0.0523598775598298;1530.929;0.0523598775598298;;;1662.0744000000002;1662.0744000000002
VIUX;0.5742510364778017;1.3117131838563436;629.7168;3.138732408011625;2740.177;41.719;18;;;;;;;;629.7168;629.7168
VLLB;0.347409022203099;1.783164149620475;296.2656;3.997365459487381;2897.878;43.531;23;;;;;;;401.1168;297.18;295.057
VLPS;0.2641516508393944;1.8462020386701536;104.8512;2.5674547279073447;2398.747;42.954;15;;;;;;;150.736;105.7656;103.815
VLSK;0.2889672296964327;1.828398871801555;154.381;0.6826832679895545;1633.043;35.916;4;;;;;;;;155.1432;153.6192
VLSN;0.356367101583062;1.816297683669925;1000.0488;1.3359420301197364;875.767;21.25;8;;;;;;;;1000.0488;1000.0488
VLVT;0.3139556142886662;1.7900663687675122;171.754;5.505318239504494;2997.949;40.112;31;;;;1194.175;0.0523598775598298;;;170.99280000000002;172.51680000000002
VMMC;0.3865799586984039;1.9825442559583872;6.096;2.81236875332515;3362.477;47.335;16;;1012.0;0.0523598775598298;1009.359;0.0523598775598298;364.447;367.079;6.096;6.096
VNBW;0.4800644850241634;1.4558878801454334;105.4608;4.866375016965019;1489.755;32.056;28;;440.078;0.0523598775598298;440.078;0.0523598775598298;;;105.4608;105.4608
VNJP;0.4661568388348757;1.4996190346302172;71.0184;1.5807043864255432;1305.202;27.721;9;;;;;;103.744;99.619;71.0184;71.0184
VNKT;0.4833969890020448;1.48979883617001;1328.166;3.525119855536362;3048.514;44.475;20;;;;1219.457;0.0523598775598298;123.826;;1339.596;1314.267
VNNG;0.4905004276544915;1.4253578643410638;157.429;1.413860229993091;1523.727;31.759;8;;;;;;;;156.972;157.8864
VNPK;0.4922000049172778;1.4657546189061357;817.4736;0.6921174707282847;1442.068;31.524;4;;416.234;0.0523598775598298;313.633;0.0523598775598298;;102.601;816.864;818.176
VNTJ;0.4773726221315548;1.530604232518557;2418.8928;1.20473245301147;984.427;49.454;7;;;;;;;;2404.699;2433.086
VNVT;0.4622016642574074;1.5230388940623198;73.7616;1.609406500507515;1498.227;27.837;9;;444.314;0.0523598775598298;444.314;0.0523598775598298;;;73.7616;73.7616
VOBG;0.2260219316578271;1.3555823675877423;878.89;1.4804744908066387;3305.156;59.354;9;;1347.778;0.0523598775598298;1347.778;0.0523598775598298;;;875.9952000000001;881.7864000000001
VOBL;0.230506015489346;1.356198985607596;903.579;1.5793327321664008;3996.941;44.413;9;L;;;;;;;915.0096;889.7112000000001
VOBR;0.3125139962966332;1.352185854116942;660.349;1.3652370325486107;2770.385;42.601;8;;1080.393;0.0523598775598298;1080.393;0.0523598775598298;;;654.1008;664.464
VOBR;0.3124697400988992;1.3523540701904833;660.349;3.456840131737391;2793.241;45.011;20;;;;;;;;664.464;658.368
VOBZ;0.2885249076376577;1.4102241211522957;20.7264;1.3553642285688543;2405.536;43.163;8;;;;;;301.251;;25.132;16.764
VOCB;0.1925405000846679;1.3446826136073338;397.306;0.7942778052196497;2982.587;41.336;5;;1186.493;0.0523598775598298;1186.493;0.0523598775598298;;;405.384;389.2296
VOCI;0.1771706380167911;1.333440294927254;8.8392;4.675201599078298;3399.967;42.0624;27;;1395.183;0.0523598775598298;1395.183;0.0523598775598298;;;9.144;8.5344
VOCL;0.1943603701752763;1.3256745015841236;97.688;1.761416475308737;2857.813;47.482;10;;1124.106;0.0523598775598298;1124.106;0.0558505360638185;;;96.012;99.3648
VOCP;0.2532871609869259;1.3748277766267545;132.2832;1.893563556024712;1713.595;25.0;11;;;;;;;;133.1976;131.3688
VOCX;0.1597536327571832;1.6200018299635144;1.524;3.493382090286396;2710.13;42.36;20;;;;;;;;1.524;1.524
VODG;0.3076290436530335;1.3684356360522514;613.5624;1.736861787128279;2118.257;44.196000000000005;10;R;;;;;;;613.5624;613.5624
VODG;0.307707081555054;1.3684037639436977;613.5624;1.7376324547127897;2075.753;43.819;10;L;733.076;0.0523598775598298;733.076;0.0523598775598298;;;613.5624;613.5624
VOHS;0.3007358146252329;1.3689117359141978;609.676;4.697977796750973;4374.977;43.407;27;R;;;;;358.709;308.72;618.744;601.6752
VOHS;0.3007003066776129;1.3689119621788608;609.676;4.697850387715577;4251.954;58.546;27;L;;;;;;;617.5248;600.7608
VOHY;0.3046148589458561;1.3695394643092242;527.456;1.550943904685162;3047.81;43.837;9;;;;482.13;0.0523598775598298;477.167;736.975;533.079;520.855
VOMD;0.1716435813698395;1.362949069076619;131.9784;1.4968849490985157;2283.152;43.927;9;;836.776;0.0523598775598298;774.572;0.0523598775598298;;62.204;131.9784;131.9784
VOML;0.2260959202026042;1.3070121843837033;94.335;4.157690182845104;2449.096;41.473;24;;919.748;0.0523598775598298;802.248;0.0523598775598298;;117.501;94.488;94.167
VOMM;0.2267193222612307;1.3992077238370333;14.401;4.344747067158073;3658.665;44.444;25;;;;;;;;16.4592;13.1064
VOMM;0.226907868994959;1.399194007517122;14.401;5.197572710080743;2887.765;44.904;30;;458.1144000000001;0.0523598775598298;788.2128;0.0523598775598298;;780.696;14.630400000000002;12.96
VOPB;0.2031781147497314;1.6184377169643107;25.6032;3.773277226303148;3273.062;42.067;22;;;;775.424;0.0523598775598298;1152.173;556.307;19.177;32.029
VOPC;0.2088850927654159;1.3929784782153782;37.947;4.345426523835874;1499.829;28.934;25;;;;;;;;33.2232;42.672
VOPN;0.2469394950725902;1.3577199288695592;473.0496;1.618172503942119;2126.161;43.333;9;;758.281;0.0523598775598298;758.281;0.0523598775598298;;;469.038;476.718
VORY;0.2986163213569737;1.427996640862412;37.1856;0.925665458271497;1749.401;43.293;5;;;;;;391.97;426.875;26.8224;47.5488
VOSM;0.2056410836279856;1.3624838143140336;303.733;0.5961195098532759;1815.9984;39.719;4;;;;;;;;300.228;307.2384
VOTR;0.1879061453080467;1.3738840735310658;85.191;1.4916383148340953;2419.587;40.696;9;;761.151;0.0523598775598298;905.0;0.0523598775598298;143.843;;89.149;81.6864
VOTV;0.1480428506475309;1.342504449521866;5.029;5.516575613179858;3370.059;41.07;32;;1245.849;0.0523598775598298;974.346;0.0523598775598298;134.381;405.884;4.862;5.225
VQGP;0.4692241684300366;1.578897358543957;283.616;2.063624668427855;1494.548;28.748;11;;;;;;;;300.8376;266.3952
VQPR;0.4782772497100674;1.560755418859349;2235.859;2.62668003261282;2264.146;30.969;15;;;;;;157.421;120.26;2245.239;2226.806
VRMG;-0.0120993916682288;1.2768058986963735;2.1336;1.7243953366135965;2659.399;44.913;10;;922.068;0.0523598775598298;;;102.831;92.815;2.1336;2.1336
VRMH;0.1177350091871384;1.277043297141162;1.2192;0.471929856436041;1215.946;29.045;3;;;;;;;;1.2192;1.2192
VRMK;0.0324650897184414;1.283186304717323;1.2192;0.4387544634812076;1218.239;29.424;3;;;;;;;;1.2192;1.2192
VRMM;0.0731606852876309;1.2833259958388763;1.676;6.267112046499195;3198.516;44.508;36;;;;;;290.773;100.751;1.493;1.84
VTBD;0.2428047385233833;1.755874157964688;1.904;0.4983811415547635;3704.0;59.385;3;L;1628.2416;0.0523598775598298;1628.2416;0.0523598775598298;;;2.1336;2.1336
VTBD;0.2428346815306298;1.755963470088706;1.904;0.4988082759826041;3504.0;43.42;3;R;1527.9624;0.0541052068118242;1178.052;0.0523598775598298;;346.203;1.524;1.863
VTBK;0.2461264871275459;1.7438847991921516;9.7536;3.654715439418846;2747.131;43.97;21;;1068.765;0.0523598775598298;1068.765;0.0523598775598298;;;9.7536;9.7536
VTBL;0.2596091614664789;1.7569079378029109;35.9664;2.802866482745592;2209.793;44.071;16;;800.096;0.0523598775598298;800.096;0.0523598775598298;;;35.9664;35.9664
VTBL;0.2595928587074035;1.75688748035649;35.9664;0.8117949418836311;1339.156;44.464;5;;364.778;0.0523598775598298;364.778;0.0523598775598298;;;35.9664;35.9664
VTBO;0.2142440074600088;1.7858193888466087;25.45;0.891451559505142;1798.266;42.638;5;;;;594.333;0.0523598775598298;;;32.308800000000005;18.5928
VTBS;0.2388915262881008;1.7582259138599987;1.295;0.2499277105869615;3704.0;58.75;1;L;1449.689;0.0523598775598298;1449.766;0.0523598775598298;;;1.524;1.2192
VTBS;0.2386599112461189;1.7585315115950853;1.295;0.2501207090956471;4000.458;58.385;1;R;1599.828;0.0523598775598298;1599.401;0.0523598775598298;;;1.2192;1.2192
VTBU;0.2213040735172414;1.7628695513394723;12.649;3.2216842421674863;3492.165;58.376;18;;1441.282;0.0523598775598298;1441.282;0.0523598775598298;;;17.9832;7.315200000000001
VTCC;0.3275704018335016;1.727228084161684;311.353;3.1447208072081425;3398.185;43.0;18;;1093.595;0.0523598775598298;1394.292;0.0523598775598298;300.698;;316.628;306.9336
VTCH;0.3368764040944206;1.7100035774651754;273.4056;1.8829735962553111;1992.334;27.713;11;;691.367;0.0523598775598298;;;;;263.652;283.1592
VTCL;0.3188920323902944;1.736674493398736;243.84;3.062400607708578;1979.121;29.028;18;;484.205;0.0523598775598298;578.0;0.0523598775598298;200.555;106.77;239.687;247.593
VTCN;0.328259629354023;1.7590022201162705;207.416;0.3591586705841286;1993.358;44.0;2;;691.879;0.0593411945678072;691.879;0.0523598775598298;;;206.923;207.909
VTCP;0.3164657183874344;1.7482041525962726;163.525;3.237613513184588;1499.3112;28.811;19;;444.856;0.0523598775598298;444.856;0.0523598775598298;;;163.068;163.9824
VTCT;0.3482337978611729;1.743286508609995;389.382;0.5044779955110001;2997.052;40.77;3;;1193.726;0.0523598775598298;1193.726;0.0523598775598298;;;390.144;388.62
VTPB;0.291051788480959;1.7661884482286587;137.0;3.142134927388388;2100.524;44.069;18;;745.462;0.0523598775598298;745.462;0.0523598775598298;;;137.16;136.8552
VTPH;0.2205361527074001;1.744480226355988;12.039;5.930127888781409;2095.934;33.87;34;;591.426;0.0523598775598298;743.167;0.0523598775598298;151.741;;4.127;18.8976
VTPI;0.266639781908612;1.7504934360379267;25.6032;0.0208678791031545;2991.294;42.762;36;;1190.847;0.0523598775598298;1190.847;0.0523598775598298;;;19.812;31.3944
VTPM;0.2914673859522618;1.7199359329781267;208.1784;1.5554902081339268;1498.142;28.714;9;;444.271;0.0523598775598298;444.271;0.0523598775598298;;;210.312;206.0448
VTPO;0.3008545626115632;1.742158189153818;54.5592;0.0193083366593764;2098.536;43.914;36;;;;;;;;54.5592;54.5592
VTPP;0.2929177112327026;1.750200727586397;44.196000000000005;5.655826009418524;2992.92;43.604;32;;1191.66;0.0523598775598298;1191.66;0.0523598775598298;;;44.196000000000005;44.196000000000005
VTPT;0.2948900876072384;1.732297341076582;144.322;1.5764085377244397;1498.114;28.033;9;;;;444.257;0.0523598775598298;;;142.9512;145.6944
VTSB;0.1593931697424518;1.7302421089231512;5.7912;3.910332172875731;3003.626;44.116;22;;1197.013;0.0523598775598298;1197.013;0.0523598775598298;;;5.486400000000001;6.096
VTSC;0.1137581483120631;1.7757421693337767;5.486400000000001;3.549098934129512;2490.666;42.896;20;;940.533;0.0523598775598298;940.533;0.0523598775598298;;;5.486400000000001;5.486400000000001
VTSE;0.1869454704120813;1.7341887108006748;5.486400000000001;1.0453311484543926;2100.048;44.619;6;;745.224;0.0523598775598298;745.224;0.0523598775598298;;;5.486400000000001;5.486400000000001
VTSF;0.1490436680155915;1.744364402255259;3.9624;0.1061844441545796;2097.772;43.827;1;;744.086;0.0523598775598298;744.086;0.0523598775598298;;;3.9624;3.9624
VTSG;0.1413015778464599;1.7276790920527345;26.67;2.4578909859817;2988.334;42.567;14;;1189.367;0.0628318530717958;1189.367;0.0558505360638185;;;24.9936;28.346400000000003
VTSH;0.1254279628638236;1.755940695380048;3.6576;2.3531300410916933;1494.606;38.257;13;;;;;;;;3.6576;3.6576
VTSK;0.1184296553562253;1.7654648226277003;2.286;1.4905699987989496;1401.854;37.258;8;;;;;;;;2.1336;2.4384
VTSM;0.1666392546109716;1.746420055729096;15.087;3.0454834803348474;2098.912;42.923;17;;545.214;0.0523598775598298;440.309;0.0523598775598298;199.442;304.348;12.611;17.811
VTSN;0.1478486102366381;1.744553473688938;13.4112;6.165330902241117;2306.867;54.796;36;;;;;;;;13.4112;13.4112
VTSP;0.1416025176503821;1.7159526138073704;15.392;4.617583044482208;2998.037;43.523;27;;1194.219;0.0558505360638185;1194.219;0.0523598775598298;;;24.9936;5.7912
VTSR;0.1706519218689551;1.7206411453168606;14.173;0.4121235839824549;1995.89;44.554;2;;693.145;0.0523598775598298;;;;;10.9728;17.3736
VTSS;0.1209981181830116;1.7522097159240635;18.745;1.4480459242387338;3045.02;39.801;8;;1217.71;0.0523598775598298;1217.71;0.0523598775598298;;;19.812;17.6784
VTST;0.1310549251122444;1.7386549021688056;18.135;1.4107599318296034;2310.0;40.433;8;;850.204;0.0610865238198015;631.751;0.0523598775598298;;218.453;20.4216;15.371
VTUD;0.3034501596428837;1.7939940034244988;176.47920000000002;2.044604873091077;3042.966;42.315;12;;1216.683;0.0523598775598298;1216.683;0.0523598775598298;;;176.47920000000002;176.47920000000002
VTUI;0.3001122604231261;1.8172131114849777;160.782;0.78230596356169;2600.55;40.428;5;;995.4768;0.0523598775598298;995.4768;0.0523598775598298;;;161.2392;160.3248
VTUJ;0.2594921689818438;1.8063856997788672;151.333;3.271898761010765;1651.847;32.028;19;;;;;;135.078;112.537;150.5712;152.0952
VTUK;0.2873964535930173;1.793915310135179;193.7;0.5693482186162003;3047.779;40.575;3;;1071.29;0.0523598775598298;1069.396;0.0523598775598298;147.8;149.693;182.037;205.363
VTUL;0.3043703292630705;1.7753871600776447;255.574;3.4341632432991536;2085.778;39.103;19;;738.089;0.0523598775598298;738.089;0.0523598775598298;;;262.128;249.0216
VTUO;0.2658058951967404;1.802109149407188;175.412;0.6086244623312574;2090.266;40.782;4;;740.333;0.0523598775598298;740.333;0.0523598775598298;;;179.83200000000002;170.99280000000002
VTUQ;0.2609178762768466;1.785694194267942;229.362;1.067561616576555;2088.624;41.852;6;;739.512;0.0523598775598298;739.512;0.0523598775598298;;;233.17200000000005;225.552
VTUU;0.2661853410364684;1.8303311486162597;121.6152;0.8967448638737605;2997.747;41.052;5;;1194.073;0.0523598775598298;1194.073;0.0523598775598298;;;123.7488;119.4816
VTUV;0.2812905027070827;1.8111941515597083;137.4648;3.184799326420464;2101.371;42.071;18;;745.886;0.0523598775598298;745.886;0.0523598775598298;;;137.4648;137.4648
VTUW;0.3034046277805846;1.8263653142423872;174.04080000000002;2.530561958178689;2485.409;40.203;15;;937.905;0.0523598775598298;937.905;0.0523598775598298;;;178.91760000000002;169.16400000000002
VVBM;0.2211039989890485;1.8870548959823068;524.5608;1.588233038686946;2984.187;40.266;9;;;;;;;;522.1224;526.9992
VVCI;0.3633664857983666;1.8627024282252285;3.048;1.260827946035806;2385.233;47.244;7;;;;;;;;3.048;3.048
VVCM;0.1601770480627016;1.8357000267582508;1.524;1.5978436942130527;1487.973;27.844;9;;;;;;;;2.1336;0.9144
VVCR;0.2094067693524825;1.9062369431134696;9.0;3.470485639428258;3035.41;42.334;20;R;1212.905;0.0523598775598298;1212.905;0.0610865238198015;;;14.0208;6.096
VVCS;0.1524029785043573;1.8610905967888367;5.486400000000001;1.9112582973933765;1814.532;25.0;11;;;;;;;;4.8768;6.096
VVCT;0.1759942295175122;1.8449786802533172;3.048;1.0445953700016293;2986.156;41.597;6;;;;;;;;3.048;3.048
VVDL;0.2051296123574399;1.8912697073099256;945.642;4.65878171600846;3236.074;41.769;27;;;;;;;;962.2536;929.0304
VVDN;0.2800162893566964;1.8884182498076565;7.315200000000001;3.00420504726178;3033.424;38.896;17;R;;;;;;;6.7056;7.315200000000001
VVDN;0.2800326389291503;1.8884512298328355;7.315200000000001;3.0035114534170373;3490.793;38.769;17;L;;;;;;;6.4008;8.8392
VVGL;0.3672331070186607;1.8480624413443445;7.9248;3.557341949653756;1997.579;39.77;20;;;;;;;;7.9248;7.9248
VVNB;0.3703525574591498;1.8466257309548284;12.344;5.013101356521679;3790.099;44.22;29;L;;;;;;;12.192;11.8872
VVNB;0.3703762801387232;1.8466860499930724;12.344;5.012913384561239;3198.162;44.457;29;R;;;;;;;12.8016;12.4968
VVPB;0.2862446396724871;1.8797843803818632;8.2296;1.6262662065488551;2705.0;42.465;9;;;;;;;;12.4968;3.9624
VVPC;0.2435598734292118;1.903147104085462;26.974;2.56257583451632;3045.901;43.884;15;;;;;;;;28.041600000000003;25.908
VVPK;0.244424001583618;1.885256981366232;738.987;1.5881677633729214;1816.3032;33.027;9;;;;;;;;744.0168;733.9584
VVPQ;0.1774976645759027;1.815021792840141;5.486400000000001;4.812914709311808;2998.8;44.374;28;;;;;;;;7.010400000000001;3.9624
VVRG;0.1738028016414592;1.8349110496808556;2.1336;1.3173355985630006;1488.204;27.061;8;;;;;;;;2.1336;2.1336
VVTH;0.227737870196412;1.9082384491127995;7.010400000000001;0.5177898137021787;2889.212;42.8;3;;;;;;;;7.010400000000001;7.010400000000001
VVTS;0.18880155650266;1.861449241884035;8.305;4.345543809961608;3828.193;39.669;25;L;1534.565;0.0523598775598298;815.979;0.0523598775598298;;769.181;10.0584;6.244
VVTS;0.1888434837348118;1.8613966002398703;8.305;4.345470680665949;3042.955;42.9768;25;R;1125.027;0.0523598775598298;1372.0;0.0523598775598298;;;10.0584;6.096
VVVH;0.3270331188363654;1.8443019616576528;5.486400000000001;6.154475303359563;2388.291;39.687;35;;;;;;296.596;;5.878;5.1816
VYDW;0.2460452483607681;1.7140303784623625;23.926;2.73577637536478;3656.766;30.145;16;;1523.583;0.0523598775598298;1523.583;0.0523598775598298;;;21.432;25.908
VYKG;0.3717839701346619;1.738973108307178;824.484;2.111737042906862;2449.449;44.685;12;;919.925;0.0523598775598298;;;;;823.8744;825.0936
VYKP;0.3390337459792266;1.632488237584892;3.048;3.14057477757003;1711.377;27.056;18;;550.889;0.0523598775598298;550.889;0.0523598775598298;;;3.048;3.048
VYKT;0.175393701645973;1.719813367750888;11.43;3.451930869617381;1820.925;43.158;20;;;;;;;;12.4968;10.3632
VYLK;0.3436866856671268;1.696719813171644;893.521;0.0700277408580133;1584.347;20.515;1;;487.3752;0.0523598775598298;487.3752;0.0523598775598298;;;893.0640000000001;893.9784000000001
VYLS;0.4010370710665921;1.706101854013209;763.371;0.0794246179853603;1600.95;27.319;1;;;;495.675;0.0523598775598298;;;766.8768;759.8664
VYMD;0.3787544529403925;1.6751215013095475;89.458;2.979329916630656;4266.376;54.309;17;;1828.388;0.0523598775598298;1828.388;0.0523598775598298;;;87.17280000000001;91.7448
VYME;0.2171202741023452;1.7212633185243007;14.478;3.1878520818151275;2702.293;54.5592;18;;1046.347;0.0523598775598298;1046.347;0.0523598775598298;;;18.8976;10.0584
VYMK;0.4430312170913346;1.6991396045104283;145.6944;3.7667008256816334;2132.439;44.014;22;;761.419;0.0523598775598298;;;;;147.5232;143.8656
VYML;0.3645619766010714;1.6736325393873543;211.0;5.8977928718614105;1778.29;40.733;34;;;;;;65.12;66.439;209.452;212.566
VYMO;0.4030393553383404;1.6867760664032496;182.88;5.169903481850101;1352.416;12.097;30;;;;;;;;182.88;182.88
VYMS;0.3581082783843504;1.7323862162757333;576.529;2.150870902661541;1518.542;26.974;12;;454.471;0.0523598775598298;;;;;579.12;573.9384
VYNP;0.442517329080122;1.6981206957221209;143.256;3.132863563868869;3357.988;62.406;18;;;;;;;;143.256;143.256
VYNS;0.3646085968744215;1.7058126097516912;944.88;3.6138134738654335;3659.581;52.943;21;;;;;;;;944.88;944.88
VYPT;0.4769993615094659;1.700407279592279;452.0184;6.16733628555166;2124.813;30.047;35;;;;;;;;465.1248000000001;438.912
VYST;0.3655585105449959;1.6740348847714166;192.024;0.11702124584009;3657.736;40.889;1;;;;;;231.6;227.919;192.024;192.024
VYSW;0.3513833610074056;1.6209345007063285;10.82;1.8178478569476195;1852.0;42.614;11;;;;614.648;0.0523598775598298;;;9.7536;11.8872
VYTL;0.3575267216344632;1.7441887350523004;388.467;0.6547051164813097;2130.58;28.452;4;;;;;;;;388.62;388.3152
WAAA;-0.0883430539227965;2.0866107943588537;12.115;2.2790929996891687;2496.857;42.11;13;;943.629;0.0506145483078355;943.629;0.0523598775598298;;;13.4112;10.9728
WAAA;-0.0886585877974775;2.0865627638324757;12.115;3.665489705957258;3199.947;42.842;21;;1244.0;0.0523598775598298;1186.016;0.0523598775598298;110.0;;12.4968;11.5824
WABB;-0.0207701597890961;2.37553032707423;9.905;1.9074832549410676;3568.637;41.637;11;;1479.519;0.0523598775598298;1479.519;0.0593411945678072;;;11.5824;8.2296
WABI;-0.0587845132509323;2.364861285027709;6.553;2.8061208236688606;1399.061;26.879;16;;;;;;;;5.486400000000001;7.62
WABP;-0.0741209213081725;2.401496186713651;1313.412;2.204672683982906;479.882;20.952;12;;;;;;;;1332.162;1294.663
WADD;-0.1526888795104246;2.010051212019232;3.505;4.671876921386173;2999.523;44.717;27;;1050.116;0.0523598775598298;1073.385;0.0523598775598298;;;3.6576;3.3528
WADL;-0.1528420879950301;2.029386463733885;99.06;2.2539003936671067;2745.394;41.342;13;;;;;;;;93.5736;104.5464
WAEW;0.0357111586445273;2.239687608534981;25.45;1.546633814097362;2401.631;28.303;9;;;;;;;;22.250400000000003;28.651200000000003
WAFF;-0.0159850893402765;2.092797252552526;78.0288;5.862494634937377;2322.756;45.0;33;;817.58;0.047996554429844;817.58;0.0488692190558412;;;68.2752;87.78240000000001
WAFP;-0.0246958653447756;2.1058913368384573;4.2672;0.5714564541795618;1605.798;29.145;3;;;;;;;;6.4008;2.1336
WAFW;-0.0180964370806703;2.1427967184233543;17.627;3.754940797181696;1852.0;29.052;22;;;;;;;;15.472;19.784
WAGG;-0.0388781539225927;1.988689978710504;12.039;2.7742811311905786;2508.978;40.254;16;;941.886;0.052010811709431;930.936;0.0523598775598298;;;12.192;11.8872
WAHL;-0.133430569484511;1.903002029425377;22.098;2.3229367176968174;1400.14;27.938;13;;;;;;;;25.6032;18.5928
WAJJ;-0.0450155048821806;2.4525263193330287;84.886;2.2125020564744275;2990.69;41.101;12;;1246.027;0.0523598775598298;1190.545;0.0523598775598298;;;88.08720000000001;81.6864
WAJO;-0.0856493770117696;2.4544269190949235;1300.429;5.124846934545241;1296.593;28.171;29;;;;;;;;1295.0952;1305.7632
WAKK;-0.1487553210104956;2.4507814520770657;2.286;2.79871172646122;2500.316;45.0;16;;944.572;0.0483456202802429;944.572;0.0483456202802429;;;3.048;1.524
WALL;-0.0221369465955384;2.0401939563474283;3.6576;4.313216472490319;2501.566;41.805;25;;945.983;0.0523598775598298;945.983;0.0523598775598298;;;3.6576;3.6576
WALR;-0.0729722672906936;2.122576108687128;24.055;1.4440242667631185;1000.732;23.974;8;;;;;;;;22.658;25.453
WALS;-0.0084492296586154;2.0447812305191437;10.0584;3.721643231179223;1036.259;22.647;22;;;;;;98.578;28.923;7.658;12.459
WAMH;0.0642912060782205;2.1908762818158705;15.5448;2.628223252737433;1199.246;27.187;15;;;;;;;;19.2024;11.8872
WAMM;0.0270402968969029;2.180375385622823;99.9744;3.1746067781217424;2648.031;45.0;18;;973.359;0.0558505360638185;1004.815;0.0575958653158128;;;99.9744;99.9744
WAMT;-0.1240697370539811;2.445665186727888;10.603;1.7272177958134591;698.631;25.0;10;;;;;;;;11.959;9.247
WAON;-0.0386867047593951;2.014744385855427;52.7304;4.190502372782597;1399.674;29.091;24;;;;;;;;56.997600000000006;48.4632
WAOO;-0.0600801027602929;2.0029867142954982;18.288;1.75291260287449;2499.235;42.337;10;;;;944.818;0.0488692190558412;;;16.4592;20.1168
WAOO;-0.0600865922648926;2.002924054588327;18.288;1.7524232474588155;1748.488;19.785;10;L;569.444;0.0523598775598298;569.444;0.0488692190558412;;;18.288;18.288
WAPF;-0.1005463361813426;2.317110023858869;32.156;2.328830520047877;1595.118;25.0;13;;;;;;;;31.0896;33.2232
WAPP;-0.0647567300177326;2.235586007561123;10.3632;3.9241543078869;2498.414;43.968;22;;;;944.407;0.0523598775598298;;;11.8872;8.8392
WARA;-0.1383686904227835;1.967232270830841;524.408;6.046679230900339;2217.407;37.803;35;;;;;;;;521.8176;526.9992
WARA;-0.1383566418294827;1.9672585877518085;524.408;6.046596502293794;1784.08;25.325;35;R;;;;;;;524.408;524.408
WARR;-0.1288022419303764;1.9685027859243232;2.895;1.731105691255202;2995.784;43.241;10;;1022.54;0.0523598775598298;1033.831;0.0523598775598298;;;3.3528;2.4384
WARS;-0.0260366707261302;2.338675839434032;844.629;1.201140478144403;337.394;25.0;7;;;;;;;;854.393;834.866
WASF;-0.0509721327939282;2.308495238687059;127.4064;1.6884639815034015;1196.477;28.637;10;;;;;;;;129.84480000000002;124.968
WASK;-0.0635990059081622;2.333422161214389;3.6576;3.323307783194108;1599.8952000000002;28.494;19;;;;;;;;4.2672;3.048
WASO;-0.044195551002096;2.328948073989745;14.0208;0.4081777785161311;1298.696;28.96;2;;;;;;;;14.0208;14.0208
WASR;-0.0289398843194867;2.375430552160109;9.672;3.2954200397411166;232.359;25.0;19;;;;;;;;8.843;10.501
WAVV;-0.0714975054266567;2.425170437846952;1655.521;2.665609252512703;2173.496;29.612;15;;;;;;;;1656.5880000000002;1654.4544
WAWD;-0.0923666696596852;2.157861216823037;21.336;2.46499657043242;1999.618;27.943;14;;;;;;;;23.4696;19.2024
WBGB;0.0545252389664907;1.9725665382816344;16.611;2.9264197367576723;2747.709;42.827;17;;1069.055;0.0523598775598298;1069.055;0.0523598775598298;;;10.3632;22.86
WBGG;0.0259575912264373;1.9260177879717224;19.812;1.190205466781883;3777.526;45.341;7;;;;1583.963;0.0523598775598298;;;26.8224;12.8016
WBGJ;0.0839168665371828;2.00730988298997;4.114;3.781505057462899;1494.815;28.254;22;;;;;;;;3.6576;4.572
WBGK;0.0507393649724998;1.9561275600769696;0.3048;1.3946800388980545;1498.644;27.79;8;;;;;;;;0.476;0.134
WBGM;0.0729295208244174;1.9954565014776229;23.7744;1.802550988531685;1044.92;21.9;10;;;;;;;214.397;23.1648;24.384
WBGR;0.0754432471083498;1.9894510003986832;17.9832;0.4335823373225551;2742.088;57.927;2;;1066.244;0.0523598775598298;1066.244;0.0523598775598298;;;17.9832;17.9832
WBGS;0.0394783423971374;1.9545138014898285;30.7848;2.2730250134787595;2746.365;39.693;13;;1068.383;0.0523598775598298;1068.383;0.0523598775598298;;;24.6888;36.8808
WBKK;0.1035660448671873;2.0254510190449126;3.809;3.5394086915895144;3779.576;42.445;20;;1315.122;0.0523598775598298;1584.988;0.0523598775598298;269.866;;3.282;4.2672
WBKL;0.0925452919571638;2.0114737301528223;29.718;2.543703589314505;2745.288;38.958;14;;1067.844;0.0523598775598298;1067.844;0.0523598775598298;;;30.48;28.956000000000003
WBKS;0.1029971686912112;2.060529399301204;8.8392;1.4072724149182685;2131.743;40.048;8;;761.072;0.0523598775598298;761.072;0.0523598775598298;;;11.5824;6.096
WBMU;0.0707573039885814;2.003843804838664;25.6032;3.745927218792696;1493.558;24.703;21;;;;;;;50.0;26.8224;24.3
WBSB;0.0862930083015963;2.0058781816319566;14.0208;3.681175678076632;3652.147;43.474;21;;1521.273;0.0523598775598298;1521.273;0.0558505360638185;;;21.9456;6.096
WIBB;0.0080434395901159;1.7705397127524825;37.642;3.1700003306269537;2234.579;31.866;18;;812.489;0.0476474885794451;812.489;0.0523598775598298;;;40.8432;34.4424
WIBD;0.0280836734777255;1.7703493851598122;12.954;3.660219509747936;1796.625;25.0;21;;593.513;0.0523598775598298;593.513;0.0523598775598298;;;13.1064;12.8016
WICA;-0.1160524193290885;1.88787370098406;38.376;2.446258366517158;2547.688;59.569;14;;;;;;;;37.634;39.119
WICC;-0.1204385052043134;1.877558536870356;739.292;1.90226524407638;2219.46;40.511;11;;804.93;0.0478220215046446;;;;;745.236;733.3488
WIDD;0.0195643993014748;1.8172158266609328;30.022;0.7229613481485488;4022.591;41.579;4;;1706.496;0.0523598775598298;1706.496;0.0523598775598298;;;39.0144;21.0312
WIHH;-0.1093726651590868;1.8656017758137409;24.841;4.280880233839844;2997.831;41.673;24;;;;1194.115;0.0523598775598298;195.137;;25.712;24.0792
WIII;-0.1066186106930924;1.861517823483591;8.077;4.334106143774513;2993.381;57.216;24;;819.759;0.0523598775598298;811.114;0.0523598775598298;;101.449;5.7912;8.8392
WIII;-0.1070995830475215;1.861550319770525;8.077;4.332828562762054;3664.786;60.252;25;L;1407.5664000000002;0.0523598775598298;1410.279;0.0523598775598298;;;8.2296;10.3632
WIII;-0.1067252223110371;1.8614619439140776;8.077;4.333508019439855;3601.0;57.736;25;R;1372.615;0.0523598775598298;1368.425;0.0523598775598298;;;6.4008;8.8392
WILL;-0.0915341054257574;1.8357513654300457;81.534;2.440393187565831;2500.154;42.739;14;;945.277;0.0523598775598298;945.277;0.0523598775598298;;;83.2104;79.8576
WIMB;0.0203568210633076;1.7052477283173502;6.096;4.752319321143517;1599.771;29.704;27;;;;;;;;3.6576;8.5344
WIME;0.0244367825529374;1.735388202196687;286.8168;1.9686804326354452;1399.427;25.0;11;;;;;;;;290.1696;283.464
WIMG;0.0688729660240559;1.6992355251230498;1058.446;5.466252185791254;806.519;22.504;31;;;;;;;;1078.655;1038.239
WIMK;0.0620992749583483;1.7221482630276956;27.432;3.9517765867606633;2900.105;44.69;23;;1145.253;0.047996554429844;870.425;0.0523598775598298;;274.828;22.8;32.064
WIMM;0.0634923123668051;1.7256166116278608;6.553;3.927576724017136;3748.668;59.534;23;;1447.513;0.0523598775598298;1444.928;0.0523598775598298;;;6.096;7.010400000000001
WIMS;0.0271827734144789;1.7258977727793512;11.43;5.310756613940874;2191.442;29.099;30;;;;;;;;12.8016;10.0584
WIMU;0.0591974423596586;1.708040996790099;90.2208;2.539998604378372;1510.685;25.0;15;;;;;;;;92.296;88.145
WIOK;-0.0317042377287592;1.919222857286062;4.419;2.995365129133354;1648.318;21.061;17;;;;;;;;4.572;4.2672
WIOO;-0.0026310113521834;1.909457157400701;3.505;2.7528800784355494;2244.13;44.308;15;;789.24;0.0523598775598298;817.265;0.0488692190558412;;;3.3528;3.6576
WIOP;0.0145750528237387;1.971152782052061;33.2232;1.860079239792276;1398.931;25.0;10;;;;;;;;32.9184;33.528
WIOS;0.0011151414901191;1.945579546218425;29.8704;4.568294946405888;1299.59;26.023;26;;;;;;;;28.731;31.0
WIPP;-0.0505695084801523;1.8273214540923064;13.4112;5.110298742565242;2993.628;43.815;29;;1177.574;0.0523598775598298;1192.014;0.0523598775598298;;;11.8872;14.9352
WIPQ;-0.0573522520829343;1.8130398782397288;56.083200000000005;0.5573557820730669;1294.741;18.565;3;;;;;;;;56.083200000000005;56.083200000000005
WITC;0.0705289600314247;1.679937794331294;1.8288;2.416234863658501;1802.738;27.629;14;;;;;;;;1.8288;1.8288
WITK;0.0823994693886437;1.6903854481084857;1406.652;4.706792058539395;1396.962;29.675;27;;;;;;;;1411.5288;1401.7752
WITL;0.0884781807399423;1.697492116884051;8.5344;2.7015965454254243;1112.125;19.254;16;;;;;;196.596;61.041;10.7;6.369
WITT;0.096442312615145;1.6653902560707898;20.4216;2.939581788245737;2991.932;36.096;17;;1191.166;0.0523598775598298;1191.166;0.0523598775598298;;;19.812;21.0312
WMAP;0.0356300369111958;1.8030460879696784;43.281600000000005;3.969761855636615;1240.955;93.21;23;;;;;;;;47.8;38.763
WMBT;0.04918840263155;1.8179360660941768;7.010400000000001;0.455719988835096;901.131;25.0;2;;;;;;;;7.9248;6.096
WMKA;0.1080327492319245;1.7522832753462037;3.9624;3.87933809242004;2741.307;43.522;22;;;;1065.854;0.0523598775598298;;;4.2672;3.6576
WMKB;0.0953980465801302;1.752156465705978;2.4384;3.203894973766534;2434.423;39.284;18;;912.412;0.047996554429844;912.412;0.047996554429844;;;1.201;3.676
WMKC;0.107624431240984;1.785394424798484;4.419;1.7394089206386396;2395.857;42.754;10;;893.129;0.0523598775598298;893.129;0.0523598775598298;;;4.8768;3.9624
WMKD;0.0658895494099216;1.801335651953629;16.306;3.19726254807603;2739.737;43.129;18;;1065.069;0.0523598775598298;1065.069;0.0523598775598298;;;16.764;15.8496
WMKE;0.0791900904479858;1.80513711675323;5.486400000000001;2.83802352253314;1354.045;25.0;16;;372.223;0.0523598775598298;372.223;0.0523598775598298;;;5.486400000000001;5.486400000000001
WMKI;0.0797249918144891;1.7643874517318303;38.862;3.8608222434514823;2001.637;46.284;22;;;;573.801;0.0523598775598298;80.613;122.218;38.032;39.726
WMKJ;0.028612120449663;1.809380499846216;39.0144;2.792387525916618;3796.293;43.547;16;;1593.347;0.0523598775598298;1593.347;0.0523598775598298;;;41.148;36.8808
WMKK;0.047531390433198;1.7747812077058671;14.274;2.5514514549299583;3956.907;59.072;15;;1559.59;0.0523598775598298;1506.794;0.0523598775598298;;;8.5344;8.5344
WMKK;0.0476172110594001;1.775140094670188;14.274;2.551605043904134;4004.055;59.573;14;R;1807.837;0.0523598775598298;1554.916;0.0523598775598298;;;16.4592;14.630400000000002
WMKK;0.0482300859595283;1.7752089805567048;14.274;2.551565075864263;4021.923;59.241;14;L;1564.071;0.0523598775598298;1509.333;0.0523598775598298;;;16.4592;21.0312
WMKL;0.1104755883574079;1.7405930462602863;6.096;3.738699286761412;3802.497;44.431;21;;;;984.766;0.0523598775598298;;611.682;7.315200000000001;4.412
WMKN;0.0938929086850954;1.7994409818863488;5.943;3.914482740369899;3060.454;41.018;22;;1225.427;0.0523598775598298;1225.427;0.0523598775598298;;;6.096;5.7912
WMKP;0.0924533387783733;1.7501615837997109;2.895;0.7344141288869656;3352.186;43.632;4;;1371.2952;0.0523598775598298;1371.2952;0.0523598775598298;;;2.7432000000000003;3.048
WMSA;0.0546391651748317;1.7723715202546175;24.384;5.753721178097035;3782.23;39.624;33;;;;1586.315;0.0523598775598298;;;27.1272;21.6408
WPDB;-0.162327531787552;2.1866555485958665;26.8224;2.92118409806754;1496.834;25.0;17;;;;;;;;36.2712;17.3736
WPDL;-0.1491646747474362;2.1908179991595924;7.62;1.3455284255692406;1852.0;25.0;8;;618.432;0.0523598775598298;618.432;0.0523598775598298;;;6.4008;8.8392
WPEC;-0.1480990032950855;2.206083997944956;528.675;2.4849910623432665;2510.246;51.012;14;;;;;;;;515.7216000000001;541.6296
WPOC;-0.1605408582339985;2.170124558695688;4.2672;1.513244880108547;2585.53;49.265;9;;;;;;;;4.2672;4.2672
WPOC;-0.1605138644695998;2.170060096673444;4.2672;1.5164193722185368;814.84;22.156;9;L;;;;;;;4.2672;4.2672
WSAC;0.0233704966749934;1.8152624682214276;4.329;3.540661663459521;3997.274;59.0;20;;1693.837;0.0523598775598298;1693.837;0.0523598775598298;;;6.582;2.076
WSAG;0.0248952552273074;1.8118592136241172;26.2128;3.883218308413074;2701.971;45.327;22;;;;;;153.462;150.967;24.625;27.8
WSAG;0.0248971687241551;1.8119314544694292;26.2128;0.8091967749459422;1036.468;26.415;5;;;;;;62.027;60.287;30.526;21.899
WSAP;0.0237434471584495;1.8135631659872395;16.4592;0.4016149391029044;3782.593;56.197;2;;;;;;;;13.1064;19.812
WSAT;0.024218427400426;1.810050547535439;15.24;3.227816980093144;2743.661;44.0;18;;;;;;;;15.396;15.085
WSSL;0.0247052104654659;1.8128158762234312;9.4488;3.719936473703697;1852.0;44.192;21;;;;612.567;0.0523598775598298;;;4.8768;14.0208
WSSS;0.0234815848222607;1.81500263056386;4.775;0.3993262190415942;4003.683;58.304;2;C;1591.253;0.0523598775598298;1590.359;0.0523598775598298;;;3.9624;3.9624
WSSS;0.0238342651128104;1.814871545301728;4.775;0.3993618063050424;3999.911;59.064;2;L;1587.234;0.0523598775598298;854.775;0.0523598775598298;;742.045;7.010400000000001;3.27
XLLL;1.0147209239309043;0.5293379397622848;41.402;0.9709203796991384;2985.322;81.13;5;;;;;;;;42.169;40.636
XLMV;1.2019523246074146;0.5884947890710798;167.117;3.1906814350655357;2485.768;60.83;17;;;;;;;;158.805;175.431
XLWF;1.0330661331567903;0.68283418620564;181.197;3.1842423918561527;3488.089;73.377;17;;;;;;;;182.29;180.104
XRWL;0.8761757353676934;0.7890031680517908;107.234;0.6928858693847676;2470.121;41.39;3;;;;;;;;107.439;107.03
XUBS;0.956869020955505;0.5589317114026124;251.97;1.5126822732241667;2485.265;49.135;8;;;;;;;;245.403;258.539
XWPR;0.9127604784690914;0.7631279313109867;197.547;1.6147572611151093;1999.277;41.0;8;;;;;;;;194.701;200.394
YABA;-0.609881266494184;2.056172946294593;68.427;0.7819583637878628;1089.256;29.279;5;;;;;;;306.37;67.9704;70.7136
YABA;-0.6099223159754882;2.0561838069984133;68.427;2.352933517017919;1795.477;29.205;14;;653.252;0.0523598775598298;455.13;0.0523598775598298;;;68.8848;66.1416
YAMB;-0.4824192155195688;2.6653649287020897;25.755;0.9457467977659232;1523.782;44.449;4;;;;;;;;26.2128;23.1648
YAMB;-0.4823133002506298;2.665307753962437;25.755;2.77232618789542;3047.268;42.481;15;;1218.834;0.0523598775598298;;;;;25.908;27.7368
YARA;-0.6512069233250969;2.495664122047092;307.2384;2.203229471224432;1229.854;15.5448;12;;;;;;;;307.2384;307.2384
YARA;-0.6511690454501885;2.495645357684528;307.2384;4.102210529247334;778.1;93.1;22;;;;;;;;307.2384;307.2384
YARM;-0.532756073211739;2.6462005224124057;1079.6016;4.835613414365695;1109.503;25.0;27;;;;;;;;1083.564;1075.3344
YARM;-0.5328291254889455;2.6462125300440005;1079.6016;4.159955969280043;1739.681;30.498;23;;661.7208;0.0523598775598298;630.296;0.0523598775598298;;;1083.2592;1076.2488
YAYE;-0.4395705790447264;2.2859737435935323;493.4712;5.401893518689813;2594.628;27.286;31;;1004.15;0.0523598775598298;1018.913;0.0523598775598298;;;495.6048;491.3376
YBAR;-0.411294215849272;2.536004614733392;267.3096;3.4250845641290546;1701.322;29.377;19;;;;;;;;267.6144;267.0048
YBAR;-0.4112871528807854;2.5361034455777123;267.3096;2.431950855441009;1144.366;31.563;14;;;;;;;;266.3952;268.224
YBAS;-0.4155033588569734;2.3370602941362764;542.467;5.24301218262349;2436.74;44.732;30;;953.48;0.0523598775598298;917.203;0.0523598775598298;;;537.6672;544.3728
YBAS;-0.4154300315511682;2.3367640512746672;542.467;3.1110860435941845;1133.817;23.061;17;;;;;;;;545.2872;542.544
YBBN;-0.4780281908329084;2.6725548628736124;3.733;3.611283444581743;3564.892;45.815;19;L;1369.823;0.0523598775598298;1302.824;0.0523598775598298;;55.893;3.3528;3.663
YBBN;-0.4776934459180104;2.672350140167042;3.733;3.611520285761239;3299.898;60.534;19;R;1233.0;0.0523598775598298;1233.705;0.0523598775598298;;;3.9624;3.9624
YBCG;-0.491594778152868;2.6792015589961378;4.8;5.771909428764993;2491.169;44.364;32;;520.578;0.0523598775598298;964.721;0.0523598775598298;451.7136;;3.604;6.4008
YBCG;-0.4916065575692424;2.679194193691248;4.8;0.0706679799875224;580.483;17.485;35;;;;;;;;3.6576;5.1816
YBCK;-0.4264202328800244;2.5382091659598944;280.873;4.313626450331612;1689.836;31.377;24;;;;;;;;282.2448;279.8064
YBCK;-0.4262790495820304;2.5381401318310126;280.873;5.363153667013772;1613.783;75.166;30;;;;;;;;281.94;279.5016
YBCS;-0.2945950287339949;2.543809427027533;2.59;2.73110238362794;3195.572;45.496;15;;1266.478;0.0523598775598298;1179.477;0.0523598775598298;;39.379;2.7432000000000003;2.4384
YBCV;-0.4609929135652321;2.5527677443755032;303.199;2.3939302539497143;1520.565;28.75;12;;;;;;;;300.5328;305.1048
YBCV;-0.4610730697726313;2.55275249881856;303.199;3.1748122033747017;1065.928;22.445;18;;;;;;;;303.5808;303.5808
YBDV;-0.4520349804770771;2.4320673904889034;46.558;3.8310240625992575;1256.524;63.177;21;;;;;;;;45.72;45.72
YBDV;-0.4518986599187785;2.432030524953306;46.558;5.741402469703534;1731.041;28.935;32;;;;;;;;46.3296;48.4632
YBHI;-0.5585516082250275;2.469150896979132;281.101;0.9719567911155576;2511.787;28.035;5;;957.0;0.0523598775598298;910.489;0.0523598775598298;;;276.4536;291.9984
YBHI;-0.5586348658187548;2.46911222912846;281.101;2.4963571700310294;998.207;34.795;14;;;;;;;;278.5872;277.368
YBHM;-0.3553049177274125;2.599696065360819;4.572;2.496899967428399;1704.797;45.523;14;;558.969;0.0523598775598298;556.729;0.0523598775598298;;;4.572;4.572
YBIE;-0.4248990672545131;2.4340247904834222;89.00160000000001;5.691387267460834;1804.823;26.691;32;;;;;;;;89.30640000000001;88.69680000000001
YBKE;-0.5242423756792065;2.547420072693989;106.68;0.1326304077644128;1119.79;82.097;36;;;;;;;;106.68;107.2896
YBKE;-0.524316686065961;2.5472258595909003;106.68;4.232000019209716;1828.134;24.866;23;;;;;;;;106.68;106.0704
YBLA;-0.6379577833766658;2.548399798684461;172.059;1.648149039990605;1041.815;17.922;8;;;;;;;;171.90720000000002;173.12640000000002
YBLA;-0.6379690361425315;2.548267621110164;172.059;3.055249819230232;837.5904;87.63;17;;;;;;;;171.29760000000002;171.90720000000002
YBLA;-0.6379622013892652;2.548290388016592;172.059;3.053542189090081;961.576;76.555;16;L;;;;;;;172.059;172.059
YBLA;-0.6379276882259391;2.548379177391216;172.059;1.6490008653853332;834.624;139.0;8;L;;;;;;;172.059;172.059
YBMA;-0.3606964496435006;2.43453348025906;337.261;6.069838353810902;2557.86;45.78;34;;951.407;0.0523598775598298;969.778;0.0523598775598298;;;338.63280000000003;335.88960000000003
YBMK;-0.369499360228632;2.6037271029687634;4.8768;5.721066591390998;1978.647;44.519;32;;662.192;0.0523598775598298;655.982;0.0523598775598298;;;4.572;5.1816
YBNA;-0.5032359838786704;2.680147423309469;1.8288;1.280552086445519;1897.97;29.088;6;;678.775;0.0523598775598298;658.901;0.0523598775598298;;;1.8288;1.8288
YBNS;-0.6612620040109961;2.575572764696137;48.92;0.9624764069648196;1097.256;25.0;4;;;;;;;;49.9872;47.244
YBNS;-0.6612452799315139;2.5755570432031782;48.92;2.532128914781129;848.724;17.308;13;;;;;;;;49.3776;49.0728
YBOK;-0.4783935985107476;2.648190761991968;405.942;4.88118814992547;1086.373;23.316;27;;;;;;;;406.2984;403.5552
YBOK;-0.4782852782044864;2.6482692368188547;405.942;4.097909339838719;914.38;29.683;23;;;;;;;;406.908;405.0792
YBOK;-0.478373895930056;2.6483950243669825;405.942;2.534134298091671;1641.968;29.145;14;;516.184;0.0523598775598298;516.184;0.0523598775598298;;;406.6032;407.2128
YBOK;-0.4783790102916612;2.648237786030708;405.942;4.87794445551064;601.533;86.102;27;L;;;;;;;405.942;405.942
YBOK;-0.478358113969817;2.64827577508739;405.942;4.868330309326028;379.959;55.193;27;C;;;;;;;405.942;405.942
YBOK;-0.478341284560233;2.6482785526811834;405.942;4.867563411652703;376.7328;51.889;27;R;;;;;;;405.942;405.942
YBOK;-0.4783209382955866;2.6482475154112137;405.942;4.0978419701295925;575.0;70.031;22;L;;;;;;;405.942;405.942
YBOK;-0.4783208154104679;2.648328346511487;405.942;2.5308768155757484;421.188;69.839;13;R;;;;;;;405.942;405.942
YBOU;-0.3999018583404253;2.441730725119864;163.83;2.6140012627946323;1790.597;27.907;14;;;;;;;;165.2016;162.4584
YBPN;-0.3576939390225958;2.5927469704174078;16.0;2.0001544786354346;2071.018;41.586;11;;705.151;0.0523598775598298;746.56;0.0523598775598298;;;17.6784;14.3256
YBRK;-0.4080522665004974;2.6262885142697225;9.677;2.754447558636765;2625.324;39.512;15;;805.175;0.0523598775598298;861.797;0.0523598775598298;59.0;;11.03;8.5344
YBRK;-0.4080427516813098;2.6261980552179303;9.677;4.0541403219230565;1200.0;28.861;22;;;;;;400.168;;9.906;9.4488
YBRM;-0.313262530516088;2.133260926842216;12.192;4.984303598396698;2457.131;44.049;28;;814.482;0.0523598775598298;766.813;0.0523598775598298;120.249;134.826;6.699;17.3736
YBRN;-0.6043168527711602;2.505893781524898;64.00800000000001;3.2378091645937364;1183.816;17.747;18;;;;;;;;64.00800000000001;64.00800000000001
YBRN;-0.6042639068400354;2.5059330189383417;64.00800000000001;1.5401730415387918;770.333;12.578;8;;;;;;;;64.00800000000001;64.00800000000001
YBRW;-0.5231759903228332;2.56239378434823;119.329;3.760955027251143;1386.411;28.43;21;;;;;;;;112.4712;126.1872
YBSU;-0.4641391880716227;2.6718044834268206;4.572;2.488624837845919;2798.681;35.0;13;;966.269;0.0523598775598298;613.373;0.0523598775598298;;;4.572;4.572
YBTH;-0.5830873601118636;2.6119079593304586;735.1776;6.221977308443846;1707.667;31.829;35;;599.283;0.0523598775598298;609.341;0.0523598775598298;;;741.8832;729.0816
YBTH;-0.5830580841952614;2.611995336501497;735.1776;1.588615545045813;1305.643;26.235;8;;;;;;;;731.2152;738.5304
YBTI;-0.2053326887935314;2.279675401425157;13.716;5.761861917327113;1468.855;28.835;33;;;;;;;;18.8976;8.5344
YBTL;-0.3359451280001762;2.561610651140922;4.343;3.5609947492452547;2432.367;43.407;19;;950.483;0.0575958653158128;897.394;0.0523598775598298;;;3.9624;5.486400000000001
YBTL;-0.3360531323161322;2.561455144899653;4.343;4.431001587857483;1099.371;28.341;25;;;;;;;;4.2672;3.6576
YBTR;-0.4119809681124032;2.597149667239784;195.9864;3.255513609993041;1158.696;27.745;18;;;;;;;;188.587;200.5584
YBUD;-0.434673156487419;2.658529777522036;31.0896;2.580983996670029;1998.863;29.937;14;;665.941;0.0523598775598298;678.106;0.0523598775598298;;;30.48;30.48
YBUD;-0.4346655727200961;2.658468171115882;31.0896;4.340599117657783;1125.658;25.0;25;;;;;;;;30.7848;32.6136
YBWP;-0.2212628016723891;2.4770137734671174;18.288;5.312219199854046;1643.813;25.615;30;;517.107;0.0523598775598298;517.107;0.0523598775598298;;;19.2024;17.3736
YBWW;-0.4809225508460491;2.649270692019198;448.818;5.963945388368052;1068.555;37.428;33;;;;;;;;448.818;448.818
YCAR;-0.4342548321368164;1.9839131181579448;2.7432000000000003;0.753502341130422;1618.505;27.253;4;;;;;;;;2.1336;3.9624
YCAR;-0.4343055193224269;1.9838528615375384;2.7432000000000003;6.270158693241476;1135.198;28.23;36;;;;;;;;2.1336;2.7432000000000003
YCBA;-0.5504347184439877;2.544580942714734;217.246;4.098560522182638;1695.271;30.75;23;;;;;;88.015;88.318;220.0656;214.2744
YCBA;-0.5504897183120958;2.544603881270217;217.246;3.057755064838545;1217.813;31.57;17;;;;;;;;217.0176;217.6272
YCBB;-0.5468252665186841;2.6051239283597667;643.585;5.288841910786983;1514.815;31.981;29;;;;;;;;645.2616;641.2992
YCBB;-0.5468529683354332;2.605287821998023;643.585;0.502746803425947;762.921;81.185;1;;;;;;;;644.652;643.128
YCBP;-0.5068457225359174;2.351306127974342;225.475;3.995399171552085;1426.837;29.392;22;;;;;;;;227.076;223.7232
YCBP;-0.5068389580027188;2.3513615160033803;225.475;2.6246957677862275;956.795;50.605;14;;;;;;;;225.8568;225.2472
YCCA;-0.467258603402078;2.628773610271565;312.801;2.4845812590348983;1067.595;16.901;14;;;;;;;;313.944;313.6392
YCCA;-0.4672214335795199;2.628825229823631;312.801;0.6729446798292765;648.386;37.335;3;;;;;;;;311.8104;311.8104
YCCY;-0.3606847053371602;2.452311399112168;186.613;5.375437294289308;1997.317;27.475;30;;693.859;0.0523598775598298;693.859;0.0523598775598298;;;186.8424;186.5376
YCCY;-0.3607301084626684;2.4522523518373736;186.613;4.327453123198836;1162.0;38.532;24;;;;;;;;186.8424;186.2328
YCDU;-0.5607850394049724;2.333620829390669;21.0312;1.9358954698342832;1739.684;29.07;11;;;;;;;;17.3736;22.86
YCDU;-0.5607858937491307;2.3337356157948403;21.0312;6.1693706413277845;1164.525;30.575;35;;;;;;;;21.6408;22.250400000000003
YCEE;-0.5883558781725023;2.3824877547990213;170.68800000000002;1.582846778082366;1345.837;16.087;8;;;;;;;;176.78400000000002;164.592
YCEE;-0.5883803674211493;2.382446668257125;170.68800000000002;3.1704055960792665;892.418;20.844;18;;;;;;;;176.17440000000002;165.2016
YCFS;-0.5293800444951634;2.6723367671452407;4.343;3.849850405641746;2072.486;44.128;21;;711.475;0.0523598775598298;714.122;0.0523598775598298;;;5.486400000000001;4.2672
YCFS;-0.5291413606330225;2.6724190494602484;4.343;5.012023964774423;851.138;17.884;28;;;;;;;124.818;4.572;2.786
YCIN;-0.3068364580443758;2.1612162068270755;84.42960000000001;1.9296932678043963;3043.573;44.518;11;;1244.847;0.0523598775598298;1184.415;0.0523598775598298;;;77.4192;91.44
YCKN;-0.2695385833410414;2.5339147406798443;5.7912;5.088189784265604;1622.683;25.567;29;;;;;;;;3.9624;7.62
YCMT;-0.3974528866623536;2.576434669215063;272.796;5.912595183780501;1309.28;25.0;33;;;;;;;;275.5392;279.8064
YCMT;-0.3974157460981572;2.576515258446213;272.796;0.4777278925710437;1168.707;100.075;1;;;;;;;;272.796;263.0424
YCMU;-0.4892463089468419;2.5416608177883813;191.185;2.272340844411978;1731.564;24.303;12;;;;;;;;192.024;190.5
YCMU;-0.4892471047742771;2.541521368535951;191.185;4.322707572962663;975.117;38.122;24;;;;;;;;191.1096;191.1096
YCNM;-0.5407419206429105;2.589646450136864;181.279;4.077475723088071;1525.17;29.623;23;;;;;;;;181.6608;181.6608
YCNM;-0.5406754280903716;2.5896563433641946;181.279;2.246310305816034;579.442;29.0;12;;;;;;;;180.13680000000002;181.6608
YCOE;-0.2402054432351584;2.4978642962227013;160.6296;5.117366453371194;1206.592;29.042;29;;;;;;;;162.4584;158.8008
YCOE;-0.2401482548416037;2.497887226975954;160.6296;4.316647266200964;951.148;25.0;24;;;;;;;;160.6296;160.6296
YCOM;-0.6335502803807604;2.600062114772056;934.8216;3.3619535616234675;2122.547;45.59;18;;;;;;72.16;;927.386;940.9176
YCOM;-0.6336802811329564;2.6000387705006256;934.8216;2.6203296521294384;743.363;25.0;14;;;;;;;;934.8216;934.8216
YCOR;-0.6282620655911023;2.554315550714517;139.217;4.08399086265284;1524.877;21.522;23;;;;;;;;139.5984;138.684
YCOR;-0.6281175995049385;2.5543100579447686;139.217;5.66011114179802;1475.346;18.188;32;;;;;;193.554;;139.2936;139.2936
YCRG;-0.6315195335748619;2.581113307497222;291.084;4.40039479596281;1397.187;17.326;24;;;;;;86.55;76.628;288.6456;293.487
YCTM;-0.6042935221536321;2.583724354894017;336.423;6.167919923653527;1406.123;17.316;34;;;;;;279.431;;338.554;335.88960000000003
YCTM;-0.6043297791153086;2.5836647146497613;336.423;5.073890650769865;854.96;28.773;28;;;;;;;;337.71840000000003;334.06080000000003
YCWR;-0.5907268178002261;2.5943907441824208;295.275;5.961000319788236;1630.022;28.522;33;;;;;;;;296.5704;294.7416
YCWR;-0.590661320031981;2.5943869132876105;295.275;3.857998126188831;1279.328;79.918;21;;;;;;;;296.5704;293.2176
YDBI;-0.498937737456597;2.5868852644328726;172.82160000000002;3.46163088600119;1215.764;17.52;19;;;;;;;;172.82160000000002;172.82160000000002
YDBY;-0.3031927504293282;2.15832271091088;6.4008;4.118662875441259;1154.525;17.755;23;;;;;;;;5.7912;7.010400000000001
YDBY;-0.3031911880328196;2.158292875184293;6.4008;1.928338019640223;1735.0;26.859;11;;547.966;0.0523598775598298;549.199;0.0523598775598298;;;5.486400000000001;7.315200000000001
YDLQ;-0.6206186931339597;2.52979254181943;94.564;4.294527312327038;1220.525;29.923;24;;;;;;;;94.1832;95.7072
YDLQ;-0.6206004944330537;2.52981941269871;94.564;5.606245917758345;1487.257;31.31;30;;;;;;;;94.1832;94.1832
YDPO;-0.7185124545506305;2.555681931805012;6.553;1.3299105212906943;1852.0;42.954;6;;614.435;0.0523598775598298;;;;;5.1816;6.7056
YDPO;-0.718540220735775;2.555698347696419;6.553;2.727845250177868;879.376;29.257;14;;;;;;;;4.2672;10.0584
YDYS;-0.3948372944667256;2.589427238689637;206.502;2.551353018360146;1549.96;29.592;14;;;;;;;;207.8736;205.1304
YECH;-0.6311591992969214;2.526575822931129;97.688;3.118968648627892;1093.594;18.485;17;;;;;;;;97.8408;98.1456
YECH;-0.6310534420231351;2.5265599063824267;97.688;4.152627855349695;566.969;57.931;23;;;;;;;;97.536;97.2312
YELD;-0.2097745762159719;2.3662262461123884;27.7368;1.745519667415722;1438.769;31.442;10;;;;;;;;29.5656;25.908
YEML;-0.4113631134391332;2.586226342723281;187.452;1.2289502053798302;1897.209;29.611;6;;666.384;0.0523598775598298;674.396;0.0523598775598298;;;188.976;184.404
YEML;-0.4113486715118547;2.5861764240573017;187.452;2.642352565696953;927.93;17.134;15;;;;;;;;186.8424;189.5856
YESP;-0.5878647590182754;2.126191755582858;138.15;5.08166138019852;1798.682;29.693;29;;624.036;0.0523598775598298;635.895;0.0523598775598298;;;143.5608;131.9784
YESP;-0.5879051238539186;2.1262312582721137;138.15;3.636979927158856;1186.246;31.626;21;;;;;;;;140.208;136.8552
YFBS;-0.5822883084052954;2.5818252843691547;230.7336;4.873072368903697;1228.161;22.447;27;;;;;;;;230.7336;230.7336
YFBS;-0.5822789106195543;2.5818665425601046;230.7336;4.864574709841588;803.653;58.282;27;R;;;;;;;230.7336;230.7336
YFBS;-0.5822605948852019;2.5819037748005007;230.7336;5.653487268220851;583.444;29.086;31;;;;;;;;230.7336;230.7336
YFBS;-0.5822474637325225;2.5818332114345868;230.7336;0.9593790409544756;533.171;33.234;4;;;;;;;;230.7336;230.7336
YFBS;-0.5822513667979579;2.5818659651951026;230.7336;0.1980138693707713;373.726;29.614;36;;;;;;;;230.7336;230.7336
YFRT;-0.5382046706362634;2.2360592127958294;154.914;1.6375757655688532;1348.825;28.747;9;;;;;;;;155.448;153.3144
YFRT;-0.5382508169241558;2.235991606474993;154.914;6.277344388304862;1519.558;42.672;36;;;;;;;;155.7528;155.1432
YFTZ;-0.3173626159068161;2.191432081454776;110.6424;3.440707529862432;1298.245;28.724;19;;;;;;;;110.6424;110.6424
YGDH;-0.5403123084164082;2.622319348343744;262.356;5.285659826494747;1645.492;29.303;29;;;;;;;;263.0424;261.8232
YGDH;-0.5403169604959003;2.622371139544865;262.356;0.0487678224076173;592.303;28.012;35;;;;;;;;263.0424;261.5184
YGEL;-0.5025846986014529;2.002007752923542;34.188;3.4602752887711663;1980.784;44.071;21;;663.349;0.0523598775598298;702.88;0.0523598775598298;;;36.576;29.5656
YGEL;-0.5024990593770926;2.0019465054199563;34.188;5.634566502865831;844.204;19.102;32;;;;;;;;33.528;34.1376
YGEL;-0.5024312911599885;2.0019637795566365;34.188;1.3845582811537935;899.022;18.628;8;;;;;;;;34.4424;36.8808
YGFN;-0.5193193227971504;2.670898355869637;25.755;0.0908842927743224;1708.269;28.067;36;;;;;;;;32.308800000000005;19.2024
YGLA;-0.4166038828696445;2.639375927649212;14.9352;1.9249187451026408;1964.98;42.915;10;;512.858;0.0523598775598298;499.905;0.0523598775598298;106.867;200.879;17.877;11.795
YGLB;-0.6075371626357065;2.61322680143505;642.67;3.968756371454541;1280.54;33.226;22;;;;;;;;636.7272;652.5768
YGLB;-0.607545237943504;2.613299284149484;642.67;1.608391940613331;675.063;23.387;8;;;;;;;;644.0424;637.3368
YGLI;-0.5178931941817407;2.6474821478810604;1044.397;5.832552813487713;1496.369;31.744;32;;;;;;;;1045.464;1044.8544
YGLI;-0.5179324589029882;2.6474622053818035;1044.397;4.989749200195845;1676.198;25.0;28;;;;;;;;1045.1592;1042.1112
YGPT;-0.1989610368743681;2.276355217168061;23.622;0.7228555113827079;1313.807;19.12;4;;;;;;;;21.0312;26.2128
YGTE;-0.2438642189064226;2.3816515898360606;12.344;1.731094521147989;1903.225;30.38;10;;;;;;;;9.144;15.5448
YGTH;-0.5978450845903241;2.54923090780254;133.654;1.1461505639347431;1716.947;32.781;6;;;;;;;;131.3688;135.636
YGTH;-0.5977631787329022;2.549367134734081;133.654;0.1457896213471139;598.86;40.597;36;;;;;;;;133.8072;133.8072
YHAY;-0.6027078418408252;2.527750557852125;92.583;3.9001790690181046;1458.957;28.185;22;;;;;;;;92.3544;92.3544
YHAY;-0.602639646451642;2.527757782716879;92.583;5.841672856961084;1199.281;17.161;33;;;;;;;;92.6592;92.964
YHBA;-0.4419159995294753;2.6682638159590466;16.154400000000003;5.215222526674461;2000.268;25.0;29;;695.334;0.0523598775598298;695.334;0.0523598775598298;;;15.5448;16.764
YHID;-0.1847626561976791;2.4833863538516217;6.553;4.620538235971686;1389.266;25.972;26;;385.391;0.0523598775598298;413.297;0.0523598775598298;;;7.386;3.6576
YHID;-0.1847474652563439;2.4834711796935296;6.553;5.584817986932835;1232.347;20.954;32;;;;;;;;13.1064;2.4384
YHLC;-0.3182801932361664;2.2281956887227743;405.917;3.9028202757751473;1473.4032;29.022;22;;;;;;;;405.384;408.1272
YHLC;-0.318265347543498;2.2282230511425287;405.917;4.640164637943286;978.23;18.261;26;;;;;;;;401.7264;408.432
YHML;-0.6570760043673087;2.479447741457368;237.4392;6.282495902125049;1402.152;28.202;35;;;;;;;;238.6584;230.124
YHML;-0.6570847467657505;2.479514372499485;237.4392;1.9812197506463989;1228.859;29.271;10;;;;;;;;236.5248;244.4496
YHOT;-0.6466128104990003;2.571484365095026;1293.2664;5.2978115068788325;1458.292;28.767;29;;424.346;0.0523598775598298;424.346;0.0523598775598298;;;1288.3896;1298.1432
YHPN;-0.6233532849378276;2.4846548481675965;78.0288;0.348554416568154;1195.384;19.5072;1;;;;;;87.235;;78.0288;78.0288
YHPN;-0.6233256884511803;2.4846553865214496;78.0288;1.5713717618492793;484.277;28.352;8;;;;;;;;78.0288;78.0288
YHSM;-0.6400877511383726;2.4813703591116343;134.112;3.1289610076614096;999.289;20.057;17;;;;;;;;134.112;132.8928
YHSM;-0.6399918422290958;2.481476461634087;134.112;1.5665372696344249;1322.073;28.862;8;;;;;;;;133.8072;135.636
YIVL;-0.521643718223264;2.637982550843761;803.071;2.97764864096221;2110.511;28.199;16;;;;;;;;790.956;812.9016
YKER;-0.6239900522160263;2.512177673963765;77.495;2.603243227818264;1067.228;18.019;14;;;;;;;;77.4192;77.724
YKER;-0.6239745745427477;2.512267540046096;77.495;1.0256213546511308;689.0;15.168;5;;;;;;;;77.724;77.1144
YKII;-0.6959982155307767;2.5112549978772694;33.604;0.0732930145237164;1105.554;27.667;35;;;;;;;;39.9288;30.1752
YKII;-0.6959742704876553;2.5111607859529643;33.604;5.142678090848242;1583.364;31.78;28;;;;;;;;31.0896;33.2232
YKMP;-0.5423119009188907;2.666259251485652;14.173;4.086543581216807;1644.682;30.322;22;;;;;;;;14.0208;14.3256
YKMP;-0.5423008997749347;2.6663231517473545;14.173;2.9755943884326124;610.651;21.336;16;;;;;;;;14.173;14.173
YKOW;-0.2702713648586187;2.4740467415354708;10.515;2.095757680940227;1378.675;28.199;12;;;;;;;;10.3632;10.668
YKRY;-0.463900562726205;2.650100857067476;442.417;2.952612590974052;1598.782;28.412;16;;;;;;;;431.9016;446.532
YKRY;-0.4639613733049239;2.6501410073418006;442.417;4.278491052626789;1304.144;31.794;23;;;;;;;;454.7616;436.4736
YKSC;-0.6233490190687084;2.4002763080912866;6.7056;3.5122024992094265;1402.062;25.0;19;;;;;;;;6.4008;7.315200000000001
YKSC;-0.6233058220236638;2.4002213335804248;6.7056;4.298200532270785;1135.482;35.0;24;;;;;;;;6.096;7.315200000000001
YKSC;-0.6233432961331825;2.4001920518121507;6.7056;2.730598158007038;1290.664;35.0;15;;;;;;;;6.7056;6.4008
YLEC;-0.5340639570846378;2.4160914434113434;259.308;2.113409242863197;1708.673;34.242;11;;;;;;;;259.99440000000004;259.08000000000004
YLEC;-0.534052739428806;2.4159455105059853;259.308;0.5209204631413584;1218.573;20.303;2;;;;;;;;259.38480000000004;258.77520000000004
YLEO;-0.5040830544082723;2.1172984620176747;368.884;3.780443722744762;2016.801;28.426;22;;703.6;0.0523598775598298;703.6;0.0523598775598298;;;370.9416;367.284
YLEO;-0.5040282769037122;2.1173058507292537;368.884;5.470486703622442;1140.271;25.308;30;;;;;;;;369.7224;367.5888
YLHR;-0.223186088367857;2.5011664729335203;18.8976;2.183063587981039;1499.336;29.15;12;;;;;;;;14.630400000000002;23.1648
YLIS;-0.5031932491157389;2.674865672667164;10.0584;2.743520924854655;1646.139;29.472;15;;;;;;;;10.668;9.4488
YLRD;-0.5140454563080138;2.582680026441164;159.867;5.051770522363015;1406.186;17.729;28;;;;;;;;163.6776;157.8864
YLRD;-0.5140497689905115;2.5827973251633174;159.867;0.8264521471287094;852.0;88.547;4;;;;;;;;161.8488;156.0576
YLRE;-0.408965180047011;2.5181181824688363;190.5;0.8118114526983549;1928.948;28.429;4;;659.674;0.0523598775598298;659.674;0.0523598775598298;;;190.8048;190.1952
YLST;-0.4859720115534985;2.106685229320599;496.2144;1.7514167858923604;1796.913;27.327;10;;593.656;0.0523598775598298;593.656;0.0523598775598298;;;495.6048;496.845
YLTV;-0.6668139127102783;2.5563940569193098;51.892;4.836697263831183;917.0;18.125;27;;;;;;;;54.5592;47.8536
YLTV;-0.6669078613093289;2.556398020452026;51.892;3.927038289942896;1419.618;20.784;21;;525.382;0.0523598775598298;525.34;0.0523598775598298;;;54.864;50.292
YLTV;-0.6668597430078655;2.556425226827185;51.892;3.925916043233864;540.541;17.079;21;L;;;;;;;51.892;51.892
YMAV;-0.6639377806564053;2.521426741403596;10.21;3.27423994566939;3041.439;43.072;18;;1107.602;0.0523598775598298;1132.256;0.0523598775598298;;;9.7536;10.668
YMAY;-0.62948337397207;2.5649242035027258;163.068;1.418222087046505;1895.837;28.252;7;;627.702;0.0523598775598298;616.148;0.0523598775598298;;;164.2872;161.8488
YMBA;-0.2979305814331534;2.538125791332721;471.678;1.913100248072761;1502.881;27.296;10;;;;;;;;466.277;477.079
YMDG;-0.5682775616014533;2.611227097750793;466.801;6.130052562070556;1193.865;87.923;34;;;;;;;;466.6488000000001;470.0016
YMDG;-0.5683655649014296;2.6111754938031866;466.801;4.048711475284727;1736.768;25.0;22;;;;;;;;470.916;459.6384000000001
YMEK;-0.4644010796661733;2.069018084835696;514.731;1.481929222738176;2174.59;25.0;9;;;;;;;;515.4168000000001;512.6736000000001
YMEK;-0.464483646762567;2.0691313185961464;514.731;2.422311227449319;1181.487;77.743;15;;;;;;;;514.8072000000001;516.0264000000001
YMEN;-0.6585316605212305;2.5290479594293465;76.2;1.5366496581113285;1922.564;44.46;8;;681.845;0.0523598775598298;603.193;0.0523598775598298;;;72.8472;73.152
YMEN;-0.658463476835392;2.52900114605081;76.2;6.243649585364635;1504.22;46.104;35;;405.214;0.0523598775598298;417.915;0.0523598775598298;;;72.8472;85.95360000000001
YMER;-0.644147108889774;2.616276310737448;2.4384;0.5915850222835469;1604.951;30.708;3;;;;;;;;2.4384;2.4384
YMES;-0.6649219968301022;2.5680917059257253;5.41;1.7268029310502602;2231.624;43.645;9;;811.012;0.0523598775598298;;;;;7.010400000000001;4.2672
YMES;-0.6649625547709318;2.568247875356523;5.41;4.07921250022673;2431.867;43.757;22;;;;;;;;4.2672;6.096
YMGD;-0.2104604331732386;2.3428659098910947;35.509;2.5979608143041784;1526.907;29.969;14;;;;;;;;33.528;37.4904
YMHB;-0.7476451690279817;2.574584237790499;3.81;5.499746624933352;2724.748;43.767;30;;1034.567;0.0523598775598298;913.59;0.0523598775598298;;117.458;3.6576;3.976
YMIA;-0.5973908134166778;2.4798155463703;49.911;4.916279565333144;1947.438;43.952;27;;688.708;0.0523598775598298;587.862;0.0523598775598298;;119.37;49.0728;50.9016
YMIA;-0.5974425304966161;2.47992334197661;49.911;3.231063467034778;1137.955;25.0;18;;;;;;;;49.3776;50.292
YMLT;-0.7250893772830043;2.569309056625649;166.471;2.5708753987083286;1980.242;42.456;14;R;677.328;0.0523598775598298;531.086;0.0523598775598298;;;170.68800000000002;167.0304
YMLT;-0.7250824957163595;2.569409947258625;166.471;2.573153227915107;820.938;61.409;14;L;;;;;;;163.068;166.116
YMLT;-0.7250621201933514;2.5693989695213584;166.471;3.3999827152280973;748.97;60.12;18;;;;;;;;166.471;166.471
YMMB;-0.6628334764634174;2.5324269646965742;12.679;3.0733604027464763;1238.45;20.268;17;R;;;;;194.177;154.676;15.359;10.699
YMMB;-0.6628362443044232;2.5324697521245567;12.679;3.0730061009083216;1332.68;26.773;17;L;;;;;284.469;175.039;15.112;10.0
YMMB;-0.6628101692525784;2.5325060637018417;12.679;2.480788134971539;1147.405;28.506;13;L;;;;;108.065;;15.351;10.9728
YMMB;-0.6628469821231251;2.532488711542864;12.679;2.4808317682028385;1047.967;18.11;13;R;;;;;155.336;145.533;14.697;10.378
YMMB;-0.6628375550790222;2.532481705140543;12.679;0.8240138698037957;566.322;18.156;4;;;;;;;97.169;12.054;13.164
YMML;-0.6573172337069076;2.5278503249640165;119.1768;1.6447712344760503;2286.593;43.602;9;;695.583;0.0523598775598298;668.178;0.0523598775598298;;;120.396;124.0536
YMML;-0.6574565327664155;2.5278993229668845;119.1768;2.99491081992906;3655.049;57.905;16;;1263.617;0.0523598775598298;332.227;0.0523598775598298;;;131.6736;100.584
YMNE;-0.4762476907936492;2.104065763317897;543.1536;1.9919595469320832;1796.415;28.854;11;;593.407;0.0523598775598298;593.407;0.0523598775598298;;;546.2016;540.1056
YMOG;-0.4907021699092947;2.056706884085721;408.1272;5.881534431747383;1797.911;10.64;34;;;;;;;;403.86;412.6992
YMOG;-0.4906897351056209;2.0566576754226498;408.1272;3.763242106702956;1023.488;81.495;22;;;;;;;;409.956;405.9936
YMOR;-0.5148609570654652;2.61529771607029;212.1408;3.4412717948096017;1609.671;30.184;19;;550.0;0.0523598775598298;551.156;0.0523598775598298;;;213.6648;212.4456
YMOR;-0.5148458187891809;2.6152169005744765;212.1408;4.155325436241577;971.855;20.4216;23;;;;;;;;212.1408;210.312
YMRB;-0.3849870047569068;2.5844200485124484;228.447;6.133950929487812;1522.715;28.654;34;;;;;;;;234.696;222.1992
YMRY;-0.6264955276419917;2.6205521198973;4.952;0.204977541100011;1522.576;32.199;36;;509.119;0.0523598775598298;518.345;0.0523598775598298;;;4.8768;5.7912
YMRY;-0.6266024669535861;2.620501990571117;4.952;4.117761238349678;827.308;19.288;22;;;;;;;;4.2672;4.8768
YMTG;-0.6588117566683592;2.457228153644253;61.721;3.2424482497455376;1524.651;28.476;18;;508.919;0.0523598775598298;526.731;0.0523598775598298;;;64.61760000000001;59.1312
YMTG;-0.6588231323193436;2.4571432965934257;61.721;4.252241126143869;845.357;26.812;24;;;;;;;;63.0936;60.6552
YMTG;-0.6588285977812878;2.4571445761591058;61.721;5.253699880831003;921.35;27.69;29;;;;;;;;60.96;61.8744
YNAR;-0.6056153564133347;2.557093792092755;142.875;5.652674642921123;1608.049;31.715;32;;;;;;;;143.256;142.9512
YNAR;-0.605654855201475;2.5571276615721263;142.875;0.9263264493658124;1017.318;32.715;5;;;;;;;;143.032;142.3416
YNBR;-0.5290792392797046;2.6150432073356464;225.8568;1.6710913231949005;1213.868;29.822;9;;;;;;;;221.5896;238.0488
YNBR;-0.5291987655384529;2.6149541136740617;225.8568;3.3694844828128976;1523.762;27.355;18;;;;;;;;225.2472;218.5416
YNGU;-0.2569718829732439;2.3517923863394308;11.125;5.142620494982926;1528.533;17.871;29;;;;;;;;10.0584;12.192
YNRM;-0.562272622283056;2.587006479874363;236.601;5.261776217411682;1515.638;28.777;29;;;;;;251.818;;237.446;235.6104
YNRM;-0.5622659747833038;2.5870246200585463;236.601;0.937471912529538;1097.526;44.61;4;;;;;;;;236.473;237.1344
YNTN;-0.3086493763482715;2.4621519847987274;15.24;3.212418114635723;845.723;25.0;18;;;;;;;;15.24;15.24
YNTN;-0.3086982612188083;2.462168915637298;15.24;2.56079472601466;1674.923;31.676;14;;;;;;;;8.5344;21.9456
YNWN;-0.4087292406191867;2.090957354138134;523.6464;4.11206989419185;2065.199;32.7;23;;727.8;0.0523598775598298;;;;;521.8176;525.4752
YORG;-0.5825089983750614;2.602738256171706;945.261;0.9158832717865044;895.541;88.725;4;;;;;;;;947.3184;940.9176
YORG;-0.5826237613725439;2.6028288322569444;945.261;2.193302038439088;1673.352;30.717;11;;543.018;0.0523598775598298;567.357;0.0523598775598298;;;944.5752;948.2328
YPAD;-0.6099854262614278;2.417808901434173;4.724;4.017428368304906;3101.839;42.372;23;;1154.5824;0.0523598775598298;1007.085;0.0523598775598298;;150.703;6.096;4.174
YPAD;-0.6099104780423908;2.4177950446741265;4.724;5.297865786618569;1651.729;41.879;30;;512.317;0.0523598775598298;512.172;0.0523598775598298;;;4.2672;4.2672
YPAG;-0.5673201577903131;2.403570386087619;15.392;5.922885121451484;1650.021;28.041600000000003;33;;;;;;;;13.716;17.0688
YPBO;-0.4044169267768631;2.0550720204670894;423.824;1.1350549822810396;2131.685;42.694;6;;761.042;0.0523598775598298;;;;;419.1;428.5488
YPCC;-0.2127783390947526;1.690066828451936;1.981;2.6071438641635467;2438.0;43.603;15;;932.587;0.0523598775598298;940.149;0.0523598775598298;;;1.524;2.4384
YPDN;-0.2166705438264169;2.284284389202284;27.7368;1.902859528686684;3354.204;60.947;11;;1345.271;0.0523598775598298;1343.944;0.0523598775598298;;;29.260800000000003;24.6888
YPDN;-0.2166953432136966;2.284124162612013;27.7368;3.137978949373539;1522.217;29.766;18;;;;;;;;29.260800000000003;27.7368
YPEA;-0.5528041893019597;2.024846712943614;37.084;3.026996080233097;2437.621;43.509;18;L;965.054;0.0523598775598298;871.184;0.0523598775598298;;;36.2712;33.8328
YPEA;-0.5528601020309494;2.024832692336742;37.084;3.0290911734671915;1743.05;26.78;18;R;;;;;;;39.0144;32.9184
YPEA;-0.552691281284602;2.0248430068844803;37.084;3.922652452065559;1685.727;43.198;23;;;;;;;;45.72;34.7472
YPED;-0.6057201949745673;2.4194482279282257;17.221;0.8359054088628712;1957.382;48.768;4;;;;;;;;17.221;17.221
YPED;-0.6057327936250659;2.419297028517782;17.221;0.1475138670217441;2561.125;42.459;36;;;;;;;;15.725;18.903
YPGV;-0.2141385954348891;2.387916608681148;59.436;5.411510806467078;2205.705;41.0;31;;798.053;0.0523598775598298;;;;;56.388000000000005;62.484
YPIR;-0.5801146462063972;2.4084979701146056;11.125;4.715054796284186;1042.316;15.093;26;;;;;;;;11.5824;10.668
YPIR;-0.5801465319688529;2.4084042263240866;11.125;3.150560329819465;1064.522;28.298;17;;;;;;;;10.668;10.668
YPIR;-0.5801259867473476;2.408560739052993;11.125;3.871161573940298;799.85;35.584;21;;;;;;;;11.5824;11.5824
YPJT;-0.5601974554325986;2.022480125009537;29.159;0.948069167775212;1392.409;30.039;6;L;;;398.874;0.0523598775598298;116.717;146.221;28.956000000000003;28.956000000000003
YPJT;-0.5602135299764536;2.022520540559673;29.159;0.9469729439253268;1150.345;17.946;6;R;;;;;;;29.5656;28.956000000000003
YPJT;-0.5602989526889381;2.022483253703669;29.159;1.9990927948514468;1508.047;30.16;12;;;;;;;;28.956000000000003;29.5656
YPKA;-0.3615075148333355;2.0381182355386582;7.9248;1.4608866606115063;2279.448;43.397;8;;730.901;0.0523598775598298;750.458;0.0523598775598298;;;10.0584;5.7912
YPKG;-0.5373308462608278;2.1199034080708;358.368;3.2372951651290243;1200.259;16.353;18;;;;;;;;355.39680000000004;361.7976000000001
YPKG;-0.537411681262216;2.1199537246504976;358.368;1.9285053967154888;1997.824;44.096;11;;645.424;0.0523598775598298;743.663;0.0523598775598298;;;366.6744;349.60560000000004
YPKS;-0.5782775956058659;2.587240453140289;319.354;4.097772156959513;1681.366;43.865;22;;;;;;;;324.9168;313.3344
YPKS;-0.57820956991518;2.587231394751542;319.354;2.1806756284984603;1621.388;29.94;11;;;;;;;172.259;314.5536;325.812
YPKT;-0.2487049153522882;2.260715468170691;29.108;2.810793244609375;1404.515;17.075;16;;;;;;;;24.384;33.8328
YPKU;-0.2753770718403798;2.2463973856850843;43.434;5.232336003589041;1827.584;27.615;30;;613.182;0.0523598775598298;636.795;0.0523598775598298;;;43.891200000000005;42.9768
YPLC;-0.6039905050060373;2.371535109503096;5.283;3.4307595021919144;1497.947;30.926;19;;455.185;0.0523598775598298;476.657;0.0523598775598298;;;6.096;2.7432000000000003
YPLC;-0.6039698895644643;2.3715298976136188;5.283;2.6875635746406146;1450.677;31.205;15;;;;;;;;10.9728;1.524
YPLC;-0.6039582856982596;2.371567676010098;5.283;4.14330797167697;1276.1976;28.375;23;;;;;;;;3.9624;6.4008
YPLM;-0.3880482544645304;1.991248891608068;4.8768;3.2085160820270398;3073.496;43.339;18;;;;1229.2;0.0523598775598298;;;3.9624;5.7912
YPMQ;-0.5486598009001191;2.6679432457450583;4.114;3.6583514838495264;1796.435;44.482;21;;598.841;0.0523598775598298;567.236;0.0523598775598298;;;4.572;3.6576
YPOD;-0.668795809755674;2.46915190346677;78.714;1.525647364306144;1615.061;28.668;8;;567.134;0.0523598775598298;550.675;0.0523598775598298;;;78.0288;79.5528
YPOD;-0.6687932233165097;2.46905593604077;78.714;3.095056241612168;1179.544;24.704;17;;;;;;;;80.772;76.5048
YPPD;-0.3557397847556553;2.070478740268334;8.5344;5.5431133444564304;2494.627;43.582;32;;929.272;0.0523598775598298;954.306;0.0523598775598298;;;10.0584;7.010400000000001
YPPD;-0.3556066299520804;2.070468183851474;8.5344;0.0411779457413839;997.681;15.449;36;;;;;;;;8.8392;8.2296
YPPH;-0.5573873770558405;2.024040906456635;17.221;4.167589690362416;2160.584;44.477;24;;632.95;0.0523598775598298;667.416;0.0523598775598298;;;17.6784;17.6784
YPPH;-0.5575221527726474;2.023954972698101;17.221;3.3837429501370653;3440.782;43.866;21;;1451.352;0.0523598775598298;1406.588;0.0523598775598298;;;13.1064;20.4216
YPTN;-0.2534485969228092;2.310418293266192;132.588;2.42726953332131;2728.207;42.222;14;;;;;;;;130.4544;134.7216
YPXM;-0.1823908388191078;1.844656346735404;261.975;3.0601716477208565;2096.424;39.907;18;;685.772;0.0523598775598298;788.246;0.0523598775598298;;;277.9776;245.9736
YQLP;-0.4644210338687743;2.517768400706641;196.9008;4.785957749948904;1489.143;32.673;27;;;;;;;;195.6816;199.0344
YQLP;-0.4643664494694007;2.5177167967590344;196.9008;0.2552506506462789;1194.093;78.6384;36;;;;;;;;197.5104;195.3768
YREN;-0.5968716413453629;2.4551301886784485;33.528;4.433338234660053;1736.095;15.905;25;;;;;;;;33.2232;33.2232
YREN;-0.5969186653841028;2.4552973748576616;33.528;3.2333116256442724;1143.401;89.859;18;;;;;;;;34.1376;33.528
YREN;-0.5968618046841978;2.455281973256123;33.528;2.258816986169975;1215.31;90.242;12;;;;;;;;33.528;33.528
YREN;-0.5968640166163337;2.455086371356138;33.528;4.441238118453355;1427.712;105.64;25;R;;;;;;;33.528;33.528
YROM;-0.4632849375400877;2.5966241168456428;306.781;3.3432561984127025;1499.738;27.0;18;;;;;;;;303.8856;305.1048
YROM;-0.4632946747228234;2.596534250763312;306.781;4.914173476524762;889.385;36.147;27;;;;;;;;305.1048;313.0296
YSBK;-0.5920687057409593;2.6352688026966864;7.366;2.1644416928071304;1358.094;30.401;11;C;409.456;0.0523598775598298;506.43;0.0523598775598298;98.301;;6.94;7.968
YSBK;-0.5920662246318968;2.635300487551726;7.366;2.164722970069381;1105.2048;31.069;11;L;;;;;;;6.7056;10.3632
YSBK;-0.5920894733260125;2.635269770173176;7.366;2.164695917465976;1040.0;22.798;11;R;;;;;;;5.486400000000001;6.7056
YSCB;-0.6161976259616234;2.603895662340414;569.823;2.268722951405519;1676.891;44.624;12;;;;601.226;0.0523598775598298;;65.788;563.5752;575.307
YSCB;-0.6161958177948774;2.6039342911799364;569.823;3.1415186516295086;3282.72;45.802;17;;1356.899;0.0523598775598298;738.725;0.0523598775598298;;601.609;571.1952;569.501
YSCN;-0.594156576572017;2.629955952366573;68.351;1.93671507645102;722.924;18.967;10;;;;;;;;67.3608;68.58
YSCN;-0.5940719730936569;2.629998092209486;68.351;1.1280720246635652;1461.469;28.804;6;;;;;;;305.908;67.3608;70.833
YSDU;-0.5623144032233999;2.5931427931373934;280.035;0.9356234866786284;1707.434;42.011;5;;545.448;0.0523598775598298;621.752;0.0523598775598298;;;284.988;275.2344
YSDU;-0.562287350942278;2.593182147584283;280.035;2.0796172250836342;1067.856;17.053;11;;;;;;;;277.368;282.5496
YSHK;-0.451978968269658;1.9822717396774665;39.3192;3.1096264247407417;1689.093;29.0;18;;;;;;;;39.3192;39.3192
YSHL;-0.60317847429027;2.631733230084943;7.62;2.956424913659183;1817.84;29.811;16;;571.267;0.0523598775598298;454.608;0.0523598775598298;;174.024;6.7056;8.73
YSHL;-0.6032336906702539;2.631765094391267;7.62;4.785991260270543;1331.021;42.683;26;;;;;;89.61120000000001;;5.875;9.144
YSHT;-0.6357709841734156;2.537566394865898;114.147;0.1830101988158796;1378.806;18.373;36;;365.1504;0.0575958653158128;314.336;0.0523598775598298;91.0;140.781;114.3;114.3
YSHT;-0.6358200738524835;2.537590745624968;114.147;1.7368770413059416;434.571;30.901;9;;;;;;;;113.9952;113.9952
YSMI;-0.7127229796586201;2.5321896208673937;7.239;4.350795156615009;1612.249;28.703;24;;;;;;190.252;;6.028;9.4488
YSMI;-0.7126513961511652;2.5322567434499854;7.239;5.110879064541531;622.056;21.462;28;;;;;;;;6.7056;6.4008
YSNB;-0.199278636389377;2.2802498796020982;47.373;2.262421440141193;1443.751;25.0;13;;;;;;;;44.788;49.959
YSNF;-0.506863377031298;2.931074739439384;105.079;2.135887163766707;1892.0;43.676;11;;672.244;0.0523598775598298;627.387;0.0523598775598298;;;97.405;112.0
YSNF;-0.5068853500608486;2.93108606827699;105.079;0.8692505874473386;1437.588;29.545;4;;481.112;0.0523598775598298;;;;;99.06;111.8616
YSNW;-0.6098573038960456;2.6274933579953474;113.919;0.7721718837929101;2049.63;44.146;3;;720.015;0.0523598775598298;720.015;0.0523598775598298;;;108.8136;114.6048
YSNW;-0.6099674499240698;2.627375162016772;113.919;1.6476760557633143;2006.355;43.513;8;;698.378;0.0523598775598298;698.378;0.0523598775598298;;;121.92;109.809
YSRI;-0.5865084057435744;2.6316463678610686;18.135;5.012023615708572;2134.298;44.174;28;;762.349;0.0523598775598298;762.349;0.0523598775598298;;;16.154400000000003;20.1168
YSSY;-0.5923759770543285;2.6385327562839307;4.368;1.294505295683513;2530.0;45.0;7;;835.726;0.0523598775598298;700.207;0.0523598775598298;;100.268;4.8768;6.147
YSSY;-0.5927200963482784;2.6387826460985586;4.368;2.929643708951956;2438.0;45.0;16;L;;;835.562;0.0523598775598298;230.902;37.527;4.974;3.946
YSSY;-0.5924837473033919;2.6385210217303774;4.368;2.9285240802368016;3962.661;45.0;16;R;1530.279;0.0523598775598298;1533.027;0.0523598775598298;85.934;;2.087;4.2672
YSTW;-0.5424103318989362;2.632749447103985;400.354;5.462622773611732;2198.084;45.768;30;R;832.523;0.0523598775598298;807.547;0.0523598775598298;;;404.1648;390.7536
YSTW;-0.5425309992337864;2.632604895193294;400.354;5.462753149706856;1110.463;18.864;30;L;;;;;;;406.908;401.7264
YSTW;-0.5424805110050346;2.6327563754840084;400.354;3.284949285959627;983.558;28.537;18;;;;;;;;393.683;405.6888
YSTW;-0.5424848587975664;2.632778986345841;400.354;4.415406547392138;838.184;29.348;24;;;;;;;;398.9832;400.5072
YSWG;-0.6137160487654009;2.5738147584852644;216.7128;1.0818613609375318;1769.115;44.125;5;;572.437;0.0523598775598298;588.466;0.0523598775598298;;;216.7128;213.6648
YSWG;-0.6137683100508646;2.5737792115264955;216.7128;2.1884666037464378;894.4;19.331;12;;;;;;;;215.7984;220.6752
YSWH;-0.6174101158724092;2.505125059035949;70.027;1.5871682133103042;1489.844;29.679;8;;;;;;;;70.4088;69.7992
YSWH;-0.6174812195427339;2.5051864781885893;70.027;2.715617822504245;712.341;28.791;15;;;;;;;;70.027;70.027
YSWH;-0.617483489991593;2.505158702250658;70.027;3.994610108197258;980.822;25.0;22;;;;;;;;69.1896;70.7136
YSWL;-0.6469631618239677;2.491178908842816;234.924;5.1457231667941965;1403.383;23.541;29;;;;;;;;233.78160000000003;226.1616
YSWL;-0.6470832908049649;2.4913009513206603;234.924;3.237245597778268;853.827;18.203;18;;;;;;;;234.3912;245.364
YTEF;-0.3790011477419356;2.133319529389914;293.065;2.122877741321729;2000.129;28.152;12;;695.264;0.0523598775598298;695.264;0.0523598775598298;;;297.18;288.9504
YTEM;-0.6007695221991747;2.57444858822396;276.301;4.220486954798935;2038.379;28.08;23;;714.261;0.0523598775598298;745.951;0.0523598775598298;59.253;;274.846;277.6728
YTEM;-0.6008103025035524;2.574602666657184;276.301;3.298459007034689;1454.076;27.759;18;;;;;;115.803;;273.906;279.248
YTEM;-0.6007836890978543;2.5745741573096548;276.301;4.864762332736176;829.566;26.691;27;;;;;;;;275.844;275.844
YTGM;-0.4884565848059474;2.5099970287692352;130.53;5.5987020811324495;1461.636;28.499;31;;;;;;;;130.1496;130.7592
YTGM;-0.4885619734243777;2.509983382669392;130.53;4.034430144147359;846.487;29.091;22;;;;;;;;130.4544;130.7592
YTIB;-0.5140612909333038;2.479356985920845;170.307;3.662141291787307;994.722;18.728;20;;;;;;;;170.99280000000002;166.7256
YTIB;-0.5140090589062017;2.4793520080982607;170.307;2.8144650682897203;1531.805;17.048;15;;;;;;;;178.00320000000002;165.5064
YTMU;-0.6155456618904172;2.5872851209056424;260.2992;3.175814196898272;1061.596;18.095;17;;;;;;;;257.55600000000004;263.0424
YTNG;-0.4275216170885261;2.628097110138333;193.624;1.9475494695821625;1525.345;28.0;10;;;;;;;;192.024;195.072
YTNG;-0.4275157771195536;2.628081357436456;193.624;2.442000461273993;795.065;25.0;14;;;;;;;;192.024;195.3768
YTNK;-0.3426692612530305;2.3418604599491166;371.322;4.437678519443913;1957.03;30.903;25;;;;;;;;375.2088;366.9792
YTNK;-0.3427156006461093;2.3418892189679976;371.322;5.226172024269772;1052.737;20.748;29;;;;;;;;373.6848;369.4176
YTRE;-0.5565514656653473;2.6618993186845694;8.0;0.7832405350162553;1505.674;20.5;4;;;;;;115.806;;10.335;2.1336
YTRE;-0.5565222716721574;2.6618079545741256;8.0;5.551790772431496;682.6;56.0;30;;;;;;;;9.7536;10.3632
YWDH;-0.443496711772485;2.490038769008558;131.521;0.8742629287129712;1370.191;29.799;4;;;;;;;;131.064;131.9784
YWGT;-0.6355722906398896;2.55356180070447;152.7048;0.1425363276213965;1632.232;17.723;36;;;;;;;;153.6192;152.0952
YWGT;-0.6356359802413886;2.5534607930380475;152.7048;4.852357754143477;593.291;18.631;27;;;;;;;;152.4;152.7048
YWHA;-0.5769827668139066;2.400165797309021;10.286;3.039529115058744;1683.161;44.114;17;;;;;;;;10.286;10.286
YWHA;-0.5769250400664987;2.4000475467148377;10.286;0.9449942117924632;1255.189;36.211;5;;;;;;;;11.8872;10.668
YWKB;-0.6339324823581498;2.4857078448977084;119.7864;1.4986827254945323;1371.0;28.465;8;;;;;;;;121.0056;120.7008
YWKB;-0.6339192575787131;2.48567324981097;119.7864;6.203531970777069;882.0;31.658;35;;;;;;;;120.396;117.0432
YWLG;-0.5241826359565216;2.585276803559735;132.816;1.0128756514561292;1625.487;28.952;5;;;;;;;;132.8928;132.8928
YWLG;-0.5241526636909135;2.5852739869547934;132.816;0.1814424131820444;1151.987;21.555;36;;;;;;;;133.5024;131.9784
YWLM;-0.5723990407061726;2.6500212119061257;6.858;5.418361572847006;3058.673;41.232;30;;960.4248;0.0523598775598298;960.4248;0.0523598775598298;;836.171;4.8768;8.8392
YWLU;-0.4648281230085281;2.098268238475336;498.5;2.561515372462808;1808.519;27.246;15;;;;;;;;503.8344;493.1664
YWLU;-0.4648271106692173;2.098221136414298;498.5;3.722312739480288;1342.132;36.34;21;;;;;;;;498.5;498.5
YWMC;-0.504502285768084;2.3796429604009632;91.44;2.031990575735458;1198.521;18.557;11;;;;;;;;91.167;91.713
YWMC;-0.5046146027665378;2.379550722440787;91.44;3.7599868931150615;988.843;16.379;21;;;;;;;;88.709;94.171
YWRN;-0.5538648049094285;2.579759745470216;203.9112;1.7292650670260483;1187.762;15.615;9;;;;;;;;203.9112;203.9112
YWRN;-0.5539164108075927;2.5795296109013304;203.9112;3.8509119148928086;1176.242;45.034;21;;;;;;;;203.9112;203.9112
YWSL;-0.6648104346973773;2.5650279809607115;22.301;4.877869755418654;1523.897;29.607;27;;483.559;0.0523598775598298;462.9912000000001;0.0523598775598298;;;21.9456;18.8976
YWSL;-0.6648579795349535;2.5650096457207847;22.301;4.128450681886443;623.908;88.636;23;;;;;;;;21.9456;23.1648
YWSL;-0.6648723687971811;2.565048212142469;22.301;2.539150199828977;818.52;89.483;14;;;;;;;;19.5072;28.346400000000003
YWTN;-0.3902988368960367;2.497323562689455;191.643;2.601190371552069;1400.333;25.357;14;;;;;;;;194.4624;188.0616
YWTN;-0.3903094459779476;2.497198524155384;191.643;4.170133507747198;891.504;13.051;23;;;;;;;;192.6336;191.4144
YWWL;-0.592348690706314;2.5689438888663747;258.699;4.863874309212762;1583.269;33.1;27;;;;;;;;256.33680000000004;261.5184
YWWL;-0.592312849213372;2.5690459732405038;258.699;0.7290627748674257;898.715;86.641;4;;;;;;;;258.47040000000004;258.47040000000004
YWYY;-0.7155496007130183;2.54353185490173;15.011;1.7331903125137835;1649.853;28.651200000000003;9;;516.963;0.0523598775598298;569.442;0.0523598775598298;;;19.2024;9.7536
YWYY;-0.7155232272258853;2.5434254714990057;15.011;1.1260499560053747;717.017;14.66;5;;;;;;;;20.407;10.563
YYNG;-0.5978723358283048;2.5874005704993435;384.048;3.3986073957775256;1219.319;16.166;19;;;;;;;;381.9144;386.1816
ZBAA;0.6996635860367422;2.0345635162550937;30.937;3.021812103288824;3197.694;47.924;18;R;1183.77;0.0523598775598298;1186.14;0.0523598775598298;;;30.937;30.937
ZBAA;0.6993962231285753;2.0350095073124117;30.937;3.0223772409006195;3799.982;57.615;18;L;1486.139;0.0523598775598298;1477.431;0.0523598775598298;;;30.937;30.937
ZBAA;0.6994559043345371;2.035314644715942;30.937;3.0222164960765108;3796.424;57.489;19;;1490.665;0.0558505360638185;1463.09;0.0523598775598298;;;30.937;30.937
ZBBB;0.6974118215674279;2.0290637479067137;44.225;3.0659034835173307;2499.308;49.842;18;;;;;;151.704;117.984;43.083;45.368
ZBCF;0.7371066465819354;2.0753726576739235;580.02;5.785910285491567;1288.859;34.376;34;;;;;;;;581.438;578.604
ZBDS;0.6892747318135496;1.9174509006883853;1397.508;2.144201214191507;2798.075;43.0;13;;;;;;;;1397.508;1397.508
ZBER;0.7578894927966149;1.9563731352585425;1009.954;1.9251044481350523;2400.881;49.814;12;;;;;;;;1009.954;1009.954
ZBES;0.8257252089407642;2.092856401256307;887.874;1.2674294793985494;2394.578;42.583;8;;;;;;;;884.338;891.411
ZBHD;0.6374980759994369;1.9971000723846624;70.554;0.8060146906537061;2197.255;38.702;5;;;;;;;;73.275;67.834
ZBHH;0.7129621667645801;1.9517063485633832;1077.01;1.268724339170604;3598.099;42.928;8;;1494.25;0.0523598775598298;1494.25;0.0523598775598298;;;1077.01;1077.01
ZBHZ;0.7939171625451003;2.083979687429356;977.535;4.964213287909916;2860.213;242.982;29;;;;;;;;982.38;972.691
ZBLA;0.8588074686868145;2.091395558570156;657.606;1.4646351042460148;2797.891;42.024;9;;;;;;;;657.606;657.606
ZBLA;0.858830050290286;2.09131928397206;657.606;1.4641456441105851;2586.902;43.068;9;L;;;;;;;657.606;657.606
ZBMZ;0.8651028674640141;2.04778763250214;674.5224000000001;1.872352307825837;2799.967;41.695;12;;;;;;;;674.5224000000001;674.5224000000001
ZBOW;0.7078949813416825;1.919835714631173;1008.43;2.247774287992607;2796.045;41.034;13;;;;;;;;1011.936;1004.9256
ZBSJ;0.668125395361652;2.0018436174161627;69.037;2.5735396438114977;3398.142;42.279;15;;1394.271;0.0523598775598298;1394.271;0.0523598775598298;;;69.037;69.037
ZBTJ;0.6828775724547562;2.048060070760763;1.524;2.6981196750225265;3597.739;46.011;16;R;;;;;401.0;;1.524;1.524
ZBTJ;0.6829205822462866;2.048503221806449;1.524;2.697456275373844;3197.81;41.81;16;L;;;1294.105;0.0523598775598298;;;1.524;1.524
ZBTL;0.7602121327210334;2.132786020721422;183.812;0.2891588375408547;2296.794;42.463;2;;;;;;;;184.538;183.087
ZBUC;0.7178582785472885;1.9740817000913484;1408.698;4.572630518800768;3186.796;42.079;27;;;;;;;;1399.133;1418.264
ZBXH;0.7664085270543005;2.023890729138289;1010.341;3.6327778724517534;2797.837;43.891200000000005;22;;;;;;;;1008.933;1011.75
ZBYC;0.6128983945925369;1.9378644829731688;380.542;1.3606263089971549;2996.846;44.071;8;;;;;;;;380.542;380.542
ZBYN;0.6587866237357576;1.9657735737578723;781.5072;2.2186026803418484;3593.219;43.339;13;;1491.809;0.0523598775598298;1491.809;0.0523598775598298;;;781.5072;781.5072
ZBYZ;0.7143096664590655;1.880408121837484;1035.138;5.065857598354636;2592.84;43.729;29;;;;;;;;1035.424;1034.853
ZGBH;0.3759365918394527;1.9075374343736744;20.86;0.192907105792606;3188.953;41.244;1;R;;;;;;;20.229;21.492
ZGCJ;0.4789862441796757;1.914717178833136;266.937;0.6386944782144799;1996.482;42.582;4;;;;;;;;267.077;266.798
ZGGG;0.4082188870180536;1.977615462585789;13.461;0.2429214353706807;3088.792;56.388000000000005;2;R;;;1239.596;0.0523598775598298;;;13.461;13.461
ZGGG;0.4082250956423821;1.977229689137728;13.461;0.2437524913473103;2870.354;42.499;2;L;1130.377;0.0523598775598298;1130.377;0.0523598775598298;;;13.461;13.461
ZGHA;0.492040201597971;1.976054774765448;62.255;3.0869631498706696;3191.82;44.706;18;;;;;;;;62.255;62.255
ZGKL;0.4401705568590677;1.9205513585510912;173.278;3.228258373860973;3189.84;39.592;19;;1290.12;0.0523598775598298;1290.12;0.0523598775598298;;;173.278;173.278
ZGLG;0.4596997759065724;1.94796157476519;102.33;3.0372355778886977;2597.5056;49.048;18;;;;;;;;101.104;103.556
ZGSZ;0.3951298137141836;1.9863697048122588;3.81;2.6727291486632883;3388.778;42.843;15;;1389.589;0.0523598775598298;1389.589;0.0523598775598298;;;3.81;3.81
ZGSZ;0.3951277597772003;1.986066127854679;3.81;2.6727319411900914;3797.567;56.975;16;;1593.984;0.0523598775598298;1593.984;0.0523598775598298;;;3.9624;3.9624
ZGZH;0.4225057976452274;1.909243391909844;90.553;5.850471061720388;2532.915;43.355;34;;;;;;;;96.691;84.416
ZHCC;0.6024763262772727;1.9869030262272365;148.7424;5.1035024304579775;3403.975;44.13;30;;1397.188;0.0523598775598298;1397.188;0.0523598775598298;;;148.7424;148.7424
ZHGH;0.5653050056911395;1.94943081265056;94.131;6.045677411909693;3196.656;60.563;35;;;;;;;;93.277;94.986
ZHHH;0.5372769172487537;1.9933086802636768;30.708;0.7200919570451;3396.382;41.06;4;;1393.391;0.0523598775598298;1393.391;0.0523598775598298;;;30.708;30.708
ZHLY;0.6063496827724036;1.961537992894642;261.493;1.32441943621124;2496.433;44.064;8;;;;;;;;257.694;265.293
ZHXF;0.5611324005253859;1.9598442302435817;67.086;0.1724717611659977;2397.239;42.55;1;;;;;;;;66.419;67.755
ZHYC;0.5333107766373634;1.945694379435976;197.5104;5.469579481477257;2600.766;42.932;32;;;;;;;;189.8904;205.1304
ZJHK;0.34792767932725;1.9278716679818384;18.059;4.709188046536532;3595.694;45.424;27;;1493.047;0.0523598775598298;1493.047;0.0523598775598298;;;18.059;18.059
ZJSY;0.3194461623520316;1.9096040655847788;22.707;4.575736681270541;3403.59;44.68;26;;1397.0;0.0523598775598298;1397.0;0.0523598775598298;;;22.707;22.707
ZKPY;0.6849559284666263;2.1934582503023647;25.6032;3.153792505061234;3997.48;63.947;19;R;;;;;97.042;98.201;27.732;23.474
ZKSC;0.6878715359019504;2.1972102645697715;40.762;2.5271145838401496;2493.988;47.336;15;;;;;;;;41.9;39.624
ZKSD;0.6937215521957534;2.2248428677386083;1.294;3.274748534613421;2492.897;48.686;20;;;;;;;;0.545;2.045
ZKWS;0.683582775040703;2.2250226311121883;2.895;2.5747788275804138;2409.505;37.715;15;R;;;;;;;2.1336;2.1336
ZLDH;0.7009539851127575;1.6547297262569325;1121.9688;4.610755840047182;2796.198;43.162;26;;;;;;;;1121.9688;1121.9688
ZLGM;0.635300281503903;1.6543321480352515;2849.318;4.701375952804606;4794.764;47.443;27;;;;;;;;2852.585;2846.051
ZLGY;0.6296992889772253;1.8538319717865408;1733.416;6.210318509040524;2793.306;41.035;36;;;;;;;98.318;1751.576;1715.258
ZLIC;0.668859130701817;1.8569156782619607;1133.2464;0.5106509458226238;3198.632;43.71;3;;;;;;;;1133.2464;1133.2464
ZLJN;0.6159761635711116;2.030631652789579;44.132;4.529242331727889;2802.0;49.252;27;;;;;;;;42.827;45.438
ZLLL;0.63731132572911;1.808524134910417;1937.004;3.090988577257469;3601.092;40.971;18;;1495.746;0.0523598775598298;1495.746;0.0523598775598298;;;1937.004;1937.004
ZLQY;0.6248330382783509;1.878006696947546;1401.029;5.5812479159478805;1995.242;28.277;32;;;;;;;;1396.718;1405.342
ZLSN;0.5999899682647671;1.9045100287881755;388.656;3.9860429850309194;2791.569;48.33;23;;;;;;;;386.891;390.422
ZLXN;0.6375744052131408;1.7809267510066993;2172.462;1.9034068639401096;3796.966;43.12;11;R;;;;;;;2172.462;2172.462
ZLXN;0.6375271237008188;1.7809880063125143;2172.462;1.904217743910586;2990.804;41.368;1;L;;;;;;;2172.462;2172.462
ZLXY;0.60095624321114;1.8983356484461649;474.2688;3.9914273257733206;3796.373;47.448;23;L;;;;;;;469.0872;473.964
ZLXY;0.6012133071760288;1.8980847833528167;474.2688;3.992109924043776;2998.821;41.71;23;R;;;;;;;477.9264;476.0976
ZLZW;0.6557758798119024;1.8352980168700683;1240.348;1.5329613236162587;2796.883;42.508;9;;;;;;;;1247.83;1232.866
ZMAH;0.8072175221813225;1.7942414745479025;1785.061;2.411135535182949;2488.0;44.616;14;;;;;;;;1808.988;1761.1344
ZMAT;0.8094312039671973;1.6793048696512494;2202.712;1.8142331055338137;3033.339;34.06;10;;;;;;;;2218.944;2186.0256
ZMAT;0.8093983994921877;1.6793639247282732;2202.712;1.8132414094528304;2306.928;25.0;10;R;;;;;;;2218.0296000000003;2187.8544
ZMBH;0.8056898377928502;1.7576290900970364;1856.384;2.7359964613834573;2686.416;33.159;16;;;;;;;;1866.9;1845.8688
ZMBN;0.8526921902352066;1.805975450736062;1303.02;2.232831302535807;1924.66;31.456;13;;;;;;;;1316.1264;1289.9136
ZMBU;0.8143734210760917;1.977194477674839;965.9112;3.014963605836923;2267.768;25.0;18;;;;;;;;975.9696;955.8528
ZMCD;0.8401239801359511;2.000961692375683;742.95;1.9595187805127068;2592.233;38.914;12;;;;;;;;747.9792;737.9208
ZMDZ;0.7611182524759869;1.8215571901551952;1456.0296;4.948037227336582;2207.559;26.522;29;;;;;;;;1452.9816;1459.0776
ZMKD;0.8369553288346201;1.599193454853073;1469.897;2.748393709593298;2949.402;35.052;16;;;;;;;;1446.8856;1492.9104
ZMMN;0.8667908408605958;1.747068811133315;1297.5336;1.7834402615408778;2397.222;38.646;10;;;;;;;;1303.02;1292.0472
ZMUB;0.8350085125647653;1.863441197954144;1291.97;2.4116353974807208;3098.263;42.428;14;;1244.332;0.0466002910282486;;;;;1264.92;1330.1472
ZMUB;0.8350146860790597;1.8632904978864049;1291.97;2.552807575758758;2041.883;33.086;15;;;;;;;;1267.968;1304.8488
ZPDL;0.4476724183245666;1.7508940415247531;2149.771;2.94180743210788;2663.461;39.639;17;;;;;;;;2146.068;2153.475
ZPDQ;0.485067108946387;1.7397083514282434;3277.639;2.791994477769069;3595.478;40.593;16;;;;;;600.425;;3267.557;3287.721
ZPJH;0.38352863342703;1.758634227949824;551.9928;5.948652813462077;2391.576;40.896;34;;890.988;0.0523598775598298;;;;;552.9072;551.0784
ZPLJ;0.465602328514438;1.7496006502936263;2234.031;3.4376586141921237;2989.606;41.308;20;;;;;;;;2234.031;2234.031
ZPLX;0.4258834765333966;1.719708006440262;878.372;3.92137120586167;2198.251;44.0;23;;;;;;;;879.811;876.933
ZPPP;0.4381750195655011;1.7967226694348672;2099.233;0.6666801695450932;4491.0;56.083200000000005;4;R;1940.697;0.0523598775598298;1446.232;0.0523598775598298;;494.465;2099.233;2099.233
ZPPP;0.4383640519880315;1.7964561296619397;2099.233;0.6671326461536727;3990.676;39.122;3;L;1690.538;0.0523598775598298;1690.538;0.0523598775598298;;;2099.233;2099.233
ZSAM;0.4283765990791006;2.061716664603189;14.478;0.9053527230248414;3398.412;41.901;5;;1244.354;0.0523598775598298;1195.363;0.0523598775598298;150.052;199.043;14.478;14.478
ZSAQ;0.5337629295056309;2.0429152336462173;11.789;1.0660441400584082;2790.458;46.558;6;;;;;;;;15.255;8.324
ZSBB;0.5733014739075664;2.0476246439225347;28.471;1.0715040535574218;2599.2;49.0;7;;;;;;;;22.927;34.017
ZSCN;0.5037431132083569;2.0228612171197438;38.4048;3.5439308396814315;2794.725;43.357;21;;;;;;;;38.4048;38.4048
ZSFY;0.5739003106458059;2.0199437839626566;30.019;0.364462813447402;2398.0;43.478;3;;;;;;;;29.978;30.06
ZSFZ;0.452648259142595;2.088521412183755;10.3632;0.4698202246092779;3592.763;41.239;3;;1491.582;0.0523598775598298;1491.582;0.0523598775598298;;;10.3632;10.3632
ZSJD;0.512062429889861;2.0451040477753017;39.771;0.697208124917454;2396.951;42.201;4;;;;;;;;37.383;42.161
ZSJN;0.643280733693198;2.045804844051994;22.707;6.283183212784484;3595.75;37.749;1;;1493.075;0.0523598775598298;1493.075;0.0523598775598298;;;22.707;22.707
ZSJU;0.5055619885146713;2.075184959432681;68.423;4.090390112355277;2593.535;43.302;24;;;;;;;;65.167;71.681
ZSLQ;0.4985102025737673;2.119332042983532;3.0;3.579735920220245;2491.49;54.795;21;;;;;;;;2.57;3.439
ZSLY;0.611721190265823;2.066677259864274;65.989;3.142006296622516;2398.448;43.805;19;;;;;;;;65.989;65.989
ZSNB;0.52057536085332;2.1199117486544097;3.6576;2.1519111188957294;3197.412;42.467;13;;1144.862;0.0558505360638185;1293.906;0.0523598775598298;149.044;;3.6576;3.6576
ZSNJ;0.5540062924943828;2.074532724233991;12.268;1.0097991595836389;3595.596;38.789;6;;1493.0;0.0523598775598298;1493.0;0.0523598775598298;;;13.1064;11.5824
ZSOF;0.5583036085005578;2.0416265783685525;62.026;2.621358000124713;3395.8;39.026;15;;1393.1;0.0523598775598298;1393.1;0.0523598775598298;;;62.026;62.026
ZSPD;0.5435635268141331;2.126200595509172;3.429;2.828952173745899;3799.818;59.283;16;L;1451.354;0.0523598775598298;1450.832;0.0523598775598298;;;3.429;3.429
ZSPD;0.5435421448034866;2.1261239542062778;3.429;2.8288448359969016;3800.164;59.283;16;R;;;;;;;3.429;3.429
ZSPD;0.5435669207840771;2.1256795235949117;3.429;2.828963867451888;3999.712;55.977;17;L;;;;;;;3.429;3.429
ZSPD;0.543499632404103;2.125616372347265;3.429;2.8285383561802515;3400.032;57.526;17;R;1252.547;0.0523598775598298;1252.289;0.0523598775598298;;;3.429;3.429
ZSQZ;0.4327925752965211;2.0697727399043946;5.486400000000001;3.669542185947464;2595.97;44.336;21;;;;;;;;5.486400000000001;5.486400000000001
ZSRG;0.5629943675466432;2.103171534161092;4.948;5.6276141583234365;2199.016;41.212;33;;;;;;;;4.299;5.598
ZSSS;0.5445067461715768;2.11771798791166;2.514;3.0962137439720903;3394.867;43.778;18;L;;;1296.216;0.0523598775598298;97.473;96.417;2.514;2.514
ZSSS;0.5445114099544135;2.117650763900081;2.514;3.0956374362530816;3304.459;54.757;18;R;;;;;300.288;304.0;2.514;2.514
ZSSZ;0.5456442703083088;2.101390051040884;6.187;6.236743492047419;2385.499;41.729;36;;;;;;;;2.205;10.17
ZSTX;0.5189509366181018;2.0639600475271878;133.045;2.235634999446211;2592.162;44.171;13;;;;;;;;134.112;131.9784
ZSWF;0.6396088853859776;2.079013170275886;38.723;2.8610070653209525;2596.641;47.253;17;;;;;;;;33.445;44.0
ZSWH;0.6490334834897468;2.1332920109255644;39.624;3.463467146907213;2596.915;43.576;20;;;;;;;;39.624;39.624
ZSWX;0.5497328337562446;2.101909687344869;4.8768;3.49372225495761;3196.71;48.479;21;;;;;;;;5.1816;4.572
ZSWY;0.4834700178725618;2.0594932085739868;197.614;3.5527801825878185;2391.0;43.218;21;;;;;;;;199.763;195.466
ZSWZ;0.487170229235503;2.109261112067884;5.1816;3.632055131608503;2401.75;47.518;21;;;;;;;;5.1816;5.1816
ZSXZ;0.5944482999920399;2.051746647727205;35.052;1.491618156281235;3396.963;41.4528;9;;;;;;;;35.052;35.052
ZSYA;0.5683379157497316;2.0895046959909966;4.8768;6.054294626025566;2395.235;42.052;35;;;;;;;;4.8768;4.8768
ZSYC;0.4852448593446901;1.9950217768400729;123.925;0.9363832808618988;2397.286;41.877;6;;;;;;;;111.5568;136.293
ZSYN;0.5833972822327924;2.097941886809098;3.2;3.811726306125808;2198.57;47.244;22;;;;;;;;3.048;3.3528
ZSYW;0.5121636989309801;2.094959242615709;78.0288;0.317169940865377;2497.538;41.96;2;;;;;;;;78.0288;78.0288
ZSZS;0.5224528991746129;2.135624386082161;2.1336;3.0512587748296967;2497.451;43.768;18;;;;;;;100.29;2.1336;2.1336
ZUAL;0.5602493773210679;1.3971895522749442;4267.628;2.657670098811231;4487.209;42.725;15;;;;;;;;4260.498;4274.759
ZUAS;0.4583336210807404;1.8478375498738555;1464.557;4.44274311586735;2791.312;42.33;26;;;;;;;99.317;1465.7832;1463.334
ZUBD;0.5333013554449327;1.694831704779589;4336.956;5.595805881771691;4182.075;41.977;32;;;;;;;;4338.882;4335.031
ZUCK;0.5186943758970323;1.8612448390688845;407.72;3.433009929729436;3199.0;44.368;20;R;;;;;;;407.72;407.72
ZUCK;0.5187157403526618;1.861323797634017;407.72;3.435827938339706;3603.905;47.727;20;L;;;;;191.904;202.089;407.72;407.72
ZUDC;0.5116752481393299;1.746384547781476;4411.154;2.8593423702804;4194.68;50.0;16;;;;;;;;4409.797;4412.511
ZUGU;0.5653202551491978;1.844723617560361;619.0;4.524856144784702;2497.599;42.086;26;;;;;;198.687;;607.568;630.437
ZUGY;0.4631787004291713;1.8640317487243825;1136.979;0.172127233171654;3195.323;41.772;1;;;;;;;;1136.979;1136.979
ZUJZ;0.5733963353674983;1.809594897317684;3457.171;3.417561147855408;3329.871;43.203;20;;;;;;195.688;71.137;3494.758;3419.585
ZUKD;0.526096261540994;1.7756724408064462;4257.497;5.7489913358241305;3997.136;44.576;33;;;;;;;;4267.362;4247.633
ZULS;0.5113474959728508;1.5867178611221375;3568.75;1.553616806621421;3994.779;40.593;9;;;;;;;;3568.75;3568.75
ZULZ;0.5035731396825629;1.8394475235346288;246.51;1.1601156414116505;2397.074;43.927;7;;;;;;;;248.05;244.972
ZUMY;0.5485569109457681;1.828054816876001;521.0;5.625649266651542;2397.61;41.432;32;;;;;;;;522.33;519.671
ZUNZ;0.5114453710440261;1.6464589491972983;2952.279;4.092769170658671;2988.968;43.0;23;;;;;;;;2956.545;2948.015
ZUUU;0.5329283757031151;1.8141597010677013;499.2624;3.522618624185329;3598.957;57.0;20;L;1445.851;0.0523598775598298;1372.057;0.0523598775598298;;;496.5192;512.3688000000001
ZUUU;0.5336951671401993;1.8142174375678963;499.2624;3.5229736241551843;3593.09;42.792;20;;1368.523;0.0523598775598298;1374.845;0.0523598775598298;;;499.2624;499.2624
ZUXC;0.4884989918752291;1.7834526682746252;1552.956;3.107960158903863;3597.338;46.932;18;;1493.869;0.0523598775598298;1493.869;0.0523598775598298;;;1552.956;1552.956
ZUYI;0.43784405483092;1.8318886063134807;1260.743;5.900984380931608;2292.843;41.471;34;;;;;;;;1262.335;1259.151
ZWAK;0.7201744289671074;1.4013165260999694;1161.127;4.796224823806687;2787.949;41.546;27;;;;;;;;1162.382;1159.873
ZWAX;0.7835738050741727;1.436407881464345;390.609;1.7540445536141631;2595.942;40.566;10;;;;;;;;399.249;381.97
ZWCM;0.6658343076543671;1.4928266786803754;1244.203;0.1997075543301991;1698.812;30.625;1;;;;;;;;1246.882;1241.526
ZWHM;0.7477267179333922;1.6348238662712975;828.558;1.944602149527612;2396.452;46.72;11;;;;;;;;827.106;830.011
ZWKL;0.7263207680953743;1.5034548292407448;926.777;3.933313446735516;2792.306;49.447;22;;;;;;;;935.34;918.214
ZWKN;0.8416402771700946;1.518360817540703;1189.876;5.35832957696126;2498.4456;44.263;30;;;;;;;;1185.186;1194.567
ZWNL;0.7580266911057608;1.4552110601207815;929.817;1.4973773064805032;2293.781;40.954;8;;;;;;;;921.609;938.026
ZWSH;0.6901459990081825;1.3267991852012344;1374.648;1.5008932722586457;3194.038;57.017;8;;1292.219;0.0523598775598298;1292.219;0.0523598775598298;;;1374.648;1374.648
ZWSS;0.7489511394040326;1.5751182861437565;447.49;4.420892117231156;2491.917;40.0;25;;;;;;;;451.361;443.62
ZWTN;0.6464424566145057;1.3938868996281095;1414.8816000000002;1.924295313493828;3190.347;49.198;11;;;;;;;;1414.8816000000002;1414.8816000000002
ZWWW;0.7663240113510251;1.526713166912437;647.852;1.28384342834893;3596.605;43.127;7;;1493.503;0.0523598775598298;1493.503;0.0523598775598298;;;647.852;647.852
ZYAS;0.7174344770313971;2.144201736155601;14.661;0.2459691293105132;2601.711;49.563;2;;;;;;;;14.811;14.511
ZYCC;0.767881176464631;2.193619335137909;206.0448;0.8586098385967048;3194.786;40.568;6;;;;;;;;215.1888;196.9008
ZYCH;0.6853290018352011;2.140939795543634;23.812;2.800425465253753;795.23;22.081;17;;;;;;;;17.109;30.515
ZYCY;0.7249799978240536;2.101976248166918;169.948;2.9331382071803;1993.561;42.485;18;;;;;;;;169.453;170.443
ZYFY;0.8412015187797608;2.3450818757797305;58.443;4.025491963982045;2491.72;40.11;24;;;;;;;;57.565;59.323
ZYHB;0.7962799976066646;2.2034830856446144;136.5504;0.686046936337168;3194.531;40.228;5;;1292.465;0.0523598775598298;1292.465;0.0523598775598298;;;139.2936;133.8072
ZYHE;0.8756666632827977;2.2219621362702937;316.668;2.738124541340414;2491.62;37.479;17;;;;;;;;316.94;316.398
ZYJM;0.8175738820681384;2.2770522839789296;79.705;0.8366323035897418;2496.896;42.917;6;;943.648;0.0523598775598298;645.711;0.0523598775598298;;297.937;79.705;79.705
ZYJX;0.7905123962657753;2.289751239943323;223.683;1.919860606397436;2296.165;43.171;12;;;;;;;;231.522;215.845
ZYLS;0.5731046060958032;1.693603150077735;3903.36;1.7979497072114825;3798.245;38.781;10;;;;;;;;3916.052;3890.67
ZYMD;0.7771040674236307;2.26140613715316;267.462;3.593865931311466;2597.028;42.312;22;;;;;;;;267.462;267.462
ZYMH;0.9235752993269326;2.1366873540619014;559.187;2.3581527496130827;2195.333;43.189;15;;;;;;;;548.233;570.142
ZYQQ;0.8244903305316932;2.1627798985058724;145.3896;5.891185578912137;2597.047;43.436;35;;;;;;;;145.3896;145.3896
ZYTL;0.6800797533315023;2.1212480287425057;29.5656;1.6692500008340465;3298.137;39.518;10;;;;;;196.023;97.973;29.5656;29.5656
ZYTN;0.7374730256373793;2.1939425269010955;411.545;0.7229438250428588;2390.368;46.427;5;;;;;;;;411.545;411.545
ZYTX;0.726755114324781;2.155189717750092;56.083200000000005;0.8458375191306102;3196.684;42.449;6;;1293.542;0.0523598775598298;1293.542;0.0523598775598298;;;51.816;60.3504
ZYYJ;0.7484464326666854;2.2593534563288595;185.6232;1.4269757859098828;2591.795;44.073;9;;1004.737;0.0523598775598298;;;;;185.6232;185.6232
ZYYK;0.7075987579856478;2.1355600332911324;0.0;0.502990573562573;2618.732;52.65;4;;;;;;;;0.0;0.0
ZYYY;0.7292750024196634;2.155416349117817;44.848;0.8460627015107026;2388.744;27.258;6;;;;;;;;44.022;45.674
