id,ident,type,name,latitude_deg,longitude_deg,elevation_ft,continent,iso_country,iso_region,municipality,scheduled_service,icao_code,iata_code,local_code,home_link,wikipedia_link
3,AGGH,large_airport,Honiara International Airport,-9.428,160.054993,28.0,OC,SB,SB-GU,Honiara,yes,AGGH,HIR,,,https://en.wikipedia.org/wiki/Honiara_International_Airport
8,ANYN,medium_airport,Nauru International Airport,-0.547458,166.919006,22.0,OC,NR,NR-14,Yaren District,yes,ANYN,INU,,,https://en.wikipedia.org/wiki/Nauru_International_Airport
53,AYBK,medium_airport,Buka Airport,-5.422319889068604,154.67300415039062,11.0,OC,PG,PG-NSB,Buka Island,yes,AYBK,BUA,,,https://en.wikipedia.org/wiki/Buka_Airport
55,AYDU,medium_airport,Daru Airport,-9.08676,143.207993,20.0,OC,PG,PG-WPD,Daru,yes,AYDU,DAU,,,https://en.wikipedia.org/wiki/Daru_Airport
58,AYGR,medium_airport,Girua Airport,-8.80453968048,148.309005737,311.0,OC,PG,PG-NPP,Popondetta,yes,AYGR,PNP,,,https://en.wikipedia.org/wiki/Girua_Airport
62,AYMD,medium_airport,Madang Airport,-5.20707988739,145.789001465,20.0,OC,PG,PG-MPM,Madang,yes,AYMD,MAG,,,https://en.wikipedia.org/wiki/Madang_Airport
66,AYNZ,medium_airport,Nadzab Airport,-6.569803,146.725977,239.0,OC,PG,PG-MPL,Lae,yes,AYNZ,LAE,,,https://en.wikipedia.org/wiki/Lae_Nadzab_Airport
67,AYPY,large_airport,Port Moresby Jacksons International Airport,-9.44338035583496,147.22000122070312,146.0,OC,PG,PG-NCD,Port Moresby,yes,AYPY,POM,,,https://en.wikipedia.org/wiki/Jacksons_International_Airport
71,AYWK,medium_airport,Wewak International Airport,-3.58383011818,143.669006348,19.0,OC,PG,PG-ESW,Wewak,yes,AYWK,WWK,,,https://en.wikipedia.org/wiki/Wewak_International_Airport
31697,BGAA,medium_airport,Aasiaat Airport,68.721802,-52.784698,74.0,NA,GL,GL-QK,Aasiaat,yes,BGAA,JEG,,http://airgreenland.com/om_rejsen/efter_rejsen/din_destination_/aasiaat/,https://en.wikipedia.org/wiki/Aasiaat_Airport
31694,BGJN,medium_airport,Ilulissat Airport,69.243202,-51.057098,95.0,NA,GL,GL-AV,Ilulissat,yes,BGJN,JAV,,,https://en.wikipedia.org/wiki/Ilulissat_Airport
31700,BGSS,medium_airport,Sisimiut Airport,66.951302,-53.729301,33.0,NA,GL,GL-QA,Sisimiut,yes,BGSS,JHS,,https://www.mit.gl/en/todays-flights/airports/sisimiut-airport/,https://en.wikipedia.org/wiki/Sisimiut_Airport
119,BIEG,medium_airport,Egilsstaðir Airport,65.2833023071289,-14.401399612426758,76.0,EU,IS,IS-7,Egilsstaðir,yes,BIEG,EGS,,,https://en.wikipedia.org/wiki/Egilssta%C3%B0ir_Airport
120,BIHN,medium_airport,Hornafjörður Airport,64.295601,-15.2272,24.0,EU,IS,IS-8,Höfn,yes,BIHN,HFN,,,https://en.wikipedia.org/wiki/Hornafj%C3%B6r%C3%B0ur_Airport
121,BIHU,medium_airport,Húsavík Airport,65.952301,-17.426001,48.0,EU,IS,IS-6,Húsavík,yes,BIHU,HZK,,,https://en.wikipedia.org/wiki/H%C3%BAsav%C3%ADk_Airport
125,BIRK,medium_airport,Reykjavik Airport,64.1299972534,-21.9405994415,48.0,EU,IS,IS-1,Reykjavik,yes,BIRK,RKV,,,https://en.wikipedia.org/wiki/Reykjav%C3%ADk_Airport
126,BISI,medium_airport,Siglufjörður Airport,66.137847,-18.908157,10.0,EU,IS,IS-6,Siglufjörður,no,BISI,SIJ,,,https://en.wikipedia.org/wiki/Siglufj%C3%B6r%C3%B0ur_Airport
128,BIVM,medium_airport,Vestmannaeyjar Airport,63.42430114746094,-20.27890014648437,326.0,EU,IS,IS-8,Vestmannaeyjar,no,BIVM,VEY,,,https://en.wikipedia.org/wiki/Vestmannaeyjar_Airport
4614,BKPR,medium_airport,Priština Adem Jashari International Airport,42.5728,21.035801,1789.0,EU,XK,XK-01,Prishtina,yes,BKPR,PRN,,http://www.airportpristina.com/,https://en.wikipedia.org/wiki/Pristina_International_Airport
1654,CYAG,medium_airport,Fort Frances Municipal Airport,48.655749,-93.44349,1125.0,NA,CA,CA-ON,Fort Frances,yes,CYAG,YAG,,,https://en.wikipedia.org/wiki/Fort_Frances_Municipal_Airport
1657,CYAM,medium_airport,Sault Ste Marie Airport,46.483216,-84.508467,630.0,NA,CA,CA-ON,Sault Ste Marie,yes,CYAM,YAM,,http://www.saultairport.com/,https://en.wikipedia.org/wiki/Sault_Ste._Marie_Airport
1662,CYAV,medium_airport,Winnipeg / St. Andrews Airport,50.0564,-97.032501,760.0,NA,CA,CA-MB,Winnipeg/Saint Andrews,yes,CYAV,,,,https://en.wikipedia.org/wiki/Winnipeg/St._Andrews_Airport
1666,CYAZ,medium_airport,Tofino / Long Beach Airport,49.079833,-125.775583,80.0,NA,CA,CA-BC,Tofino,yes,CYAZ,YAZ,,http://www.acrd.bc.ca/long-beach-airport,https://en.wikipedia.org/wiki/Tofino_Airport
1669,CYBC,medium_airport,Baie-Comeau Airport,49.1325,-68.204399,71.0,NA,CA,CA-QC,Baie-Comeau,yes,CYBC,YBC,YBC,,https://en.wikipedia.org/wiki/Baie-Comeau_Airport
1670,CYBD,medium_airport,Bella Coola Airport,52.387501,-126.596001,117.0,NA,CA,CA-BC,Bella Coola,yes,CYBD,QBC,,,https://en.wikipedia.org/wiki/Bella_Coola_Airport
1672,CYBF,medium_airport,Bonnyville Airport,54.304199,-110.744003,1836.0,NA,CA,CA-AB,Bonnyville,yes,CYBF,YBY,,http://town.bonnyville.ab.ca/livingin/airport/index.html,https://en.wikipedia.org/wiki/Bonnyville_Airport
1673,CYBG,medium_airport,CFB Bagotville / Saguenay-Bagotville Airport,48.331908,-70.992909,522.0,NA,CA,CA-QC,La Baie,yes,CYBG,YBG,,,https://en.wikipedia.org/wiki/CFB_Bagotville
1675,CYBL,medium_airport,Campbell River Airport,49.950802,-125.271004,346.0,NA,CA,CA-BC,Campbell River,yes,CYBL,YBL,YBL,,https://en.wikipedia.org/wiki/Campbell_River_Airport
1678,CYBR,medium_airport,Brandon Municipal Airport,49.91,-99.951897,1343.0,NA,CA,CA-MB,Brandon,yes,CYBR,YBR,,,https://en.wikipedia.org/wiki/Brandon_Airport
1682,CYBW,medium_airport,Calgary / Springbank Airport,51.1031,-114.374001,3940.0,NA,CA,CA-AB,Calgary,no,CYBW,,,http://www.ybw.ca/,https://en.wikipedia.org/wiki/Calgary/Springbank_Airport
1683,CYBX,medium_airport,Lourdes-de-Blanc-Sablon Airport,51.4436,-57.185299,121.0,NA,CA,CA-QC,Blanc-Sablon,yes,CYBX,YBX,,,https://en.wikipedia.org/wiki/Lourdes-de-Blanc-Sablon_Airport
1687,CYCD,medium_airport,Nanaimo Airport,49.05497,-123.869863,92.0,NA,CA,CA-BC,Nanaimo,yes,CYCD,YCD,,https://www.nanaimoairport.com/,https://en.wikipedia.org/wiki/Nanaimo_Airport
1689,CYCG,medium_airport,Castlegar/West Kootenay Regional Airport,49.296398,-117.632004,1624.0,NA,CA,CA-BC,Castlegar,yes,CYCG,YCG,,https://www.wkrairport.ca/,https://en.wikipedia.org/wiki/Castlegar_Airport
1691,CYCL,medium_airport,Charlo Airport,47.990799,-66.330299,132.0,NA,CA,CA-NB,Charlo,yes,CYCL,YCL,,,https://en.wikipedia.org/wiki/Charlo_Airport
1692,CYCN,medium_airport,Cochrane Airport,49.10559844970703,-81.01360321044922,861.0,NA,CA,CA-ON,Cochrane,no,CYCN,YCN,,,https://en.wikipedia.org/wiki/Cochrane_Airport
1695,CYCQ,medium_airport,Chetwynd Airport,55.687198638916016,-121.6269989013672,2000.0,NA,CA,CA-BC,Chetwynd,no,CYCQ,YCQ,,,https://en.wikipedia.org/wiki/Chetwynd_Airport
1706,CYDF,medium_airport,Deer Lake Airport,49.2108,-57.391399,72.0,NA,CA,CA-NL,Deer Lake,yes,CYDF,YDF,,https://deerlakeairport.com/,https://en.wikipedia.org/wiki/Deer_Lake_Airport_(Newfoundland)
1713,CYDQ,medium_airport,Dawson Creek Airport,55.741245,-120.183263,2148.0,NA,CA,CA-BC,Dawson Creek,no,CYDQ,YDQ,,,https://en.wikipedia.org/wiki/Dawson_Creek_Airport
1717,CYEG,large_airport,Edmonton International Airport,53.3097,-113.580002,2373.0,NA,CA,CA-AB,Edmonton,yes,CYEG,YEG,CYEG,http://www.edmontonairports.com/,https://en.wikipedia.org/wiki/Edmonton_International_Airport
1721,CYEN,medium_airport,Estevan Airport,49.2103004456,-102.966003418,1905.0,NA,CA,CA-SK,Estevan,no,CYEN,YEN,,,https://en.wikipedia.org/wiki/Estevan_Regional_Aerodrome
1724,CYET,medium_airport,Edson Airport,53.5788993835,-116.464996338,3043.0,NA,CA,CA-AB,Edson,no,CYET,YET,,,https://en.wikipedia.org/wiki/Edson_Airport
1727,CYEY,medium_airport,Amos/Magny Airport,48.563903,-78.249702,1068.0,NA,CA,CA-QC,Amos,no,CYEY,YEY,,,https://en.wikipedia.org/wiki/Amos/Magny_Airport
1729,CYFB,medium_airport,Iqaluit Airport,63.756402,-68.555801,110.0,NA,CA,CA-NU,Iqaluit,yes,CYFB,YFB,,,https://en.wikipedia.org/wiki/Iqaluit_Airport
1730,CYFC,medium_airport,Fredericton Airport,45.868900299072266,-66.53720092773438,68.0,NA,CA,CA-NB,Fredericton,yes,CYFC,YFC,,,https://en.wikipedia.org/wiki/Greater_Fredericton_Airport
1732,CYFE,medium_airport,Forestville Airport,48.74610137939453,-69.09719848632812,293.0,NA,CA,CA-QC,Forestville,no,CYFE,YFE,,,https://en.wikipedia.org/wiki/Forestville_Airport
1740,CYGD,medium_airport,Goderich Airport,43.7668991089,-81.7106018066,712.0,NA,CA,CA-ON,Goderich,no,CYGD,,YGD,http://www.goderich.ca/en/townhall/airport.asp,https://en.wikipedia.org/wiki/Goderich_Airport
1744,CYGL,medium_airport,La Grande Rivière Airport,53.625301361083984,-77.7042007446289,639.0,NA,CA,CA-QC,La Grande Rivière,yes,CYGL,YGL,,,https://en.wikipedia.org/wiki/La_Grande_Rivi%C3%A8re_Airport
1745,CYGM,medium_airport,Gimli Industrial Park Airport,50.62810134887695,-97.04329681396484,753.0,NA,CA,CA-MB,Gimli,no,CYGM,YGM,,,https://en.wikipedia.org/wiki/Gimli_Industrial_Park_Airport
1748,CYGQ,medium_airport,Geraldton Greenstone Regional Airport,49.77830123901367,-86.93939971923828,1144.0,NA,CA,CA-ON,Geraldton,no,CYGQ,YGQ,,,https://en.wikipedia.org/wiki/Geraldton_(Greenstone_Regional)_Airport
1749,CYGR,medium_airport,Îles-de-la-Madeleine Airport,47.425242,-61.778612,35.0,NA,CA,CA-QC,Les Îles-de-la-Madeleine,yes,CYGR,YGR,,,https://en.wikipedia.org/wiki/%C3%8Eles-de-la-Madeleine_Airport
1751,CYGV,medium_airport,Havre-Saint-Pierre Airport,50.281898,-63.611401,124.0,NA,CA,CA-QC,Havre-Saint-Pierre,yes,CYGV,YGV,,,https://en.wikipedia.org/wiki/Havre_St-Pierre_Airport
1757,CYHD,medium_airport,Dryden Regional Airport,49.831699,-92.744202,1354.0,NA,CA,CA-ON,Dryden,yes,CYHD,YHD,,,https://en.wikipedia.org/wiki/Dryden_Regional_Airport
1759,CYHF,medium_airport,Hearst René Fontaine Municipal Airport,49.71419906616211,-83.68609619140625,827.0,NA,CA,CA-ON,Hearst,no,CYHF,YHF,,,https://en.wikipedia.org/wiki/Hearst_(Ren%C3%A9_Fontaine)_Municipal_Airport
1763,CYHM,medium_airport,John C. Munro Hamilton International Airport,43.1735992432,-79.93499755859999,780.0,NA,CA,CA-ON,Hamilton,yes,CYHM,YHM,,http://www.flyhi.ca/,https://en.wikipedia.org/wiki/Hamilton/John_C._Munro_International_Airport
1764,CYHN,medium_airport,Hornepayne Municipal Airport,49.19309997558594,-84.75890350341797,1099.0,NA,CA,CA-ON,Hornepayne,no,CYHN,YHN,,,https://en.wikipedia.org/wiki/Hornepayne_Municipal_Airport
1770,CYHZ,large_airport,Halifax / Stanfield International Airport,44.8807983398,-63.5085983276,477.0,NA,CA,CA-NS,Halifax,yes,CYHZ,YHZ,,http://www.hiaa.ca/,https://en.wikipedia.org/wiki/Halifax_International_Airport
1771,CYIB,medium_airport,Atikokan Municipal Airport,48.7738990784,-91.6386032104,1408.0,NA,CA,CA-ON,Atikokan,no,CYIB,YIB,,http://www.atikokaninfo.com/community/transportation/airport/,https://en.wikipedia.org/wiki/Atikokan_Municipal_Airport
1772,CYID,medium_airport,Digby / Annapolis Regional Airport,44.5458450365,-65.7854247093,499.0,NA,CA,CA-NS,Digby,no,CYID,YDG,,,https://en.wikipedia.org/wiki/Digby_Airport
1773,CYIF,medium_airport,St Augustin Airport,51.2117,-58.658298,20.0,NA,CA,CA-QC,St-Augustin,yes,CYIF,YIF,,,https://en.wikipedia.org/wiki/St-Augustin_Airport
1783,CYJT,medium_airport,Dymond Airport,48.544201,-58.549999,84.0,NA,CA,CA-NL,Stephenville,no,CYJT,YJT,,https://cyjt.com/,https://en.wikipedia.org/wiki/Stephenville_Airport
1784,CYKA,medium_airport,Kamloops John Moose Fulton Field Regional Airport,50.703038,-120.448641,1133.0,NA,CA,CA-BC,Kamloops,yes,CYKA,YKA,,,https://en.wikipedia.org/wiki/Kamloops_Airport
1787,CYKF,medium_airport,Region of Waterloo International Airport,43.4608,-80.378601,1054.0,NA,CA,CA-ON,Breslau,yes,CYKF,YKF,,http://www.waterlooairport.ca/,https://en.wikipedia.org/wiki/Region_of_Waterloo_International_Airport
1790,CYKL,medium_airport,Schefferville Airport,54.805301666259766,-66.8052978515625,1709.0,NA,CA,CA-QC,Schefferville,yes,CYKL,YKL,,,https://en.wikipedia.org/wiki/Schefferville_Airport
1340,CYKM,medium_airport,Kincardine Municipal Airport,44.201401,-81.606697,772.0,NA,CA,CA-ON,Kincardine,no,CYKM,YKD,CYKM,http://www.kincardineairport.com/,https://en.wikipedia.org/wiki/Kincardine_Airport
1794,CYKY,medium_airport,Kindersley Airport,51.5175018311,-109.180999756,2277.0,NA,CA,CA-SK,Kindersley,no,CYKY,YKY,YKY,,https://en.wikipedia.org/wiki/Kindersley_Airport
1801,CYLJ,medium_airport,Meadow Lake Airport,54.125301361083984,-108.52300262451172,1576.0,NA,CA,CA-SK,Meadow Lake,no,CYLJ,YLJ,,,https://en.wikipedia.org/wiki/Meadow_Lake_Airport
1803,CYLL,medium_airport,Lloydminster Airport,53.3092,-110.072998,2193.0,NA,CA,CA-AB,Lloydminster,yes,CYLL,YLL,,,https://en.wikipedia.org/wiki/Lloydminster_Airport
1293,CYLS,medium_airport,Barrie-Lake Simcoe Regional Airport,44.485056,-79.554663,972.0,NA,CA,CA-ON,Barrie,yes,CYLS,YLK,CYLS,http://www.lakesimcoeairport.com/,https://en.wikipedia.org/wiki/Barrie-Orillia_(Lake_Simcoe_Regional)_Airport
1808,CYLW,medium_airport,Kelowna International Airport,49.9561,-119.377998,1421.0,NA,CA,CA-BC,Kelowna,yes,CYLW,YLW,,http://www.kelowna.ca/CM/Page68.aspx,https://en.wikipedia.org/wiki/Kelowna_International_Airport
1813,CYMJ,medium_airport,Moose Jaw Air Vice Marshal C. M. McEwen Airport,50.330299377441406,-105.55899810791016,1892.0,NA,CA,CA-SK,Moose Jaw,no,CYMJ,YMJ,,,https://en.wikipedia.org/wiki/Moose_Jaw/Air_Vice_Marshal_C.M._McEwen_Airport
1814,CYML,medium_airport,Charlevoix Airport,47.59749984741211,-70.2238998413086,977.0,NA,CA,CA-QC,Charlevoix,no,CYML,YML,,,https://en.wikipedia.org/wiki/Charlevoix_Airport
1815,CYMM,medium_airport,Fort McMurray Airport,56.653301239,-111.222000122,1211.0,NA,CA,CA-AB,Fort McMurray,yes,CYMM,YMM,,,https://en.wikipedia.org/wiki/Fort_McMurray_Airport
1816,CYMO,medium_airport,Moosonee Airport,51.29109954833984,-80.60780334472656,30.0,NA,CA,CA-ON,Moosonee,yes,CYMO,YMO,,,https://en.wikipedia.org/wiki/Moosonee_Airport
1817,CYMT,medium_airport,Chapais Airport,49.77190017700195,-74.5280990600586,1270.0,NA,CA,CA-QC,Chibougamau,yes,CYMT,YMT,,,https://en.wikipedia.org/wiki/Chibougamau/Chapais_Airport
1824,CYND,medium_airport,Ottawa / Gatineau Airport,45.521702,-75.563599,211.0,NA,CA,CA-QC,Gatineau,yes,CYND,YND,CYND,http://www.ego-airport.ca/english/propos_ego/,https://en.wikipedia.org/wiki/Ottawa-Gatineau_Airport
1827,CYNJ,medium_airport,Langley Airport,49.1008,-122.630997,34.0,NA,CA,CA-BC,Langley,no,CYNJ,YLY,,,https://en.wikipedia.org/wiki/Langley_Regional_Airport
1829,CYNM,medium_airport,Matagami Airport,49.76169967651367,-77.80280303955078,918.0,NA,CA,CA-QC,Matagami,no,CYNM,YNM,,,https://en.wikipedia.org/wiki/Matagami_Airport
1834,CYOD,medium_airport,CFB Cold Lake,54.40499877929688,-110.27899932861328,1775.0,NA,CA,CA-AB,Cold Lake,no,CYOD,YOD,,,https://en.wikipedia.org/wiki/CFB_Cold_Lake
1836,CYOJ,medium_airport,High Level Airport,58.62139892578125,-117.16500091552734,1110.0,NA,CA,CA-AB,High Level,yes,CYOJ,YOJ,,,https://en.wikipedia.org/wiki/High_Level_Airport
1837,CYOO,medium_airport,Oshawa Executive Airport,43.922798,-78.894997,460.0,NA,CA,CA-ON,Oshawa,no,CYOO,YOO,CYOO,http://www.oshawa-airport.com/,https://en.wikipedia.org/wiki/Oshawa_Airport
1840,CYOW,large_airport,Ottawa Macdonald-Cartier International Airport,45.322498,-75.669197,374.0,NA,CA,CA-ON,Ottawa,yes,CYOW,YOW,YOW,https://yow.ca/,https://en.wikipedia.org/wiki/Ottawa_Macdonald%E2%80%93Cartier_International_Airport
1842,CYPA,medium_airport,Prince Albert Glass Field,53.2141990662,-105.672996521,1405.0,NA,CA,CA-SK,Prince Albert,yes,CYPA,YPA,,,https://en.wikipedia.org/wiki/Prince_Albert_(Glass_Field)_Airport
1844,CYPD,medium_airport,Port Hawkesbury Airport,45.6567001343,-61.3680992126,377.0,NA,CA,CA-NS,Port Hawkesbury,no,CYPD,YPS,,http://www.porthawkesburyairport.com/,https://en.wikipedia.org/wiki/Port_Hawkesbury_Airport
1845,CYPE,medium_airport,Peace River Airport,56.226898,-117.446999,1873.0,NA,CA,CA-AB,Peace River,yes,CYPE,YPE,,,https://en.wikipedia.org/wiki/Peace_River_Airport
1846,CYPG,medium_airport,Portage-la-Prairie / Southport Airport,49.903099,-98.273817,885.0,NA,CA,CA-MB,Portage la Prairie,no,CYPG,YPG,,http://southport.ca/,https://en.wikipedia.org/wiki/Portage_La_Prairie/Southport_Airport
1848,CYPK,medium_airport,Pitt Meadows Airport,49.216099,-122.709999,11.0,NA,CA,CA-BC,Pitt Meadows,yes,CYPK,,,,https://en.wikipedia.org/wiki/Pitt_Meadows_Airport
1851,CYPN,medium_airport,Port-Menier Airport,49.836399,-64.288597,167.0,NA,CA,CA-QC,Port-Menier,yes,CYPN,YPN,,,https://en.wikipedia.org/wiki/Port-Menier_Airport
1854,CYPQ,medium_airport,Peterborough Municipal Airport,44.23,-78.363297,628.0,NA,CA,CA-ON,Peterborough,no,CYPQ,YPQ,,,https://en.wikipedia.org/wiki/Peterborough_Airport
1859,CYPW,medium_airport,Powell River Airport,49.83420181274414,-124.5,425.0,NA,CA,CA-BC,Powell River,yes,CYPW,YPW,,,https://en.wikipedia.org/wiki/Powell_River_Airport
1861,CYPY,medium_airport,Fort Chipewyan Airport,58.7672004699707,-111.11699676513672,761.0,NA,CA,CA-AB,Fort Chipewyan,yes,CYPY,YPY,,,https://en.wikipedia.org/wiki/Fort_Chipewyan_Airport
1862,CYPZ,medium_airport,Burns Lake Airport,54.3764,-125.950996,2343.0,NA,CA,CA-BC,Burns Lake,yes,CYPZ,YPZ,YPZ,,https://en.wikipedia.org/wiki/Burns_Lake_Airport
1868,CYQH,medium_airport,Watson Lake Airport,60.116839,-128.821993,2255.0,NA,CA,CA-YT,Watson Lake,yes,CYQH,YQH,,,https://en.wikipedia.org/wiki/Watson_Lake_Airport
1869,CYQI,medium_airport,Yarmouth Airport,43.82690048217773,-66.08809661865234,141.0,NA,CA,CA-NS,Yarmouth,no,CYQI,YQI,,,https://en.wikipedia.org/wiki/Yarmouth_Airport
1870,CYQK,medium_airport,Kenora Airport,49.78829956054688,-94.36309814453124,1332.0,NA,CA,CA-ON,Kenora,yes,CYQK,YQK,,,https://en.wikipedia.org/wiki/Kenora_Airport
1871,CYQL,medium_airport,Lethbridge County Airport,49.6302986145,-112.800003052,3048.0,NA,CA,CA-AB,Lethbridge,yes,CYQL,YQL,,,https://en.wikipedia.org/wiki/Lethbridge_County_Airport
1872,CYQM,medium_airport,Greater Moncton Roméo LeBlanc International Airport,46.112202,-64.678596,232.0,NA,CA,CA-NB,Moncton,yes,CYQM,YQM,,https://cyqm.ca/,https://en.wikipedia.org/wiki/Greater_Moncton_International_Airport
1873,CYQN,medium_airport,Nakina Airport,50.18280029296875,-86.69640350341797,1057.0,NA,CA,CA-ON,Nakina,yes,CYQN,YQN,,,https://en.wikipedia.org/wiki/Nakina_Airport
1874,CYQQ,medium_airport,Comox Valley Airport / CFB Comox,49.7108,-124.887001,84.0,NA,CA,CA-BC,Comox,yes,CYQQ,YQQ,,,https://en.wikipedia.org/wiki/CFB_Comox
1875,CYQR,medium_airport,Regina International Airport,50.43190002441406,-104.66600036621094,1894.0,NA,CA,CA-SK,Regina,yes,CYQR,YQR,,,https://en.wikipedia.org/wiki/Regina_International_Airport
1876,CYQS,medium_airport,St Thomas Municipal Airport,42.77000045776367,-81.11080169677734,778.0,NA,CA,CA-ON,St Thomas,no,CYQS,YQS,,,https://en.wikipedia.org/wiki/St._Thomas_Airport
1877,CYQT,medium_airport,Thunder Bay Airport,48.37189865112305,-89.32389831542969,653.0,NA,CA,CA-ON,Thunder Bay,yes,CYQT,YQT,,,https://en.wikipedia.org/wiki/Thunder_Bay_International_Airport
1878,CYQU,medium_airport,Grande Prairie Airport,55.1796989441,-118.885002136,2195.0,NA,CA,CA-AB,Grande Prairie,yes,CYQU,YQU,,http://www.grandeprairieairport.com/,https://en.wikipedia.org/wiki/Grande_Prairie_Airport
1879,CYQV,medium_airport,Yorkton Municipal Airport,51.26470184326172,-102.46199798583984,1635.0,NA,CA,CA-SK,Yorkton,no,CYQV,YQV,,,https://en.wikipedia.org/wiki/Yorkton_Municipal_Airport
1880,CYQW,medium_airport,North Battleford Airport,52.769409,-108.243742,1799.0,NA,CA,CA-SK,North Battleford,no,CYQW,YQW,,,https://en.wikipedia.org/wiki/North_Battleford_(Cameron_McIntosh)_Airport
1881,CYQX,medium_airport,Gander International Airport / CFB Gander,48.936258,-54.567719,496.0,NA,CA,CA-NL,Gander,yes,CYQX,YQX,,,https://en.wikipedia.org/wiki/Gander_International_Airport
1882,CYQY,medium_airport,Sydney / J.A. Douglas McCurdy Airport,46.1614,-60.047798,203.0,NA,CA,CA-NS,Sydney,yes,CYQY,YQY,,http://www.sydneyairport.ca/,https://en.wikipedia.org/wiki/Sydney/J.A._Douglas_McCurdy_Airport
1887,CYRI,medium_airport,Rivière-du-Loup Airport,47.76440048217773,-69.58470153808594,427.0,NA,CA,CA-QC,Rivière-du-Loup,no,CYRI,YRI,,http://www.ville.riviere-du-loup.qc.ca/anglais/aeroport.php,https://en.wikipedia.org/wiki/Rivi%C3%A8re-du-Loup_Airport
1888,CYRJ,medium_airport,Roberval Airport,48.519665,-72.265735,586.0,NA,CA,CA-QC,Roberval,yes,CYRJ,YRJ,,,https://en.wikipedia.org/wiki/Roberval_Airport
1889,CYRL,medium_airport,Red Lake Airport,51.06689834594727,-93.79309844970705,1265.0,NA,CA,CA-ON,Red Lake,yes,CYRL,YRL,,,https://en.wikipedia.org/wiki/Red_Lake_Airport
1892,CYRP,medium_airport,Ottawa / Carp Airport,45.3191986084,-76.0222015381,382.0,NA,CA,CA-ON,Ottawa,no,CYRP,,YRP,http://www.cyrp.ca/,https://en.wikipedia.org/wiki/Ottawa/Carp_Airport
1895,CYRT,medium_airport,Rankin Inlet Airport,62.8114013672,-92.1157989502,94.0,NA,CA,CA-NU,Rankin Inlet,yes,CYRT,YRT,,,https://en.wikipedia.org/wiki/Rankin_Inlet_Airport
1896,CYRV,medium_airport,Revelstoke Airport,50.962245,-118.184258,1459.0,NA,CA,CA-BC,Revelstoke,no,CYRV,YRV,,,https://en.wikipedia.org/wiki/Revelstoke_Airport
1897,CYSB,medium_airport,Sudbury Airport,46.625,-80.79889678955078,1141.0,NA,CA,CA-ON,Sudbury,yes,CYSB,YSB,,,https://en.wikipedia.org/wiki/Sudbury_Airport
1902,CYSG,medium_airport,Saint-Georges Airport,46.096401,-70.714699,893.0,NA,CA,CA-QC,Saint-Georges,no,CYSG,,,,https://en.wikipedia.org/wiki/St-Georges_Airport
1903,CYSH,medium_airport,Smiths Falls-Montague (Russ Beach) Airport,44.945801,-75.940598,416.0,NA,CA,CA-ON,Smiths Falls,no,CYSH,YSH,,http://www.smithsfallsflyingclub.com/,https://en.wikipedia.org/wiki/Smiths_Falls-Montague_Airport
1904,CYSJ,medium_airport,Saint John Airport,45.31610107421875,-65.89029693603516,357.0,NA,CA,CA-NB,Saint John,yes,CYSJ,YSJ,,,https://en.wikipedia.org/wiki/Saint_John_Airport
1907,CYSM,medium_airport,Fort Smith Airport,60.020302,-111.961998,671.0,NA,CA,CA-NT,Fort Smith,yes,CYSM,YSM,,,https://en.wikipedia.org/wiki/Fort_Smith_Airport
1908,CYSN,medium_airport,Niagara District Airport,43.191598,-79.171686,321.0,NA,CA,CA-ON,Niagara-on-the-Lake,yes,CYSN,YCM,,,https://en.wikipedia.org/wiki/St._Catharines/Niagara_District_Airport
1913,CYSU,medium_airport,Summerside Airport,46.440601,-63.833599,56.0,NA,CA,CA-PE,Slemon Park,no,CYSU,YSU,,,https://en.wikipedia.org/wiki/Summerside_Airport
1917,CYTA,medium_airport,Pembroke Airport,45.86439895629883,-77.25170135498047,529.0,NA,CA,CA-ON,Pembroke,no,CYTA,YTA,,http://www.flycyta.ca/,https://en.wikipedia.org/wiki/Pembroke_Airport
1920,CYTH,medium_airport,Thompson Airport,55.80110168457031,-97.86419677734376,729.0,NA,CA,CA-MB,Thompson,yes,CYTH,YTH,,,https://en.wikipedia.org/wiki/Thompson_Airport
1925,CYTS,medium_airport,Timmins/Victor M. Power,48.5696983337,-81.376701355,967.0,NA,CA,CA-ON,Timmins,yes,CYTS,YTS,,http://portal.timmins.ca/portal/en/timmins/residents/airport,https://en.wikipedia.org/wiki/Timmins_Airport
1926,CYTZ,medium_airport,Billy Bishop Toronto City Centre Airport,43.627499,-79.396202,252.0,NA,CA,CA-ON,Toronto,yes,CYTZ,YTZ,,http://www.torontoport.com/airport.aspx,https://en.wikipedia.org/wiki/Toronto_City_Centre_Airport
1931,CYUY,medium_airport,Rouyn Noranda Airport,48.20610046386719,-78.83560180664062,988.0,NA,CA,CA-QC,Rouyn-Noranda,yes,CYUY,YUY,,,https://en.wikipedia.org/wiki/Rouyn-Noranda_Airport
1932,CYVB,medium_airport,Bonaventure Airport,48.071098,-65.460297,123.0,NA,CA,CA-QC,Bonaventure,yes,CYVB,YVB,,,https://en.wikipedia.org/wiki/Bonaventure_Airport
1936,CYVK,medium_airport,Vernon Regional Airport,50.246163,-119.330963,1140.0,NA,CA,CA-BC,Vernon,no,CYVK,YVE,,,https://en.wikipedia.org/wiki/Vernon_Regional_Airport
1938,CYVO,medium_airport,Val-d'Or Airport,48.0532989502,-77.7827987671,1107.0,NA,CA,CA-QC,Val-d'Or,yes,CYVO,YVO,,http://www.arvo.qc.ca/,https://en.wikipedia.org/wiki/Val-d'Or_Airport
1941,CYVR,large_airport,Vancouver International Airport,49.193901062,-123.183998108,14.0,NA,CA,CA-BC,Vancouver,yes,CYVR,YVR,,http://www.yvr.ca/,https://en.wikipedia.org/wiki/Vancouver_International_Airport
1943,CYVV,medium_airport,Wiarton Airport,44.7458,-81.107201,729.0,NA,CA,CA-ON,Wiarton,yes,CYVV,YVV,,http://wiartonairport.ca/,https://en.wikipedia.org/wiki/Wiarton_Airport
1946,CYWG,large_airport,Winnipeg / James Armstrong Richardson International Airport,49.9099998474,-97.2398986816,783.0,NA,CA,CA-MB,Winnipeg,yes,CYWG,YWG,YWG,http://www.waa.ca/,https://en.wikipedia.org/wiki/Winnipeg_James_Armstrong_Richardson_International_Airport
1949,CYWK,medium_airport,Wabush Airport,52.92190170288086,-66.8644027709961,1808.0,NA,CA,CA-NL,Wabush,yes,CYWK,YWK,,,https://en.wikipedia.org/wiki/Wabush_Airport
1950,CYWL,medium_airport,Williams Lake Airport,52.1831016541,-122.054000854,3085.0,NA,CA,CA-BC,Williams Lake,yes,CYWL,YWL,,,https://en.wikipedia.org/wiki/Williams_Lake_Airport
1955,CYXC,medium_airport,Cranbrook/Canadian Rockies International Airport,49.610801696777,-115.78199768066,3082.0,NA,CA,CA-BC,Cranbrook,yes,CYXC,YXC,,,https://en.wikipedia.org/wiki/Cranbrook/Canadian_Rockies_International_Airport
1957,CYXE,medium_airport,Saskatoon John G. Diefenbaker International Airport,52.17079925537109,-106.6999969482422,1653.0,NA,CA,CA-SK,Saskatoon,yes,CYXE,YXE,,,https://en.wikipedia.org/wiki/Saskatoon/John_G._Diefenbaker_International_Airport
1958,CYXH,medium_airport,Medicine Hat Regional Airport,50.018902,-110.721001,2352.0,NA,CA,CA-AB,Medicine Hat,yes,CYXH,YXH,,,https://en.wikipedia.org/wiki/Medicine_Hat_Airport
1959,CYXJ,medium_airport,Fort St John / North Peace Regional Airport,56.238098,-120.739998,2280.0,NA,CA,CA-BC,Fort Saint John,yes,CYXJ,YXJ,,,https://en.wikipedia.org/wiki/Fort_St._John_Airport
1960,CYXK,medium_airport,Rimouski Airport,48.477644,-68.496323,82.0,NA,CA,CA-QC,Rimouski,yes,CYXK,YXK,,,https://en.wikipedia.org/wiki/Rimouski_Airport
1961,CYXL,medium_airport,Sioux Lookout Airport,50.11389923095703,-91.9052963256836,1258.0,NA,CA,CA-ON,Sioux Lookout,yes,CYXL,YXL,,,https://en.wikipedia.org/wiki/Sioux_Lookout_Airport
1965,CYXR,medium_airport,Earlton (Timiskaming Regional) Airport,47.6974006546,-79.8473453522,800.0,NA,CA,CA-ON,Earlton,no,CYXR,YXR,,,https://en.wikipedia.org/wiki/Earlton_(Timiskaming_Regional)_Airport
1966,CYXS,medium_airport,Prince George Airport,53.884311,-122.666554,2267.0,NA,CA,CA-BC,Prince George,yes,CYXS,YXS,,https://www.pgairport.ca/,https://en.wikipedia.org/wiki/Prince_George_Airport
1967,CYXT,medium_airport,Northwest Regional Airport Terrace-Kitimat,54.468498,-128.576009,713.0,NA,CA,CA-BC,Terrace,yes,CYXT,YXT,,,https://en.wikipedia.org/wiki/Terrace_Airport
1968,CYXU,medium_airport,London Airport,43.035599,-81.1539,912.0,NA,CA,CA-ON,London,yes,CYXU,YXU,,http://www.londonairport.on.ca/,https://en.wikipedia.org/wiki/London_International_Airport
1969,CYXX,medium_airport,Abbotsford International Airport,49.025299,-122.361,195.0,NA,CA,CA-BC,Abbotsford,yes,CYXX,YXX,,http://www.abbotsfordairport.ca/,https://en.wikipedia.org/wiki/Abbotsford_International_Airport
1971,CYXZ,medium_airport,Wawa Airport,47.96670150756836,-84.78669738769531,942.0,NA,CA,CA-ON,Wawa,no,CYXZ,YXZ,,,https://en.wikipedia.org/wiki/Wawa_Airport
1972,CYYB,medium_airport,North Bay Jack Garland Airport,46.363602,-79.422798,1215.0,NA,CA,CA-ON,North Bay,yes,CYYB,YYB,,https://yyb.ca/,https://en.wikipedia.org/wiki/North_Bay/Jack_Garland_Airport
1973,CYYC,large_airport,Calgary International Airport,51.118822,-114.009933,3557.0,NA,CA,CA-AB,Calgary,yes,CYYC,YYC,,http://www.calgaryairport.com/,https://en.wikipedia.org/wiki/Calgary_International_Airport
1974,CYYD,medium_airport,Smithers Airport,54.82469940185547,-127.18299865722656,1712.0,NA,CA,CA-BC,Smithers,yes,CYYD,YYD,,,https://en.wikipedia.org/wiki/Smithers_Airport
1975,CYYE,medium_airport,Fort Nelson Airport,58.8363990784,-122.597000122,1253.0,NA,CA,CA-BC,Fort Nelson,yes,CYYE,YYE,,,https://en.wikipedia.org/wiki/Fort_Nelson_Airport
1977,CYYG,medium_airport,Charlottetown Airport,46.290000915527344,-63.12110137939453,160.0,NA,CA,CA-PE,Charlottetown,yes,CYYG,YYG,,,https://en.wikipedia.org/wiki/Charlottetown_Airport
1979,CYYJ,medium_airport,Victoria International Airport,48.647201,-123.427792,63.0,NA,CA,CA-BC,Victoria,yes,CYYJ,YYJ,,http://www.victoriaairport.com/,https://en.wikipedia.org/wiki/Victoria_International_Airport
1982,CYYN,medium_airport,Swift Current Airport,50.2919006348,-107.691001892,2680.0,NA,CA,CA-SK,Swift Current,no,CYYN,YYN,,http://www.swiftcurrentairport.com/,https://en.wikipedia.org/wiki/Swift_Current_Airport
1984,CYYQ,medium_airport,Churchill Airport,58.739200592041016,-94.06500244140624,94.0,NA,CA,CA-MB,Churchill,yes,CYYQ,YYQ,,,https://en.wikipedia.org/wiki/Churchill_Airport
1985,CYYR,medium_airport,Goose Bay Airport,53.3191986084,-60.4258003235,160.0,NA,CA,CA-NL,Goose Bay,yes,CYYR,YYR,,,https://en.wikipedia.org/wiki/CFB_Goose_Bay
1986,CYYT,large_airport,St. John's International Airport,47.618599,-52.7519,461.0,NA,CA,CA-NL,St. John's,yes,CYYT,YYT,,https://www.stjohnsairport.com/,https://en.wikipedia.org/wiki/St._John's_International_Airport
1987,CYYU,medium_airport,Kapuskasing Airport,49.411587,-82.469645,743.0,NA,CA,CA-ON,Kapuskasing,no,CYYU,YYU,,,https://en.wikipedia.org/wiki/Kapuskasing_Airport
1988,CYYW,medium_airport,Armstrong Airport,50.29029846191406,-88.90969848632812,1058.0,NA,CA,CA-ON,Armstrong,no,CYYW,YYW,,,https://en.wikipedia.org/wiki/Armstrong_Airport
1989,CYYY,medium_airport,Mont Joli Airport,48.60860061645508,-68.20809936523438,172.0,NA,CA,CA-QC,Mont-Joli,yes,CYYY,YYY,,,https://en.wikipedia.org/wiki/Mont-Joli_Airport
1990,CYYZ,large_airport,Toronto Lester B. Pearson International Airport,43.6772,-79.6306,569.0,NA,CA,CA-ON,Toronto,yes,CYYZ,YYZ,YYZ,http://www.gtaa.com/,https://en.wikipedia.org/wiki/Toronto_Pearson_International_Airport
1991,CYZD,medium_airport,Downsview Airport,43.7425,-79.465599,652.0,NA,CA,CA-ON,North York,no,CYZD,,,,https://en.wikipedia.org/wiki/Toronto/Downsview_Airport
1992,CYZE,medium_airport,Gore Bay Manitoulin Airport,45.8853,-82.567802,623.0,NA,CA,CA-ON,Gore Bay,no,CYZE,YZE,,,https://en.wikipedia.org/wiki/Gore_Bay-Manitoulin_Airport
1993,CYZF,medium_airport,Yellowknife International Airport,62.462799,-114.440002,675.0,NA,CA,CA-NT,Yellowknife,yes,CYZF,YZF,,,https://en.wikipedia.org/wiki/Yellowknife_Airport
1995,CYZH,medium_airport,Slave Lake Airport,55.292945,-114.777276,1912.0,NA,CA,CA-AB,Slave Lake,no,CYZH,YZH,,http://slavelakeairport.com,https://en.wikipedia.org/wiki/Slave_Lake_Airport
1997,CYZR,medium_airport,Chris Hadfield Airport,42.999401,-82.308899,594.0,NA,CA,CA-ON,Sarnia,no,CYZR,YZR,,,https://en.wikipedia.org/wiki/Sarnia_(Chris_Hadfield)_Airport
1999,CYZT,medium_airport,Port Hardy Airport,50.68059921264648,-127.36699676513672,71.0,NA,CA,CA-BC,Port Hardy,yes,CYZT,YZT,,,https://en.wikipedia.org/wiki/Port_Hardy_Airport
2000,CYZU,medium_airport,Whitecourt Airport,54.143902,-115.787003,2567.0,NA,CA,CA-AB,Whitecourt,yes,CYZU,YZU,,,https://en.wikipedia.org/wiki/Whitecourt_Airport
2003,CYZX,medium_airport,CFB Greenwood,44.98440170288086,-64.91690063476562,92.0,NA,CA,CA-NS,Greenwood,no,CYZX,YZX,,,https://en.wikipedia.org/wiki/CFB_Greenwood
2004,CYZY,medium_airport,Mackenzie Airport,55.297786,-123.133907,2264.0,NA,CA,CA-BC,Mackenzie,yes,CYZY,,,,https://en.wikipedia.org/wiki/Mackenzie_Airport
2008,CZBB,medium_airport,Boundary Bay Airport,49.0742,-123.012001,6.0,NA,CA,CA-BC,Delta,no,CZBB,YDT,,http://http://czbb.com/,https://en.wikipedia.org/wiki/Boundary_Bay_Airport
2024,CZJN,medium_airport,Swan River Airport,52.120602,-101.236,1100.0,NA,CA,CA-MB,Swan River,no,CZJN,ZJN,,,https://en.wikipedia.org/wiki/Swan_River_Airport
2030,CZMT,medium_airport,Masset Airport,54.0275,-132.125,25.0,NA,CA,CA-BC,Masset,yes,CZMT,ZMT,,,https://en.wikipedia.org/wiki/Masset_Airport
2048,DAAD,medium_airport,Bou Saada Airport,35.3325,4.20639,1506.0,AF,DZ,DZ-28,Ouled Sidi Brahim,no,DAAD,BUJ,,,https://en.wikipedia.org/wiki/Bou_Saada_Airport
2050,DAAG,large_airport,Houari Boumediene Airport,36.693886,3.214531,82.0,AF,DZ,DZ-16,Algiers,yes,DAAG,ALG,,,https://en.wikipedia.org/wiki/Houari_Boumediene_Airport
2051,DAAJ,medium_airport,Djanet Inedbirene Airport,24.292801,9.45244,3176.0,AF,DZ,DZ-56,Djanet,yes,DAAJ,DJG,,,https://en.wikipedia.org/wiki/Djanet_Inedbirene_Airport
2052,DAAK,medium_airport,Boufarik Air Base,36.545799,2.87611,335.0,AF,DZ,DZ-09,Boufarik,no,DAAK,,,,https://en.wikipedia.org/wiki/Boufarik_Airport
2057,DAAV,medium_airport,Jijel Ferhat Abbas Airport,36.795101,5.87361,36.0,AF,DZ,DZ-18,Tahir,yes,DAAV,GJL,,,https://en.wikipedia.org/wiki/Jijel_Ferhat_Abbas_Airport
2058,DAAY,medium_airport,Mecheria Airport,33.535900116,-0.242353007197,3855.0,AF,DZ,DZ-45,Mecheria,no,DAAY,MZW,,,http://fr.wikipedia.org/wiki/A%C3%A9roport_de_Mecheria
2060,DABB,medium_airport,Annaba Rabah Bitat Airport,36.826781,7.81334,16.0,AF,DZ,DZ-23,Annaba,yes,DABB,AAE,,,https://en.wikipedia.org/wiki/Rabah_Bitat_Airport
2061,DABC,medium_airport,Mohamed Boudiaf International Airport,36.2760009765625,6.620389938354492,2265.0,AF,DZ,DZ-25,Constantine,yes,DABC,CZL,,,https://en.wikipedia.org/wiki/Mohamed_Boudiaf_International_Airport
2062,DABS,medium_airport,Cheikh Larbi Tébessi Airport,35.4315986633,8.12071990967,2661.0,AF,DZ,DZ-12,Tébessi,yes,DABS,TEE,,,https://en.wikipedia.org/wiki/T%C3%A9bessa_Airport
2063,DABT,medium_airport,Batna Mostefa Ben Boulaid Airport,35.752102,6.30859,2697.0,AF,DZ,DZ-05,Batna,yes,DABT,BLJ,,,https://en.wikipedia.org/wiki/Batna_Airport
2064,DAFH,medium_airport,Hassi R'Mel Airport,32.930401,3.31154,2540.0,AF,DZ,DZ-03,Hassi R'Mel,yes,DAFH,HRM,,,https://en.wikipedia.org/wiki/Hassi_R'Mel_Airport
2065,DAOB,medium_airport,Abdelhafid Boussouf Bou Chekif Airport,35.341099,1.46315,3245.0,AF,DZ,DZ-14,Tiaret,no,DAOB,TID,,,https://en.wikipedia.org/wiki/Bou_Chekif_Airport
2067,DAOF,medium_airport,Tindouf Airport,27.7003993988,-8.167099952700001,1453.0,AF,DZ,DZ-37,Tindouf,yes,DAOF,TIN,,,https://en.wikipedia.org/wiki/Tindouf_Airport
2070,DAON,medium_airport,Zenata – Messali El Hadj Airport,35.013426,-1.457191,814.0,AF,DZ,DZ-13,Zenata,yes,DAON,TLM,,,https://en.wikipedia.org/wiki/Zenata_%E2%80%93_Messali_El_Hadj_Airport
2071,DAOO,medium_airport,Oran Es-Sénia (Ahmed Ben Bella) International Airport,35.623901,-0.621183,295.0,AF,DZ,DZ-31,Es-Sénia,yes,DAOO,ORN,,,https://en.wikipedia.org/wiki/Oran_Es_Senia_Airport
2072,DAOR,medium_airport,Béchar Boudghene Ben Ali Lotfi Airport,31.64570045471192,-2.269860029220581,2661.0,AF,DZ,DZ-08,Béchar,yes,DAOR,CBH,,,https://en.wikipedia.org/wiki/B%C3%A9char_Ouakda_Airport
2074,DAOV,medium_airport,Ghriss Airport,35.207699,0.147142,1686.0,AF,DZ,DZ-29,Ghriss,no,DAOV,MUW,,,https://en.wikipedia.org/wiki/Ghriss_Airport
2075,DAUA,medium_airport,Touat Cheikh Sidi Mohamed Belkebir Airport,27.837601,-0.186414,919.0,AF,DZ,DZ-01,Adrar,yes,DAUA,AZR,,,https://en.wikipedia.org/wiki/Touat_Cheikh_Sidi_Mohamed_Belkebir_Airport
2078,DAUG,medium_airport,Noumérat - Moufdi Zakaria Airport,32.384102,3.79411,1512.0,AF,DZ,DZ-47,El Atteuf,yes,DAUG,GHA,,,https://en.wikipedia.org/wiki/Noumerate_Airport
2079,DAUH,medium_airport,Hassi Messaoud-Oued Irara Krim Belkacem Airport,31.673,6.14044,463.0,AF,DZ,DZ-30,Hassi Messaoud,yes,DAUH,HME,,,https://en.wikipedia.org/wiki/Oued_Irara_Airport
2080,DAUI,medium_airport,In Salah Airport,27.250999,2.51202,896.0,AF,DZ,DZ-57,In Salah,yes,DAUI,INZ,,,https://en.wikipedia.org/wiki/In_Salah_Airport
2081,DAUK,medium_airport,Touggourt Sidi Madhi Airport,33.067799,6.08867,279.0,AF,DZ,DZ-55,Touggourt,yes,DAUK,TGR,,,https://en.wikipedia.org/wiki/Touggourt_Sidi_Madhi_Airport
2082,DAUL,medium_airport,Laghouat - Molay Ahmed Medeghri Airport,33.7644,2.92834,2510.0,AF,DZ,DZ-03,Laghouat,no,DAUL,LOO,,,https://en.wikipedia.org/wiki/L%27Mekrareg_Airport
2083,DAUO,medium_airport,Guemar Airport,33.5113983154,6.77679014206,203.0,AF,DZ,DZ-39,Guemar,yes,DAUO,ELU,,,https://en.wikipedia.org/wiki/Guemar_Airport
2084,DAUT,medium_airport,Timimoun Airport,29.237101,0.276033,1027.0,AF,DZ,DZ-54,Timimoun,yes,DAUT,TMX,,,https://en.wikipedia.org/wiki/Timimoun_Airport
2085,DAUU,medium_airport,Ain Beida Airport,31.9172,5.41278,492.0,AF,DZ,DZ-30,Ouargla,yes,DAUU,OGX,,,https://en.wikipedia.org/wiki/Ain_Beida_Airport
2086,DAUZ,medium_airport,Zarzaitine - In Aménas Airport,28.0515,9.64291,1847.0,AF,DZ,DZ-33,In Aménas,yes,DAUZ,IAM,,,https://en.wikipedia.org/wiki/In_Amenas_Airport
2087,DBBB,medium_airport,Cadjehoun Airport,6.357230186462402,2.384350061416626,19.0,AF,BJ,BJ-AQ,Cotonou,yes,DBBB,COO,,,https://en.wikipedia.org/wiki/Cadjehoun_Airport
2088,DFFD,medium_airport,Ouagadougou Airport,12.3532,-1.51242,1037.0,AF,BF,BF-KAD,Ouagadougou,yes,DFFD,OUA,,,https://en.wikipedia.org/wiki/Ouagadougou_Airport
2089,DFOO,medium_airport,Bobo Dioulasso Airport,11.160099983215332,-4.33096981048584,1511.0,AF,BF,BF-HOU,Bobo Dioulasso,yes,DFOO,BOY,,,https://en.wikipedia.org/wiki/Bobo_Dioulasso_Airport
2090,DGAA,large_airport,Kotoka International Airport,5.605189800262451,-0.1667860001325607,205.0,AF,GH,GH-AA,Accra,yes,DGAA,ACC,,,https://en.wikipedia.org/wiki/Kotoka_International_Airport
2093,DGSI,medium_airport,Kumasi Airport,6.714560031890869,-1.5908199548721311,942.0,AF,GH,GH-AH,Kumasi,yes,DGSI,KMS,,,https://en.wikipedia.org/wiki/Kumasi_Airport
2094,DGSN,medium_airport,Sunyani Airport,7.36183,-2.32876,1014.0,AF,GH,GH-BO,Sunyani,yes,DGSN,NYI,,,https://en.wikipedia.org/wiki/Sunyani_Airport
2096,DIAP,medium_airport,Félix-Houphouët-Boigny International Airport,5.26139,-3.92629,21.0,AF,CI,CI-AB,Abidjan,yes,DIAP,ABJ,,,https://en.wikipedia.org/wiki/F%C3%A9lix-Houphou%C3%ABt-Boigny_International_Airport
2097,DIBK,medium_airport,Bouaké Airport,7.7388,-5.07367,1230.0,AF,CI,CI-VB,Bouaké,yes,DIBK,BYK,,,https://en.wikipedia.org/wiki/Bouak%C3%A9_Airport
2098,DIDL,medium_airport,Daloa Airport,6.79281,-6.47319,823.0,AF,CI,CI-SM,,no,DIDL,DJO,,,https://en.wikipedia.org/wiki/Daloa_Airport
2099,DIKO,medium_airport,Korhogo Airport,9.38718,-5.55666,1214.0,AF,CI,CI-SV,Korhogo,no,DIKO,HGO,,,https://en.wikipedia.org/wiki/Korhogo_Airport
2100,DIMN,medium_airport,Man Airport,7.27207,-7.58736,1089.0,AF,CI,CI-MG,,no,DIMN,MJC,,,https://en.wikipedia.org/wiki/Man_Airport
2104,DNAA,large_airport,Nnamdi Azikiwe International Airport,9.00679,7.26317,1123.0,AF,NG,NG-FC,Abuja,yes,DNAA,ABV,,http://www.faannigeria.org/nigeria-airport.php?airport=3,https://en.wikipedia.org/wiki/Nnamdi_Azikiwe_International_Airport
2105,DNAK,medium_airport,Akure Airport,7.246739864349365,5.3010101318359375,1100.0,AF,NG,NG-ON,Akure,yes,DNAK,AKR,,http://www.faannigeria.org/nigeria-airport.php?airport=21,https://en.wikipedia.org/wiki/Akure_Airport
2106,DNBE,medium_airport,Benin Airport,6.316979885101318,5.599500179290772,258.0,AF,NG,NG-ED,Benin,yes,DNBE,BNI,,http://www.faannigeria.org/nigeria-airport.php?airport=22,https://en.wikipedia.org/wiki/Benin_Airport
2107,DNCA,medium_airport,Margaret Ekpo International Airport,4.976019859313965,8.347200393676758,210.0,AF,NG,NG-CR,Calabar,yes,DNCA,CBQ,,http://www.faannigeria.org/nigeria-airport.php?airport=12,https://en.wikipedia.org/wiki/Margaret_Ekpo_International_Airport
2108,DNEN,medium_airport,Akanu Ibiam International Airport,6.474269866943359,7.561960220336914,466.0,AF,NG,NG-EN,Enegu,yes,DNEN,ENU,,http://www.faannigeria.org/nigeria-airport.php?airport=11,https://en.wikipedia.org/wiki/Akanu_Ibiam_International_Airport
2110,DNIB,medium_airport,Ibadan Airport,7.362460136413574,3.97832989692688,725.0,AF,NG,NG-OY,Ibadan,yes,DNIB,IBA,,http://www.faannigeria.org/nigeria-airport.php?airport=7,https://en.wikipedia.org/wiki/Ibadan_Airport
2111,DNIL,medium_airport,Ilorin International Airport,8.440210342407227,4.493919849395752,1126.0,AF,NG,NG-KW,Ilorin,yes,DNIL,ILR,,http://www.faannigeria.org/nigeria-airport.php?airport=20,https://en.wikipedia.org/wiki/Ilorin_International_Airport
2112,DNIM,medium_airport,Sam Mbakwe International Airport,5.427060127258301,7.206029891967773,373.0,AF,NG,NG-IM,Owerri,yes,DNIM,QOW,,http://www.faannigeria.org/nigeria-airport.php?airport=17,https://en.wikipedia.org/wiki/Sam_Mbakwe_International_Cargo_Airport
2113,DNJO,medium_airport,Yakubu Gowon Airport,9.639829635620115,8.869050025939941,4232.0,AF,NG,NG-PL,Jos,yes,DNJO,JOS,,http://www.faannigeria.org/nigeria-airport.php?airport=15,https://en.wikipedia.org/wiki/Yakubu_Gowon_Airport
2114,DNKA,medium_airport,Kaduna Airport,10.696000099182127,7.320109844207764,2073.0,AF,NG,NG-KD,Kaduna,yes,DNKA,KAD,,http://www.faannigeria.org/nigeria-airport.php?airport=10,https://en.wikipedia.org/wiki/Kaduna_Airport
2115,DNKN,medium_airport,Mallam Aminu International Airport,12.0476,8.52462,1562.0,AF,NG,NG-KN,Kano,yes,DNKN,KAN,,http://www.faannigeria.org/nigeria-airport.php?airport=2,https://en.wikipedia.org/wiki/Mallam_Aminu_Kano_International_Airport
2116,DNMA,medium_airport,Maiduguri International Airport,11.855299949645996,13.080900192260742,1099.0,AF,NG,NG-BO,Maiduguri,yes,DNMA,MIU,,http://www.faannigeria.org/nigeria-airport.php?airport=14,https://en.wikipedia.org/wiki/Maiduguri_International_Airport
2117,DNMK,medium_airport,Makurdi Airport,7.70388,8.61394,371.0,AF,NG,NG-BE,Makurdi,yes,DNMK,MDI,,http://www.faannigeria.org/nigeria-airport.php?airport=23,https://en.wikipedia.org/wiki/Makurdi_Airport
2118,DNMM,large_airport,Murtala Muhammed International Airport,6.5773701667785645,3.321160078048706,135.0,AF,NG,NG-LA,Lagos,yes,DNMM,LOS,,http://www.faannigeria.org/nigeria-airport.php?airport=1,https://en.wikipedia.org/wiki/Murtala_Mohammed_International_Airport
2119,DNMN,medium_airport,Minna Airport,9.652170181274414,6.462259769439697,834.0,AF,NG,NG-NI,Minna,no,DNMN,MXJ,,http://www.faannigeria.org/nigeria-airport.php?airport=19,https://en.wikipedia.org/wiki/Minna_Airport
2120,DNPO,medium_airport,Port Harcourt International Airport,5.0154900550842285,6.94959020614624,87.0,AF,NG,NG-RI,Port Harcourt,yes,DNPO,PHC,,http://www.faannigeria.org/nigeria-airport.php?airport=4,https://en.wikipedia.org/wiki/Port_Harcourt_International_Airport
2121,DNSO,medium_airport,Sadiq Abubakar III International Airport,12.916299819946287,5.207190036773682,1010.0,AF,NG,NG-SO,Sokoto,yes,DNSO,SKO,,http://www.faannigeria.org/nigeria-airport.php?airport=13,https://en.wikipedia.org/wiki/Sadiq_Abubakar_III_International_Airport
2123,DNZA,medium_airport,Zaria Airport,11.1302,7.68581,2170.0,AF,NG,NG-KD,Zaria,no,DNZA,ZAR,,http://www.faannigeria.org/nigeria-airport.php?airport=24,https://en.wikipedia.org/wiki/Zaria_Airport
2124,DRRM,medium_airport,Maradi Airport,13.5025,7.12675,1240.0,AF,NE,NE-4,Maradi,no,DRRM,MFQ,,,https://en.wikipedia.org/wiki/Maradi_Airport
2126,DRRT,medium_airport,Tahoua Airport,14.8757,5.26536,1266.0,AF,NE,NE-5,Tahoua,no,DRRT,THZ,,,https://en.wikipedia.org/wiki/Tahoua_Airport
2127,DRZA,medium_airport,Mano Dayak International Airport,16.965999603271484,8.000109672546387,1657.0,AF,NE,NE-1,Agadez,yes,DRZA,AJY,,,https://en.wikipedia.org/wiki/Mano_Dayak_International_Airport
2131,DTKA,medium_airport,Tabarka-Aïn Draham International Airport,36.98,8.87694,230.0,AF,TN,TN-32,Tabarka,yes,DTKA,TBJ,,,https://en.wikipedia.org/wiki/Tabarka%E2%80%93A%C3%AFn_Draham_International_Airport
2132,DTMB,medium_airport,Monastir Habib Bourguiba International Airport,35.75809860229492,10.75469970703125,9.0,AF,TN,TN-52,Monastir,yes,DTMB,MIR,,,https://en.wikipedia.org/wiki/Habib_Bourguiba_International_Airport
44483,DTNH,medium_airport,Enfidha - Hammamet International Airport,36.075833,10.438611,21.0,AF,TN,TN-51,Enfidha,yes,DTNH,NBE,DTNH,http://www.enfidhahammametairport.com/,https://en.wikipedia.org/wiki/Enfidha%E2%80%93Hammamet_International_Airport
2133,DTTA,large_airport,Tunis Carthage International Airport,36.851002,10.2272,22.0,AF,TN,TN-11,Tunis,yes,DTTA,TUN,,http://www.oaca.nat.tn/english/div_horizontal_tunis_airport_eng.htm,https://en.wikipedia.org/wiki/Tunis-Carthage_International_Airport
2134,DTTB,medium_airport,Bizerte Sidi Ahmed Air Base,37.242356,9.787016,20.0,AF,TN,TN-23,Borj Challouf,no,DTTB,,,,https://en.wikipedia.org/wiki/Bizerte-Sidi_Ahmed_Air_Base
2135,DTTD,medium_airport,Remada Air Base,32.306198,10.3821,1004.0,AF,TN,TN-83,Remada,no,DTTD,,,,https://en.wikipedia.org/wiki/Remada_Air_Base
2139,DTTJ,medium_airport,Djerba Zarzis International Airport,33.875,10.7755,19.0,AF,TN,TN-82,Mellita,yes,DTTJ,DJE,,http://www.aeroport-de-djerba-zarzis.com/,https://en.wikipedia.org/wiki/Djerba-Zarzis_Airport
2140,DTTR,medium_airport,El Borma Airport,31.7043,9.25462,827.0,AF,TN,TN-83,El Borma,no,DTTR,EBM,,,https://en.wikipedia.org/wiki/El_Borma_Airport
2141,DTTX,medium_airport,Sfax Thyna International Airport,34.71799850463867,10.690999984741213,85.0,AF,TN,TN-61,Sfax,yes,DTTX,SFA,,,https://en.wikipedia.org/wiki/Thyna_Airport
2142,DTTZ,medium_airport,Tozeur Nefta International Airport,33.939701080322266,8.110560417175293,287.0,AF,TN,TN-72,Tozeur,yes,DTTZ,TOE,,,https://en.wikipedia.org/wiki/Nefta_Airport
2144,DXXX,medium_airport,Lomé–Tokoin International Airport,6.16561,1.25451,72.0,AF,TG,TG-M,Lomé,yes,DXXX,LFW,,,https://en.wikipedia.org/wiki/Lom%C3%A9%E2%80%93Tokoin_International_Airport
2152,EBAW,medium_airport,Antwerp International Airport (Deurne),51.190667,4.463153,39.0,EU,BE,BE-VAN,Antwerp,yes,EBAW,ANR,,http://www.antwerp-airport.be/,https://en.wikipedia.org/wiki/Antwerp_International_Airport
2154,EBBL,medium_airport,Kleine Brogel Air Base,51.168301,5.47,200.0,EU,BE,BE-VLI,Kleine Brogel,no,EBBL,,,,https://en.wikipedia.org/wiki/Kleine_Brogel_Air_Base
2155,EBBR,large_airport,Brussels Airport,50.901402,4.48444,175.0,EU,BE,BE-VBR,Zaventem,yes,EBBR,BRU,,http://www.brusselsairport.be/en/,https://en.wikipedia.org/wiki/Brussels_Airport
2157,EBCI,medium_airport,Brussels South Charleroi Airport,50.460982,4.457158,614.0,EU,BE,BE-WHT,Charleroi,yes,EBCI,CRL,,http://www.charleroi-airport.com/doc.php?nd=o29&tid=29&lg=2&docid=1&site=1,https://en.wikipedia.org/wiki/Brussels_South_Charleroi_Airport
2158,EBCV,medium_airport,Chièvres Air Base,50.575801849365234,3.8310000896453857,194.0,EU,BE,BE-WHT,Chièvres,no,EBCV,,,,https://en.wikipedia.org/wiki/Chievres_Air_Base
2159,EBFN,medium_airport,Koksijde Air Base,51.090302,2.65278,20.0,EU,BE,BE-VWV,Koksijde,no,EBFN,,,,https://en.wikipedia.org/wiki/Koksijde_Air_Base
2161,EBKT,medium_airport,Flanders International Airport Kortrijk-Wevelgem,50.818878,3.209551,55.0,EU,BE,BE-VWV,Wevelgem,no,EBKT,KJK,,http://www.kortrijkairport.be,https://en.wikipedia.org/wiki/Flanders_International_Airport
2162,EBLG,medium_airport,Liège Airport,50.638574,5.443897,659.0,EU,BE,BE-WLG,Grâce-Hollogne,yes,EBLG,LGG,,http://www.liegeairport.be/,https://en.wikipedia.org/wiki/Li%C3%A8ge_Airport
2163,EBOS,medium_airport,Oostende-Brugge International Airport,51.1998,2.874673,13.0,EU,BE,BE-VWV,Oostende,yes,EBOS,OST,,http://www.ost.aero/,https://en.wikipedia.org/wiki/Ostend-Bruges_International_Airport
2184,EDAC,medium_airport,Leipzig–Altenburg Airport,50.981945,12.506389,640.0,EU,DE,DE-TH,Nobitz,no,EDAC,AOC,,http://www.leipzig-altenburg-airport.de/,https://en.wikipedia.org/wiki/Leipzig%E2%80%93Altenburg_Airport
2187,EDAH,medium_airport,Heringsdorf Airport,53.8787,14.1523,93.0,EU,DE,DE-MV,Zirchow,yes,EDAH,HDF,,,https://en.wikipedia.org/wiki/Heringsdorf_Airport
2743,EDBN,medium_airport,Neubrandenburg Trollenhagen Airport,53.6022,13.306,228.0,EU,DE,DE-MV,Trollenhagen,no,EDBN,FNB,,http://www.flughafen-neubrandenburg.de/,https://en.wikipedia.org/wiki/Neubrandenburg_Airport
301881,EDDB,large_airport,Berlin Brandenburg Airport,52.362247,13.500672,157.0,EU,DE,DE-BR,Berlin,yes,EDDB,BER,,https://ber.berlin-airport.de/,https://en.wikipedia.org/wiki/Berlin_Brandenburg_Airport
2210,EDDC,medium_airport,Dresden Airport,51.134123,13.767831,755.0,EU,DE,DE-SN,Dresden,yes,EDDC,DRS,,http://www.dresden-airport.de/en/index.html,https://en.wikipedia.org/wiki/Dresden_Airport
2211,EDDE,medium_airport,Erfurt-Weimar Airport,50.979801,10.9581,1036.0,EU,DE,DE-TH,Erfurt,yes,EDDE,ERF,,http://www.airport-erfurt.de/,https://en.wikipedia.org/wiki/Erfurt_Airport
2212,EDDF,large_airport,Frankfurt Airport,50.030241,8.561096,364.0,EU,DE,DE-HE,Frankfurt am Main,yes,EDDF,FRA,,https://www.frankfurt-airport.de/,https://en.wikipedia.org/wiki/Frankfurt_Airport
2213,EDDG,medium_airport,Münster Osnabrück Airport,52.134602,7.68483,160.0,EU,DE,DE-NW,Greven,yes,EDDG,FMO,,https://www.fmo.de/,https://en.wikipedia.org/wiki/M%C3%BCnster_Osnabr%C3%BCck_International_Airport
2214,EDDH,large_airport,Hamburg Helmut Schmidt Airport,53.630402,9.98823,53.0,EU,DE,DE-HH,Hamburg,yes,EDDH,HAM,,https://www.hamburg-airport.de/en/,https://en.wikipedia.org/wiki/Hamburg_Airport
2216,EDDK,large_airport,Cologne Bonn Airport,50.865898,7.14274,302.0,EU,DE,DE-NW,Köln (Cologne),yes,EDDK,CGN,,http://www.koeln-bonn-airport.de/en/,https://en.wikipedia.org/wiki/Cologne_Bonn_Airport
2217,EDDL,large_airport,Düsseldorf Airport,51.289501,6.76678,147.0,EU,DE,DE-NW,Düsseldorf,yes,EDDL,DUS,,http://www.dus.com/dus_en/,https://en.wikipedia.org/wiki/D%C3%BCsseldorf_Airport
2218,EDDM,large_airport,Munich Airport,48.353802,11.7861,1487.0,EU,DE,DE-BY,Munich,yes,EDDM,MUC,,http://www.munich-airport.com/,https://en.wikipedia.org/wiki/Munich_Airport
2219,EDDN,large_airport,Nuremberg Airport,49.498699,11.078056,1046.0,EU,DE,DE-BY,Nuremberg,yes,EDDN,NUE,,https://www.airport-nuernberg.de/english,https://en.wikipedia.org/wiki/Nuremberg_Airport
2220,EDDP,large_airport,Leipzig/Halle Airport,51.420657,12.232705,465.0,EU,DE,DE-SN,Schkeuditz,yes,EDDP,LEJ,,https://www.mdf-ag.com/,https://en.wikipedia.org/wiki/Leipzig/Halle_Airport
2221,EDDR,medium_airport,Saarbrücken Airport,49.2145996094,7.10950994492,1058.0,EU,DE,DE-SL,Saarbrücken,yes,EDDR,SCN,,http://www.flughafen-saarbruecken.de/,https://en.wikipedia.org/wiki/Saarbr%C3%BCcken_Airport
2222,EDDS,large_airport,Stuttgart Airport,48.689899,9.22196,1276.0,EU,DE,DE-BW,Stuttgart,yes,EDDS,STR,,http://www.flughafen-stuttgart.de/,https://en.wikipedia.org/wiki/Stuttgart_Airport
2224,EDDV,large_airport,Hannover Airport,52.461102,9.68508,183.0,EU,DE,DE-NI,Hannover,yes,EDDV,HAJ,,https://www.hannover-airport.de,https://en.wikipedia.org/wiki/Hanover/Langenhagen_International_Airport
2225,EDDW,medium_airport,Bremen Airport,53.046786,8.78932,14.0,EU,DE,DE-HB,Bremen,yes,EDDW,BRE,,https://www.bremen-airport.com,https://en.wikipedia.org/wiki/Bremen_Airport
2227,EDFH,medium_airport,Frankfurt-Hahn Airport,49.9487,7.26389,1649.0,EU,DE,DE-RP,Frankfurt am Main (Lautzenhausen),yes,EDFH,HHN,,https://www.hahn-airport.de/en/home,https://en.wikipedia.org/wiki/Frankfurt-Hahn_Airport
2228,EDFM,medium_airport,Mannheim-City Airport,49.473057,8.514167,308.0,EU,DE,DE-BW,Mannheim,yes,EDFM,MHG,,http://www.flugplatz-mannheim.de/,https://en.wikipedia.org/wiki/Mannheim_City_Airport
2232,EDGE,medium_airport,Eisenach-Kindel Airport,50.991604,10.47973,1112.0,EU,DE,DE-TH,Hörselberg-Hainich,no,EDGE,EIB,,http://www.flugplatz-eisenach.de/,http://de.wikipedia.org/wiki/Flugplatz_Eisenach-Kindel
2233,EDGS,medium_airport,Siegerland Airport,50.707699,8.08297,1966.0,EU,DE,DE-NW,Burbach,no,EDGS,SGE,,,https://en.wikipedia.org/wiki/Siegerland_Airport
2234,EDHI,medium_airport,Hamburg-Finkenwerder Airport,53.5352783203125,9.835556030273438,23.0,EU,DE,DE-HH,Hamburg,no,EDHI,XFW,,,https://en.wikipedia.org/wiki/Hamburg_Finkenwerder_Airport
2235,EDHK,medium_airport,Kiel-Holtenau Airport,54.37957,10.145266,102.0,EU,DE,DE-SH,Kiel,no,EDHK,KEL,,,https://en.wikipedia.org/wiki/Kiel-Holtenau_airport
2236,EDHL,medium_airport,Lübeck Blankensee Airport,53.805401,10.7192,53.0,EU,DE,DE-SH,Lübeck,yes,EDHL,LBC,,https://www.flughafen-luebeck.de/en/home,https://en.wikipedia.org/wiki/L%C3%BCbeck_Airport
2237,EDJA,medium_airport,Memmingen Allgau Airport,47.9888000488,10.2395000458,2077.0,EU,DE,DE-BY,Memmingen,yes,EDJA,FMM,,,https://en.wikipedia.org/wiki/Memmingen_Airport
2243,EDLN,medium_airport,Mönchengladbach Airport,51.230278,6.504444,125.0,EU,DE,DE-NW,Mönchengladbach,no,EDLN,MGL,,,https://en.wikipedia.org/wiki/D%C3%BCsseldorf-M%C3%B6nchengladbach_Airport
2244,EDLP,medium_airport,Paderborn Lippstadt Airport,51.614101,8.61632,699.0,EU,DE,DE-NW,Büren,yes,EDLP,PAD,,,https://en.wikipedia.org/wiki/Paderborn_Lippstadt_Airport
2247,EDLW,medium_airport,Dortmund Airport,51.518299,7.61224,425.0,EU,DE,DE-NW,Dortmund,yes,EDLW,DTM,,https://www.dortmund-airport.com/,https://en.wikipedia.org/wiki/Dortmund_Airport
2248,EDMA,medium_airport,Augsburg Airport,48.425278,10.931667,1516.0,EU,DE,DE-BY,Augsburg,no,EDMA,AGB,,https://www.augsburg-airport.de/,https://en.wikipedia.org/wiki/Augsburg_Airport
2252,EDMO,medium_airport,Oberpfaffenhofen Airport,48.081402,11.2831,1947.0,EU,DE,DE-BY,Weßling,no,EDMO,OBF,,http://www.edmo-airport.de,https://de.wikipedia.org/wiki/Flugplatz_Oberpfaffenhofen
2256,EDNY,medium_airport,Friedrichshafen Airport,47.671299,9.51149,1367.0,EU,DE,DE-BW,Friedrichshafen,yes,EDNY,FDH,,https://www.bodensee-airport.eu,https://en.wikipedia.org/wiki/Friedrichshafen_Airport
317932,EDQA,medium_airport,Bamberg-Breitenau Airfield,49.920403,10.914233,811.0,EU,DE,DE-BY,Bamberg,no,EDQA,,,http://www.aeroclub-bamberg.de/,https://de.wikipedia.org/wiki/Flugplatz_Bamberg-Breitenau
2261,EDQD,medium_airport,Bayreuth Airport,49.985001,11.64,1601.0,EU,DE,DE-BY,Bindlach,no,EDQD,BYU,,,https://en.wikipedia.org/wiki/Bindlacher_Berg_Airport
2263,EDQM,medium_airport,Hof-Plauen Airport,50.288544,11.852876,1959.0,EU,DE,DE-BY,Hof,no,EDQM,HOQ,,,https://en.wikipedia.org/wiki/Hof-Plauen_Airport
2270,EDSB,medium_airport,Karlsruhe Baden-Baden Airport,48.7794,8.0805,408.0,EU,DE,DE-BW,Rheinmünster,yes,EDSB,FKB,,http://www.baden-airpark.de/startseite.html,https://en.wikipedia.org/wiki/Baden_Airpark
2273,EDTD,medium_airport,Donaueschingen-Villingen Airfield,47.973331,8.522222,2231.0,EU,DE,DE-BW,Donaueschingen,no,EDTD,,,http://www.flugplatz-donaueschingen.de/,http://de.wikipedia.org/wiki/Flugplatz_Donaueschingen-Villingen
2276,EDTL,medium_airport,Lahr Airport,48.369301,7.82772,511.0,EU,DE,DE-BW,Lahr/Schwarzwald,no,EDTL,LHA,,http://airport-lahr.de/,https://en.wikipedia.org/wiki/CFB_Lahr
2278,EDTY,medium_airport,Adolf Würth Airport,49.118332,9.783889,1299.0,EU,DE,DE-BW,Schwäbisch Hall,no,EDTY,,,http://www.edty.de,https://de.wikipedia.org/wiki/Flugplatz_Schw%C3%A4bisch_Hall-Hessental
2284,EDVE,medium_airport,Braunschweig-Wolfsburg Airport,52.319199,10.5561,295.0,EU,DE,DE-NI,Braunschweig,no,EDVE,BWE,,http://www.flughafen-braunschweig-wolfsburg.de/,https://en.wikipedia.org/wiki/Braunschweig_Airport
2285,EDVK,medium_airport,Kassel Airport,51.420699,9.392152,820.0,EU,DE,DE-HE,Calden,yes,EDVK,KSF,,http://www.flughafenkassel.de/,https://en.wikipedia.org/wiki/Kassel_Airport
2296,EDXW,medium_airport,Westerland Sylt Airport,54.9132,8.34047,51.0,EU,DE,DE-SH,Sylt,yes,EDXW,GWT,,https://www.flughafen-sylt.de,https://en.wikipedia.org/wiki/Sylt_Airport
2297,EEEI,medium_airport,Ämari Air Base,59.259599,24.204799,65.0,EU,EE,EE-37,Keila,no,EEEI,,,,https://en.wikipedia.org/wiki/%C3%84mari_Air_Base
2298,EEKA,medium_airport,Kärdla Airport,58.99079895019531,22.830699920654297,18.0,EU,EE,EE-39,Kärdla,yes,EEKA,KDL,,,https://en.wikipedia.org/wiki/K%C3%A4rdla_Airport
2299,EEKE,medium_airport,Kuressaare Airport,58.22990036010742,22.50950050354004,14.0,EU,EE,EE-74,Kuressaare,yes,EEKE,URE,,http://www.eeke.ee/,https://en.wikipedia.org/wiki/Kuressaare_Airport
2302,EETU,medium_airport,Tartu Airport,58.307499,26.690399,220.0,EU,EE,EE-7B,Tartu,yes,EETU,TAY,,,https://en.wikipedia.org/wiki/Tartu_Airport
2307,EFHK,large_airport,Helsinki Vantaa Airport,60.318363,24.963341,179.0,EU,FI,FI-18,Helsinki,yes,EFHK,HEL,,http://www.finavia.fi/en/helsinki-airport,https://en.wikipedia.org/wiki/Helsinki_Airport
2313,EFIT,medium_airport,Kitee Airport,62.1661,30.073601,364.0,EU,FI,FI-13,Kitee,no,EFIT,KTQ,,,https://en.wikipedia.org/wiki/Kitee_Airfield
2315,EFJO,medium_airport,Joensuu Airport,62.658815,29.619398,398.0,EU,FI,FI-13,Joensuu,yes,EFJO,JOE,,http://www.finavia.fi/en/joensuu/,https://en.wikipedia.org/wiki/Joensuu_Airport
2316,EFJY,medium_airport,Jyväskylä Airport,62.399502,25.678301,459.0,EU,FI,FI-08,Jyväskylän Maalaiskunta,yes,EFJY,JYV,,https://www.finavia.fi/en/jyvaskyla/,https://en.wikipedia.org/wiki/Jyv%C3%A4skyl%C3%A4_Airport
2319,EFKI,medium_airport,Kajaani Airport,64.2855,27.6924,483.0,EU,FI,FI-05,Kajaani,yes,EFKI,KAJ,,https://www.finavia.fi/en/kajaani/,https://en.wikipedia.org/wiki/Kajaani_Airport
2325,EFKT,medium_airport,Kittilä Airport,67.700996398926,24.846799850464,644.0,EU,FI,FI-10,Kittilä,yes,EFKT,KTT,,http://www.finavia.fi/en/kittila/,https://en.wikipedia.org/wiki/Kittil%C3%A4_Airport
2330,EFMA,medium_airport,Mariehamn Airport,60.1222,19.898199,17.0,EU,FI,FI-01,Mariehamn,yes,EFMA,MHQ,,http://www.finavia.fi/en/mariehamn/,https://en.wikipedia.org/wiki/Mariehamn_Airport
2332,EFMI,medium_airport,Mikkeli Airport,61.6866,27.201799,329.0,EU,FI,FI-04,Mikkeli,no,EFMI,MIK,,http://www.mikkelinlentoasema.fi/en/,https://en.wikipedia.org/wiki/Mikkeli_Airport
2336,EFPO,medium_airport,Pori Airport,61.4617,21.799999,44.0,EU,FI,FI-17,Pori,yes,EFPO,POR,,http://www.finavia.fi/en/pori/,https://en.wikipedia.org/wiki/Pori_Airport
334942,EFPR,medium_airport,Helsinki East-Redstone Aerodrome,60.479167,26.593889,72.0,EU,FI,FI-09,Helsinki (Pyhtää),no,EFPR,,,https://www.redstone.aero/helsinkieast-aerodrome,https://fi.wikipedia.org/wiki/Pyht%C3%A4%C3%A4n_lentokentt%C3%A4
2343,EFSA,medium_airport,Savonlinna Airport,61.9431,28.945101,311.0,EU,FI,FI-04,Savonlinna,yes,EFSA,SVL,,http://www.finavia.fi/en/savonlinna/,https://en.wikipedia.org/wiki/Savonlinna_Airport
2345,EFSI,medium_airport,Seinäjoki Airport,62.692101,22.8323,302.0,EU,FI,FI-03,Seinäjoki / Ilmajoki,no,EFSI,SJY,,,https://en.wikipedia.org/wiki/Sein%C3%A4joki_Airport
2346,EFSO,medium_airport,Sodankyla Airport,67.3949966431,26.6191005707,602.0,EU,FI,FI-10,Sodankyla,no,EFSO,SOT,,,https://en.wikipedia.org/wiki/Sodankyl%C3%A4_Airfield
2347,EFTP,medium_airport,Tampere-Pirkkala Airport,61.414101,23.604401,390.0,EU,FI,FI-11,Tampere / Pirkkala,yes,EFTP,TMP,,https://www.finavia.fi/en/tampere-pirkkala/,https://en.wikipedia.org/wiki/Tampere-Pirkkala_Airport
2351,EFVA,medium_airport,Vaasa Airport,63.050701,21.762199,19.0,EU,FI,FI-12,Vaasa,yes,EFVA,VAA,,http://www.finavia.fi/en/vaasa/,https://en.wikipedia.org/wiki/Vaasa_Airport
2353,EFYL,medium_airport,Ylivieska Airfield,64.054722,24.725278,252.0,EU,FI,FI-14,,no,EFYL,YLI,,"http://www.ylivieska.fi/alltypes.asp?d_type=5&menu_id=17643&menupath=16922,17643",https://en.wikipedia.org/wiki/Ylivieska_Airfield
2385,EGAA,large_airport,Belfast International Airport,54.6575012207,-6.21582984924,268.0,EU,GB,GB-NIR,Belfast,yes,EGAA,BFS,,http://www.belfastairport.com/,https://en.wikipedia.org/wiki/Belfast_International_Airport
2387,EGAC,medium_airport,George Best Belfast City Airport,54.618099,-5.8725,15.0,EU,GB,GB-NIR,Belfast,yes,EGAC,BHD,,http://www.belfastcityairport.com/,https://en.wikipedia.org/wiki/George_Best_Belfast_City_Airport
2388,EGAE,medium_airport,City of Derry Airport,55.04280090332031,-7.161109924316406,22.0,EU,GB,GB-NIR,Derry,yes,EGAE,LDY,,http://www.cityofderryairport.com/,https://en.wikipedia.org/wiki/City_of_Derry_Airport
2389,EGBB,large_airport,Birmingham Airport,52.453899,-1.74803,327.0,EU,GB,GB-ENG,"Birmingham, West Midlands",yes,EGBB,BHX,,https://www.birminghamairport.co.uk/,https://en.wikipedia.org/wiki/Birmingham_Airport
2390,EGBE,medium_airport,Coventry Airport,52.3697013855,-1.47971999645,267.0,EU,GB,GB-ENG,Coventry,no,EGBE,CVT,,http://www.coventryairport.co.uk/,https://en.wikipedia.org/wiki/Coventry_Airport
2398,EGCC,large_airport,Manchester Airport,53.349375,-2.279521,257.0,EU,GB,GB-ENG,"Manchester, Greater Manchester",yes,EGCC,MAN,,http://www.manchesterairport.co.uk/,https://en.wikipedia.org/wiki/Manchester_Airport
2403,EGDC,medium_airport,Royal Marines Base Chivenor,51.0872,-4.15034,27.0,EU,GB,GB-ENG,Chivenor,no,EGDC,,,,https://en.wikipedia.org/wiki/Royal_Marines_Base_Chivenor
2406,EGDM,medium_airport,MoD Boscombe Down,51.152199,-1.74741,407.0,EU,GB,GB-ENG,Amesbury,no,EGDM,,,,https://en.wikipedia.org/wiki/MoD_Boscombe_Down
2408,EGDR,medium_airport,RNAS Culdrose,50.08610153198242,-5.255710124969482,267.0,EU,GB,GB-ENG,Helston,no,EGDR,,,,https://en.wikipedia.org/wiki/RNAS_Culdrose_(HMS_Seahawk)
2409,EGDX,medium_airport,MOD St Athan,51.405229,-3.433254,163.0,EU,GB,GB-WLS,"St Athan, Vale of Glamorgan",no,EGSY,,,,https://en.wikipedia.org/wiki/MOD_St_Athan
2410,EGDY,medium_airport,RNAS Yeovilton,51.0093994140625,-2.638819932937622,75.0,EU,GB,GB-ENG,Yeovil,no,EGDY,YEO,,,https://en.wikipedia.org/wiki/RNAS_Yeovilton_(HMS_Heron)
2411,EGEC,medium_airport,Campbeltown Airport,55.437198638916016,-5.686389923095703,42.0,EU,GB,GB-SCT,Campbeltown,yes,EGEC,CAL,,http://www.hial.co.uk/campbeltown-airport.html,https://en.wikipedia.org/wiki/Campbeltown_Airport
2415,EGFF,medium_airport,Cardiff International Airport,51.396702,-3.34333,220.0,EU,GB,GB-WLS,"Rhoose, Vale of Glamorgan",yes,EGFF,CWL,,http://www.cwlfly.com/,https://en.wikipedia.org/wiki/Cardiff_Airport
2417,EGGD,medium_airport,Bristol Airport,51.382702,-2.71909,622.0,EU,GB,GB-ENG,Bristol,yes,EGGD,BRS,,http://www.bristolairport.co.uk/,https://en.wikipedia.org/wiki/Bristol_International_Airport
2418,EGGP,medium_airport,Liverpool John Lennon Airport,53.333599,-2.84972,80.0,EU,GB,GB-ENG,Liverpool,yes,EGGP,LPL,,http://www.liverpoolairport.com/,https://en.wikipedia.org/wiki/Liverpool_John_Lennon_Airport
2419,EGGW,large_airport,London Luton Airport,51.874699,-0.368333,526.0,EU,GB,GB-ENG,"Luton, Bedfordshire",yes,EGGW,LTN,,http://www.london-luton.co.uk/en/,https://en.wikipedia.org/wiki/London_Luton_Airport
2421,EGHH,medium_airport,Bournemouth Airport,50.780483,-1.839576,38.0,EU,GB,GB-ENG,"Christchurch, Dorset",yes,EGHH,BOH,,http://www.bournemouthairport.com/,https://en.wikipedia.org/wiki/Bournemouth_Airport
2422,EGHI,medium_airport,Southampton Airport,50.950298,-1.3568,44.0,EU,GB,GB-ENG,Southampton,yes,EGHI,SOU,,http://www.southamptonairport.com/,https://en.wikipedia.org/wiki/Southampton_Airport
2423,EGHL,medium_airport,Lasham Airfield,51.187199,-1.0335,618.0,EU,GB,GB-ENG,Lasham,no,EGHL,,,http://www.lasham.org.uk/,https://en.wikipedia.org/wiki/Lasham_Airfield
2404,EGHQ,medium_airport,Cornwall Airport Newquay,50.440601,-4.99541,390.0,EU,GB,GB-ENG,Newquay,yes,EGHQ,NQY,,https://www.cornwallairportnewquay.com/,https://en.wikipedia.org/wiki/Newquay_Airport
2425,EGJB,medium_airport,Guernsey Airport,49.435001,-2.60197,336.0,EU,GG,GG-G,Saint Peter Port,yes,EGJB,GCI,,,https://en.wikipedia.org/wiki/Guernsey_Airport
2426,EGJJ,medium_airport,Jersey Airport,49.20790100097656,-2.195509910583496,277.0,EU,JE,JE-U-A,Saint Helier,yes,EGJJ,JER,,http://www.jerseyairport.com/,https://en.wikipedia.org/wiki/Jersey_Airport
2429,EGKK,large_airport,London Gatwick Airport,51.148771,-0.192089,202.0,EU,GB,GB-ENG,"Gatwick, Surrey",yes,EGKK,LGW,,http://www.gatwickairport.com/,https://en.wikipedia.org/wiki/Gatwick_Airport
2430,EGLC,medium_airport,London City Airport,51.505299,0.055278,19.0,EU,GB,GB-ENG,London,yes,EGLC,LCY,,http://www.londoncityairport.com/,https://en.wikipedia.org/wiki/London_City_Airport
2431,EGLF,medium_airport,Farnborough Airport,51.2757987976,-0.776332974434,238.0,EU,GB,GB-ENG,Farnborough,no,EGLF,FAB,,http://www.tagaviation.com,https://en.wikipedia.org/wiki/Farnborough_Airfield
2434,EGLL,large_airport,London Heathrow Airport,51.4706,-0.461941,83.0,EU,GB,GB-ENG,London,yes,EGLL,LHR,,http://www.heathrowairport.com/,https://en.wikipedia.org/wiki/Heathrow_Airport
2435,EGMC,medium_airport,London Southend Airport,51.570562,0.693627,49.0,EU,GB,GB-ENG,"Southend-on-Sea, Essex",yes,EGMC,SEN,,http://www.southendairport.com/,https://en.wikipedia.org/wiki/London_Southend_Airport
2441,EGNH,medium_airport,Blackpool International Airport,53.77170181274414,-3.0286099910736084,34.0,EU,GB,GB-ENG,Blackpool,yes,EGNH,BLK,,http://www.blackpoolinternational.com/,https://en.wikipedia.org/wiki/Blackpool_International_Airport
2442,EGNJ,medium_airport,Humberside Airport,53.57440185546875,-0.350832998752594,121.0,EU,GB,GB-ENG,Grimsby,yes,EGNJ,HUY,,http://www.humbersideairport.com/,https://en.wikipedia.org/wiki/Humberside_Airport
2443,EGNL,medium_airport,Barrow Walney Island Airport,54.1286111,-3.2675,173.0,EU,GB,GB-ENG,Barrow-in-Furness,no,EGNL,BWF,,http://www.walneyairfield.multiservers.com/,https://en.wikipedia.org/wiki/Barrow/Walney_Island_Airfield
2444,EGNM,medium_airport,Leeds Bradford Airport,53.865898,-1.66057,681.0,EU,GB,GB-ENG,"Leeds, West Yorkshire",yes,EGNM,LBA,,http://www.lbia.co.uk/,https://en.wikipedia.org/wiki/Leeds_Bradford_International_Airport
2446,EGNR,medium_airport,Hawarden Airport,53.178101,-2.97778,45.0,EU,GB,GB-WLS,Broughton,no,EGNR,CEG,,,https://en.wikipedia.org/wiki/Hawarden_Airport
2447,EGNS,medium_airport,Isle of Man Airport,54.083302,-4.62389,52.0,EU,IM,IM-U-A,Castletown,yes,EGNS,IOM,,http://www.iom-airport.com/,https://en.wikipedia.org/wiki/Isle_of_Man_Airport
2448,EGNT,medium_airport,Newcastle Airport,55.037958,-1.689577,266.0,EU,GB,GB-ENG,Newcastle,yes,EGNT,NCL,,http://www.newcastleairport.com/,https://en.wikipedia.org/wiki/Newcastle_Airport
2449,EGNV,medium_airport,Teesside International Airport,54.509201,-1.42941,120.0,EU,GB,GB-ENG,"Darlington, Durham",yes,EGNV,MME,,https://www.teessideinternational.com/,https://en.wikipedia.org/wiki/Teesside_International_Airport
2450,EGNX,medium_airport,East Midlands Airport,52.8311,-1.32806,306.0,EU,GB,GB-ENG,Nottingham,yes,EGNX,EMA,,http://www.eastmidlandsairport.com/,https://en.wikipedia.org/wiki/East_Midlands_Airport
2453,EGOS,medium_airport,RAF Shawbury,52.79819869995117,-2.668040037155152,249.0,EU,GB,GB-ENG,Shawbury,no,EGOS,,,http://www.raf.mod.uk/rafshawbury/,https://en.wikipedia.org/wiki/RAF_Shawbury
2454,EGOV,medium_airport,Anglesey Airport,53.2481002808,-4.53533983231,37.0,EU,GB,GB-WLS,Angelsey,yes,EGOV,VLY,,http://www.angleseyairport.com/,https://en.wikipedia.org/wiki/Anglesey_Airport
2456,EGPA,medium_airport,Kirkwall Airport,58.957801818847656,-2.9049999713897705,50.0,EU,GB,GB-SCT,Orkney Islands,yes,EGPA,KOI,,,https://en.wikipedia.org/wiki/Kirkwall_Airport
2457,EGPB,medium_airport,Sumburgh Airport,59.87889862060547,-1.295560002326965,20.0,EU,GB,GB-SCT,Lerwick,yes,EGPB,LSI,,http://www.hial.co.uk/sumburgh-airport.html,https://en.wikipedia.org/wiki/Sumburgh_Airport
2458,EGPC,medium_airport,Wick Airport,58.45890045166016,-3.09306001663208,126.0,EU,GB,GB-SCT,Wick,yes,EGPC,WIC,,http://www.hial.co.uk/wick-airport.html,https://en.wikipedia.org/wiki/Wick_Airport
2459,EGPD,medium_airport,Aberdeen Dyce Airport,57.2019,-2.19778,215.0,EU,GB,GB-SCT,Aberdeen,yes,EGPD,ABZ,,http://www.aberdeenairport.com/,https://en.wikipedia.org/wiki/Aberdeen_Airport
2460,EGPE,medium_airport,Inverness Airport,57.54249954223633,-4.047500133514404,31.0,EU,GB,GB-SCT,Inverness,yes,EGPE,INV,,http://www.hial.co.uk/inverness-airport.html,https://en.wikipedia.org/wiki/Inverness_Airport
2461,EGPF,large_airport,Glasgow International Airport,55.871899,-4.43306,26.0,EU,GB,GB-SCT,"Paisley, Renfrewshire",yes,EGPF,GLA,,http://www.glasgowairport.com/,https://en.wikipedia.org/wiki/Glasgow_International_Airport
2462,EGPH,large_airport,Edinburgh Airport,55.950145,-3.372288,135.0,EU,GB,GB-SCT,Edinburgh,yes,EGPH,EDI,,http://www.edinburghairport.com/,https://en.wikipedia.org/wiki/Edinburgh_Airport
2463,EGPI,medium_airport,Islay Airport,55.682708,-6.257525,56.0,EU,GB,GB-SCT,"Isle of Islay, Argyll and Bute",yes,EGPI,ILY,,,https://en.wikipedia.org/wiki/Islay_Airport
2464,EGPK,medium_airport,Glasgow Prestwick Airport,55.502003,-4.587019,65.0,EU,GB,GB-SCT,"Prestwick, South Ayrshire",yes,EGPK,PIK,,http://www.glasgowprestwick.com/,https://en.wikipedia.org/wiki/Glasgow_Prestwick_International_Airport
2468,EGPO,medium_airport,Stornoway Airport,58.215599,-6.33111,26.0,EU,GB,GB-SCT,"Stornoway, Western Isles",yes,EGPO,SYY,,http://www.hial.co.uk/stornoway-airport.html,https://en.wikipedia.org/wiki/Stornoway_Airport
2469,EGPU,medium_airport,Tiree Airport,56.49919891357422,-6.869170188903809,38.0,EU,GB,GB-SCT,Balemartine,yes,EGPU,TRE,,http://www.hial.co.uk/tiree-airport.html,https://en.wikipedia.org/wiki/Tiree_Airport
2471,EGQL,medium_airport,Leuchars Station Airfield,56.37398,-2.868862,38.0,EU,GB,GB-SCT,"Leuchars, Fife",no,EGQL,ADX,,,https://en.wikipedia.org/wiki/Leuchars_Station
2472,EGQS,medium_airport,RAF Lossiemouth,57.7052001953125,-3.339169979095459,42.0,EU,GB,GB-SCT,Lossiemouth,no,EGQS,LMO,,http://www.raf.mod.uk/raflossiemouth/,https://en.wikipedia.org/wiki/RAF_Lossiemouth
2473,EGSC,medium_airport,Cambridge City Airport,52.205002,0.175,47.0,EU,GB,GB-ENG,"Cambridge, Cambridgeshire",no,EGSC,CBG,,http://www.cambridgeairport.com/,https://en.wikipedia.org/wiki/Cambridge_City_Airport
2476,EGSS,large_airport,London Stansted Airport,51.884998,0.235,348.0,EU,GB,GB-ENG,London,yes,EGSS,STN,,http://www.stanstedairport.com/,https://en.wikipedia.org/wiki/London_Stansted_Airport
2480,EGTC,medium_airport,Cranfield Airport,52.072201,-0.616667,360.0,EU,GB,GB-ENG,Cranfield,no,EGTC,,,http://www.cranfieldairport.co.uk/,https://en.wikipedia.org/wiki/Cranfield_Airport
2481,EGTE,medium_airport,Exeter International Airport,50.734261,-3.413984,102.0,EU,GB,GB-ENG,"Exeter, Devon",yes,EGTE,EXT,,http://www.exeter-airport.co.uk/,https://en.wikipedia.org/wiki/Exeter_International_Airport
2483,EGTK,medium_airport,Oxford (Kidlington) Airport,51.8368988037,-1.32000005245,270.0,EU,GB,GB-ENG,Kidlington,no,EGTK,OXF,,http://www.oxfordairport.co.uk/,https://en.wikipedia.org/wiki/Oxford_Airport
2486,EGUB,medium_airport,RAF Benson,51.6164016724,-1.09582996368,226.0,EU,GB,GB-ENG,Benson,no,EGUB,BEX,,,https://en.wikipedia.org/wiki/RAF_Benson
2487,EGUL,medium_airport,RAF Lakenheath,52.40954,0.561161,32.0,EU,GB,GB-ENG,"Brandon, Suffolk",no,EGUL,LKZ,,http://www.lakenheath.af.mil/,https://en.wikipedia.org/wiki/RAF_Lakenheath
2488,EGUN,medium_airport,RAF Mildenhall,52.3619,0.486406,33.0,EU,GB,GB-ENG,"Bury Saint Edmunds, Suffolk",no,EGUN,MHZ,,http://www.mildenhall.af.mil/,https://en.wikipedia.org/wiki/RAF_Mildenhall
2490,EGUW,medium_airport,Wattisham Airfield,52.127451,0.956189,284.0,EU,GB,GB-ENG,"Ipswich, Suffolk",no,EGUW,,,,https://en.wikipedia.org/wiki/RAF_Wattisham
2492,EGVA,medium_airport,RAF Fairford,51.682201,-1.79003,286.0,EU,GB,GB-ENG,Fairford,no,EGVA,FFD,,,https://en.wikipedia.org/wiki/RAF_Fairford
2493,EGVN,medium_airport,RAF Brize Norton,51.75,-1.58362,288.0,EU,GB,GB-ENG,"Carterton, Oxfordshire",no,EGVN,BZZ,,http://www.raf.mod.uk/rafbrizenorton/passengers/,https://en.wikipedia.org/wiki/RAF_Brize_Norton
2494,EGVO,medium_airport,RAF Odiham,51.2341003418,-0.94282501936,405.0,EU,GB,GB-ENG,Odiham,no,EGVO,ODH,,,https://en.wikipedia.org/wiki/RAF_Odiham
2495,EGWC,medium_airport,DCAE Cosford Air Base,52.639999,-2.30558,272.0,EU,GB,GB-ENG,Cosford,no,EGWC,,,http://www.raf.mod.uk/dcaecosford/,https://en.wikipedia.org/wiki/DCAE_Cosford
2496,EGWU,medium_airport,RAF Northolt,51.553001,-0.418167,124.0,EU,GB,GB-ENG,London,no,EGWU,NHT,,https://www.raf.mod.uk/our-organisation/stations/raf-northolt/,https://en.wikipedia.org/wiki/RAF_Northolt
2497,EGXC,medium_airport,RAF Coningsby,53.0929985046,-0.166014000773,25.0,EU,GB,GB-ENG,Coningsby,no,EGXC,QCY,,http://www.raf.mod.uk/rafconingsby,https://en.wikipedia.org/wiki/RAF_Coningsby
2499,EGXE,medium_airport,RAF Leeming Air Base,54.2924,-1.5354,132.0,EU,GB,GB-ENG,Leeming,no,EGXE,,,,https://en.wikipedia.org/wiki/RAF_Leeming
2504,EGXT,medium_airport,RAF Wittering,52.612598,-0.476453,273.0,EU,GB,GB-ENG,Wittering,no,EGXT,,,http://www.raf.mod.uk/rafwittering/,https://en.wikipedia.org/wiki/RAF_Wittering
2506,EGXW,medium_airport,RAF Waddington,53.1661987305,-0.523810982704,231.0,EU,GB,GB-ENG,Waddington,no,EGXW,WTN,,http://www.raf.mod.uk/rafwaddington,https://en.wikipedia.org/wiki/RAF_Waddington
2508,EGXZ,medium_airport,RAF Topcliffe,54.2055015564,-1.3820899725,92.0,EU,GB,GB-ENG,Topcliffe,no,EGXZ,,,,https://en.wikipedia.org/wiki/RAF_Topcliffe
2509,EGYD,medium_airport,RAF Cranwell,53.0303001404,-0.48324200511,218.0,EU,GB,GB-ENG,Cranwell,no,EGYD,,,http://www.raf.mod.uk/rafcranwell/,https://en.wikipedia.org/wiki/RAF_Cranwell
2510,EGYE,medium_airport,RAF Barkston Heath,52.9622001648,-0.561625003815,367.0,EU,GB,GB-ENG,Grantham,no,EGYE,,,,https://en.wikipedia.org/wiki/RAF_Barkston_Heath
2511,EGYM,medium_airport,RAF Marham,52.648395,0.550692,75.0,EU,GB,GB-ENG,"King's Lynn, Norfolk",no,EGYM,KNF,,http://www.raf.mod.uk/rafmarham/,https://en.wikipedia.org/wiki/RAF_Marham
2512,EGYP,medium_airport,Mount Pleasant Airport,-51.82279968261719,-58.44720077514648,244.0,SA,FK,FK-U-A,Mount Pleasant,yes,EGYP,MPN,,,https://en.wikipedia.org/wiki/RAF_Mount_Pleasant
2513,EHAM,large_airport,Amsterdam Airport Schiphol,52.308601,4.76389,-11.0,EU,NL,NL-NH,Amsterdam,yes,EHAM,AMS,,https://www.schiphol.nl/,https://en.wikipedia.org/wiki/Amsterdam_Airport_Schiphol
2514,EHBD,medium_airport,Kempen Airport Budel,51.255299,5.60139,114.0,EU,NL,NL-NB,Weert,no,EHBD,,,http://www.kempenairport.nl/,https://en.wikipedia.org/wiki/Kempen_Airport
2515,EHBK,medium_airport,Maastricht Aachen Airport,50.911701,5.77014,375.0,EU,NL,NL-LI,Maastricht,yes,EHBK,MST,,,https://en.wikipedia.org/wiki/Maastricht_Aachen_Airport
2516,EHDL,medium_airport,Deelen Air Base,52.0606,5.87306,158.0,EU,NL,NL-GE,Arnhem,no,EHDL,,,,https://en.wikipedia.org/wiki/Deelen_Air_Base
2518,EHEH,large_airport,Eindhoven Airport,51.4500999451,5.37452983856,74.0,EU,NL,NL-NB,Eindhoven,yes,EHEH,EIN,,http://www.eindhovenairport.nl/,https://en.wikipedia.org/wiki/Eindhoven_Airport
2519,EHGG,medium_airport,Groningen Airport Eelde,53.119701,6.57944,17.0,EU,NL,NL-DR,Groningen,yes,EHGG,GRQ,,,https://en.wikipedia.org/wiki/Groningen_Airport_Eelde
2521,EHKD,medium_airport,De Kooy Airfield / Den Helder Naval Air Station,52.923401,4.78062,3.0,EU,NL,NL-NH,Den Helder,no,EHKD,DHR,,,https://en.wikipedia.org/wiki/De_Kooy_Airfield
2523,EHLW,medium_airport,Leeuwarden Air Base,53.22859954833984,5.760560035705566,3.0,EU,NL,NL-FR,Leeuwarden,no,EHLW,LWR,,http://www.defensie.nl/luchtmacht/luchtmachtbases/leeuwarden/,https://en.wikipedia.org/wiki/Leeuwarden_Air_Base
2524,EHRD,medium_airport,Rotterdam The Hague Airport,51.956902,4.43722,-15.0,EU,NL,NL-ZH,Rotterdam,yes,EHRD,RTM,,https://www.rotterdamthehagueairport.nl/,https://en.wikipedia.org/wiki/Rotterdam_Airport
2526,EHTW,medium_airport,Twente Airport,52.275833,6.889167,114.0,EU,NL,NL-OV,Enschede,no,EHTW,ENS,,https://www.twente-airport.nl/,https://en.wikipedia.org/wiki/Enschede_Airport_Twente
2528,EHVK,medium_airport,Volkel Air Base,51.657222,5.707778,72.0,EU,NL,NL-NB,Uden,no,EHVK,UDE,,http://www.defensie.nl/luchtmacht/luchtmachtbases/volkel/,https://en.wikipedia.org/wiki/Volkel_Air_Base
2529,EHWO,medium_airport,Woensdrecht Air Base,51.4491,4.34203,63.0,EU,NL,NL-NB,Hoogerheide,no,EHWO,WOE,,http://www.defensie.nl/luchtmacht/luchtmachtbases/woensdrecht/,https://en.wikipedia.org/wiki/Woensdrecht_Air_Base
2530,EICK,medium_airport,Cork Airport,51.841301,-8.49111,502.0,EU,IE,IE-C,Cork,yes,EICK,ORK,,http://www.corkairport.com/,https://en.wikipedia.org/wiki/Cork_Airport
2531,EICM,medium_airport,Galway Airport,53.300201416015625,-8.941590309143066,81.0,EU,IE,IE-G,Galway,yes,EICM,GWY,,http://www.galwayairport.com/,https://en.wikipedia.org/wiki/Galway_Airport
2532,EIDL,medium_airport,Donegal Airport,55.0442008972168,-8.340999603271484,30.0,EU,IE,IE-DL,Donegal,yes,EIDL,CFN,,http://www.donegalairport.ie/,https://en.wikipedia.org/wiki/Donegal_Airport
2533,EIDW,large_airport,Dublin Airport,53.428713,-6.262121,242.0,EU,IE,IE-D,Dublin,yes,EIDW,DUB,,http://www.dublinairport.com/,https://en.wikipedia.org/wiki/Dublin_Airport
2534,EIKN,medium_airport,Ireland West Knock Airport,53.910301,-8.81849,665.0,EU,IE,IE-MO,Charlestown,yes,EIKN,NOC,,http://www.irelandwestairport.com/,https://en.wikipedia.org/wiki/Ireland_West_Airport_Knock
2535,EIKY,medium_airport,Kerry Airport,52.180901,-9.52378,112.0,EU,IE,IE-KY,Killarney,yes,EIKY,KIR,,http://www.kerryairport.ie/,https://en.wikipedia.org/wiki/Kerry_Airport
2536,EIME,medium_airport,Casement Air Base,53.301700592,-6.451330184940001,319.0,EU,IE,IE-D,Baldonnel,no,EIME,,,,https://en.wikipedia.org/wiki/Casement_Aerodrome
2537,EINN,large_airport,Shannon Airport,52.702,-8.92482,46.0,EU,IE,IE-CE,Shannon,yes,EINN,SNN,,http://www.shannonairport.com/,https://en.wikipedia.org/wiki/Shannon_Airport
2538,EISG,medium_airport,Sligo Airport,54.280200958252,-8.5992097854614,11.0,EU,IE,IE-SO,Sligo,no,EISG,SXL,,http://www.sligoairport.com/,https://en.wikipedia.org/wiki/Sligo_Airport
2539,EIWF,medium_airport,Waterford Airport,52.187199,-7.08696,119.0,EU,IE,IE-WD,Waterford,no,EIWF,WAT,,http://flywaterford.com/,https://en.wikipedia.org/wiki/Waterford_Airport
27310,EIWT,medium_airport,Weston Airfield,53.3522,-6.48611,150.0,EU,IE,IE-KE,Leixlip,no,EIWT,,,http://www.westonairport.com/,https://en.wikipedia.org/wiki/Weston_Airport
2540,EKAH,medium_airport,Aarhus Airport,56.303331,10.618286,82.0,EU,DK,DK-82,Aarhus,yes,EKAH,AAR,,http://www.aar.dk/default.asp?id=87,https://en.wikipedia.org/wiki/Aarhus_Airport
2541,EKBI,large_airport,Billund Airport,55.740335,9.157019,247.0,EU,DK,DK-83,Billund,yes,EKBI,BLL,,http://www.billund-airport.dk/?sc_lang=en,https://en.wikipedia.org/wiki/Billund_Airport
2542,EKCH,large_airport,Copenhagen Kastrup Airport,55.617900848389,12.656000137329,17.0,EU,DK,DK-84,Copenhagen,yes,EKCH,CPH,,http://www.cph.dk/en/,https://en.wikipedia.org/wiki/Copenhagen_Airport
2546,EKKA,medium_airport,Midtjyllands Airport / Air Base Karup,56.297139,9.104311,170.0,EU,DK,DK-82,Karup,yes,EKKA,KRP,,,https://en.wikipedia.org/wiki/Midtjyllands_Airport
2548,EKMB,medium_airport,Lolland Falster Maribo Airport,54.699447,11.438163,16.0,EU,DK,DK-85,Rødby,no,EKMB,MRW,,http://www.lollandfalsterairport.dk/,https://en.wikipedia.org/wiki/Lolland_Falster_Airport
2549,EKOD,medium_airport,Odense Hans Christian Andersen Airport,55.475307,10.327206,56.0,EU,DK,DK-83,Odense,yes,EKOD,ODE,,,https://en.wikipedia.org/wiki/Hans_Christian_Andersen_Airport
2551,EKRK,medium_airport,Copenhagen Roskilde Airport,55.585602,12.1314,146.0,EU,DK,DK-85,Roskilde,yes,EKRK,RKE,,,https://en.wikipedia.org/wiki/Roskilde_Airport
2552,EKRN,medium_airport,Bornholm Airport,55.063301,14.7596,52.0,EU,DK,DK-84,Rønne,yes,EKRN,RNN,,http://www.bornholms-lufthavn.dk/en/,https://en.wikipedia.org/wiki/Bornholm_Airport
2553,EKSB,medium_airport,Sønderborg Airport,54.96440124511719,9.791729927062988,24.0,EU,DK,DK-83,Sønderborg,yes,EKSB,SGD,,,https://en.wikipedia.org/wiki/S%C3%B8nderborg_Airport
2554,EKSN,medium_airport,Sindal Airport,57.503502,10.2294,92.0,EU,DK,DK-81,Sindal,yes,EKSN,CNL,,http://www.eksn.dk/,https://en.wikipedia.org/wiki/Sindal_Airport
2555,EKSP,medium_airport,Skrydstrup Air Base,55.221048,9.26702,141.0,EU,DK,DK-83,Vojens,no,EKSP,SKS,,,https://en.wikipedia.org/wiki/Fighter_Wing_Skrydstrup
2556,EKSV,medium_airport,Skive Airport,56.550201,9.17298,74.0,EU,DK,DK-82,Skive,no,EKSV,SQW,,,https://en.wikipedia.org/wiki/Skive_Airport
2557,EKTS,medium_airport,Thisted Airport,57.06880187988281,8.705220222473145,23.0,EU,DK,DK-81,Thisted,no,EKTS,TED,,,https://en.wikipedia.org/wiki/Thisted_Airport
2558,EKVD,medium_airport,Kolding Vamdrup Airfield,55.436298,9.33092,143.0,EU,DK,DK-83,Kolding / Vamdrup,no,EKVD,,,,https://da.wikipedia.org/wiki/Kolding_Lufthavn
2561,EKVJ,medium_airport,Stauning Vestjylland  Airport,55.990101,8.35391,17.0,EU,DK,DK-82,Skjern,no,EKVJ,STA,,,https://en.wikipedia.org/wiki/Stauning_Vestjylland_Airport
2562,EKYT,medium_airport,Aalborg Airport,57.094763,9.84993,10.0,EU,DK,DK-81,Aalborg,yes,EKYT,AAL,,http://www.aal.dk,https://en.wikipedia.org/wiki/Aalborg_Airport
2563,ELLX,large_airport,Luxembourg-Findel International Airport,49.6233333,6.2044444,1234.0,EU,LU,LU-L,Luxembourg,yes,ELLX,LUX,,http://www.lux-airport.lu/en/,https://en.wikipedia.org/wiki/Luxembourg-Findel_International_Airport
2564,ENAL,medium_airport,"Ålesund Airport, Vigra",62.5625,6.1197,69.0,EU,NO,NO-15,Ålesund,yes,ENAL,AES,,http://www.avinor.no/lufthavn/alesund,https://en.wikipedia.org/wiki/%C3%85lesund_Airport%2C_Vigra
2566,ENAT,medium_airport,Alta Airport,69.976097,23.3717,9.0,EU,NO,NO-56,Alta,yes,ENAT,ALF,,https://avinor.no/en/airport/alta-airport/,https://en.wikipedia.org/wiki/Alta_Airport
2568,ENBN,medium_airport,"Brønnøysund Airport, Brønnøy",65.461098,12.2175,25.0,EU,NO,NO-18,Brønnøy,yes,ENBN,BNN,,https://avinor.no/en/airport/bronnoysund-airport/,https://en.wikipedia.org/wiki/Br%C3%B8nn%C3%B8ysund_Airport%2C_Br%C3%B8nn%C3%B8y
2569,ENBO,medium_airport,Bodø Airport,67.269203,14.3653,42.0,EU,NO,NO-18,Bodø,yes,ENBO,BOO,,http://www.avinor.no/en/airport/bodo/frontpage,https://en.wikipedia.org/wiki/Bod%C3%B8_Airport
2570,ENBR,large_airport,"Bergen Airport, Flesland",60.2934,5.21814,170.0,EU,NO,NO-46,Bergen,yes,ENBR,BGO,,http://www.avinor.no/en/airport/bergen,https://en.wikipedia.org/wiki/Bergen_Airport%2C_Flesland
29255,ENBV,medium_airport,Berlevåg Airport,70.871517,29.034097,42.0,EU,NO,NO-56,Berlevåg,yes,ENBV,BVG,,https://avinor.no/en/airport/berlevag-airport/,https://en.wikipedia.org/wiki/Berlev%C3%A5g_Airport
2572,ENCN,medium_airport,"Kristiansand Airport, Kjevik",58.204201,8.08537,57.0,EU,NO,NO-42,Kjevik,yes,ENCN,KRS,,http://www.avinor.no/en/airport/kristiansand,https://en.wikipedia.org/wiki/Kristiansand_Airport%2C_Kjevik
2576,ENFG,medium_airport,"Fagernes Airport, Leirin",61.015598,9.28806,2697.0,EU,NO,NO-34,Fagernes,no,ENFG,VDB,,https://avinor.no/en/airport/fagernes-airport/,https://en.wikipedia.org/wiki/Fagernes_Airport%2C_Leirin
2577,ENFL,medium_airport,Florø Airport,61.583599090576,5.0247201919556,37.0,EU,NO,NO-46,Florø,yes,ENFL,FRO,,https://avinor.no/en/airport/floro-airport/,https://en.wikipedia.org/wiki/Flor%C3%B8_Airport
2578,ENGM,large_airport,"Oslo Airport, Gardermoen",60.193901,11.1004,681.0,EU,NO,NO-32,Oslo,yes,ENGM,OSL,,https://avinor.no/en/airport/oslo-airport,"https://en.wikipedia.org/wiki/Oslo_Airport,_Gardermoen"
2579,ENHD,medium_airport,"Haugesund Airport, Karmøy",59.345299,5.20836,86.0,EU,NO,NO-11,Karmøy,yes,ENHD,HAU,,https://flyhau.no/,https://en.wikipedia.org/wiki/Haugesund_Airport%2C_Karm%C3%B8y
28115,ENHF,medium_airport,Hammerfest Airport,70.679703,23.6686,266.0,EU,NO,NO-56,Hammerfest,yes,ENHF,HFT,,https://avinor.no/en/airport/hammerfest-airport/,https://en.wikipedia.org/wiki/Hammerfest_Airport
2581,ENKB,medium_airport,"Kristiansund Airport, Kvernberget",63.111801,7.82452,204.0,EU,NO,NO-15,Kvernberget,yes,ENKB,KSU,,https://avinor.no/en/airport/kristiansund-airport/,https://en.wikipedia.org/wiki/Kristiansund_Airport%2C_Kvernberget
29264,ENLK,medium_airport,Leknes Airport,68.152496337891,13.609399795532,78.0,EU,NO,NO-18,Leknes,yes,ENLK,LKN,,https://avinor.no/en/airport/leknes-airport/,https://en.wikipedia.org/wiki/Leknes_Airport
2585,ENML,medium_airport,"Molde Airport, Årø",62.744701,7.2625,10.0,EU,NO,NO-15,Årø,yes,ENML,MOL,,https://avinor.no/en/airport/molde-airport/,https://en.wikipedia.org/wiki/Molde_Airport%2C_%C3%85r%C3%B8
29277,ENRA,medium_airport,"Mo i Rana Airport, Røssvoll",66.363899230957,14.301400184631,229.0,EU,NO,NO-18,Mo i Rana,yes,ENRA,MQN,,https://avinor.no/en/airport/mo-i-rana-airport/,https://en.wikipedia.org/wiki/Mo_i_Rana_Airport%2C_R%C3%B8ssvoll
29278,ENRM,medium_airport,"Rørvik Airport, Ryum",64.838302612305,11.14610004425,14.0,EU,NO,NO-50,Rørvik,yes,ENRM,RVK,,https://avinor.no/en/airport/rorvik-airport/,https://en.wikipedia.org/wiki/R%C3%B8rvik_Airport%2C_Ryum
2592,ENRY,medium_airport,"Moss Airport, Rygge",59.378817,10.785439,174.0,EU,NO,NO-31,Oslo,no,ENRY,RYG,,http://www.en.ryg.no/,https://en.wikipedia.org/wiki/Moss_Airport%2C_Rygge
29281,ENSH,medium_airport,"Svolvær Airport, Helle",68.243301,14.6692,27.0,EU,NO,NO-18,Svolvær,yes,ENSH,SVJ,,https://avinor.no/en/airport/svolvar-airport/,https://en.wikipedia.org/wiki/Svolv%C3%A6r_Airport%2C_Helle
2594,ENSN,medium_airport,Skien Airport,59.185001,9.56694,463.0,EU,NO,NO-40,Geiteryggen,no,ENSN,SKE,,,https://en.wikipedia.org/wiki/Skien_Airport%2C_Geiteryggen
2595,ENSO,medium_airport,"Stord Airport, Sørstokken",59.791901,5.34085,160.0,EU,NO,NO-46,Leirvik,yes,ENSO,SRP,,,https://en.wikipedia.org/wiki/Stord_Airport%2C_S%C3%B8rstokken
2596,ENSR,medium_airport,Sørkjosen Airport,69.786797,20.9594,16.0,EU,NO,NO-55,Sørkjosen,yes,ENSR,SOJ,,https://avinor.no/en/airport/sorkjosen-airport/,https://en.wikipedia.org/wiki/S%C3%B8rkjosen_Airport
2599,ENTC,large_airport,"Tromsø Airport, Langnes",69.683296,18.9189,31.0,EU,NO,NO-55,Tromsø,yes,ENTC,TOS,,http://www.avinor.no/en/airport/tromso,https://en.wikipedia.org/wiki/Troms%C3%B8_Airport
2600,ENTO,medium_airport,"Sandefjord Airport, Torp",59.186699,10.2586,286.0,EU,NO,NO-39,Torp,yes,ENTO,TRF,,https://torp.no/en/welcome-to-torp-sandefjord-airport/,https://en.wikipedia.org/wiki/Sandefjord_Airport%2C_Torp
2602,ENZV,large_airport,"Stavanger Airport, Sola",58.876701,5.63778,29.0,EU,NO,NO-11,Stavanger,yes,ENZV,SVG,,http://www.avinor.no/en/airport/stavanger/,"https://en.wikipedia.org/wiki/Stavanger_Airport,_Sola"
2604,EPBY,medium_airport,Bydgoszcz Ignacy Jan Paderewski Airport,53.096802,17.977699,235.0,EU,PL,PL-KP,Białe Błota,yes,EPBY,BZG,,http://www.plb.pl/,https://en.wikipedia.org/wiki/Bydgoszcz_Ignacy_Jan_Paderewski_Airport
2607,EPDE,medium_airport,Deblin Military Air Base,51.551399231,21.8936004639,392.0,EU,PL,PL-LU,Dęblin,no,EPDE,,,,
2608,EPGD,large_airport,Gdańsk Lech Wałęsa Airport,54.377602,18.4662,489.0,EU,PL,PL-PM,Gdańsk,yes,EPGD,GDN,,http://www.airport.gdansk.pl/,https://en.wikipedia.org/wiki/Gda%C5%84sk_Lech_Wa%C5%82%C4%99sa_Airport
2609,EPKK,large_airport,Kraków John Paul II International Airport,50.077702,19.7848,791.0,EU,PL,PL-MA,Balice,yes,EPKK,KRK,,http://www.krakowairport.pl/en/,https://en.wikipedia.org/wiki/Kraków_John_Paul_II_International_Airport
2612,EPKS,medium_airport,Krzesiny Military Air Base,52.331699,16.9664,265.0,EU,PL,PL-WP,Poznań,no,EPKS,,,,https://en.wikipedia.org/wiki/31st_Tactical_Air_Base
2613,EPKT,medium_airport,Katowice Wojciech Korfanty International Airport,50.476015,19.080705,995.0,EU,PL,PL-SL,Ożarowice,yes,EPKT,KTW,,http://katowice.airport.com,https://en.wikipedia.org/wiki/Katowice_International_Airport
309484,EPLB,medium_airport,Lublin Airport,51.240278,22.713611,633.0,EU,PL,PL-LU,Lublin,yes,EPLB,LUZ,,,https://en.wikipedia.org/wiki/Lublin_Airport
2616,EPLL,medium_airport,Łódź Władysław Reymont Airport,51.721901,19.3981,604.0,EU,PL,PL-LD,Łódź,yes,EPLL,LCJ,,https://www.lodz-airport.pl/en,https://en.wikipedia.org/wiki/%C5%81%C3%B3d%C5%BA_W%C5%82adys%C5%82aw_Reymont_Airport
31015,EPLY,medium_airport,Leźnica Wielka Air Base,52.004945,19.143792,377.0,EU,PL,PL-LD,Leźnica Wielka,no,EPLY,,,,
2618,EPMB,medium_airport,Malbork Królewo Air Base,54.026598,19.135718,16.0,EU,PL,PL-PM,Królewo,no,EPMB,,,,https://en.wikipedia.org/wiki/22nd_Air_Base
2619,EPMI,medium_airport,Miroslawiec Military Air Base,53.3951,16.0828,459.0,EU,PL,PL-ZP,Mirosławiec,no,EPMI,,,http://www.12blot.pl/,https://en.wikipedia.org/wiki/12th_Air_Base
2621,EPMM,medium_airport,Minsk Mazowiecki Military Air Base,52.1954994202,21.6558990479,604.0,EU,PL,PL-MZ,,no,EPMM,,,,
2622,EPMO,medium_airport,Modlin Airport,52.451099,20.6518,341.0,EU,PL,PL-MZ,Nowy Dwór Mazowiecki,yes,EPMO,WMI,,http://modlinairport.pl/,https://en.wikipedia.org/wiki/Warsaw_Modlin_Airport
2625,EPPO,medium_airport,Poznań-Ławica Airport,52.421598,16.823359,308.0,EU,PL,PL-WP,Poznań,yes,EPPO,POZ,,http://www.airport-poznan.com.pl/en/,https://en.wikipedia.org/wiki/Pozna%C5%84-%C5%81awica_Airport
2627,EPPW,medium_airport,Powidz Military Air Base,52.380087,17.853155,371.0,EU,PL,PL-WP,Powidz,no,EPPW,,,,
2630,EPSC,medium_airport,Solidarity Szczecin–Goleniów Airport,53.584702,14.9022,154.0,EU,PL,PL-ZP,Glewice,yes,EPSC,SZZ,,http://www.airport.com.pl/en/index.php,https://en.wikipedia.org/wiki/Szczecin-Goleni%C3%B3w_%22Solidarno%C5%9B%C4%87%22_Airport
2633,EPSN,medium_airport,Swidwin Military Air Base,53.790599823,15.8262996674,385.0,EU,PL,PL-ZP,,no,EPSN,,,,
2637,EPWA,large_airport,Warsaw Chopin Airport,52.165699,20.9671,362.0,EU,PL,PL-MZ,Warsaw,yes,EPWA,WAW,,http://www.lotnisko-chopina.pl/?lang=en,https://en.wikipedia.org/wiki/Warsaw_Frederic_Chopin_Airport
2638,EPWR,medium_airport,Copernicus Wrocław Airport,51.103719,16.882096,404.0,EU,PL,PL-DS,Wrocław,yes,EPWR,WRO,,http://www.airport.wroclaw.pl/en/index.php,https://en.wikipedia.org/wiki/Copernicus_Airport_Wroc%C5%82aw
2639,EPZG,medium_airport,Zielona Góra-Babimost Airport,52.1385,15.7986,194.0,EU,PL,PL-LB,Nowe Kramsko,yes,EPZG,IEG,,http://www.lotnisko.zielonagora.pl/,https://en.wikipedia.org/wiki/Zielona_G%C3%B3ra_Airport
2643,ESCF,medium_airport,Malmen Air Base,58.402302,15.5257,308.0,EU,SE,SE-E,Linköping,no,ESCF,,,,https://en.wikipedia.org/wiki/Malmen_Airbase
2646,ESDF,medium_airport,Ronneby Airport,56.266701,15.265,191.0,EU,SE,SE-K,Ronneby,yes,ESDF,RNB,,https://www.swedavia.com/ronneby/,https://en.wikipedia.org/wiki/Ronneby_Airport
2647,ESFR,medium_airport,Råda Air Base,58.4981,13.0532,230.0,EU,SE,SE-Q,Råda,no,ESFR,,,,https://sv.wikipedia.org/wiki/R%C3%A5da_flygbas
2648,ESGG,large_airport,Göteborg Landvetter Airport,57.6628,12.2798,506.0,EU,SE,SE-Q,Göteborg,yes,ESGG,GOT,,https://www.swedavia.com/landvetter/,https://en.wikipedia.org/wiki/G%C3%B6teborg_Landvetter_Airport
2649,ESGJ,medium_airport,Jönköping Airport,57.757598876953125,14.068699836730955,741.0,EU,SE,SE-F,Jönköping,yes,ESGJ,JKG,,http://www.lfv.se/templates/LFV_AirportStartPage____1672.aspx,https://en.wikipedia.org/wiki/J%C3%B6nk%C3%B6ping_Airport
2653,ESGR,medium_airport,Skövde Airport,58.456402,13.9727,324.0,EU,SE,SE-Q,Skövde,no,ESGR,KVB,,,https://en.wikipedia.org/wiki/Sk%C3%B6vde_Airport
2654,ESGT,medium_airport,Trollhättan-Vänersborg Airport,58.31809997558594,12.345000267028809,137.0,EU,SE,SE-Q,Trollhättan,yes,ESGT,THN,,,https://en.wikipedia.org/wiki/Trollh%C3%A4ttan-V%C3%A4nersborg_Airport
2656,ESIB,medium_airport,Såtenäs Air Base,58.426399,12.7144,181.0,EU,SE,SE-Q,Såtenäs,no,ESIB,,,,https://sv.wikipedia.org/wiki/Lidk%C3%B6ping-S%C3%A5ten%C3%A4s_flygplats
2659,ESKM,medium_airport,Mora Airport,60.957901,14.5114,634.0,EU,SE,SE-W,Mora,yes,ESKM,MXX,,,https://en.wikipedia.org/wiki/Mora-Siljan_Airport
2660,ESKN,medium_airport,Stockholm Skavsta Airport,58.788601,16.912201,140.0,EU,SE,SE-D,Nyköping,yes,ESKN,NYO,,,https://en.wikipedia.org/wiki/Stockholm-Skavsta_Airport
2664,ESMK,medium_airport,Kristianstad Airport,55.9217,14.0855,76.0,EU,SE,SE-M,Kristianstad,yes,ESMK,KID,,https://kidairport.com,https://en.wikipedia.org/wiki/Kristianstad_Airport
2668,ESMQ,medium_airport,Kalmar Airport,56.685501,16.2876,17.0,EU,SE,SE-H,Kalmar,yes,ESMQ,KLR,,,https://en.wikipedia.org/wiki/Kalmar_Airport
2669,ESMS,medium_airport,Malmö Sturup Airport,55.535564,13.376327,236.0,EU,SE,SE-M,Malmö,yes,ESMS,MMX,,http://www.swedavia.com/malmo/,https://en.wikipedia.org/wiki/Malm%C3%B6_Airport
2670,ESMT,medium_airport,Halmstad Airport,56.69110107421875,12.820199966430664,101.0,EU,SE,SE-N,Halmstad,yes,ESMT,HAD,,,https://en.wikipedia.org/wiki/Halmstad_Airport
2672,ESMX,medium_airport,Växjö Kronoberg Airport,56.92910003662109,14.727999687194824,610.0,EU,SE,SE-G,Växjö,yes,ESMX,VXO,,,https://en.wikipedia.org/wiki/V%C3%A4xj%C3%B6_Airport
2679,ESNK,medium_airport,Kramfors-Sollefteå Höga Kusten Airport,63.048599,17.7689,34.0,EU,SE,SE-Y,Nyland,yes,ESNK,KRF,,,https://en.wikipedia.org/wiki/Kramfors_Airport
2682,ESNN,medium_airport,Sundsvall-Härnösand Airport,62.528099060058594,17.443899154663086,16.0,EU,SE,SE-Y,Sundsvall/ Härnösand,yes,ESNN,SDL,,,https://en.wikipedia.org/wiki/Sundsvall-H%C3%A4rn%C3%B6sand_Airport
2683,ESNO,medium_airport,Örnsköldsvik Airport,63.40829849243164,18.989999771118164,354.0,EU,SE,SE-Y,Örnsköldsvik,yes,ESNO,OER,,,https://en.wikipedia.org/wiki/%C3%96rnsk%C3%B6ldsvik_Airport
2685,ESNQ,medium_airport,Kiruna Airport,67.821998596191,20.336799621582,1508.0,EU,SE,SE-BD,Kiruna,yes,ESNQ,KRN,,https://www.swedavia.com/kiruna/,https://en.wikipedia.org/wiki/Kiruna_Airport
2689,ESNU,medium_airport,Umeå Airport,63.791801452637,20.282800674438,24.0,EU,SE,SE-AC,Umeå,yes,ESNU,UME,,https://www.swedavia.com/umea/,https://en.wikipedia.org/wiki/Ume%C3%A5_Airport
2691,ESNX,medium_airport,Arvidsjaur Airport,65.59030151367188,19.28190040588379,1245.0,EU,SE,SE-BD,Arvidsjaur,yes,ESNX,AJR,,,https://en.wikipedia.org/wiki/Arvidsjaur_Airport
29358,ESNZ,medium_airport,Åre Östersund Airport,63.194135,14.500322,1233.0,EU,SE,SE-Z,Östersund,yes,ESNZ,OSD,,https://www.swedavia.com/ostersund/,https://en.wikipedia.org/wiki/%C3%85re_%C3%96stersund_Airport
2695,ESOK,medium_airport,Karlstad Airport,59.444698,13.3374,352.0,EU,SE,SE-S,Karlstad,yes,ESOK,KSD,,https://www.ksdarprt.se/,https://en.wikipedia.org/wiki/Karlstad_Airport
2696,ESOW,medium_airport,Stockholm Västerås Airport,59.58940124511719,16.63360023498535,21.0,EU,SE,SE-U,Stockholm / Västerås,yes,ESOW,VST,,,https://en.wikipedia.org/wiki/Stockholm-V%C3%A4ster%C3%A5s_Airport
2697,ESPA,medium_airport,Luleå Airport,65.5438,22.122,65.0,EU,SE,SE-BD,Luleå,yes,ESPA,LLA,,https://www.swedavia.com/lulea/,https://en.wikipedia.org/wiki/Lule%C3%A5_Airport
2701,ESSA,large_airport,Stockholm-Arlanda Airport,59.64849,17.928829,137.0,EU,SE,SE-AB,Stockholm,yes,ESSA,ARN,,http://www.swedavia.se/arlanda/,https://en.wikipedia.org/wiki/Stockholm-Arlanda_Airport
2702,ESSB,medium_airport,Stockholm-Bromma Airport,59.354400634765625,17.941699981689453,47.0,EU,SE,SE-AB,Stockholm,yes,ESSB,BMA,,,https://en.wikipedia.org/wiki/Stockholm-Bromma_Airport
2703,ESSD,medium_airport,Dala Airport,60.422001,15.5152,503.0,EU,SE,SE-W,Borlange,yes,ESSD,BLE,,https://www.dalaflyget.se/,https://en.wikipedia.org/wiki/Borl%C3%A4nge_Airport
2705,ESSK,medium_airport,Gävle Sandviken Airport,60.5933,16.951401,224.0,EU,SE,SE-X,Gävle / Sandviken,no,ESSK,GVX,,,https://en.wikipedia.org/wiki/G%C3%A4vle-Sandviken_Airport
2706,ESSL,medium_airport,Linköping City Airport,58.4062004089,15.6805000305,172.0,EU,SE,SE-E,Linköping,yes,ESSL,LPI,,http://www.linkopingsflygplats.se/,https://en.wikipedia.org/wiki/Link%C3%B6ping_SAAB_Airport
2707,ESSP,medium_airport,Norrköping Airport,58.58629989624024,16.250600814819336,32.0,EU,SE,SE-E,Norrköping,yes,ESSP,NRK,,,https://en.wikipedia.org/wiki/Norrk%C3%B6ping_Airport
2708,ESST,medium_airport,Torsby Airport,60.1576,12.9913,393.0,EU,SE,SE-S,Torsby,yes,ESST,TYF,,http://www.torsbyflygplats.se,https://en.wikipedia.org/wiki/Torsby_Airport
2710,ESSV,medium_airport,Visby Airport,57.662799835205,18.346200942993,164.0,EU,SE,SE-I,Visby,yes,ESSV,VBY,,https://www.swedavia.com/visby/,https://en.wikipedia.org/wiki/Visby_Airport
2711,ESTA,medium_airport,Ängelholm-Helsingborg Airport,56.29610061645508,12.847100257873535,68.0,EU,SE,SE-M,Ängelholm,yes,ESTA,AGH,,http://www.lfv.se/templates/LFV_AirportStartPage____4777.aspx,https://en.wikipedia.org/wiki/%C3%84ngelholm-Helsingborg_Airport
2712,ESTL,medium_airport,Ljungbyhed Airfield,56.082802,13.2125,140.0,EU,SE,SE-M,Ljungbyhed,no,ESTL,,,,https://sv.wikipedia.org/wiki/Ljungbyheds_flygplats
2713,ESUD,medium_airport,Storuman Airport,64.960899,17.6966,915.0,EU,SE,SE-AC,Storuman,no,ESUD,SQO,,,https://en.wikipedia.org/wiki/Storuman_Airport
2717,ETAD,medium_airport,Spangdahlem Air Base,49.976507,6.698413,1197.0,EU,DE,DE-RP,Trier,no,ETAD,SPM,,http://www.spangdahlem.af.mil/,https://en.wikipedia.org/wiki/Spangdahlem_Air_Base
2718,ETAR,medium_airport,Ramstein Air Base,49.436901,7.60028,776.0,EU,DE,DE-RP,Ramstein-Miesenbach,no,ETAR,RMS,,http://www.ramstein.af.mil/,https://en.wikipedia.org/wiki/Ramstein_Air_Base
2721,ETHB,medium_airport,Bückeburg Air Base,52.2785,9.08217,230.0,EU,DE,DE-NI,Bückeburg,no,ETHB,,,,https://en.wikipedia.org/wiki/B%C3%BCckeburg_Air_Base
2722,ETHC,medium_airport,Celle Army Airfield,52.591202,10.0221,129.0,EU,DE,DE-NI,,no,ETHC,,,,https://en.wikipedia.org/wiki/Celle_Air_Base
2724,ETHF,medium_airport,Fritzlar Army Airfield,51.1146,9.286,565.0,EU,DE,DE-HE,Fritzlar,no,ETHF,FRZ,,,https://en.wikipedia.org/wiki/Fritzlar_Air_Base
2725,ETHL,medium_airport,Laupheim Air Base,48.220299,9.91002,1766.0,EU,DE,DE-BW,Laupheim,no,ETHL,,,,https://en.wikipedia.org/wiki/Laupheim_Air_Base
2727,ETHN,medium_airport,Niederstetten Army Air Base,49.39162,9.956747,1536.0,EU,DE,DE-BW,Niederstetten,no,ETHN,,,,https://en.wikipedia.org/wiki/Niederstetten_Air_Base
2734,ETMN,medium_airport,Sea-Airport Cuxhaven/Nordholz / Nordholz Naval Airbase,53.767689,8.659201,74.0,EU,DE,DE-NI,Wurster Nordseeküste,yes,ETMN,FCN,,,https://en.wikipedia.org/wiki/Nordholz_Naval_Airbase
2735,ETND,medium_airport,Diepholz Air Base,52.585556,8.342222,128.0,EU,DE,DE-NI,Diepholz,no,ETND,,,,https://en.wikipedia.org/wiki/Diepholz_Air_Base
2736,ETNG,medium_airport,Geilenkirchen Air Base,50.9608,6.04242,296.0,EU,DE,DE-NW,Geilenkirchen,no,ETNG,GKE,,,https://en.wikipedia.org/wiki/NATO_Air_Base_Geilenkirchen
2737,ETNH,medium_airport,Hohn Air Base,54.312199,9.53817,39.0,EU,DE,DE-SH,Hohn,no,ETNH,,,,https://de.wikipedia.org/wiki/Fliegerhorst_Hohn
2739,ETNL,medium_airport,Rostock-Laage Airport,53.918201,12.2783,138.0,EU,DE,DE-MV,Laage,yes,ETNL,RLG,,,https://en.wikipedia.org/wiki/Rostock-Laage_Airport
2741,ETNS,medium_airport,Schleswig Air Base,54.459301,9.51633,70.0,EU,DE,DE-SH,Jagel,no,ETNS,WBG,,,https://en.wikipedia.org/wiki/Schleswig_Air_Base
2742,ETNT,medium_airport,Wittmundhafen Air Base,53.547798,7.66733,26.0,EU,DE,DE-NI,Wittmund,no,ETNT,,,,https://en.wikipedia.org/wiki/Wittmundhafen_Air_Base
2744,ETNW,medium_airport,Wunstorf Air Base,52.457298,9.42717,187.0,EU,DE,DE-NI,,no,ETNW,,,,https://en.wikipedia.org/wiki/Wunstorf_Air_Base
2747,ETOU,medium_airport,Wiesbaden Army Airfield,50.049800872802734,8.325400352478027,461.0,EU,DE,DE-HE,Wiesbaden,no,ETOU,WIE,,,https://en.wikipedia.org/wiki/Wiesbaden_Army_Airfield
2749,ETSB,medium_airport,Büchel Air Base,50.173801,7.06333,1568.0,EU,DE,DE-RP,Alflen,no,ETSB,,,,https://en.wikipedia.org/wiki/B%C3%BCchel_Air_Base
2752,ETSH,medium_airport,Holzdorf Air Base,51.767799,13.1677,265.0,EU,DE,DE-BR,Holzdorf,no,ETSH,,,,https://en.wikipedia.org/wiki/Holzdorf_Air_Base
2753,ETSI,medium_airport,Ingolstadt Manching Airport,48.7156982421875,11.534000396728516,1202.0,EU,DE,DE-BY,Manching,no,ETSI,IGS,,,https://en.wikipedia.org/wiki/Ingolstadt_Manching_Airport
2754,ETSL,medium_airport,Lechfeld Air Base,48.185504,10.8612,1822.0,EU,DE,DE-BY,Graben,no,ETSL,,,,https://en.wikipedia.org/wiki/Lechfeld_Air_Base
2755,ETSN,medium_airport,Neuburg Air Base,48.710999,11.2115,1249.0,EU,DE,DE-BY,Neuburg an der Donau,no,ETSN,,,,https://en.wikipedia.org/wiki/Neuburg_Air_Base
2757,EVLA,medium_airport,Liepāja International Airport,56.517502,21.096901,16.0,EU,LV,LV-112,Liepāja,no,EVLA,LPX,,http://www.liepaja-airport.lv/,https://en.wikipedia.org/wiki/Liep%C4%81ja_International_Airport
31031,EVTA,medium_airport,Jūrmala Airport,56.9422,23.2239,220.0,EU,LV,LV-099,Tukums,no,EVJA,,,,https://en.wikipedia.org/wiki/J%C5%ABrmala_Airport
2760,EYKA,medium_airport,Kaunas International Airport,54.96390151977539,24.084800720214844,256.0,EU,LT,LT-KU,Kaunas,yes,EYKA,KUN,,http://www.kaunasair.lt/index.php?lang=2&m=2&p=210,https://en.wikipedia.org/wiki/Kaunas_Airport
2764,EYSA,medium_airport,Šiauliai International Airport,55.89390182495117,23.395000457763672,443.0,EU,LT,LT-SA,Šiauliai,no,EYSA,SQQ,,http://www.airport.siauliai.lt/,https://en.wikipedia.org/wiki/%C5%A0iauliai_International_Airport
2765,EYSB,medium_airport,Barysiai Airfield,56.070599,23.5581,270.0,EU,LT,LT-SA,Šiauliai,no,EYSB,,,,https://en.wikipedia.org/wiki/Barysiai_Airport
2766,EYVI,large_airport,Vilnius International Airport,54.634102,25.285801,648.0,EU,LT,LT-VL,Vilnius,yes,EYVI,VNO,,http://www.vilnius-airport.lt/en/,https://en.wikipedia.org/wiki/Vilnius_International_Airport
2767,FAAB,medium_airport,Alexander Bay Airport,-28.575001,16.5333,98.0,AF,ZA,ZA-NC,Alexander Bay,no,FAAB,ALJ,,,https://en.wikipedia.org/wiki/Alexander_Bay_Airport
2771,FABE,medium_airport,Bisho Airport,-32.897099,27.2791,1950.0,AF,ZA,ZA-EC,Bisho,no,FABE,BIY,,,https://en.wikipedia.org/wiki/Bhisho_Airport
2772,FABL,medium_airport,Bram Fischer International Airport,-29.092699,26.302401,4457.0,AF,ZA,ZA-FS,Bloemfontain,yes,FABL,BFN,,,https://en.wikipedia.org/wiki/Bloemfontein_Airport
2775,FACT,large_airport,Cape Town International Airport,-33.9648017883,18.6016998291,151.0,AF,ZA,ZA-WC,Cape Town,yes,FACT,CPT,,http://www.airports.co.za/home.asp?pid=229,https://en.wikipedia.org/wiki/Cape_Town_International_Airport
2779,FAEL,medium_airport,Ben Schoeman Airport,-33.035599,27.825899,435.0,AF,ZA,ZA-EC,East London,yes,FAEL,ELS,,http://www.airports.co.za/home.asp?pid=415,https://en.wikipedia.org/wiki/East_London_Airport
2782,FAGC,medium_airport,Grand Central Airport,-25.986299514799995,28.1401004791,5325.0,AF,ZA,ZA-GT,Midrand,no,FAGC,GCJ,,,https://en.wikipedia.org/wiki/Grand_Central_Airport
2783,FAGG,medium_airport,George Airport,-34.0056,22.378902,648.0,AF,ZA,ZA-WC,George,yes,FAGG,GRJ,,,https://en.wikipedia.org/wiki/George_Airport
2784,FAGM,medium_airport,Rand Airport,-26.2425,28.151199,5483.0,AF,ZA,ZA-GT,Johannesburg,no,FAGM,QRA,,,https://en.wikipedia.org/wiki/Rand_Airport
2793,FAKD,medium_airport,P C Pelser Airport,-26.871099,26.718,4444.0,AF,ZA,ZA-NW,Klerksdorp,no,FAKD,KXE,,,https://en.wikipedia.org/wiki/Klerksdorp_Airport
2794,FAKM,medium_airport,Kimberley Airport,-28.802799224900003,24.7651996613,3950.0,AF,ZA,ZA-NC,Kimberley,yes,FAKM,KIM,,,https://en.wikipedia.org/wiki/Kimberley_Airport
2795,FAKN,medium_airport,Kruger Mpumalanga International Airport,-25.3831996918,31.1056003571,2829.0,AF,ZA,ZA-MP,Mpumalanga,yes,FAKN,MQP,,,https://en.wikipedia.org/wiki/Kruger_Mpumalanga_International_Airport
2800,FALA,medium_airport,Lanseria International Airport,-25.938499,27.9261,4517.0,AF,ZA,ZA-GT,Johannesburg,yes,FALA,HLA,,,https://en.wikipedia.org/wiki/Lanseria_Airport
2801,FALC,medium_airport,Lime Acres Finsch Mine Airport,-28.36009979248047,23.43910026550293,4900.0,AF,ZA,ZA-NC,Lime Acres,no,FALC,LMR,,,
300795,FALE,large_airport,King Shaka International Airport,-29.6144444444,31.1197222222,295.0,AF,ZA,ZA-NL,Durban,yes,FALE,DUR,,,https://en.wikipedia.org/wiki/King_Shaka_International_Airport
2805,FALW,medium_airport,Langebaanweg Airport,-32.9688987732,18.1602993011,108.0,AF,ZA,ZA-WC,Langebaanweg,no,FALW,SDB,,,https://en.wikipedia.org/wiki/AFB_Langebaanweg
2808,FAMD,medium_airport,Malamala Airport,-24.816866,31.544085,1124.0,AF,ZA,ZA-MP,Malamala,yes,FAMD,AAM,,,https://en.wikipedia.org/wiki/Mala_Mala_Airport
2809,FAMG,medium_airport,Margate Airport,-30.8574008942,30.343000412,495.0,AF,ZA,ZA-NL,Margate,yes,FAMG,MGH,,,https://en.wikipedia.org/wiki/Margate_Airport
2812,FAMM,medium_airport,Mmabatho International Airport,-25.798400878900004,25.5480003357,4181.0,AF,ZA,ZA-NW,Mafeking,yes,FAMM,MBD,,,https://en.wikipedia.org/wiki/Mmabatho_International_Airport
2815,FAMU,medium_airport,Mkuze Airport,-27.626100540161133,32.0443000793457,400.0,AF,ZA,ZA-NL,Mkuze,no,FAMU,MZQ,,,
2819,FAOH,medium_airport,Oudtshoorn Airport,-33.6069984436,22.188999176,1063.0,AF,ZA,ZA-WC,Oudtshoorn,no,FAOH,OUH,FAOH,,
31055,FAOR,large_airport,O.R. Tambo International Airport,-26.1392,28.246,5558.0,AF,ZA,ZA-GT,Johannesburg,yes,FAOR,JNB,,https://ortambo-airport.com/index.html,https://en.wikipedia.org/wiki/O._R._Tambo_International_Airport
2820,FAPE,medium_airport,Chief Dawid Stuurman International Airport,-33.984901,25.6173,226.0,AF,ZA,ZA-EC,Gqeberha (Port Elizabeth),yes,FAPE,PLZ,,http://www.acsa.co.za/home.asp?pid=236,https://en.wikipedia.org/wiki/Chief_Dawid_Stuurman_International_Airport
2825,FAPM,medium_airport,Pietermaritzburg Airport,-29.6490001678,30.3987007141,2423.0,AF,ZA,ZA-NL,Pietermaritzburg,yes,FAPM,PZB,,,https://en.wikipedia.org/wiki/Pietermaritzburg_Airport
2827,FAPP,medium_airport,Polokwane International Airport,-23.845269,29.458615,4076.0,AF,ZA,ZA-NP,Polokwane,yes,FAPP,PTG,,,https://en.wikipedia.org/wiki/Polokwane_International_Airport
2828,FAPS,medium_airport,Potchefstroom Airport,-26.670999527,27.0818996429,4520.0,AF,ZA,ZA-NW,Potchefstroom,no,FAPS,PCF,,,
2830,FAQT,medium_airport,Queenstown Airport,-31.92020034790039,26.882200241088867,3637.0,AF,ZA,ZA-EC,Queenstown,no,FAQT,UTW,,,
2838,FASK,medium_airport,Swartkop Air Force Base,-25.8097,28.1646,4780.0,AF,ZA,ZA-GT,Pretoria,no,FASK,,,,https://en.wikipedia.org/wiki/AFB_Swartkop
2839,FASS,medium_airport,Sishen Airport,-27.6486,22.9993,3848.0,AF,ZA,ZA-NC,Sishen,yes,FASS,SIS,,,
2841,FASZ,medium_airport,Skukuza Airport,-24.960899353,31.5886993408,1020.0,AF,ZA,ZA-MP,Skukuza,no,FASZ,SZK,,,https://en.wikipedia.org/wiki/Skukuza_Airport
2845,FATZ,medium_airport,Tzaneen Airport,-23.8244,30.3293,1914.0,AF,ZA,ZA-NP,Tzaneen,no,FATZ,LTA,,,https://af.wikipedia.org/wiki/Tzaneen-lughawe
2846,FAUL,medium_airport,Prince Mangosuthu Buthelezi Airport,-28.3206005096,31.4165000916,1720.0,AF,ZA,ZA-NL,Ulundi,no,FAUL,ULD,,,https://en.wikipedia.org/wiki/Ulundi_Airport
2847,FAUP,medium_airport,Pierre Van Ryneveld Airport,-28.39909935,21.2602005005,2782.0,AF,ZA,ZA-NC,Upington,yes,FAUP,UTN,,,https://en.wikipedia.org/wiki/Upington_Airport
2848,FAUT,medium_airport,K. D. Matanzima Airport,-31.5463631849,28.6733551025,2400.0,AF,ZA,ZA-EC,Mthatha,yes,FAUT,UTT,,,https://en.wikipedia.org/wiki/K.D._Matanzima_Airport
2854,FAWB,medium_airport,Wonderboom Airport,-25.6539,28.224199,4095.0,AF,ZA,ZA-GT,Pretoria,no,FAWB,PRY,,http://www.wonderboomairport.co.za/,https://en.wikipedia.org/wiki/Wonderboom_Airport
2856,FAWK,medium_airport,Waterkloof Air Force Base,-25.8299999237,28.2224998474,4940.0,AF,ZA,ZA-GT,Pretoria,no,FAWK,WKF,,,https://en.wikipedia.org/wiki/AFB_Waterkloof
2860,FBFT,medium_airport,P G Matante Intl,-21.15914,27.468545,3283.0,AF,BW,BW-FR,Francistown,yes,FBPM,FRW,,https://www.caab.co.bw/p-g-matante-international-airport/,https://en.wikipedia.org/wiki/Francistown_Airport
2861,FBJW,medium_airport,Jwaneng Airport,-24.602301,24.691,3900.0,AF,BW,BW-JW,Jwaneng,yes,FBJW,JWA,,,https://en.wikipedia.org/wiki/Jwaneng_Airport
2862,FBKE,medium_airport,Kasane Airport,-17.832899,25.162399,3289.0,AF,BW,BW-CH,Kasane,yes,FBKE,BBK,,,https://en.wikipedia.org/wiki/Kasane_Airport
2863,FBMN,medium_airport,Maun Airport,-19.97260093688965,23.43110084533692,3093.0,AF,BW,BW-NW,Maun,yes,FBMN,MUB,,,https://en.wikipedia.org/wiki/Maun_Airport
2864,FBSK,large_airport,Sir Seretse Khama International Airport,-24.555201,25.9182,3299.0,AF,BW,BW-GA,Gaborone,yes,FBSK,GBE,,,https://en.wikipedia.org/wiki/Sir_Seretse_Khama_International_Airport
2865,FBSN,medium_airport,Sua Pan Airport,-20.5534,26.115801,2985.0,AF,BW,BW-ST,Sowa,no,FBSN,SXN,,,https://en.wikipedia.org/wiki/Sua_Pan_Airport
2866,FBSP,medium_airport,Selebi Phikwe Airport,-22.0583,27.8288,2925.0,AF,BW,BW-SP,Selebi Phikwe,yes,FBSP,PKW,,,https://en.wikipedia.org/wiki/Selebi-Phikwe_Airport
2868,FCBB,medium_airport,Maya-Maya Airport,-4.251699924468994,15.253000259399414,1048.0,AF,CG,CG-12,Brazzaville,yes,FCBB,BZV,,,https://en.wikipedia.org/wiki/Maya-Maya_Airport
323021,FCOD,medium_airport,Oyo Ollombo Airport,-1.226666,15.91,1073.0,AF,CG,CG-14,Oyo,no,FCOD,OLL,,,https://en.wikipedia.org/wiki/Oyo_Ollombo_Airport
2869,FCOO,medium_airport,Owando Airport,-0.53135,15.9501,1214.0,AF,CG,CG-8,Owando,no,FCOO,FTX,,,https://en.wikipedia.org/wiki/Owando_Airport
2871,FCPP,medium_airport,Antonio Agostinho-Neto International Airport,-4.81603,11.8866,55.0,AF,CG,CG-5,Pointe Noire,yes,FCPP,PNR,,,https://en.wikipedia.org/wiki/Agostinho-Neto_International_Airport
2872,FDMS,medium_airport,Matsapha Airport,-26.528999,31.307501,2075.0,AF,SZ,SZ-MA,Manzini,no,FDMS,MTS,,http://www.eswacaa.co.sz/airports/matsapha/index.php,https://en.wikipedia.org/wiki/Matsapha_Airport
308033,FDSK,large_airport,King Mswati III International Airport,-26.358611,31.716944,1092.0,AF,SZ,SZ-LU,Mpaka,yes,FDSK,SHO,,http://www.eswacaa.co.sz/airports/kingmswatiIII/,https://en.wikipedia.org/wiki/King_Mswati_III_International_Airport
2873,FEFF,medium_airport,Bangui M'Poko International Airport,4.39847993850708,18.51880073547364,1208.0,AF,CF,CF-MP,Bangui,yes,FEFF,BGF,,,https://en.wikipedia.org/wiki/Bangui_M'Poko_International_Airport
2876,FGSL,medium_airport,Malabo Airport,3.755270004272461,8.708720207214355,76.0,AF,GQ,GQ-BN,Malabo,yes,FGSL,SSG,,,https://en.wikipedia.org/wiki/Malabo_International_Airport
2877,FHAW,medium_airport,RAF Ascension Island,-7.9696,-14.3937,278.0,AF,SH,SH-AC,Cat Hill,yes,FHAW,ASI,,http://www.raf.mod.uk/organisation/stations.cfm?selectStation=9DEB5257-FDEF-6850-8B1CFF5050616CC1#cgi.script_name#,https://en.wikipedia.org/wiki/RAF_Ascension_Island
2878,FIMP,large_airport,Sir Seewoosagur Ramgoolam International Airport,-20.430201,57.683601,186.0,AF,MU,MU-GP,Plaine Magnien,yes,FIMP,MRU,,http://aml.mru.aero/,https://en.wikipedia.org/wiki/Sir_Seewoosagur_Ramgoolam_International_Airport
2880,FJDG,medium_airport,Diego Garcia Naval Support Facility,-7.31327,72.411102,9.0,AS,IO,IO-U-A,Diego Garcia,no,FJDG,NKW,,,https://en.wikipedia.org/wiki/Diego_Garcia
2882,FKKD,medium_airport,Douala International Airport,4.0060801506,9.71947956085,33.0,AF,CM,CM-LT,Douala,yes,FKKD,DLA,,,https://en.wikipedia.org/wiki/Douala_International_Airport
2887,FKKU,medium_airport,Bafoussam Airport,5.536920070650001,10.3545999527,4347.0,AF,CM,CM-OU,Bafoussam,no,FKKU,BFX,,,https://en.wikipedia.org/wiki/Bafoussam_Airport
2890,FKYS,medium_airport,Yaoundé Nsimalen International Airport,3.722559928894043,11.553299903869627,2278.0,AF,CM,CM-CE,Yaoundé,yes,FKYS,NSI,,,https://en.wikipedia.org/wiki/Yaound%C3%A9_Nsimalen_International_Airport
2895,FLMF,medium_airport,Mfuwe Airport,-13.258899688720703,31.936599731445312,1853.0,AF,ZM,ZM-03,Mfuwe,yes,FLMF,MFU,,,https://en.wikipedia.org/wiki/Mfuwe_Airport
525659,FLSK,medium_airport,Simon Mwansa Kapwepwe International Airport,-12.961667,28.516667,4308.0,AF,ZM,ZM-08,Ndola,yes,FLSK,NLA,,https://www.zacl.co.zm/airport-section/airports/smkia,https://en.wikipedia.org/wiki/Simon_Mwansa_Kapwepwe_International_Airport
2904,FMCZ,medium_airport,Dzaoudzi Pamandzi International Airport,-12.809319,45.281815,23.0,AF,YT,YT-U-A,Dzaoudzi,yes,FMCZ,DZA,,,https://en.wikipedia.org/wiki/Dzaoudzi_Pamandzi_International_Airport
2905,FMEE,large_airport,Roland Garros Airport,-20.890087,55.518894,66.0,AF,RE,RE-SD,Sainte-Marie,yes,FMEE,RUN,,http://www.reunion.aeroport.fr/index.htm,https://en.wikipedia.org/wiki/Roland_Garros_Airport
2906,FMEP,medium_airport,Pierrefonds Airport,-21.319362,55.422506,59.0,AF,RE,RE-SR,Saint-Pierre,yes,FMEP,ZSE,,http://www.grandsudreunion.org/FR2004/aeroport.php,https://en.wikipedia.org/wiki/Pierrefonds_Airport
2908,FMMI,large_airport,Ivato Airport,-18.7969,47.478802,4198.0,AF,MG,MG-T,Antananarivo,yes,FMMI,TNR,,https://ravinala-airports.aero/en/,https://en.wikipedia.org/wiki/Ivato_Airport
2910,FMMS,medium_airport,Sainte Marie Airport,-17.093901,49.8158,7.0,AF,MG,MG-A,Vohilava,yes,FMMS,SMS,,,https://en.wikipedia.org/wiki/Saints_Marie_Airport
2912,FMMV,medium_airport,Morondava Airport,-20.2847,44.3176,30.0,AF,MG,MG-U,Morondava,yes,FMMV,MOQ,,,https://en.wikipedia.org/wiki/Morondava_Airport
2913,FMNA,medium_airport,Arrachart Airport,-12.3494,49.291698,374.0,AF,MG,MG-D,Antisiranana,yes,FMNA,DIE,,,https://en.wikipedia.org/wiki/Arrachart_Airport
2919,FMNM,medium_airport,Amborovy Airport,-15.666842,46.351233,87.0,AF,MG,MG-M,Mahajanga,yes,FMNM,MJN,,,https://en.wikipedia.org/wiki/Amborovy_Airport
2927,FMSD,medium_airport,Tôlanaro Airport,-25.038099,46.9561,29.0,AF,MG,MG-U,Tôlanaro,yes,FMSD,FTU,,,https://en.wikipedia.org/wiki/T%C3%B4lanaro_Airport
2931,FMSM,medium_airport,Mananjary Airport,-21.201799,48.358299,20.0,AF,MG,MG-F,Mananjary,yes,FMSM,MNJ,,,https://en.wikipedia.org/wiki/Mananjary_Airport
2933,FMST,medium_airport,Toliara Airport,-23.3834,43.7285,29.0,AF,MG,MG-U,Toliara,yes,FMST,TLE,,,https://en.wikipedia.org/wiki/Toliara_Airport
2935,FNBG,medium_airport,Benguela 17th of September Airport,-12.609,13.4037,118.0,AF,AO,AO-BGU,Benguela,no,FNBG,BUG,,,https://en.wikipedia.org/wiki/Benguela_Airport
2936,FNCA,medium_airport,Cabinda Airport,-5.59699010848999,12.188400268554688,66.0,AF,AO,AO-CAB,Cabinda,yes,FNCA,CAB,,,https://en.wikipedia.org/wiki/Cabinda_Airport
30813,FNCT,medium_airport,Catumbela Airport,-12.4792,13.4869,23.0,AF,AO,AO-BGU,Catumbela,yes,FNCT,CBT,,,https://en.wikipedia.org/wiki/Catumbela_Airport
2938,FNGI,medium_airport,Ngjiva Pereira Airport,-17.0435009003,15.683799743700002,3566.0,AF,AO,AO-CNN,Ngiva,yes,FNGI,VPE,,,https://en.wikipedia.org/wiki/Ondjiva_Pereira_Airport
2939,FNHU,medium_airport,Nova Lisboa Airport,-12.808899879455566,15.760499954223633,5587.0,AF,AO,AO-HUA,Huambo,yes,FNHU,NOV,,,https://en.wikipedia.org/wiki/Nova_Lisboa_Airport
2940,FNKU,medium_airport,Kuito Airport,-12.404600143433,16.947399139404,5618.0,AF,AO,AO-BIE,Kuito,no,FNKU,SVP,,,https://en.wikipedia.org/wiki/Kuito_Airport
2942,FNLU,large_airport,Quatro de Fevereiro International Airport,-8.85837,13.2312,243.0,AF,AO,AO-LUA,Luanda,yes,FNLU,LAD,,,https://en.wikipedia.org/wiki/Quatro_de_Fevereiro_Airport
2944,FNMA,medium_airport,Malanje Airport,-9.525090217590332,16.312400817871094,3868.0,AF,AO,AO-MAL,Malanje,yes,FNMA,MEG,,,https://en.wikipedia.org/wiki/Malanje_Airport
2945,FNME,medium_airport,Menongue Airport,-14.657600402832031,17.71980094909668,4469.0,AF,AO,AO-CCU,Menongue,yes,FNME,SPP,,,https://en.wikipedia.org/wiki/Menongue_Airport
2953,FNUE,medium_airport,Luena Airport,-11.7681,19.897699,4360.0,AF,AO,AO-MOX,Luena,no,FNUE,LUO,,,https://en.wikipedia.org/wiki/Luena_Airport
2954,FNUG,medium_airport,Uige Airport,-7.60307,15.0278,2720.0,AF,AO,AO-UIG,Uige,no,FNUG,UGO,,,https://en.wikipedia.org/wiki/U%C3%ADge_Airport
2959,FOGO,medium_airport,Oyem Airport,1.5431100130081177,11.58139991760254,2158.0,AF,GA,GA-9,Oyem,yes,FOGO,OYE,,,https://en.wikipedia.org/wiki/Oyem_Airport
2961,FOGR,medium_airport,Lambarene Airport,-0.704389,10.2457,82.0,AF,GA,GA-3,Lambarene,no,FOGR,LBQ,,,https://en.wikipedia.org/wiki/Lambar%C3%A9n%C3%A9_Airport
2963,FOOG,medium_airport,Port Gentil Airport,-0.7117390036582947,8.754380226135254,13.0,AF,GA,GA-8,Port Gentil,yes,FOOG,POG,,,https://en.wikipedia.org/wiki/Port-Gentil_International_Airport
2969,FPST,large_airport,São Tomé International Airport,0.378175,6.71215,33.0,AF,ST,ST-01,São Tomé,yes,FPST,TMS,,,https://en.wikipedia.org/wiki/S%C3%A3o_Tom%C3%A9_International_Airport
2970,FQBR,medium_airport,Beira Airport,-19.79640007019043,34.90760040283203,33.0,AF,MZ,MZ-S,Beira,yes,FQBR,BEW,,,https://en.wikipedia.org/wiki/Beira_Airport
2972,FQIN,medium_airport,Inhambane Airport,-23.8764,35.408501,30.0,AF,MZ,MZ-I,Inhambane,yes,FQIN,INH,,,https://en.wikipedia.org/wiki/Inhambane_Airport
2973,FQLC,medium_airport,Lichinga Airport,-13.274,35.2663,4505.0,AF,MZ,MZ-A,Lichinga,yes,FQLC,VXC,,,https://en.wikipedia.org/wiki/Lichinga_Airport
2975,FQMA,large_airport,Maputo Airport,-25.920799,32.572601,145.0,AF,MZ,MZ-MPM,Maputo,yes,FQMA,MPM,,,https://en.wikipedia.org/wiki/Maputo_International_Airport
2977,FQMP,medium_airport,Mocímboa da Praia Airport,-11.3618,40.3549,89.0,AF,MZ,MZ-P,Mocímboa da Praia,no,FQMP,MZB,,,https://en.wikipedia.org/wiki/Moc%C3%ADmboa_da_Praia_Airport
2980,FQNP,medium_airport,Nampula Airport,-15.105600357055664,39.28179931640625,1444.0,AF,MZ,MZ-N,Nampula,yes,FQNP,APL,,,https://en.wikipedia.org/wiki/Nampula_Airport
2981,FQPB,medium_airport,Pemba Airport,-12.991762161254885,40.52401351928711,331.0,AF,MZ,MZ-P,Pemba / Porto Amelia,yes,FQPB,POL,,,https://en.wikipedia.org/wiki/Pemba_Airport
2984,FQTT,medium_airport,Chingozi Airport,-16.104799270629883,33.64020156860352,525.0,AF,MZ,MZ-T,Tete,yes,FQTT,TET,,,https://en.wikipedia.org/wiki/Chingozi_Airport
2986,FQVL,medium_airport,Vilankulo Airport,-22.018400192260746,35.31330108642578,46.0,AF,MZ,MZ-I,Vilanculo,yes,FQVL,VNX,,,https://en.wikipedia.org/wiki/Vilankulo_Airport
2997,FTTD,medium_airport,Moundou Airport,8.62441,16.0714,1407.0,AF,TD,TD-LO,Moundou,yes,FTTD,MQQ,,,https://en.wikipedia.org/wiki/Moundou_Airport
2998,FTTJ,large_airport,N'Djamena International Airport,12.1337,15.034,968.0,AF,TD,TD-ND,N'Djamena,yes,FTTJ,NDJ,,,https://en.wikipedia.org/wiki/N'Djamena_International_Airport
3000,FVBU,medium_airport,Joshua Mqabuko Nkomo International Airport,-20.017401,28.617901,4359.0,AF,ZW,ZW-BU,Bulawayo,yes,FVJN,BUQ,,,https://en.wikipedia.org/wiki/Joshua_Mqabuko_Nkomo_International_Airport
3003,FVCZ,medium_airport,Buffalo Range Airport,-21.008101,31.5786,1421.0,AF,ZW,ZW-MV,Chiredzi,no,FVCZ,BFO,,https://www.caaz.co.zw/buffalo-range-airport,https://en.wikipedia.org/wiki/Buffalo_Range_Airport
3004,FVFA,medium_airport,Victoria Falls International Airport,-18.09589958190918,25.839000701904297,3490.0,AF,ZW,ZW-MN,Victoria Falls,yes,FVFA,VFA,,,https://en.wikipedia.org/wiki/Victoria_Falls_Airport
3005,FVHA,large_airport,Robert Gabriel Mugabe International Airport,-17.931801,31.0928,4887.0,AF,ZW,ZW-HA,Harare,yes,FVRG,HRE,,,https://en.wikipedia.org/wiki/Harare_International_Airport
3015,FWCL,medium_airport,Chileka International Airport,-15.679100036621094,34.9739990234375,2555.0,AF,MW,MW-BL,Blantyre,yes,FWCL,BLZ,,,https://en.wikipedia.org/wiki/Chileka_International_Airport
3018,FWKI,medium_airport,Lilongwe International Airport,-13.7894001007,33.78099823,4035.0,AF,MW,MW-LI,Lilongwe,yes,FWKI,LLW,,,https://en.wikipedia.org/wiki/Lilongwe_International_Airport
3026,FYGF,medium_airport,Grootfontein Airport,-19.6022,18.1227,4636.0,AF,,NA-OD,Grootfontein,no,FYGF,GFY,,,https://en.wikipedia.org/wiki/Grootfontein_Air_Force_Base
3027,FYKM,medium_airport,Katima Mulilo Airport,-17.634258,24.176688,3144.0,AF,,NA-CA,Mpacha,yes,FYKM,MPA,,,https://en.wikipedia.org/wiki/Katima_Mulilo_Airport
3028,FYKT,medium_airport,Keetmanshoop Airport,-26.539801,18.111401,3506.0,AF,,NA-KA,Keetmanshoop,no,FYKT,KMP,,,https://en.wikipedia.org/wiki/Keetmanshoop_Airport
3029,FYLZ,medium_airport,Luderitz Airport,-26.687400817871094,15.242899894714355,457.0,AF,,NA-KA,Luderitz,yes,FYLZ,LUD,,,https://en.wikipedia.org/wiki/L%C3%BCderitz_Airport
3030,FYML,medium_airport,Mariental Airport,-24.6054,17.9254,3650.0,AF,,NA-HA,Mariental,no,FYML,,,,https://en.wikipedia.org/wiki/Mariental_Airport
3032,FYOG,medium_airport,Oranjemund Airport,-28.5847,16.446699,14.0,AF,,NA-KA,Oranjemund,yes,FYOG,OMD,,,https://en.wikipedia.org/wiki/Oranjemund_Airport
3035,FYRU,medium_airport,Rundu Airport,-17.956499099731,19.719400405884,3627.0,AF,,NA-KE,Rundu,yes,FYRU,NDU,,,"http://ourairports.com/airports/FYRU/#lat=-17.956499099731445,lon=19.71940040588379,zoom=13,type=Satellite,airport=FYRU"
3037,FYWB,medium_airport,Walvis Bay Airport,-22.9799,14.6453,299.0,AF,,NA-ER,Walvis Bay,yes,FYWB,WVB,,,https://en.wikipedia.org/wiki/Walvis_Bay_Airport
3039,FYWH,large_airport,Hosea Kutako International Airport,-22.4799,17.4709,5640.0,AF,,NA-KH,Windhoek,yes,FYWH,WDH,,http://airports.com.na/,https://en.wikipedia.org/wiki/Windhoek_Hosea_Kutako_International_Airport
3046,FZEA,medium_airport,Mbandaka Airport,0.0226000007242,18.2887001038,1040.0,AF,CD,CD-EQ,Mbandaka,yes,FZEA,MDK,,,https://en.wikipedia.org/wiki/Mbandaka_Airport
3059,FZQA,medium_airport,Lubumbashi International Airport,-11.5913000107,27.5308990479,4295.0,AF,CD,CD-HK,Lubumbashi,yes,FZQA,FBM,,,https://en.wikipedia.org/wiki/Lubumbashi_International_Airport
3060,FZQM,medium_airport,Kolwezi Airport,-10.7659,25.505699,5007.0,AF,CD,CD-LU,Kolwezi,yes,FZQM,KWZ,,,https://en.wikipedia.org/wiki/Kolwezi_Airport
3062,FZSA,medium_airport,Kamina Air Base,-8.64202,25.252899,3543.0,AF,CD,CD-HL,Lumwe,no,FZSA,,,,https://en.wikipedia.org/wiki/Kamina_Air_Base
3063,FZUA,medium_airport,Kananga Airport,-5.90005,22.4692,2139.0,AF,CD,CD-KC,Kananga,yes,FZUA,KGA,,,https://en.wikipedia.org/wiki/Kananga_Airport
3064,FZWA,medium_airport,Mbuji Mayi Airport,-6.121240139010001,23.5690002441,2221.0,AF,CD,CD-KE,Mbuji Mayi,yes,FZWA,MJM,,,https://en.wikipedia.org/wiki/Mbuji_Mayi_Airport
3066,GABS,large_airport,Modibo Keita International Airport,12.5335,-7.94994,1247.0,AF,ML,ML-2,Bamako,yes,GABS,BKO,,,https://en.wikipedia.org/wiki/Bamako%E2%80%93S%C3%A9nou_International_Airport
3067,GAGO,medium_airport,Gao Airport,16.2484,-0.005456,870.0,AF,ML,ML-7,,yes,GAGO,GAQ,,,https://en.wikipedia.org/wiki/Gao_International_Airport
3071,GATB,medium_airport,Timbuktu Airport,16.730499,-3.00758,863.0,AF,ML,ML-7,Timbuktu,yes,GATB,TOM,,,https://en.wikipedia.org/wiki/Timbuktu_Airport
3076,GBYD,large_airport,Banjul International Airport,13.338,-16.652201,95.0,AF,GM,GM-W,Banjul,yes,GBYD,BJL,,,https://en.wikipedia.org/wiki/Banjul_International_Airport
3077,GCFV,large_airport,Fuerteventura Airport,28.4527,-13.8638,85.0,AF,ES,ES-CN,El Matorral,yes,GCFV,FUE,,https://www.aena.es/en/fuerteventura.html,https://en.wikipedia.org/wiki/Fuerteventura_Airport
3079,GCHI,medium_airport,El Hierro Airport,27.8148,-17.8871,103.0,AF,ES,ES-CN,El Hierro Island,yes,GCHI,VDE,,https://www.aena.es/en/el-hierro.html,https://en.wikipedia.org/wiki/El_Hierro_Airport
3081,GCLP,large_airport,Gran Canaria Airport,27.9319,-15.3866,78.0,AF,ES,ES-CN,Gran Canaria Island,yes,GCLP,LPA,,https://www.aena.es/en/gran-canaria.html,https://en.wikipedia.org/wiki/Gran_Canaria_Airport
3083,GCTS,large_airport,Tenerife Sur Airport,28.0445,-16.5725,209.0,AF,ES,ES-CN,Tenerife,yes,GCTS,TFS,,https://www.aena.es/en/tenerife-sur.html,https://en.wikipedia.org/wiki/Tenerife%E2%80%93South_Airport
3095,GFLL,large_airport,Lungi International Airport,8.61644,-13.1955,84.0,AF,SL,SL-N,Freetown (Lungi-Town),yes,GFLL,FNA,,http://www.freetownairport.com/,https://en.wikipedia.org/wiki/Lungi_International_Airport
3097,GGOV,medium_airport,Osvaldo Vieira International Airport,11.894800186157228,-15.65369987487793,129.0,AF,GW,GW-BS,Bissau,yes,GGOV,OXB,,,https://en.wikipedia.org/wiki/Osvaldo_Vieira_International_Airport
3099,GLRB,large_airport,Roberts International Airport,6.23379,-10.3623,31.0,AF,LR,LR-MG,Monrovia,yes,GLRB,ROB,,,https://en.wikipedia.org/wiki/Roberts_International_Airport
3101,GMAD,medium_airport,Al Massira Airport,30.322478,-9.412003,250.0,AF,MA,MA-AGD,Agadir (Temsia),yes,GMAD,AGA,,http://www.agadir-airport.com/en/index.php,https://en.wikipedia.org/wiki/Al_Massira_Airport
300605,GMFB,medium_airport,Bouarfa Airport,32.514306,-1.983056,3630.0,AF,MA,MA-FIG,Bouarfa,no,GMFB,UAR,,,https://en.wikipedia.org/wiki/Bouarfa_Airport
3103,GMFF,medium_airport,Fes Saïss International Airport,33.927299,-4.97796,1900.0,AF,MA,MA-FES,Saïss,yes,GMFF,FEZ,,,https://en.wikipedia.org/wiki/Sa%C3%AFss_Airport
3105,GMFK,medium_airport,Moulay Ali Cherif Airport,31.9475002289,-4.39833021164,3428.0,AF,MA,MA-ERR,Errachidia,yes,GMFK,ERH,,,https://en.wikipedia.org/wiki/Moulay_Ali_Cherif_Airport
3106,GMFM,medium_airport,Bassatine Airport,33.879101,-5.51512,1890.0,AF,MA,MA-MEK,Meknes,no,GMFM,MEK,,,https://en.wikipedia.org/wiki/Bassatine_Air_Base
3107,GMFO,medium_airport,Oujda Angads Airport,34.789558,-1.926041,1535.0,AF,MA,MA-OUJ,Ahl Angad,yes,GMFO,OUD,,,https://en.wikipedia.org/wiki/Angads_Airport
3108,GMMA,medium_airport,Smara Airport,26.731987,-11.683655,350.0,AF,EH,EH-U-A,Smara,yes,GMMA,SMW,,,https://en.wikipedia.org/wiki/Smara_Airport
3109,GMME,medium_airport,Rabat-Salé Airport,34.051498,-6.75152,276.0,AF,MA,MA-RBA,Rabat,yes,GMME,RBA,,https://www.onda.ma/en/Our-Airports/Rabat-Sale-Airport,https://en.wikipedia.org/wiki/Sale_Airport
3110,GMMH,medium_airport,Dakhla Airport,23.7183,-15.932,36.0,AF,EH,EH-U-A,Dakhla,yes,GMMH,VIL,,,https://en.wikipedia.org/wiki/Dakhla_Airport
3112,GMML,medium_airport,Hassan I Airport,27.142467,-13.224947,207.0,AF,EH,EH-U-A,El Aaiún,yes,GMML,EUN,,,https://en.wikipedia.org/wiki/Hassan_Airport
3113,GMMN,large_airport,Mohammed V International Airport,33.3675,-7.58997,656.0,AF,MA,MA-CAS,Casablanca,yes,GMMN,CMN,,http://www.onda.ma/ONDA/Fr/Espaces/EspacePassagers/LeReseauAeroportuaireONDA/Lesaeroports/Fiches+d%E2%80%99identit%C3%A9+par+a%C,https://en.wikipedia.org/wiki/Mohammed_V_International_Airport
3114,GMMW,medium_airport,Nador Al Aaroui International Airport,34.9888,-3.02821,574.0,AF,MA,MA-NAD,Al Aaroui,yes,GMMW,NDR,,,https://en.wikipedia.org/wiki/Nador_International_Airport
3115,GMMX,medium_airport,Menara Airport,31.6068992615,-8.03629970551,1545.0,AF,MA,MA-MAR,Marrakech,yes,GMMX,RAK,,,https://en.wikipedia.org/wiki/Menara_International_Airport
3116,GMMY,medium_airport,Kenitra Air Base,34.298901,-6.59588,16.0,AF,MA,MA-KEN,Kenitra,no,GMMP,NNA,,,https://en.wikipedia.org/wiki/Kenitra_Air_Base
3117,GMMZ,medium_airport,Ouarzazate Airport,30.9391002655,-6.909430027010001,3782.0,AF,MA,MA-OUA,Ouarzazate,yes,GMMZ,OZZ,,,https://en.wikipedia.org/wiki/Ouarzazate_Airport
3119,GMTA,medium_airport,Cherif Al Idrissi Airport,35.177101135253906,-3.83951997756958,95.0,AF,MA,MA-HOC,Al Hoceima,yes,GMTA,AHU,,,https://en.wikipedia.org/wiki/Cherif_Al_Idrissi_Airport
3121,GMTT,medium_airport,Tangier Ibn Battuta Airport,35.731741,-5.921459,62.0,AF,MA,MA-TNG,Tangier,yes,GMTT,TNG,,,https://en.wikipedia.org/wiki/Tangier_Ibn_Battouta_Airport
325736,GOBD,large_airport,Blaise Diagne International Airport,14.67,-17.073333,290.0,AF,SN,SN-DK,Dakar,yes,GOBD,DSS,,http://www.dakaraeroport.com/,https://en.wikipedia.org/wiki/Blaise_Diagne_International_Airport
3123,GOGS,medium_airport,Cap Skirring Airport,12.39533,-16.748,52.0,AF,SN,SN-ZG,Cap Skirring,yes,GOGS,CSK,,,https://en.wikipedia.org/wiki/Cap_Skirring_Airport
3125,GOOY,medium_airport,Léopold Sédar Senghor International Airport,14.7397,-17.4902,85.0,AF,SN,SN-DK,Dakar,no,GOOY,DKR,,http://www.aeroportdakar.com/,https://en.wikipedia.org/wiki/Dakar-Yoff-L%C3%A9opold_S%C3%A9dar_Senghor_International_Airport
3129,GOTT,medium_airport,Tambacounda Airport,13.73680019378662,-13.65310001373291,161.0,AF,SN,SN-TC,Tambacounda,yes,GOTT,TUD,,,https://en.wikipedia.org/wiki/Tambacounda_Airport
3137,GQPA,medium_airport,Atar International Airport,20.506799697875977,-13.04319953918457,734.0,AF,MR,MR-07,Atar,no,GQPA,ATR,,,https://en.wikipedia.org/wiki/Atar_International_Airport
3146,GUCY,medium_airport,Conakry International Airport,9.57689,-13.612,72.0,AF,GN,GN-C,Conakry,yes,GUCY,CKY,,http://www.aeroport-conakry.com/aeroport_international_de_conakry.php,https://en.wikipedia.org/wiki/Conakry_International_Airport
3150,GVAC,large_airport,Amílcar Cabral International Airport,16.7414,-22.9494,177.0,AF,CV,CV-B,Espargos,yes,GVAC,SID,,,https://en.wikipedia.org/wiki/Am%C3%ADlcar_Cabral_International_Airport
3151,GVBA,medium_airport,Rabil Airport,16.136499404907227,-22.888900756835938,69.0,AF,CV,CV-B,Rabil,yes,GVBA,BVC,,,https://en.wikipedia.org/wiki/Rabil_Airport
3152,GVMA,medium_airport,Maio Airport,15.15590000152588,-23.213699340820312,36.0,AF,CV,CV-S,Vila do Maio,yes,GVMA,MMO,,,https://en.wikipedia.org/wiki/Maio_Airport
3153,GVNP,large_airport,Nelson Mandela International Airport,14.941126,-23.484728,230.0,AF,CV,CV-S,Praia,yes,GVNP,RAI,,https://www.vinci-airports.cv/aeroporto_asa/aeroporto-internacional-nelson-mandela/,https://en.wikipedia.org/wiki/Francisco_Mendes_International_Airport
3155,GVSV,medium_airport,São Pedro Airport,16.8332,-25.0553,66.0,AF,CV,CV-B,São Pedro,yes,GVSV,VXE,,,https://en.wikipedia.org/wiki/S%C3%A3o_Pedro_Airport
3157,HAAB,large_airport,Addis Ababa Bole International Airport,8.97789,38.799301,7630.0,AF,ET,ET-AA,Addis Ababa,yes,HAAB,ADD,,http://www.ethiopianairports.com,https://en.wikipedia.org/wiki/Bole_International_Airport
3159,HAAM,medium_airport,Arba Minch Airport,6.03939,37.5905,3901.0,AF,ET,ET-SN,Arba Minch,yes,HAAM,AMH,,,https://en.wikipedia.org/wiki/Arba_Minch_Airport
3160,HAAX,medium_airport,Axum Airport,14.1468,38.7728,6959.0,AF,ET,ET-TI,Axum,yes,HAAX,AXU,,,https://en.wikipedia.org/wiki/Axum_Airport
3162,HADR,medium_airport,Aba Tenna Dejazmach Yilma International Airport,9.624699592590332,41.85419845581055,3827.0,AF,ET,ET-DD,Dire Dawa,yes,HADR,DIR,,,https://en.wikipedia.org/wiki/Aba_Tenna_Dejazmach_Yilma_International_Airport
3165,HAGO,medium_airport,Gode Airport,5.93513011932,43.5786018372,834.0,AF,ET,ET-SO,Gode,yes,HAGO,GDE,,,https://en.wikipedia.org/wiki/Gode_Airport
300239,HAHM,medium_airport,Harar Meda Airport,8.7163,39.0059,6201.0,AF,ET,ET-OR,Debre Zeyit,no,HAHM,QHR,,,https://en.wikipedia.org/wiki/Harar_Meda_Airport
313314,HAJJ,medium_airport,Wilwal International Airport,9.3325,42.9121,5954.0,AF,ET,ET-SO,Jijiga,yes,HAJJ,JIJ,,,https://en.wikipedia.org/wiki/Jijiga_Airport
3168,HAMK,medium_airport,Alula Aba Nega Airport,13.4674,39.533501,7396.0,AF,ET,ET-TI,Mekelle,yes,HAMK,MQX,,,https://en.wikipedia.org/wiki/Alula_Aba_Airport
3169,HASO,medium_airport,Asosa Airport,10.018500328063965,34.586299896240234,5100.0,AF,ET,ET-BE,Asosa,yes,HASO,ASO,,,https://en.wikipedia.org/wiki/Asosa_Airport
3170,HBBA,medium_airport,Bujumbura Melchior Ndadaye International Airport,-3.32402,29.318501,2582.0,AF,BI,BI-BM,Bujumbura,yes,HBBA,BJM,,,https://en.wikipedia.org/wiki/Bujumbura_International_Airport
3174,HDAM,large_airport,Djibouti-Ambouli Airport,11.5473,43.1595,49.0,AF,DJ,DJ-DJ,Djibouti City,yes,HDAM,JIB,,,https://en.wikipedia.org/wiki/Djibouti-Ambouli_International_Airport
3177,HEAT,medium_airport,Asyut International Airport,27.050818,31.016309,748.0,AF,EG,EG-AST,Asyut,yes,HEAT,ATZ,,,https://en.wikipedia.org/wiki/Assiut_Airport
3179,HEAZ,medium_airport,Almaza Air Force Base,30.091702,31.359739,246.0,AF,EG,EG-C,El Nozha,no,HEAZ,,,,https://en.wikipedia.org/wiki/Almaza_Air_Base
3181,HEBL,medium_airport,Abu Simbel Airport,22.367657,31.609962,614.0,AF,EG,EG-ASN,Abu Simbel,yes,HEBL,ABS,,,https://en.wikipedia.org/wiki/Abu_Simbel_Airport
3183,HECA,large_airport,Cairo International Airport,30.111534,31.396694,322.0,AF,EG,EG-C,Cairo,yes,HECA,CAI,,,https://en.wikipedia.org/wiki/Cairo_International_Airport
3189,HEGS,medium_airport,Jiyanklis Air Base,30.819799,30.1912,49.0,AF,EG,EG-BH,Abu El Matamir,no,HEGS,,,,
3191,HELX,medium_airport,Luxor International Airport,25.674629,32.700012,276.0,AF,EG,EG-LX,Luxor,yes,HELX,LXR,,,https://en.wikipedia.org/wiki/Luxor_International_Airport
3192,HEMA,medium_airport,Marsa Alam International Airport,25.555548,34.59245,213.0,AF,EG,EG-BA,Marsa Alam,yes,HEMA,RMF,,http://www.marsa-alam-airport.com,https://en.wikipedia.org/wiki/Marsa_Alam_International_Airport
3193,HEMM,medium_airport,Marsa Matruh International Airport,31.325464,27.221716,75.0,AF,EG,EG-MT,Marsa Matruh,yes,HEMM,MUH,,,https://en.wikipedia.org/wiki/Mersa_Matruh_Airport
3196,HEPS,medium_airport,Port Said International Airport,31.279285,32.240582,10.0,AF,EG,EG-PTS,Port Said,no,HEPS,PSD,,http://en.wikipedia.org/wiki/Port_Said_Airport,https://en.wikipedia.org/wiki/Port_Said_Airport
3197,HESC,medium_airport,Saint Catherine International Airport,28.684601,34.062681,4402.0,AS,EG,EG-JS,Saint Catherine,no,HESC,SKV,,,https://en.wikipedia.org/wiki/St._Catherine_International_Airport
300893,HESG,medium_airport,Suhaj Mubarak International Airport,26.339115,31.737624,322.0,AF,EG,EG-SHG,Suhaj,yes,HESG,HMB,,,https://en.wikipedia.org/wiki/Sohag_International_Airport
3198,HESH,large_airport,Sharm El Sheikh International Airport,27.977272,34.394717,191.0,AS,EG,EG-JS,Sharm El Sheikh,yes,HESH,SSH,,,https://en.wikipedia.org/wiki/Sharm_el-Sheikh_International_Airport
335334,HESX,medium_airport,Sphinx International Airport,30.108078,30.889252,482.0,AF,EG,EG-GZ,Al Jiza,yes,HESX,SPX,,,https://en.wikipedia.org/wiki/Sphinx_International_Airport
3200,HETB,medium_airport,Taba International Airport,29.594496,34.775752,2425.0,AS,EG,EG-JS,Taba,yes,HETB,TCP,,,https://en.wikipedia.org/wiki/Taba_International_Airport
3202,HHAS,medium_airport,Asmara International Airport,15.291899681091309,38.91070175170898,7661.0,AF,ER,ER-SK,Asmara,yes,HHAS,ASM,,,https://en.wikipedia.org/wiki/Asmara_International_Airport
3203,HHMS,medium_airport,Massawa International Airport,15.670000076293944,39.37009811401367,194.0,AF,ER,ER-SK,Massawa,yes,HHMS,MSW,,,https://en.wikipedia.org/wiki/Massawa_International_Airport
3206,HKJK,large_airport,Jomo Kenyatta International Airport,-1.31923997402,36.9277992249,5330.0,AF,KE,KE-110,Nairobi,yes,HKJK,NBO,,http://www.kenyaairports.com/jkia/IndexJkia.php,https://en.wikipedia.org/wiki/Jomo_Kenyatta_International_Airport
3213,HKMO,large_airport,Moi International Airport,-4.03483,39.5942,200.0,AF,KE,KE-300,Mombasa,yes,HKMO,MBA,,http://www.kenyaairports.co.ke/kaa/airports/moi/,https://en.wikipedia.org/wiki/Moi_International_Airport
3216,HKRE,medium_airport,Moi Air Base,-1.27726995945,36.8623008728,5336.0,AF,KE,KE-110,Nairobi,no,HKRE,,,,https://en.wikipedia.org/wiki/Moi_Air_Base
3219,HLGD,medium_airport,Sirt International Airport / Ghardabiya Airbase,31.063499,16.594999,267.0,AF,LY,LY-SR,Sirt,yes,HLGD,SRX,,,https://en.wikipedia.org/wiki/Ghardabiya_Airbase
3221,HLGT,medium_airport,Ghat Airport,25.1455993652,10.1426000595,2296.0,AF,LY,LY-GT,Ghat,yes,HLGT,GHT,,,https://en.wikipedia.org/wiki/Ghat_Airport
3222,HLKF,medium_airport,Kufra Airport,24.178699493408203,23.31399917602539,1367.0,AF,LY,LY-KF,Kufra,yes,HLKF,AKF,,,https://en.wikipedia.org/wiki/Kufra_Airport
3223,HLLB,medium_airport,Benina International Airport,32.096802,20.269501,433.0,AF,LY,LY-BA,Benina,yes,HLLB,BEN,,,https://en.wikipedia.org/wiki/Benina_International_Airport
3224,HLLM,large_airport,Mitiga International Airport,32.89177,13.287878,36.0,AF,LY,LY-TB,Tripoli,yes,HLLM,MJI,,,https://en.wikipedia.org/wiki/Mitiga_International_Airport
3225,HLLQ,medium_airport,Al Abraq International Airport,32.7887,21.9643,2157.0,AF,LY,LY-JA,Al Albraq,yes,HLLQ,LAQ,,,https://en.wikipedia.org/wiki/Al_Abraq_International_Airport
3226,HLLS,medium_airport,Sabha Airport,26.992452,14.466162,1427.0,AF,LY,LY-SB,Sabha,yes,HLLS,SEB,,,https://en.wikipedia.org/wiki/Sabha_Airport
3228,HLMB,medium_airport,Marsa al Brega Airport,30.378099,19.576401,50.0,AF,LY,LY-WA,Marsa al Brega,no,HLMB,LMQ,,,https://en.wikipedia.org/wiki/Marsa_Brega_Airport
3232,HLTD,medium_airport,Ghadames East Airport,30.15169906616211,9.715310096740724,1122.0,AF,LY,LY-NL,Ghadames,yes,HLTD,LTD,,,https://en.wikipedia.org/wiki/Ghadames_Airport
3238,HRZA,medium_airport,Kamembe Airport,-2.462239980697632,28.907899856567383,5192.0,AF,RW,RW-04,Kamembe,yes,HRZA,KME,,,https://en.wikipedia.org/wiki/Kamembe_Airport
3239,HSDN,medium_airport,Dongola Airport,19.1539001465,30.4300994873,772.0,AF,SD,SD-01,Dongola,yes,HSDN,DOG,,,https://en.wikipedia.org/wiki/Dongola_Airport
3241,HSFS,medium_airport,El Fasher Airport,13.61489963531494,25.32460021972656,2393.0,AF,SD,SD-02,El Fasher,yes,HSFS,ELF,,,https://en.wikipedia.org/wiki/El_Fasher_Airport
3242,HSKA,medium_airport,Kassala Airport,15.387499809265137,36.328800201416016,1671.0,AF,SD,SD-05,Kassala,yes,HSKA,KSL,,,https://en.wikipedia.org/wiki/Kassala_Airport
300673,HSMN,medium_airport,Merowe Airport,18.443333,31.843333,897.0,AF,SD,SD-01,Merowe,no,HSMN,MWE,,,https://en.wikipedia.org/wiki/Merowe_Airport
3244,HSNN,medium_airport,Nyala Airport,12.0535,24.9562,2106.0,AF,SD,SD-11,Nyala,yes,HSNN,UYL,,,https://en.wikipedia.org/wiki/Nyala_Airport
3246,HSPN,medium_airport,Port Sudan New International Airport,19.4335994720459,37.23410034179688,135.0,AF,SD,SD-26,Port Sudan,yes,HSPN,PZU,,,https://en.wikipedia.org/wiki/Port_Sudan_New_International_Airport
3249,HSSK,large_airport,Khartoum International Airport,15.5895,32.5532,1265.0,AF,SD,SD-03,Khartoum,yes,HSSK,KRT,,,https://en.wikipedia.org/wiki/Khartoum_International_Airport
3248,HSSM,medium_airport,Malakal Airport,9.55897,31.652201,1291.0,AF,SS,SS-23,Malakal,yes,HJMK,MAK,,,https://en.wikipedia.org/wiki/Malakal_Airport
3251,HTDA,large_airport,Julius Nyerere International Airport,-6.87811,39.202599,182.0,AF,TZ,TZ-02,Dar es Salaam,yes,HTDA,DAR,,http://www.tanzaniairports.com/,https://en.wikipedia.org/wiki/Julius_Nyerere_International_Airport
3252,HTDO,medium_airport,Dodoma Airport,-6.17044,35.752602,3673.0,AF,TZ,TZ-03,Dodoma,yes,HTDO,DOD,,,https://en.wikipedia.org/wiki/Dodoma_Airport
318875,HTGW,medium_airport,Songwe Airport,-8.919942,33.273981,4412.0,AF,TZ,TZ-14,Mbeya,yes,HTGW,MBI,,,https://en.wikipedia.org/wiki/Songwe_Airport
3254,HTKJ,medium_airport,Kilimanjaro International Airport,-3.42941,37.074501,2932.0,AF,TZ,TZ-01,Arusha,yes,HTKJ,JRO,,http://www.kilimanjaroairport.co.tz/,https://en.wikipedia.org/wiki/Kilimanjaro_International_Airport
3258,HTPE,medium_airport,Pemba Airport,-5.25726,39.811401,80.0,AF,TZ,TZ-25,Chake Chake,no,HTPE,PMA,,,https://en.wikipedia.org/wiki/Pemba_Airport_(Tanzania)
3259,HTTG,medium_airport,Tanga Airport,-5.09236,39.071201,129.0,AF,TZ,TZ-25,Tanga,yes,HTTG,TGT,,,https://en.wikipedia.org/wiki/Tanga_Airport
3260,HTZA,large_airport,Abeid Amani Karume International Airport,-6.22202,39.224899,54.0,AF,TZ,TZ-07,Zanzibar,yes,HTZA,ZNZ,,,https://en.wikipedia.org/wiki/Zanzibar_International_Airport
3263,HUEN,large_airport,Entebbe International Airport,0.042386,32.443501,3782.0,AF,UG,UG-C,Kampala,yes,HUEN,EBB,,https://entebbe-airport.com/,https://en.wikipedia.org/wiki/Entebbe_International_Airport
3264,HUGU,medium_airport,Gulu Airport,2.805560111999512,32.27180099487305,3510.0,AF,UG,UG-N,Gulu,yes,HUGU,ULU,,,https://en.wikipedia.org/wiki/Gulu_Airport
3265,HUSO,medium_airport,Soroti Airport,1.7276899814605713,33.622798919677734,3697.0,AF,UG,UG-E,Soroti,yes,HUSO,SRT,,,https://en.wikipedia.org/wiki/Soroti_Airport
3356,KABE,medium_airport,Lehigh Valley International Airport,40.651773,-75.442797,393.0,NA,US,US-PA,Allentown,yes,KABE,ABE,ABE,,https://en.wikipedia.org/wiki/Lehigh_Valley_International_Airport
3357,KABI,medium_airport,Abilene Regional Airport,32.4113006592,-99.6819000244,1791.0,NA,US,US-TX,Abilene,yes,KABI,ABI,ABI,,https://en.wikipedia.org/wiki/Abilene_Regional_Airport
16091,KABQ,large_airport,Albuquerque International Sunport,35.039976,-106.608925,5355.0,NA,US,US-NM,Albuquerque,yes,KABQ,ABQ,ABQ,http://www.abqsunport.com/,https://en.wikipedia.org/wiki/Albuquerque_International_Sunport
3358,KABR,medium_airport,Aberdeen Regional Airport,45.449100494384766,-98.42179870605467,1302.0,NA,US,US-SD,Aberdeen,yes,KABR,ABR,ABR,,https://en.wikipedia.org/wiki/Aberdeen_Regional_Airport
3359,KABY,medium_airport,Southwest Georgia Regional Airport,31.532946,-84.196215,197.0,NA,US,US-GA,Albany,yes,KABY,ABY,ABY,,https://en.wikipedia.org/wiki/Southwest_Georgia_Regional_Airport
3360,KACK,medium_airport,Nantucket Memorial Airport,41.25310135,-70.06020355,47.0,NA,US,US-MA,Nantucket,yes,KACK,ACK,ACK,,https://en.wikipedia.org/wiki/Nantucket_Memorial_Airport
3362,KACV,medium_airport,California Redwood Coast-Humboldt County Airport,40.978101,-124.109,221.0,NA,US,US-CA,Arcata/Eureka,yes,KACV,ACV,ACV,,https://en.wikipedia.org/wiki/Arcata-Eureka_Airport
3363,KACY,medium_airport,Atlantic City International Airport,39.45759963989258,-74.57720184326172,75.0,NA,US,US-NJ,Atlantic City,yes,KACY,ACY,ACY,,https://en.wikipedia.org/wiki/Atlantic_City_International_Airport
19235,KADH,medium_airport,Ada Regional Airport,34.805214,-96.671988,1016.0,NA,US,US-OK,Ada,no,KADH,ADT,ADH,,https://en.wikipedia.org/wiki/Ada_Municipal_Airport
3364,KADW,large_airport,Joint Base Andrews,38.810799,-76.866997,280.0,NA,US,US-MD,Camp Springs,no,KADW,ADW,ADW,http://www.jba.af.mil/,https://en.wikipedia.org/wiki/Joint_Base_Andrews
3365,KAEX,medium_airport,Alexandria International Airport,31.3274,-92.549797,89.0,NA,US,US-LA,Alexandria,yes,KAEX,AEX,AEX,,https://en.wikipedia.org/wiki/Alexandria_International_Airport_(Louisiana)
3367,KAGC,medium_airport,Allegheny County Airport,40.354401,-79.930199,1252.0,NA,US,US-PA,Pittsburgh,no,KAGC,AGC,AGC,,https://en.wikipedia.org/wiki/Allegheny_County_Airport
3368,KAGS,medium_airport,Augusta Regional At Bush Field,33.3699,-81.9645,144.0,NA,US,US-GA,Augusta,yes,KAGS,AGS,AGS,,https://en.wikipedia.org/wiki/Augusta_Regional_Airport
3369,KAHN,medium_airport,Athens Ben Epps Airport,33.948842,-83.325634,808.0,NA,US,US-GA,Athens,no,KAHN,AHN,AHN,,https://en.wikipedia.org/wiki/Athens-Ben_Epps_Airport
19257,KAIA,medium_airport,Alliance Municipal Airport,42.052543,-102.803965,3931.0,NA,US,US-NE,Alliance,yes,KAIA,AIA,AIA,,https://en.wikipedia.org/wiki/Alliance_Municipal_Airport
3370,KAKR,medium_airport,Akron Fulton International Airport,41.037355,-81.46784,1067.0,NA,US,US-OH,Akron,no,KAKR,AKC,AKR,https://www.akronohio.gov/departments/service/engineering_bureau/akron_fulton_airport.php,https://en.wikipedia.org/wiki/Akron_Executive_Airport
3372,KALI,medium_airport,Alice International Airport,27.7409,-98.026901,178.0,NA,US,US-TX,Alice,no,KALI,ALI,ALI,,https://en.wikipedia.org/wiki/Alice_International_Airport
3374,KALN,medium_airport,St Louis Regional Airport,38.89030075069999,-90.0459976196,544.0,NA,US,US-IL,Alton/St Louis,no,KALN,ALN,ALN,,https://en.wikipedia.org/wiki/St._Louis_Regional_Airport
3375,KALO,medium_airport,Waterloo Regional Airport,42.55709838867188,-92.40029907226562,873.0,NA,US,US-IA,Waterloo,yes,KALO,ALO,ALO,,https://en.wikipedia.org/wiki/Waterloo_Regional_Airport
19275,KALS,medium_airport,San Luis Valley Regional Airport/Bergman Field,37.434898,-105.866997,7539.0,NA,US,US-CO,Alamosa,yes,KALS,ALS,ALS,https://www.sanluisvalleyairport.org/,https://en.wikipedia.org/wiki/San_Luis_Valley_Regional_Airport
3376,KALW,medium_airport,Walla Walla Regional Airport,46.09489822,-118.288002,1194.0,NA,US,US-WA,Walla Walla,yes,KALW,ALW,ALW,,https://en.wikipedia.org/wiki/Walla_Walla_Regional_Airport
3377,KAMA,medium_airport,Rick Husband Amarillo International Airport,35.219398,-101.706001,3607.0,NA,US,US-TX,Amarillo,yes,KAMA,AMA,AMA,http://airport.amarillo.gov/,https://en.wikipedia.org/wiki/Rick_Husband_Amarillo_International_Airport
3378,KANB,medium_airport,Anniston Regional Airport,33.5882,-85.8581,612.0,NA,US,US-AL,Anniston,no,KANB,ANB,ANB,,https://en.wikipedia.org/wiki/Anniston_Metropolitan_Airport
3379,KAND,medium_airport,Anderson Regional Airport,34.4945983887,-82.70939636230001,782.0,NA,US,US-SC,Anderson,no,KAND,AND,AND,,https://en.wikipedia.org/wiki/Anderson_Regional_Airport
3380,KAOO,medium_airport,Altoona Blair County Airport,40.296398,-78.32,1503.0,NA,US,US-PA,Altoona,yes,KAOO,AOO,AOO,,https://en.wikipedia.org/wiki/Altoona-Blair_County_Airport
19291,KAPA,medium_airport,Centennial Airport,39.57009888,-104.848999,5885.0,NA,US,US-CO,Denver,no,KAPA,APA,APA,,https://en.wikipedia.org/wiki/Centennial_Airport
19293,KAPF,medium_airport,Naples Municipal Airport,26.1525993347,-81.7752990723,8.0,NA,US,US-FL,Naples,no,KAPF,APF,APF,,https://en.wikipedia.org/wiki/Naples_Municipal_Airport
3381,KAPG,medium_airport,Phillips Army Air Field,39.466202,-76.1688,57.0,NA,US,US-MD,Aberdeen,no,KAPG,APG,APG,,https://en.wikipedia.org/wiki/Phillips_Army_Airfield
3382,KAPN,medium_airport,Alpena County Regional Airport,45.0780983,-83.56030273,690.0,NA,US,US-MI,Alpena,yes,KAPN,APN,APN,,https://en.wikipedia.org/wiki/Alpena_County_Regional_Airport
19301,KARA,medium_airport,Acadiana Regional Airport,30.0378,-91.883904,24.0,NA,US,US-LA,New Iberia,no,KARA,ARA,ARA,http://www.flyiberiaparish.com/,https://en.wikipedia.org/wiki/Acadiana_Regional_Airport
3383,KART,medium_airport,Watertown International Airport,43.991901,-76.021698,325.0,NA,US,US-NY,Watertown,yes,KART,ART,ART,,https://en.wikipedia.org/wiki/Watertown_International_Airport
19308,KASE,medium_airport,Aspen-Pitkin County Airport (Sardy Field),39.223202,-106.869003,7820.0,NA,US,US-CO,Aspen,yes,KASE,ASE,ASE,http://aspenairport.com/,https://en.wikipedia.org/wiki/Aspen%E2%80%93Pitkin_County_Airport
19314,KAST,medium_airport,Astoria Regional Airport,46.158000946,-123.878997803,15.0,NA,US,US-OR,Astoria,no,KAST,AST,AST,,https://en.wikipedia.org/wiki/Astoria_Regional_Airport
3384,KATL,large_airport,Hartsfield Jackson Atlanta International Airport,33.6367,-84.428101,1026.0,NA,US,US-GA,Atlanta,yes,KATL,ATL,ATL,http://www.atlanta-airport.com/,https://en.wikipedia.org/wiki/Hartsfield–Jackson_Atlanta_International_Airport
19320,KATW,medium_airport,Appleton International Airport,44.258099,-88.519096,918.0,NA,US,US-WI,Appleton,yes,KATW,ATW,ATW,http://atwairport.com/,https://en.wikipedia.org/wiki/Outagamie_County_Regional_Airport
3385,KATY,medium_airport,Watertown Regional Airport,44.91400146,-97.15470123,1749.0,NA,US,US-SD,Watertown,yes,KATY,ATY,ATY,,https://en.wikipedia.org/wiki/Watertown_Regional_Airport
19321,KAUG,medium_airport,Augusta State Airport,44.3205986023,-69.7973022461,352.0,NA,US,US-ME,Augusta,yes,KAUG,AUG,AUG,,https://en.wikipedia.org/wiki/Augusta_State_Airport
3386,KAUS,large_airport,Austin Bergstrom International Airport,30.197535,-97.662015,542.0,NA,US,US-TX,Austin,yes,KAUS,AUS,AUS,http://www.ci.austin.tx.us/austinairport/,https://en.wikipedia.org/wiki/Austin-Bergstrom_International_Airport
19326,KAUW,medium_airport,Wausau Downtown Airport,44.9262008667,-89.6266021729,1201.0,NA,US,US-WI,Wausau,no,KAUW,AUW,AUW,http://www.ci.wausau.wi.us/Departments/Airport/GeneralInformation.aspx,https://en.wikipedia.org/wiki/Wausau_Downtown_Airport
3388,KAVP,medium_airport,Wilkes Barre Scranton International Airport,41.3385009766,-75.72339630130001,962.0,NA,US,US-PA,Wilkes-Barre/Scranton,yes,KAVP,AVP,AVP,http://www.flyavp.com/,https://en.wikipedia.org/wiki/Wilkes-Barre/Scranton_International_Airport
3389,KAXN,medium_airport,Chandler Field,45.866299,-95.394699,1425.0,NA,US,US-MN,Alexandria,no,KAXN,AXN,AXN,,https://en.wikipedia.org/wiki/Alexandria_Municipal_Airport
3391,KBAB,medium_airport,Beale Air Force Base,39.136101,-121.436996,113.0,NA,US,US-CA,Beale Air Force Base,no,KBAB,BAB,BAB,,https://en.wikipedia.org/wiki/Beale_Air_Force_Base
3392,KBAD,medium_airport,Barksdale Air Force Base,32.501801,-93.662697,166.0,NA,US,US-LA,Bossier City,no,KBAD,BAD,BAD,,https://en.wikipedia.org/wiki/Barksdale_Air_Force_Base
3393,KBAF,medium_airport,Westfield-Barnes Regional Airport,42.157799,-72.715599,271.0,NA,US,US-MA,Westfield,no,KBAF,BAF,BAF,,https://en.wikipedia.org/wiki/Westfield-Barnes_Regional_Airport
3394,KBAK,medium_airport,Columbus Municipal Airport,39.262386,-85.895576,656.0,NA,US,US-IN,Columbus,no,KBAK,CLU,BAK,,https://en.wikipedia.org/wiki/Columbus_Municipal_Airport_(Indiana)
19351,KBAZ,medium_airport,New Braunfels Municipal Airport,29.7045,-98.042198,651.0,NA,US,US-TX,New Braunfels,no,KBAZ,,BAZ,https://www.nbtexas.org/2393/Airport---KBAZ,https://en.wikipedia.org/wiki/New_Braunfels_Regional_Airport
45961,KBBG,medium_airport,Branson Airport,36.532082,-93.200544,1302.0,NA,US,US-MO,Branson,yes,KBBG,BKG,BBG,http://flybranson.com/,https://en.wikipedia.org/wiki/Branson_Airport
19359,KBCT,medium_airport,Boca Raton Airport,26.3785,-80.107697,13.0,NA,US,US-FL,Boca Raton,no,KBCT,BCT,BCT,,https://en.wikipedia.org/wiki/Boca_Raton_Airport
3395,KBDE,medium_airport,Baudette International Airport,48.7284011841,-94.612197876,1086.0,NA,US,US-MN,Baudette,no,KBDE,BDE,BDE,,https://en.wikipedia.org/wiki/Baudette_International_Airport
3396,KBDL,large_airport,Bradley International Airport,41.93851,-72.688066,173.0,NA,US,US-CT,Hartford,yes,KBDL,BDL,BDL,http://www.bradleyairport.com/,https://en.wikipedia.org/wiki/Bradley_International_Airport
3397,KBDR,medium_airport,Igor I Sikorsky Memorial Airport,41.163502,-73.126198,9.0,NA,US,US-CT,Bridgeport,no,KBDR,BDR,BDR,,https://en.wikipedia.org/wiki/Sikorsky_Memorial_Airport
3399,KBFD,medium_airport,Bradford Regional Airport,41.8031005859375,-78.64009857177734,2143.0,NA,US,US-PA,Bradford,yes,KBFD,BFD,BFD,,https://en.wikipedia.org/wiki/Bradford_Regional_Airport
3400,KBFF,medium_airport,Western Neb. Rgnl/William B. Heilig Airport,41.87400055,-103.5960007,3967.0,NA,US,US-NE,Scottsbluff,yes,KBFF,BFF,BFF,,https://en.wikipedia.org/wiki/Western_Nebraska_Regional_Airport
3401,KBFI,medium_airport,Boeing Field King County International Airport,47.529999,-122.302002,21.0,NA,US,US-WA,Seattle,yes,KBFI,BFI,BFI,,https://en.wikipedia.org/wiki/Boeing_Field
3402,KBFL,medium_airport,Meadows Field,35.433601,-119.056999,510.0,NA,US,US-CA,Bakersfield,yes,KBFL,BFL,BFL,,https://en.wikipedia.org/wiki/Meadows_Field_Airport
3403,KBFM,medium_airport,Mobile Downtown Airport,30.626800537100003,-88.06809997559999,26.0,NA,US,US-AL,Mobile,no,KBFM,BFM,BFM,,https://en.wikipedia.org/wiki/Mobile_Downtown_Airport
3404,KBGM,medium_airport,Greater Binghamton/Edwin A Link field,42.20869827,-75.97979736,1636.0,NA,US,US-NY,Binghamton,yes,KBGM,BGM,BGM,http://binghamtonairport.com/,https://en.wikipedia.org/wiki/Greater_Binghamton_Airport
3405,KBGR,medium_airport,Bangor International Airport,44.8074,-68.828102,192.0,NA,US,US-ME,Bangor,yes,KBGR,BGR,BGR,,https://en.wikipedia.org/wiki/Bangor_International_Airport
19373,KBHB,medium_airport,Hancock County-Bar Harbor Airport,44.45000076,-68.3615036,83.0,NA,US,US-ME,Bar Harbor,yes,KBHB,BHB,BHB,,https://en.wikipedia.org/wiki/Hancock_County-Bar_Harbor_Airport
3406,KBHM,medium_airport,Birmingham-Shuttlesworth International Airport,33.562901,-86.753502,650.0,NA,US,US-AL,Birmingham,yes,KBHM,BHM,BHM,http://www.flybirmingham.com/,https://en.wikipedia.org/wiki/Birmingham_International_Airport_(US)
3407,KBIF,medium_airport,Biggs Army Air Field (Fort Bliss),31.84950066,-106.3799973,3946.0,NA,US,US-TX,Fort Bliss/El Paso,no,KBIF,BIF,BIF,https://www.bliss.army.mil/biggs/,https://en.wikipedia.org/wiki/Biggs_Army_Airfield
19377,KBIH,medium_airport,Eastern Sierra Regional Airport,37.3731,-118.363998,4124.0,NA,US,US-CA,Bishop,yes,KBIH,BIH,BIH,http://www.inyocounty.us/Airport/index.html,https://en.wikipedia.org/wiki/Eastern_Sierra_Regional_Airport
3408,KBIL,medium_airport,Billings Logan International Airport,45.807701,-108.542999,3652.0,NA,US,US-MT,Billings,yes,KBIL,BIL,BIL,,https://en.wikipedia.org/wiki/Billings_Logan_International_Airport
3409,KBIS,medium_airport,Bismarck Municipal Airport,46.77270126342773,-100.74600219726562,1661.0,NA,US,US-ND,Bismarck,yes,KBIS,BIS,BIS,http://bismarckairport.com/,https://en.wikipedia.org/wiki/Bismarck_Municipal_Airport
3410,KBIX,medium_airport,Keesler Air Force Base,30.4104003906,-88.92440032959999,33.0,NA,US,US-MS,Biloxi,no,KBIX,BIX,BIX,,https://en.wikipedia.org/wiki/Keesler_Air_Force_Base
3411,KBJC,medium_airport,Rocky Mountain Metropolitan Airport,39.908798,-105.116997,5673.0,NA,US,US-CO,Denver,yes,KBJC,BJC,BJC,,https://en.wikipedia.org/wiki/Rocky_Mountain_Metropolitan_Airport
19380,KBJI,medium_airport,Bemidji Regional Airport,47.50939941,-94.93370056,1391.0,NA,US,US-MN,Bemidji,no,KBJI,BJI,BJI,http://www.bemidjiairport.org/,https://en.wikipedia.org/wiki/Bemidji_Regional_Airport
3412,KBKE,medium_airport,Baker City Municipal Airport,44.8372993469,-117.808998108,3373.0,NA,US,US-OR,Baker City,no,KBKE,BKE,BKE,http://www.bakeraircraft.com/,https://en.wikipedia.org/wiki/Baker_City_Municipal_Airport
3413,KBKF,medium_airport,Buckley Space Force Base,39.701698,-104.751999,5662.0,NA,US,US-CO,Aurora,no,KBKF,BFK,BKF,https://www.buckley.spaceforce.mil/,https://en.wikipedia.org/wiki/Buckley_Space_Force_Base
3414,KBKL,medium_airport,Burke Lakefront Airport,41.51750183105469,-81.68329620361328,583.0,NA,US,US-OH,Cleveland,no,KBKL,BKL,BKL,http://www.clevelandairport.com/site/470/default.aspx,https://en.wikipedia.org/wiki/Cleveland_Burke_Lakefront_Airport
3415,KBKW,medium_airport,Raleigh County Memorial Airport,37.7873,-81.124199,2504.0,NA,US,US-WV,Beaver,yes,KBKW,BKW,BKW,,https://en.wikipedia.org/wiki/Beckley_Raleigh_County_Memorial_Airport
19387,KBLF,medium_airport,Mercer County Airport,37.295799,-81.207703,2857.0,NA,US,US-WV,Bluefield,no,KBLF,BLF,BLF,,https://en.wikipedia.org/wiki/Mercer_County_Airport_(West_Virginia)
3416,KBLI,medium_airport,Bellingham International Airport,48.79280090332031,-122.53800201416016,170.0,NA,US,US-WA,Bellingham,yes,KBLI,BLI,BLI,,https://en.wikipedia.org/wiki/Bellingham_International_Airport
3417,KBLV,medium_airport,Scott AFB/Midamerica Airport,38.5452,-89.835197,459.0,NA,US,US-IL,Belleville,yes,KBLV,BLV,BLV,,https://en.wikipedia.org/wiki/Scott_Air_Force_Base
3418,KBMG,medium_airport,Monroe County Airport,39.14599990844727,-86.61669921875,846.0,NA,US,US-IN,Bloomington,no,KBMG,BMG,BMG,,https://en.wikipedia.org/wiki/Monroe_County_Airport_(Indiana)
3419,KBMI,medium_airport,Central Illinois Regional Airport at Bloomington-Normal,40.4771,-88.915901,871.0,NA,US,US-IL,Bloomington/Normal,yes,KBMI,BMI,BMI,,https://en.wikipedia.org/wiki/Central_Illinois_Regional_Airport
3420,KBNA,large_airport,Nashville International Airport,36.1245,-86.6782,599.0,NA,US,US-TN,Nashville,yes,KBNA,BNA,BNA,https://flynashville.com/,https://en.wikipedia.org/wiki/Nashville_International_Airport
3421,KBOI,medium_airport,Boise Air Terminal/Gowen Field,43.5644,-116.223,2871.0,NA,US,US-ID,Boise,yes,KBOI,BOI,BOI,http://www.cityofboise.org/departments/airport/,https://en.wikipedia.org/wiki/Boise_Airport
3422,KBOS,large_airport,Logan International Airport,42.36197,-71.0079,20.0,NA,US,US-MA,Boston,yes,KBOS,BOS,BOS,http://www.massport.com/logan/,https://en.wikipedia.org/wiki/Logan_International_Airport
19401,KBPI,medium_airport,Miley Memorial Field,42.58509827,-110.1110001,6990.0,NA,US,US-WY,Big Piney,no,KBPI,BPI,BPI,,https://en.wikipedia.org/wiki/Miley_Memorial_Field
19402,KBPK,medium_airport,Ozark Regional Airport,36.3689002991,-92.4704971313,928.0,NA,US,US-AR,Mountain Home,no,KBPK,WMH,BPK,http://www.flytheozarks.com/,https://en.wikipedia.org/wiki/Ozark_Regional_Airport
3423,KBPT,medium_airport,Jack Brooks Regional Airport,29.9508,-94.020699,15.0,NA,US,US-TX,Beaumont/Port Arthur,yes,KBPT,BPT,BPT,https://flysetx.com/,https://en.wikipedia.org/wiki/Jack_Brooks_Regional_Airport
3424,KBQK,medium_airport,Brunswick Golden Isles Airport,31.258801,-81.466499,26.0,NA,US,US-GA,Brunswick,yes,KBQK,BQK,BQK,,https://en.wikipedia.org/wiki/Brunswick_Golden_Isles_Airport
19406,KBRD,medium_airport,Brainerd Lakes Regional Airport,46.402861,-94.129727,1232.0,NA,US,US-MN,Brainerd,yes,KBRD,BRD,BRD,http://brainerdairport.com/,https://en.wikipedia.org/wiki/Brainerd_Lakes_Regional_Airport
3425,KBRL,medium_airport,Southeast Iowa Regional Airport,40.783199310302734,-91.12550354003906,698.0,NA,US,US-IA,Burlington,yes,KBRL,BRL,BRL,,https://en.wikipedia.org/wiki/Southeast_Iowa_Regional_Airport
3426,KBRO,medium_airport,Brownsville South Padre Island International Airport,25.90679931640625,-97.4259033203125,22.0,NA,US,US-TX,Brownsville,yes,KBRO,BRO,BRO,,https://en.wikipedia.org/wiki/Brownsville/South_Padre_Island_International_Airport
3428,KBTM,medium_airport,Bert Mooney Airport,45.95479965209961,-112.49700164794922,5550.0,NA,US,US-MT,Butte,yes,KBTM,BTM,BTM,,https://en.wikipedia.org/wiki/Bert_Mooney_Airport
3429,KBTR,medium_airport,Baton Rouge Metropolitan Airport,30.533199,-91.149597,70.0,NA,US,US-LA,Baton Rouge,yes,KBTR,BTR,BTR,,https://en.wikipedia.org/wiki/Baton_Rouge_Metropolitan_Airport
3431,KBUF,large_airport,Buffalo Niagara International Airport,42.940498,-78.732201,728.0,NA,US,US-NY,Buffalo,yes,KBUF,BUF,BUF,https://www.buffaloairport.com/,https://en.wikipedia.org/wiki/Buffalo_Niagara_International_Airport
3432,KBUR,medium_airport,Hollywood Burbank Airport,34.197703,-118.356378,778.0,NA,US,US-CA,Burbank,yes,KBUR,BUR,BUR,https://www.hollywoodburbankairport.com/,https://en.wikipedia.org/wiki/Hollywood_Burbank_Airport
19417,KBVI,medium_airport,Beaver County Airport,40.772499,-80.391403,1253.0,NA,US,US-PA,Beaver Falls,no,KBVI,BFP,BVI,,https://en.wikipedia.org/wiki/Beaver_County_Airport
3433,KBVY,medium_airport,Beverly Regional Airport,42.584202,-70.916496,107.0,NA,US,US-MA,Beverly / Danvers,no,KBVY,BVY,BVY,http://www.beverlyairport.com/,https://en.wikipedia.org/wiki/Beverly_Municipal_Airport
3434,KBWG,medium_airport,Bowling Green Warren County Regional Airport,36.9645004272,-86.41970062259999,547.0,NA,US,US-KY,Bowling Green,no,KBWG,BWG,BWG,,https://en.wikipedia.org/wiki/Bowling_Green-Warren_County_Regional_Airport
3435,KBWI,large_airport,Baltimore/Washington International Thurgood Marshall Airport,39.1754,-76.668297,146.0,NA,US,US-MD,Baltimore,yes,KBWI,BWI,BWI,https://www.bwiairport.com/,https://en.wikipedia.org/wiki/Baltimore%E2%80%93Washington_International_Airport
3436,KBYH,medium_airport,Arkansas International Airport,35.9642982483,-89.94400024410001,254.0,NA,US,US-AR,Blytheville,no,KBYH,BYH,BYH,,https://en.wikipedia.org/wiki/Arkansas_International_Airport
3437,KBZN,medium_airport,Bozeman Yellowstone International Airport,45.7775,-111.153,4473.0,NA,US,US-MT,Bozeman,yes,KBZN,BZN,BZN,,https://en.wikipedia.org/wiki/Gallatin_Field_Airport
3438,KCAE,medium_airport,Columbia Metropolitan Airport,33.938801,-81.119499,236.0,NA,US,US-SC,Columbia,yes,KCAE,CAE,CAE,,https://en.wikipedia.org/wiki/Columbia_Metropolitan_Airport
3439,KCAK,medium_airport,Akron Canton Regional Airport,40.91609954833984,-81.44219970703125,1228.0,NA,US,US-OH,Akron,yes,KCAK,CAK,CAK,,https://en.wikipedia.org/wiki/Akron-Canton_Regional_Airport
3440,KCAR,medium_airport,Caribou Municipal Airport,46.871498,-68.017899,626.0,NA,US,US-ME,Caribou,no,KCAR,CAR,CAR,,https://en.wikipedia.org/wiki/Caribou_Municipal_Airport
3441,KCBM,medium_airport,Columbus Air Force Base,33.643799,-88.443802,219.0,NA,US,US-MS,Columbus,no,KCBM,CBM,CBM,,https://en.wikipedia.org/wiki/Columbus_Air_Force_Base
19469,KCCR,medium_airport,Buchanan Field,37.9897,-122.056999,26.0,NA,US,US-CA,Concord,yes,KCCR,CCR,CCR,,https://en.wikipedia.org/wiki/Buchanan_Field_Airport
3442,KCDC,medium_airport,Cedar City Regional Airport,37.70100021362305,-113.0989990234375,5622.0,NA,US,US-UT,Cedar City,yes,KCDC,CDC,CDC,,https://en.wikipedia.org/wiki/Cedar_City_Regional_Airport
19474,KCDR,medium_airport,Chadron Municipal Airport,42.837601,-103.095001,3297.0,NA,US,US-NE,Chadron,yes,KCDR,CDR,CDR,,https://en.wikipedia.org/wiki/Chadron_Municipal_Airport
19475,KCDS,medium_airport,Childress Municipal Airport,34.4337997437,-100.288002014,1954.0,NA,US,US-TX,Childress,no,KCDS,CDS,CDS,,https://en.wikipedia.org/wiki/Childress_Municipal_Airport
3443,KCEC,medium_airport,Jack Mc Namara Field Airport,41.778929,-124.236403,61.0,NA,US,US-CA,Crescent City,yes,KCEC,CEC,CEC,,https://en.wikipedia.org/wiki/Del_Norte_County_Airport
3445,KCEW,medium_airport,Bob Sikes Airport,30.778799057,-86.522102356,213.0,NA,US,US-FL,Crestview,no,KCEW,CEW,CEW,http://www.flycew.com/,https://en.wikipedia.org/wiki/Bob_Sikes_Airport
19482,KCEZ,medium_airport,Cortez Municipal Airport,37.303001,-108.627998,5918.0,NA,US,US-CO,Cortez,yes,KCEZ,CEZ,CEZ,http://www.cityofcortez.com/index.aspx?NID=113,https://en.wikipedia.org/wiki/Cortez_Municipal_Airport
3447,KCGI,medium_airport,Cape Girardeau Regional Airport,37.2253,-89.570801,342.0,NA,US,US-MO,Cape Girardeau,yes,KCGI,CGI,CGI,,https://en.wikipedia.org/wiki/Cape_Girardeau_Regional_Airport
3448,KCHA,medium_airport,Chattanooga Metropolitan Airport (Lovell Field),35.035301,-85.203796,683.0,NA,US,US-TN,Chattanooga,yes,KCHA,CHA,CHA,,https://en.wikipedia.org/wiki/Chattanooga_Metropolitan_Airport
3449,KCHO,medium_airport,Charlottesville Albemarle Airport,38.13859939575195,-78.4529037475586,639.0,NA,US,US-VA,Charlottesville,yes,KCHO,CHO,CHO,,https://en.wikipedia.org/wiki/Charlottesville-Albemarle_Airport
3450,KCHS,medium_airport,Charleston International Airport,32.898602,-80.040497,46.0,NA,US,US-SC,Charleston,yes,KCHS,CHS,CHS,https://www.iflychs.com/,https://en.wikipedia.org/wiki/Charleston_International_Airport
3451,KCID,medium_airport,The Eastern Iowa Airport,41.884701,-91.7108,869.0,NA,US,US-IA,Cedar Rapids,yes,KCID,CID,CID,,https://en.wikipedia.org/wiki/The_Eastern_Iowa_Airport
3452,KCIU,medium_airport,Chippewa County International Airport,46.247707,-84.471379,800.0,NA,US,US-MI,Kincheloe,yes,KCIU,CIU,CIU,,https://en.wikipedia.org/wiki/Chippewa_County_International_Airport
3453,KCKB,medium_airport,North Central West Virginia Airport,39.2966,-80.228104,1217.0,NA,US,US-WV,Bridgeport,yes,KCKB,CKB,CKB,,https://en.wikipedia.org/wiki/Harrison/Marion_Regional_Airport
3454,KCLE,large_airport,Cleveland Hopkins International Airport,41.411701,-81.8498,791.0,NA,US,US-OH,Cleveland,yes,KCLE,CLE,CLE,http://www.clevelandairport.com/,https://en.wikipedia.org/wiki/Cleveland_Hopkins_International_Airport
3455,KCLL,medium_airport,Easterwood Field,30.58860016,-96.36380005,320.0,NA,US,US-TX,College Station,yes,KCLL,CLL,CLL,,https://en.wikipedia.org/wiki/Easterwood_Airport
3457,KCLT,large_airport,Charlotte Douglas International Airport,35.2140007019043,-80.94309997558594,748.0,NA,US,US-NC,Charlotte,yes,KCLT,CLT,CLT,http://www.charlotteairport.com/,https://en.wikipedia.org/wiki/Charlotte/Douglas_International_Airport
19517,KCMA,large_airport,Camarillo International Airport,34.213699,-119.094002,77.0,NA,US,US-CA,Camarillo,no,KCMA,,CMA,,https://en.wikipedia.org/wiki/Camarillo_Airport
3458,KCMH,large_airport,John Glenn Columbus International Airport,39.998001,-82.891899,815.0,NA,US,US-OH,Columbus,yes,KCMH,CMH,CMH,https://flycolumbus.com/,https://en.wikipedia.org/wiki/Port_Columbus_International_Airport
3459,KCMI,medium_airport,University of Illinois Willard Airport,40.039819,-88.276249,755.0,NA,US,US-IL,Savoy,yes,KCMI,CMI,CMI,,https://en.wikipedia.org/wiki/University_of_Illinois_Willard_Airport
3460,KCMX,medium_airport,Houghton County Memorial Airport,47.168399810791016,-88.48909759521484,1095.0,NA,US,US-MI,Hancock,yes,KCMX,CMX,CMX,,https://en.wikipedia.org/wiki/Houghton_County_Memorial_Airport
3461,KCNM,medium_airport,Cavern City Air Terminal,32.337501525878906,-104.26300048828124,3295.0,NA,US,US-NM,Carlsbad,yes,KCNM,CNM,CNM,,https://en.wikipedia.org/wiki/Cavern_City_Air_Terminal
19530,KCOD,medium_airport,Yellowstone Regional Airport,44.520199,-109.024002,5102.0,NA,US,US-WY,Cody,yes,KCOD,COD,COD,http://www.flyyra.com/,https://en.wikipedia.org/wiki/Yellowstone_Regional_Airport
19531,KCOE,medium_airport,Coeur D'Alene Airport - Pappy Boyington Field,47.7743,-116.82,2320.0,NA,US,US-ID,Coeur d'Alene,no,KCOE,COE,COE,http://www.cdaairport.com/,https://en.wikipedia.org/wiki/Coeur_d'Alene_Airport
3462,KCOF,medium_airport,Patrick Space Force Base,28.2349,-80.6101,8.0,NA,US,US-FL,Cocoa Beach,no,KCOF,COF,COF,http://www.patrick.af.mil/,https://en.wikipedia.org/wiki/Patrick_Air_Force_Base
3463,KCOS,medium_airport,City of Colorado Springs Municipal Airport,38.805801,-104.700996,6187.0,NA,US,US-CO,Colorado Springs,yes,KCOS,COS,COS,https://flycos.coloradosprings.gov/,https://en.wikipedia.org/wiki/Colorado_Springs_Airport
3465,KCPR,medium_airport,Casper-Natrona County International Airport,42.908001,-106.463997,5350.0,NA,US,US-WY,Casper,yes,KCPR,CPR,CPR,,https://en.wikipedia.org/wiki/Natrona_County_International_Airport
19549,KCRE,medium_airport,Grand Strand Airport,33.8116989136,-78.72389984130001,32.0,NA,US,US-SC,North Myrtle Beach,no,KCRE,CRE,CRE,,https://en.wikipedia.org/wiki/Grand_Strand_Airport
19550,KCRG,medium_airport,Jacksonville Executive at Craig Airport,30.3362998962,-81.51439666750001,41.0,NA,US,US-FL,Jacksonville,no,KCRG,CRG,CRG,http://www.flyjacksonville.com/content.aspx?id=86,https://en.wikipedia.org/wiki/Jacksonville_Executive_at_Craig_Airport
19552,KCRQ,medium_airport,McClellan-Palomar Airport,33.1283,-117.279999,331.0,NA,US,US-CA,Carlsbad,yes,KCRQ,CLD,CRQ,,https://en.wikipedia.org/wiki/McClellan-Palomar_Airport
3467,KCRW,medium_airport,Yeager Airport,38.3731,-81.593201,981.0,NA,US,US-WV,Charleston,yes,KCRW,CRW,CRW,,https://en.wikipedia.org/wiki/Yeager_Airport
3468,KCSG,medium_airport,Columbus Metropolitan Airport,32.516300201416016,-84.93890380859375,397.0,NA,US,US-GA,Columbus,yes,KCSG,CSG,CSG,,https://en.wikipedia.org/wiki/Columbus_Metropolitan_Airport
3469,KCSV,medium_airport,Crossville Memorial Airport Whitson Field,35.95131,-85.08499,1881.0,NA,US,US-TN,Crossville,no,KCSV,CSV,CSV,http://www.crossvilletn.gov/index.php/departments/airport,
3470,KCTB,medium_airport,Cut Bank International Airport,48.608657,-112.378183,3854.0,NA,US,US-MT,Cut Bank,no,KCTB,CTB,CTB,http://www.cutbankairport.org/,https://en.wikipedia.org/wiki/Cut_Bank_Municipal_Airport
19564,KCUB,medium_airport,Jim Hamilton L.B. Owens Airport,33.970500946,-80.9952011108,193.0,NA,US,US-SC,Columbia,no,KCUB,CUB,CUB,http://www.columbiasouthcarolina.com/owens.html,https://en.wikipedia.org/wiki/Jim_Hamilton_%E2%80%93_L.B._Owens_Airport
3471,KCVG,large_airport,Cincinnati Northern Kentucky International Airport,39.048801,-84.667801,896.0,NA,US,US-KY,Cincinnati / Covington,yes,KCVG,CVG,CVG,https://www.cvgairport.com/,https://en.wikipedia.org/wiki/Cincinnati/Northern_Kentucky_International_Airport
19569,KCVN,medium_airport,Clovis Municipal Airport,34.426594,-103.078794,4216.0,NA,US,US-NM,Clovis,yes,KCVN,CVN,CVN,,https://en.wikipedia.org/wiki/Clovis_Municipal_Airport
3472,KCVO,medium_airport,Corvallis Municipal Airport,44.49720001,-123.2900009,250.0,NA,US,US-OR,Corvallis,no,KCVO,CVO,CVO,http://www.corvallisoregon.gov/index.aspx?page=160,https://en.wikipedia.org/wiki/Corvallis_Municipal_Airport
3473,KCVS,medium_airport,Cannon Air Force Base,34.382801,-103.321999,4295.0,NA,US,US-NM,Clovis,no,KCVS,CVS,CVS,http://www.cannon.af.mil/,https://en.wikipedia.org/wiki/Cannon_Air_Force_Base
19571,KCWA,medium_airport,Central Wisconsin Airport,44.777448,-89.670238,1277.0,NA,US,US-WI,Mosinee,yes,KCWA,CWA,CWA,,https://en.wikipedia.org/wiki/Central_Wisconsin_Airport
3475,KCXO,medium_airport,Conroe-North Houston Regional Airport,30.351801,-95.414497,245.0,NA,US,US-TX,Houston,no,KCXO,CXO,CXO,https://web.archive.org/web/20160301220928/http://www.lonestarairport.org:80/,https://en.wikipedia.org/wiki/Lone_Star_Executive_Airport
3476,KCYS,medium_airport,Cheyenne Regional Jerry Olson Field,41.155701,-104.811997,6159.0,NA,US,US-WY,Cheyenne,yes,KCYS,CYS,CYS,,https://en.wikipedia.org/wiki/Cheyenne_Regional_Airport
3478,KDAB,medium_airport,Daytona Beach International Airport,29.179899,-81.058098,34.0,NA,US,US-FL,Daytona Beach,yes,KDAB,DAB,DAB,,https://en.wikipedia.org/wiki/Daytona_Beach_International_Airport
19615,KDAG,medium_airport,Barstow Daggett Airport,34.85369873,-116.7870026,1930.0,NA,US,US-CA,Daggett,no,KDAG,DAG,DAG,,https://en.wikipedia.org/wiki/Barstow-Daggett_Airport
3480,KDAN,medium_airport,Danville Regional Airport,36.572899,-79.336098,571.0,NA,US,US-VA,Danville,no,KDAN,DAN,DAN,https://www.danville-va.gov/507/Danville-Regional-Airport,https://en.wikipedia.org/wiki/Danville_Regional_Airport
3481,KDAY,medium_airport,James M Cox Dayton International Airport,39.902401,-84.219398,1009.0,NA,US,US-OH,Dayton,yes,KDAY,DAY,DAY,,https://en.wikipedia.org/wiki/Dayton_International_Airport
3482,KDBQ,medium_airport,Dubuque Regional Airport,42.402,-90.709503,1077.0,NA,US,US-IA,Dubuque,yes,KDBQ,DBQ,DBQ,,https://en.wikipedia.org/wiki/Dubuque_Regional_Airport
3483,KDCA,large_airport,Ronald Reagan Washington National Airport,38.8521,-77.037697,15.0,NA,US,US-DC,Washington,yes,KDCA,DCA,DCA,http://www.flyreagan.com/dca/reagan-national-airport,https://en.wikipedia.org/wiki/Ronald_Reagan_Washington_National_Airport
3484,KDDC,medium_airport,Dodge City Regional Airport,37.76340103149414,-99.9655990600586,2594.0,NA,US,US-KS,Dodge City,yes,KDDC,DDC,DDC,,https://en.wikipedia.org/wiki/Dodge_City_Regional_Airport
3485,KDEC,medium_airport,Decatur Airport,39.834598541259766,-88.8656997680664,682.0,NA,US,US-IL,Decatur,yes,KDEC,DEC,DEC,,https://en.wikipedia.org/wiki/Decatur_Airport
3486,KDEN,large_airport,Denver International Airport,39.861698150635,-104.672996521,5431.0,NA,US,US-CO,Denver,yes,KDEN,DEN,DEN,http://www.flydenver.com/,https://en.wikipedia.org/wiki/Denver_International_Airport
3489,KDHN,medium_airport,Dothan Regional Airport,31.3213005065918,-85.44960021972656,401.0,NA,US,US-AL,Dothan,yes,KDHN,DHN,DHN,,https://en.wikipedia.org/wiki/Dothan_Regional_Airport
19628,KDHT,medium_airport,Dalhart Municipal Airport,36.0225982666,-102.54699707,3991.0,NA,US,US-TX,Dalhart,no,KDHT,DHT,DHT,,https://en.wikipedia.org/wiki/Dalhart_Municipal_Airport
19630,KDIK,medium_airport,Dickinson Theodore Roosevelt Regional Airport,46.797533,-102.801905,2592.0,NA,US,US-ND,Dickinson,yes,KDIK,DIK,DIK,http://dickinsonairport.com/,https://en.wikipedia.org/wiki/Dickinson_Theodore_Roosevelt_Regional_Airport
3490,KDLF,medium_airport,Laughlin Air Force Base,29.359501,-100.778002,1082.0,NA,US,US-TX,Del Rio,no,KDLF,DLF,DLF,http://www.laughlin.af.mil/,https://en.wikipedia.org/wiki/Laughlin_Air_Force_Base
3491,KDLH,medium_airport,Duluth International Airport,46.842098,-92.193604,1428.0,NA,US,US-MN,Duluth,yes,KDLH,DLH,DLH,http://www.duluthairport.com/,https://en.wikipedia.org/wiki/Duluth_International_Airport
3492,KDMA,medium_airport,Davis Monthan Air Force Base,32.1665000916,-110.883003235,2704.0,NA,US,US-AZ,Tucson,no,KDMA,DMA,DMA,,https://en.wikipedia.org/wiki/Davis-Monthan_Air_Force_Base
3493,KDMN,medium_airport,Deming Municipal Airport,32.262298584,-107.721000671,4314.0,NA,US,US-NM,Deming,no,KDMN,DMN,DMN,http://www.cityofdeming.org/deming-community/municipal-airport,https://en.wikipedia.org/wiki/Deming_Municipal_Airport
19644,KDNL,medium_airport,Daniel Field,33.4664993286,-82.0393981934,423.0,NA,US,US-GA,Augusta,no,KDNL,DNL,DNL,http://www.augustaga.gov/index.aspx?NID=486,https://en.wikipedia.org/wiki/Daniel_Field
3494,KDOV,medium_airport,Dover Air Force Base,39.129501,-75.466003,24.0,NA,US,US-DE,Dover,no,KDOV,DOV,DOV,http://www.dover.af.mil/,https://en.wikipedia.org/wiki/Dover_Air_Force_Base
19648,KDPA,medium_airport,Dupage Airport,41.90779877,-88.24859619,759.0,NA,US,US-IL,Chicago/West Chicago,no,KDPA,DPA,DPA,http://www.dupageairport.com/,https://en.wikipedia.org/wiki/DuPage_Airport
19654,KDRO,medium_airport,Durango La Plata County Airport,37.151501,-107.753998,6685.0,NA,US,US-CO,Durango,yes,KDRO,DRO,DRO,http://www.durangogov.org/airport/index.cfm,https://en.wikipedia.org/wiki/Durango-La_Plata_County_Airport
19655,KDRT,medium_airport,Del Rio International Airport,29.3742008209,-100.927001953,1002.0,NA,US,US-TX,Del Rio,no,KDRT,DRT,DRT,http://www.cityofdelrio.com/index.aspx?NID=412,https://en.wikipedia.org/wiki/Del_Rio_International_Airport
3496,KDSM,medium_airport,Des Moines International Airport,41.534,-93.663101,958.0,NA,US,US-IA,Des Moines,yes,KDSM,DSM,DSM,,https://en.wikipedia.org/wiki/Des_Moines_International_Airport
19661,KDTS,medium_airport,Destin Executive Airport,30.400101,-86.471497,23.0,NA,US,US-FL,Destin,yes,KDTS,DSI,DTS,http://www.flydts.com/,https://en.wikipedia.org/wiki/Destin-Fort_Walton_Beach_Airport
19664,KDUG,medium_airport,Bisbee Douglas International Airport,31.4689998627,-109.603996277,4154.0,NA,US,US-AZ,Douglas Bisbee,no,KDUG,DUG,DUG,http://www.azdot.gov/mpd/airport_development/airports/airports_list.asp?FAA=DUG,https://en.wikipedia.org/wiki/Bisbee-Douglas_International_Airport
3498,KDUJ,medium_airport,DuBois Regional Airport,41.17829895,-78.8986969,1817.0,NA,US,US-PA,Dubois,yes,KDUJ,DUJ,DUJ,,https://en.wikipedia.org/wiki/DuBois_Regional_Airport
19668,KDVL,medium_airport,Devils Lake Regional Airport,48.115454,-98.908796,1456.0,NA,US,US-ND,Devils Lake,yes,KDVL,DVL,DVL,http://www.devilslakeairport.com/,https://en.wikipedia.org/wiki/Devils_Lake_Regional_Airport
19676,KDXR,medium_airport,Danbury Municipal Airport,41.371656,-73.482227,458.0,NA,US,US-CT,Danbury,no,KDXR,DXR,DXR,,https://en.wikipedia.org/wiki/Danbury_Municipal_Airport
3499,KDYS,medium_airport,Dyess Air Force Base,32.420799,-99.854599,1789.0,NA,US,US-TX,Abilene,no,KDYS,DYS,DYS,http://www.dyess.af.mil/,https://en.wikipedia.org/wiki/Dyess_Air_Force_Base
19716,KEAR,medium_airport,Kearney Regional Airport,40.727001,-99.006798,2131.0,NA,US,US-NE,Kearney,yes,KEAR,EAR,EAR,,https://en.wikipedia.org/wiki/Kearney_Municipal_Airport
19717,KEAT,medium_airport,Pangborn Memorial Airport,47.398899,-120.207001,1249.0,NA,US,US-WA,Wenatchee,yes,KEAT,EAT,EAT,http://www.pangbornairport.com/,https://en.wikipedia.org/wiki/Pangborn_Memorial_Airport
3501,KEAU,medium_airport,Chippewa Valley Regional Airport,44.86579895019531,-91.48429870605467,913.0,NA,US,US-WI,Eau Claire,yes,KEAU,EAU,EAU,,https://en.wikipedia.org/wiki/Chippewa_Valley_Regional_Airport
3502,KECG,medium_airport,Elizabeth City Regional Airport & Coast Guard Air Station,36.260601,-76.174599,11.0,NA,US,US-NC,Elizabeth City,no,KECG,ECG,ECG,http://www.ecgairport.com/,https://en.wikipedia.org/wiki/Elizabeth_City_Regional_Airport
46530,KECP,medium_airport,Northwest Florida Beaches International Airport,30.357106,-85.795414,69.0,NA,US,US-FL,Panama City Beach,yes,KECP,ECP,ECP,http://iflybeaches.com,https://en.wikipedia.org/wiki/Northwest_Florida_Beaches_International_Airport
3503,KEDW,medium_airport,Edwards Air Force Base,34.905399,-117.884003,2312.0,NA,US,US-CA,Edwards,no,KEDW,EDW,EDW,,https://en.wikipedia.org/wiki/Edwards_Air_Force_Base
19731,KEFD,medium_airport,Ellington Airport,29.6072998047,-95.1587982178,32.0,NA,US,US-TX,Houston,no,KEFD,EFD,EFD,,https://en.wikipedia.org/wiki/Ellington_Airport_(Texas)
3505,KEGE,medium_airport,Eagle County Regional Airport,39.64260101,-106.9179993,6548.0,NA,US,US-CO,Eagle,yes,KEGE,EGE,EGE,http://www.eaglecounty.us/airport/,https://en.wikipedia.org/wiki/Eagle_County_Regional_Airport
19735,KEGI,medium_airport,Duke Field,30.65040016,-86.52290344,191.0,NA,US,US-FL,Crestview,no,KEGI,EGI,EGI,http://www.919sow.afrc.af.mil/,https://en.wikipedia.org/wiki/Duke_Field
3508,KEKO,medium_airport,Elko Regional Airport,40.82490158081055,-115.79199981689452,5140.0,NA,US,US-NV,Elko,yes,KEKO,EKO,EKO,,https://en.wikipedia.org/wiki/Elko_Regional_Airport
3509,KELD,medium_airport,South Arkansas Regional Airport at Goodwin Field,33.221001,-92.813301,277.0,NA,US,US-AR,El Dorado,yes,KELD,ELD,ELD,,https://en.wikipedia.org/wiki/South_Arkansas_Regional_Airport_at_Goodwin_Field
3510,KELM,medium_airport,Elmira Corning Regional Airport,42.1599006652832,-76.8916015625,954.0,NA,US,US-NY,Elmira/Corning,yes,KELM,ELM,ELM,,https://en.wikipedia.org/wiki/Elmira-Corning_Regional_Airport
3511,KELO,medium_airport,Ely Municipal Airport,47.82450104,-91.83070374,1456.0,NA,US,US-MN,Ely,no,KELO,LYU,ELO,http://www.ely.mn.us/index.asp?Type=B_BASIC&SEC=%7B936B252D-C48B-42BD-B996-37F320A6CFF7%7D,https://en.wikipedia.org/wiki/Ely_Municipal_Airport
19753,KELY,medium_airport,Ely Airport Yelland Field,39.29970169,-114.8420029,6259.0,NA,US,US-NV,Ely,no,KELY,ELY,ELY,,https://en.wikipedia.org/wiki/Ely_Airport
3513,KEND,medium_airport,Vance Air Force Base,36.339199,-97.916496,1307.0,NA,US,US-OK,Enid,no,KEND,END,END,http://www.vance.af.mil/,https://en.wikipedia.org/wiki/Vance_Air_Force_Base
19760,KENV,medium_airport,Wendover Airport,40.7187004089,-114.03099823,4237.0,NA,US,US-UT,Wendover,no,KENV,ENV,ENV,,https://en.wikipedia.org/wiki/Wendover_Airport
3514,KENW,medium_airport,Kenosha Regional Airport,42.59569931,-87.92780304,742.0,NA,US,US-WI,Kenosha,no,KENW,ENW,ENW,http://www.kenosha.org/departments/airport/,https://en.wikipedia.org/wiki/Kenosha_Regional_Airport
3515,KERI,medium_airport,Erie International Tom Ridge Field,42.083127,-80.173867,732.0,NA,US,US-PA,Erie,yes,KERI,ERI,ERI,,https://en.wikipedia.org/wiki/Erie_International_Airport
19770,KESC,medium_airport,Delta County Airport,45.723199,-87.088623,609.0,NA,US,US-MI,Escanaba,yes,KESC,ESC,ESC,,https://en.wikipedia.org/wiki/Delta_County_Airport
3516,KESF,medium_airport,Esler Army Airfield / Esler Regional Airport,31.394266,-92.294082,112.0,NA,US,US-LA,Alexandria,no,KESF,ESF,ESF,http://www.alexandria-louisiana.com/esler-field-louisiana.htm,https://en.wikipedia.org/wiki/Esler_Airfield
3517,KEUG,medium_airport,Mahlon Sweet Field,44.12459945678711,-123.21199798583984,374.0,NA,US,US-OR,Eugene,yes,KEUG,EUG,EUG,,https://en.wikipedia.org/wiki/Eugene_Airport
3518,KEVV,medium_airport,Evansville Regional Airport,38.0369987488,-87.5324020386,418.0,NA,US,US-IN,Evansville,yes,KEVV,EVV,EVV,,https://en.wikipedia.org/wiki/Evansville_Regional_Airport
19782,KEVW,medium_airport,Evanston-Uinta County Airport-Burns Field,41.27479935,-111.0350037,7143.0,NA,US,US-WY,Evanston,no,KEVW,EVW,EVW,,
3519,KEWB,medium_airport,New Bedford Regional Airport,41.67610168457031,-70.95690155029297,80.0,NA,US,US-MA,New Bedford,yes,KEWB,EWB,EWB,,https://en.wikipedia.org/wiki/New_Bedford_Regional_Airport
3520,KEWN,medium_airport,Coastal Carolina Regional Airport,35.0730018616,-77.04290008539999,18.0,NA,US,US-NC,New Bern,yes,KEWN,EWN,EWN,,https://en.wikipedia.org/wiki/Craven_County_Regional_Airport
3521,KEWR,large_airport,Newark Liberty International Airport,40.692501,-74.168701,18.0,NA,US,US-NJ,Newark,yes,KEWR,EWR,EWR,http://www.panynj.gov/CommutingTravel/airports/html/newarkliberty.html,https://en.wikipedia.org/wiki/Newark_Liberty_International_Airport
3522,KEYW,medium_airport,Key West International Airport,24.556101,-81.759598,3.0,NA,US,US-FL,Key West,yes,KEYW,EYW,EYW,,https://en.wikipedia.org/wiki/Key_West_International_Airport
3523,KFAR,medium_airport,Hector International Airport,46.92070007324219,-96.81580352783205,902.0,NA,US,US-ND,Fargo,yes,KFAR,FAR,FAR,http://www.fargoairport.com/,https://en.wikipedia.org/wiki/Hector_International_Airport
3524,KFAT,medium_airport,Fresno Yosemite International Airport,36.776199,-119.718002,336.0,NA,US,US-CA,Fresno,yes,KFAT,FAT,FAT,https://flyfresno.com/,https://en.wikipedia.org/wiki/Fresno_Yosemite_International_Airport
3525,KFAY,medium_airport,Fayetteville Regional Airport - Grannis Field,34.991199,-78.880302,189.0,NA,US,US-NC,Fayetteville,yes,KFAY,FAY,FAY,,https://en.wikipedia.org/wiki/Fayetteville_Regional_Airport
19857,KFDY,medium_airport,Findlay Airport,41.0135002136,-83.66870117190001,813.0,NA,US,US-OH,Findlay,no,KFDY,FDY,FDY,http://www.ci.findlay.oh.us/?id=56,https://en.wikipedia.org/wiki/Findlay_Airport
3528,KFFO,medium_airport,Wright-Patterson Air Force Base,39.826099,-84.048302,823.0,NA,US,US-OH,Dayton,no,KFFO,FFO,FFO,http://www.wpafb.af.mil/,https://en.wikipedia.org/wiki/Wright-Patterson_Air_Force_Base
3529,KFHU,medium_airport,Sierra Vista Municipal Airport / Libby Army Air Field,31.587383,-110.348225,4719.0,NA,US,US-AZ,Fort Huachuca / Sierra Vista,no,KFHU,FHU,FHU,,https://en.wikipedia.org/wiki/Sierra_Vista_Municipal_Airport
19872,KFKL,medium_airport,Venango Regional Airport,41.3778991699,-79.8603973389,1540.0,NA,US,US-PA,Franklin,no,KFKL,FKL,FKL,,https://en.wikipedia.org/wiki/Venango_Regional_Airport
3530,KFLG,medium_airport,Flagstaff Pulliam International Airport,35.1385,-111.670998,7014.0,NA,US,US-AZ,Flagstaff,yes,KFLG,FLG,FLG,,https://en.wikipedia.org/wiki/Flagstaff_Pulliam_Airport
3531,KFLL,large_airport,Fort Lauderdale Hollywood International Airport,26.072599,-80.152702,9.0,NA,US,US-FL,Fort Lauderdale,yes,KFLL,FLL,FLL,http://www.broward.org/airport,https://en.wikipedia.org/wiki/Fort_Lauderdale–Hollywood_International_Airport
3532,KFLO,medium_airport,Florence Regional Airport,34.18539810180664,-79.7238998413086,146.0,NA,US,US-SC,Florence,yes,KFLO,FLO,FLO,,https://en.wikipedia.org/wiki/Florence_Regional_Airport
19881,KFMN,medium_airport,Four Corners Regional Airport,36.741199,-108.230003,5506.0,NA,US,US-NM,Farmington,no,KFMN,FMN,FMN,,https://en.wikipedia.org/wiki/Four_Corners_Regional_Airport
19882,KFMY,medium_airport,Page Field,26.58659935,-81.86329650879999,17.0,NA,US,US-FL,Fort Myers,no,KFMY,FMY,FMY,http://www.flylcpa.com/aboutfmy,https://en.wikipedia.org/wiki/Page_Field
19885,KFNL,medium_airport,Northern Colorado Regional Airport,40.44969,-105.011272,5016.0,NA,US,US-CO,Loveland,no,KFNL,FNL,FNL,http://www.flynoco.com/,https://en.wikipedia.org/wiki/Northern_Colorado_Regional_Airport
3536,KFOD,medium_airport,Fort Dodge Regional Airport,42.552624,-94.191237,1156.0,NA,US,US-IA,Fort Dodge,yes,KFOD,FOD,FOD,,https://en.wikipedia.org/wiki/Fort_Dodge_Regional_Airport
3537,KFOE,medium_airport,Topeka Regional Airport,38.950901,-95.663597,1078.0,NA,US,US-KS,Topeka,no,KFOE,FOE,FOE,,https://en.wikipedia.org/wiki/Topeka_Regional_Airport
3538,KFPR,medium_airport,St Lucie County International Airport,27.49510002,-80.36830139,24.0,NA,US,US-FL,Fort Pierce,no,KFPR,FPR,FPR,,https://en.wikipedia.org/wiki/St._Lucie_County_International_Airport
3539,KFRG,medium_airport,Republic Airport,40.7288017273,-73.4133987427,82.0,NA,US,US-NY,Farmingdale,no,KFRG,FRG,FRG,http://www.republicairport.net/,https://en.wikipedia.org/wiki/Republic_Airport
3540,KFRI,medium_airport,Marshall Army Air Field,39.053021,-96.764202,1065.0,NA,US,US-KS,Fort Riley (Junction City),no,KFRI,FRI,FRI,,https://en.wikipedia.org/wiki/Marshall_Army_Airfield
3541,KFSD,medium_airport,Sioux Falls Regional Airport / Joe Foss Field,43.585463,-96.741152,1429.0,NA,US,US-SD,Sioux Falls,yes,KFSD,FSD,FSD,http://www.sfairport.com/,https://en.wikipedia.org/wiki/Sioux_Falls_Regional_Airport
3542,KFSI,medium_airport,Henry Post Army Air Field,34.649799,-98.402199,1189.0,NA,US,US-OK,Fort Sill,no,KFSI,FSI,FSI,http://sill-www.army.mil/History/Airfield/henrypost.htm,https://en.wikipedia.org/wiki/Henry_Post_Army_Airfield
3543,KFSM,medium_airport,Fort Smith Regional Airport,35.336601,-94.367401,469.0,NA,US,US-AR,Fort Smith,yes,KFSM,FSM,FSM,,https://en.wikipedia.org/wiki/Fort_Smith_Regional_Airport
19900,KFST,medium_airport,Fort Stockton Pecos County Airport,30.9157009125,-102.916000366,3011.0,NA,US,US-TX,Fort Stockton,no,KFST,FST,FST,,https://en.wikipedia.org/wiki/Fort_Stockton%E2%80%93Pecos_County_Airport
3544,KFTK,medium_airport,Godman Army Air Field,37.9071006775,-85.9720993042,756.0,NA,US,US-KY,Fort Knox,no,KFTK,FTK,FTK,,https://en.wikipedia.org/wiki/Godman_Army_Airfield
3546,KFTY,medium_airport,Fulton County Airport Brown Field,33.7790985107,-84.5214004517,841.0,NA,US,US-GA,Atlanta,no,KFTY,FTY,FTY,http://www.fultoncountyga.gov/component/content/article/223-general-services/2098-fulton-county-airport-brown-field,https://en.wikipedia.org/wiki/Fulton_County_Airport_(Georgia)
3547,KFWA,medium_airport,Fort Wayne International Airport,40.9785,-85.195099,814.0,NA,US,US-IN,Fort Wayne,yes,KFWA,FWA,FWA,https://fwairport.com/,https://en.wikipedia.org/wiki/Fort_Wayne_International_Airport
19912,KFXE,medium_airport,Fort Lauderdale Executive Airport,26.1972999573,-80.1707000732,13.0,NA,US,US-FL,Fort Lauderdale,no,KFXE,FXE,FXE,http://www.fortlauderdale.gov/fxE/index.htm,https://en.wikipedia.org/wiki/Fort_Lauderdale_Executive_Airport
3548,KFYV,medium_airport,Drake Field,36.00510025024414,-94.17009735107422,1251.0,NA,US,US-AR,Fayetteville,no,KFYV,FYV,FYV,,https://en.wikipedia.org/wiki/Drake_Field
19929,KGCC,medium_airport,Northeast Wyoming Regional Airport,44.3489,-105.539001,4365.0,NA,US,US-WY,Gillette,yes,KGCC,GCC,GCC,http://www.iflygillette.com/,https://en.wikipedia.org/wiki/Gillette%E2%80%93Campbell_County_Airport
3550,KGCK,medium_airport,Garden City Regional Airport,37.9275016785,-100.723999023,2891.0,NA,US,US-KS,Garden City,yes,KGCK,GCK,GCK,,https://en.wikipedia.org/wiki/Garden_City_Regional_Airport
3551,KGCN,medium_airport,Grand Canyon National Park Airport,35.9524,-112.147003,6609.0,NA,US,US-AZ,Grand Canyon - Tusayan,yes,KGCN,GCN,GCN,http://www.azdot.gov/aviation/airports/airports_list.asp?FAA=GCN,https://en.wikipedia.org/wiki/Grand_Canyon_National_Park_Airport
19936,KGDV,medium_airport,Dawson Community Airport,47.137658,-104.80691,2458.0,NA,US,US-MT,Glendive,yes,KGDV,GDV,GDV,,https://en.wikipedia.org/wiki/Dawson_Community_Airport
3552,KGEG,medium_airport,Spokane International Airport,47.6199,-117.533997,2376.0,NA,US,US-WA,Spokane,yes,KGEG,GEG,GEG,https://spokaneairports.net/,https://en.wikipedia.org/wiki/Spokane_International_Airport
3553,KGFK,medium_airport,Grand Forks International Airport,47.949299,-97.176102,845.0,NA,US,US-ND,Grand Forks,yes,KGFK,GFK,GFK,http://www.gfkairport.com/,https://en.wikipedia.org/wiki/Grand_Forks_International_Airport
3556,KGGW,medium_airport,Glasgow Valley County Airport Wokal Field,48.212502,-106.614998,2296.0,NA,US,US-MT,Glasgow,yes,KGGW,GGW,GGW,http://www.glasgowmtairport.com/,https://en.wikipedia.org/wiki/Glasgow_Airport_(US)
3557,KGJT,medium_airport,Grand Junction Regional Airport,39.126663,-108.529387,4858.0,NA,US,US-CO,Grand Junction,yes,KGJT,GJT,GJT,http://www.gjairport.com/,https://en.wikipedia.org/wiki/Grand_Junction_Regional_Airport
19956,KGLD,medium_airport,Goodland Municipal Airport,39.370701,-101.699753,3656.0,NA,US,US-KS,Goodland,no,KGLD,GLD,GLD,,https://en.wikipedia.org/wiki/Goodland_Municipal_Airport
19958,KGLH,medium_airport,Mid Delta Regional Airport,33.482899,-90.985603,131.0,NA,US,US-MS,Greenville,yes,KGLH,GLH,GLH,,https://en.wikipedia.org/wiki/Greenville_Mid-Delta_Airport
3558,KGLS,medium_airport,Scholes International At Galveston Airport,29.265301,-94.860397,6.0,NA,US,US-TX,Galveston,no,KGLS,GLS,GLS,,https://en.wikipedia.org/wiki/Scholes_International_Airport_at_Galveston
19963,KGMU,medium_airport,Greenville Downtown Airport,34.847903,-82.350217,1048.0,NA,US,US-SC,Greenville,no,KGMU,GMU,GMU,http://www.greenvilledowntownairport.com/,https://en.wikipedia.org/wiki/Greenville_Downtown_Airport
3559,KGNV,medium_airport,Gainesville Regional Airport,29.6900997162,-82.2717971802,152.0,NA,US,US-FL,Gainesville,yes,KGNV,GNV,GNV,,https://en.wikipedia.org/wiki/Gainesville_Regional_Airport
3560,KGON,medium_airport,Groton New London Airport,41.330101,-72.045097,9.0,NA,US,US-CT,Groton,no,KGON,GON,GON,https://ctairports.org/airports/groton-newlondon/,https://en.wikipedia.org/wiki/Groton-New_London_Airport
3527,KGPI,medium_airport,Glacier Park International Airport,48.31050109863281,-114.25599670410156,2977.0,NA,US,US-MT,Kalispell,yes,KGPI,FCA,GPI,http://www.iflyglacier.com/,https://en.wikipedia.org/wiki/Glacier_Park_International_Airport
3561,KGPT,medium_airport,Gulfport Biloxi International Airport,30.407301,-89.070099,28.0,NA,US,US-MS,Gulfport,yes,KGPT,GPT,GPT,,https://en.wikipedia.org/wiki/Gulfport-Biloxi_International_Airport
3562,KGRB,medium_airport,Austin Straubel International Airport,44.483459,-88.130805,695.0,NA,US,US-WI,Green Bay,yes,KGRB,GRB,GRB,,https://en.wikipedia.org/wiki/Austin_Straubel_International_Airport
3563,KGRF,medium_airport,Gray Army Air Field,47.07920074,-122.5810013,300.0,NA,US,US-WA,Fort Lewis/Tacoma,no,KGRF,GRF,GRF,,https://en.wikipedia.org/wiki/Gray_Army_Airfield
3564,KGRI,medium_airport,Central Nebraska Regional Airport,40.96749877929688,-98.30960083007812,1847.0,NA,US,US-NE,Grand Island,yes,KGRI,GRI,GRI,,https://en.wikipedia.org/wiki/Central_Nebraska_Regional_Airport
3567,KGSB,medium_airport,Seymour Johnson Air Force Base,35.339401,-77.960602,109.0,NA,US,US-NC,Goldsboro,no,KGSB,GSB,GSB,http://www.seymourjohnson.af.mil/,https://en.wikipedia.org/wiki/Seymour_Johnson_Air_Force_Base
3568,KGSO,medium_airport,Piedmont Triad International Airport,36.097801,-79.937302,925.0,NA,US,US-NC,Greensboro,yes,KGSO,GSO,GSO,,https://en.wikipedia.org/wiki/Piedmont_Triad_International_Airport
3569,KGSP,medium_airport,Greenville Spartanburg International Airport,34.895699,-82.218903,964.0,NA,US,US-SC,Greer,yes,KGSP,GSP,GSP,,https://en.wikipedia.org/wiki/Greenville-Spartanburg_International_Airport
3570,KGTB,medium_airport,Wheeler Sack Army Air Field,44.05559921,-75.71949768,688.0,NA,US,US-NY,Fort Drum,no,KGTB,,GTB,,https://en.wikipedia.org/wiki/Wheeler-Sack_Army_Airfield
3571,KGTF,medium_airport,Great Falls International Airport,47.48199844,-111.3710022,3680.0,NA,US,US-MT,Great Falls,yes,KGTF,GTF,GTF,,https://en.wikipedia.org/wiki/Great_Falls_International_Airport
19982,KGTR,medium_airport,Golden Triangle Regional Airport,33.450298,-88.5914,264.0,NA,US,US-MS,Columbus/W Point/Starkville,yes,KGTR,GTR,GTR,,https://en.wikipedia.org/wiki/Golden_Triangle_Regional_Airport
19984,KGUC,medium_airport,Gunnison Crested Butte Regional Airport,38.534672,-106.934566,7680.0,NA,US,US-CO,Gunnison,yes,KGUC,GUC,GUC,,https://en.wikipedia.org/wiki/Gunnison-Crested_Butte_Regional_Airport
3572,KGUP,medium_airport,Gallup Municipal Airport,35.511653,-108.788166,6472.0,NA,US,US-NM,Gallup,yes,KGUP,GUP,GUP,,https://en.wikipedia.org/wiki/Gallup_Municipal_Airport
3573,KGUS,medium_airport,Grissom Air Reserve Base,40.648102,-86.1521,812.0,NA,US,US-IN,Peru,no,KGUS,GUS,GUS,http://www.grissom.afrc.af.mil/,https://en.wikipedia.org/wiki/Grissom_Air_Reserve_Base
19985,KGUY,medium_airport,Guymon Municipal Airport,36.6851005554,-101.508003235,3123.0,NA,US,US-OK,Guymon,no,KGUY,GUY,GUY,http://www.guymonok.org/index.aspx?NID=179,https://en.wikipedia.org/wiki/Guymon_Municipal_Airport
3575,KGYY,medium_airport,Gary Chicago International Airport,41.61629867553711,-87.41280364990234,591.0,NA,US,US-IN,Gary,no,KGYY,GYY,GYY,,https://en.wikipedia.org/wiki/Gary/Chicago_International_Airport
20027,KHBG,medium_airport,Hattiesburg Bobby L Chain Municipal Airport,31.26479912,-89.25279999,151.0,NA,US,US-MS,Hattiesburg,no,KHBG,HBG,HBG,,https://en.wikipedia.org/wiki/Hattiesburg_Bobby_L._Chain_Municipal_Airport
20029,KHBR,medium_airport,Hobart Regional Airport,34.991317,-99.051313,1563.0,NA,US,US-OK,Hobart,no,KHBR,HBR,HBR,,https://en.wikipedia.org/wiki/Hobart_Regional_Airport
20038,KHDN,medium_airport,Yampa Valley Airport,40.481201,-107.218002,6606.0,NA,US,US-CO,Hayden,yes,KHDN,HDN,HDN,,https://en.wikipedia.org/wiki/Yampa_Valley_Airport
3576,KHFD,medium_airport,Hartford Brainard Airport,41.736698150635,-72.649398803711,18.0,NA,US,US-CT,Hartford,no,KHFD,HFD,HFD,,https://en.wikipedia.org/wiki/Hartford-Brainard_Airport
3577,KHGR,medium_airport,Hagerstown Regional Richard A Henson Field,39.708771,-77.728014,703.0,NA,US,US-MD,Hagerstown,yes,KHGR,HGR,HGR,,https://en.wikipedia.org/wiki/Hagerstown_Regional_Airport
3579,KHIB,medium_airport,Range Regional Airport,47.384831,-92.836905,1354.0,NA,US,US-MN,Hibbing,yes,KHIB,HIB,HIB,,https://en.wikipedia.org/wiki/Range_Regional_Airport
3580,KHIF,medium_airport,Hill Air Force Base,41.12403,-111.973086,4789.0,NA,US,US-UT,Ogden,no,KHIF,HIF,HIF,http://www.hill.af.mil/,https://en.wikipedia.org/wiki/Hill_Air_Force_Base
20053,KHII,medium_airport,Lake Havasu City International Airport,34.571098,-114.358002,783.0,NA,US,US-AZ,Lake Havasu City,no,KHII,HII,HII,,https://en.wikipedia.org/wiki/Lake_Havasu_City_Airport
3581,KHKY,medium_airport,Hickory Regional Airport,35.74110031,-81.38950348,1190.0,NA,US,US-NC,Hickory,no,KHKY,HKY,HKY,,https://en.wikipedia.org/wiki/Hickory_Regional_Airport
20061,KHLG,medium_airport,Wheeling Ohio County Airport,40.1749992371,-80.6463012695,1195.0,NA,US,US-WV,Wheeling,no,KHLG,HLG,HLG,,https://en.wikipedia.org/wiki/Wheeling_Ohio_County_Airport
3582,KHLN,medium_airport,Helena Regional Airport,46.6068,-111.983002,3877.0,NA,US,US-MT,Helena,yes,KHLN,HLN,HLN,,https://en.wikipedia.org/wiki/Helena_Regional_Airport
3584,KHMN,medium_airport,Holloman Air Force Base,32.852501,-106.107002,4093.0,NA,US,US-NM,Alamogordo,no,KHMN,HMN,HMN,http://www.holloman.af.mil/,https://en.wikipedia.org/wiki/Holloman_Air_Force_Base
20071,KHOB,medium_airport,Lea County Regional Airport,32.6875,-103.217003,3661.0,NA,US,US-NM,Hobbs,yes,KHOB,HOB,HOB,,https://en.wikipedia.org/wiki/Lea_County_Regional_Airport
3585,KHON,medium_airport,Huron Regional Airport,44.385201,-98.2285,1289.0,NA,US,US-SD,Huron,no,KHON,HON,HON,,https://en.wikipedia.org/wiki/Huron_Regional_Airport
3586,KHOP,medium_airport,Campbell Army Airfield (Fort Campbell),36.674154,-87.48974,573.0,NA,US,US-KY,Fort Campbell,no,KHOP,HOP,HOP,,https://en.wikipedia.org/wiki/Campbell_Army_Airfield
3587,KHOT,medium_airport,Memorial Field Airport,34.4788,-93.096262,540.0,NA,US,US-AR,Hot Springs,yes,KHOT,HOT,HOT,,https://en.wikipedia.org/wiki/Hot_Springs_Memorial_Field_Airport
3588,KHOU,medium_airport,William P Hobby Airport,29.645399,-95.2789,46.0,NA,US,US-TX,Houston,yes,KHOU,HOU,HOU,http://www.fly2houston.com/hobbyHome,https://en.wikipedia.org/wiki/William_P._Hobby_Airport
3589,KHPN,medium_airport,Westchester County Airport,41.06700134277344,-73.70760345458984,439.0,NA,US,US-NY,White Plains,yes,KHPN,HPN,HPN,,https://en.wikipedia.org/wiki/Westchester_County_Airport
3590,KHQM,medium_airport,Bowerman Airport,46.9711990356,-123.93699646,18.0,NA,US,US-WA,Hoquiam,no,KHQM,HQM,HQM,http://www.portofgraysharbor.com/airport/airport.php,https://en.wikipedia.org/wiki/Bowerman_Airport
3591,KHRL,medium_airport,Valley International Airport,26.228500366210938,-97.65440368652344,36.0,NA,US,US-TX,Harlingen,yes,KHRL,HRL,HRL,,https://en.wikipedia.org/wiki/Valley_International_Airport
3592,KHRO,medium_airport,Boone County Airport,36.26150131225586,-93.15470123291016,1365.0,NA,US,US-AR,Harrison,yes,KHRO,HRO,HRO,,https://en.wikipedia.org/wiki/Boone_County_Airport
20081,KHRT,medium_airport,Hurlburt Field,30.427799,-86.689301,38.0,NA,US,US-FL,Mary Esther,no,KHRT,,HRT,,https://en.wikipedia.org/wiki/Hurlburt_Field
3593,KHST,medium_airport,Homestead ARB Airport,25.48859978,-80.38359833,5.0,NA,US,US-FL,Homestead,no,KHST,HST,HST,http://www.homestead.afrc.af.mil/,https://en.wikipedia.org/wiki/Homestead_Air_Reserve_Base
3594,KHSV,medium_airport,Huntsville International Carl T Jones Field,34.637199,-86.775101,629.0,NA,US,US-AL,Huntsville,yes,KHSV,HSV,HSV,http://www.flyhuntsville.com/portal/#.VbaG-_lVhBc,https://en.wikipedia.org/wiki/Huntsville_International_Airport
3595,KHTS,medium_airport,Tri-State Airport / Milton J. Ferguson Field,38.366699,-82.557999,828.0,NA,US,US-WV,Huntington,yes,KHTS,HTS,HTS,,https://en.wikipedia.org/wiki/Tri-State_Airport
3596,KHUA,medium_airport,Redstone Army Air Field,34.67869949,-86.68479919,684.0,NA,US,US-AL,Redstone Arsnl Huntsville,no,KHUA,HUA,HUA,,https://en.wikipedia.org/wiki/Redstone_Army_Airfield
3597,KHUF,medium_airport,"Terre Haute Regional Airport, Hulman Field",39.4515,-87.307602,589.0,NA,US,US-IN,Terre Haute,no,KHUF,HUF,HUF,http://huf.com/,https://en.wikipedia.org/wiki/Terre_Haute_Regional_Airport
20095,KHUL,medium_airport,Houlton International Airport,46.1231002808,-67.792098999,489.0,NA,US,US-ME,Houlton,no,KHUL,HUL,HUL,,https://en.wikipedia.org/wiki/Houlton_International_Airport
3598,KHUT,medium_airport,Hutchinson Municipal Airport,38.0654983521,-97.86060333250002,1543.0,NA,US,US-KS,Hutchinson,no,KHUT,HUT,HUT,http://www.hutchgov.com/department/?fDD=20-0,https://en.wikipedia.org/wiki/Hutchinson_Municipal_Airport_(Kansas)
3599,KHVN,medium_airport,Tweed New Haven Airport,41.26369858,-72.88680267,12.0,NA,US,US-CT,New Haven,yes,KHVN,HVN,HVN,,https://en.wikipedia.org/wiki/Tweed_New_Haven_Regional_Airport
20099,KHVR,medium_airport,Havre City County Airport,48.541387,-109.762859,2591.0,NA,US,US-MT,Havre,yes,KHVR,HVR,HVR,,https://en.wikipedia.org/wiki/Havre_City%E2%80%93County_Airport
20105,KHXD,medium_airport,Hilton Head Airport,32.2244,-80.697502,19.0,NA,US,US-SC,Hilton Head Island,yes,KHXD,HHH,HXD,https://www.hiltonheadairport.com/,https://en.wikipedia.org/wiki/Hilton_Head_Airport
3600,KHYA,medium_airport,Cape Cod Gateway Airport,41.6693,-70.280403,54.0,NA,US,US-MA,Hyannis,yes,KHYA,HYA,HYA,,https://en.wikipedia.org/wiki/Barnstable_Municipal_Airport
20107,KHYI,medium_airport,San Marcos Regional Airport,29.8927,-97.862999,597.0,NA,US,US-TX,San Marcos,no,KHYI,,HYI,,https://en.wikipedia.org/wiki/San_Marcos_Regional_Airport
20108,KHYR,medium_airport,Sawyer County Airport,46.025199890100005,-91.44429779050002,1216.0,NA,US,US-WI,Hayward,no,KHYR,HYR,HYR,http://sawyercountygov.org/Departments/Airport/tabid/93/Default.aspx,https://en.wikipedia.org/wiki/Sawyer_County_Airport
20109,KHYS,medium_airport,Hays Regional Airport,38.844521,-99.273148,1999.0,NA,US,US-KS,Hays,yes,KHYS,HYS,HYS,,https://en.wikipedia.org/wiki/Hays_Regional_Airport
3601,KIAB,medium_airport,McConnell Air Force Base,37.621899,-97.268204,1371.0,NA,US,US-KS,Wichita,no,KIAB,IAB,IAB,http://public.mcconnell.amc.af.mil/,https://en.wikipedia.org/wiki/McConnell_Air_Force_Base
3602,KIAD,large_airport,Washington Dulles International Airport,38.9445,-77.455803,312.0,NA,US,US-VA,Dulles,yes,KIAD,IAD,IAD,http://www.mwaa.com/dulles/,https://en.wikipedia.org/wiki/Washington_Dulles_International_Airport
3603,KIAG,medium_airport,Niagara Falls International Airport,43.1073,-78.946198,589.0,NA,US,US-NY,Niagara Falls,yes,KIAG,IAG,IAG,,https://en.wikipedia.org/wiki/Niagara_Falls_International_Airport
3604,KIAH,large_airport,George Bush Intercontinental Houston Airport,29.984399795532227,-95.34140014648438,97.0,NA,US,US-TX,Houston,yes,KIAH,IAH,IAH,http://www.fly2houston.com/iah,https://en.wikipedia.org/wiki/George_Bush_Intercontinental_Airport
3605,KICT,medium_airport,Wichita Eisenhower National Airport,37.649899,-97.433098,1333.0,NA,US,US-KS,Wichita,yes,KICT,ICT,ICT,,https://en.wikipedia.org/wiki/Wichita_Dwight_D._Eisenhower_National_Airport
3606,KIDA,medium_airport,Idaho Falls Regional Airport,43.514599,-112.070999,4744.0,NA,US,US-ID,Idaho Falls,yes,KIDA,IDA,IDA,,https://en.wikipedia.org/wiki/Idaho_Falls_Regional_Airport
20160,KIFP,medium_airport,Laughlin Bullhead International Airport,35.157398,-114.559998,701.0,NA,US,US-AZ,Bullhead City,no,KIFP,IFP,IFP,,https://en.wikipedia.org/wiki/Laughlin/Bullhead_International_Airport
20161,KIGM,medium_airport,Kingman Airport,35.259499,-113.938004,3449.0,NA,US,US-AZ,Kingman,no,KIGM,IGM,IGM,,https://en.wikipedia.org/wiki/Kingman_Airport_(Arizona)
3607,KIKK,medium_airport,Greater Kankakee Airport,41.07139968869999,-87.8462982178,630.0,NA,US,US-IL,Kankakee,no,KIKK,IKK,IKK,http://kvaa.com/,https://en.wikipedia.org/wiki/Greater_Kankakee_Airport
3608,KILG,medium_airport,Wilmington Airport,39.678699,-75.606499,80.0,NA,US,US-DE,Wilmington,yes,KILG,ILG,ILG,,https://en.wikipedia.org/wiki/New_Castle_Airport
3609,KILM,medium_airport,Wilmington International Airport,34.270599365234375,-77.90260314941406,32.0,NA,US,US-NC,Wilmington,yes,KILM,ILM,ILM,,https://en.wikipedia.org/wiki/Wilmington_International_Airport
20173,KILN,medium_airport,Wilmington Airpark,39.427898407,-83.792098999,1077.0,NA,US,US-OH,Wilmington,no,KILN,ILN,ILN,http://www.wilmingtonairpark.com/,https://en.wikipedia.org/wiki/Airborne_Airpark
20177,KIMT,medium_airport,Ford Airport,45.81911,-88.114557,1182.0,NA,US,US-MI,Kingsford,yes,KIMT,IMT,IMT,http://www.fordairport.org/,https://en.wikipedia.org/wiki/Ford_Airport_(Iron_Mountain)
3610,KIND,large_airport,Indianapolis International Airport,39.7173,-86.294403,797.0,NA,US,US-IN,Indianapolis,yes,KIND,IND,IND,http://www.indianapolisairport.com/,https://en.wikipedia.org/wiki/Indianapolis_International_Airport
3611,KINK,medium_airport,Winkler County Airport,31.7796001434,-103.200996399,2822.0,NA,US,US-TX,Wink,no,KINK,INK,INK,http://www.co.winkler.tx.us/default.aspx?Winkler_County/County.Airport,https://en.wikipedia.org/wiki/Winkler_County_Airport
3612,KINL,medium_airport,Falls International Airport,48.566200256347656,-93.4030990600586,1185.0,NA,US,US-MN,International Falls,yes,KINL,INL,INL,,https://en.wikipedia.org/wiki/Falls_International_Airport
3613,KINT,medium_airport,Smith Reynolds Airport,36.13370132446289,-80.22200012207031,969.0,NA,US,US-NC,Winston Salem,no,KINT,INT,INT,,https://en.wikipedia.org/wiki/Smith_Reynolds_Airport
20180,KINW,medium_airport,Winslow Lindbergh Regional Airport,35.021900177,-110.722999573,4941.0,NA,US,US-AZ,Winslow,no,KINW,INW,INW,,https://en.wikipedia.org/wiki/Winslow-Lindbergh_Regional_Airport
20184,KIPL,medium_airport,Imperial County Airport,32.83539,-115.574026,-54.0,NA,US,US-CA,Imperial,yes,KIPL,IPL,IPL,,https://en.wikipedia.org/wiki/Imperial_County_Airport
3614,KIPT,medium_airport,Williamsport Regional Airport,41.242126,-76.92245,529.0,NA,US,US-PA,Williamsport,yes,KIPT,IPT,IPT,,https://en.wikipedia.org/wiki/Williamsport_Regional_Airport
3615,KIRK,medium_airport,Kirksville Regional Airport,40.09349822998047,-92.5448989868164,966.0,NA,US,US-MO,Kirksville,yes,KIRK,IRK,IRK,,https://en.wikipedia.org/wiki/Kirksville_Regional_Airport
20187,KISM,medium_airport,Kissimmee Gateway Airport,28.2898006439,-81.4371032715,82.0,NA,US,US-FL,Orlando,no,KISM,ISM,ISM,http://www.kissimmee.org/index.aspx?page=111,https://en.wikipedia.org/wiki/Kissimmee_Gateway_Airport
20189,KISO,medium_airport,Kinston Regional Jetport At Stallings Field,35.331401825,-77.60880279540001,93.0,NA,US,US-NC,Kinston,no,KISO,ISO,ISO,http://www.jetkinston.com/,https://en.wikipedia.org/wiki/Kinston_Regional_Jetport
3616,KISP,medium_airport,Long Island Mac Arthur Airport,40.79520035,-73.10019684,99.0,NA,US,US-NY,Islip,yes,KISP,ISP,ISP,,https://en.wikipedia.org/wiki/Long_Island_MacArthur_Airport
20193,KITH,medium_airport,Ithaca Tompkins Regional Airport,42.49100112915039,-76.4583969116211,1099.0,NA,US,US-NY,Ithaca,yes,KITH,ITH,ITH,,https://en.wikipedia.org/wiki/Ithaca_Tompkins_Regional_Airport
3617,KIWA,medium_airport,Phoenix–Mesa Gateway Airport,33.3078,-111.654999,1382.0,NA,US,US-AZ,Mesa,yes,KIWA,AZA,IWA,https://www.gatewayairport.com/,https://en.wikipedia.org/wiki/Phoenix%E2%80%93Mesa_Gateway_Airport
3618,KJAC,medium_airport,Jackson Hole Airport,43.6072998046875,-110.73799896240234,6451.0,NA,US,US-WY,Jackson,yes,KJAC,JAC,JAC,,https://en.wikipedia.org/wiki/Jackson_Hole_Airport
3619,KJAN,medium_airport,Jackson-Medgar Wiley Evers International Airport,32.311199,-90.075897,346.0,NA,US,US-MS,Jackson,yes,KJAN,JAN,JAN,,https://en.wikipedia.org/wiki/Jackson-Evers_International_Airport
3620,KJAX,large_airport,Jacksonville International Airport,30.492469,-81.687813,30.0,NA,US,US-FL,Jacksonville,yes,KJAX,JAX,JAX,https://www.flyjacksonville.com/,https://en.wikipedia.org/wiki/Jacksonville_International_Airport
3621,KJBR,medium_airport,Jonesboro Municipal Airport,35.83169937133789,-90.64640045166016,262.0,NA,US,US-AR,Jonesboro,yes,KJBR,JBR,JBR,,https://en.wikipedia.org/wiki/Jonesboro_Municipal_Airport
20205,KJCT,medium_airport,Kimble County Airport,30.5112991333,-99.7634963989,1749.0,NA,US,US-TX,Junction,no,KJCT,JCT,JCT,,
3622,KJFK,large_airport,John F Kennedy International Airport,40.639447,-73.779317,13.0,NA,US,US-NY,New York,yes,KJFK,JFK,JFK,https://www.jfkairport.com/,https://en.wikipedia.org/wiki/John_F._Kennedy_International_Airport
20213,KJHW,medium_airport,Chautauqua County-Jamestown Airport,42.15425,-79.254008,1723.0,NA,US,US-NY,Jamestown,no,KJHW,JHW,JHW,,https://en.wikipedia.org/wiki/Chautauqua_County-Jamestown_Airport
20216,KJKL,medium_airport,Julian Carroll Airport,37.59389877319336,-83.31729888916016,1381.0,NA,US,US-KY,Jackson,no,KJKL,,JKL,,
3623,KJLN,medium_airport,Joplin Regional Airport,37.151798,-94.498299,981.0,NA,US,US-MO,Joplin,yes,KJLN,JLN,JLN,,https://en.wikipedia.org/wiki/Joplin_Regional_Airport
3624,KJMS,medium_airport,Jamestown Regional Airport,46.92969894,-98.67819977,1500.0,NA,US,US-ND,Jamestown,yes,KJMS,JMS,JMS,,https://en.wikipedia.org/wiki/Jamestown_Regional_Airport
20218,KJNX,medium_airport,Johnston Regional Airport,35.540901,-78.390297,164.0,NA,US,US-NC,Smithfield,no,KJNX,,JNX,https://www.johnstonnc.com/JNX/,
20220,KJQF,medium_airport,Concord-Padgett Regional Airport,35.387798,-80.709099,705.0,NA,US,US-NC,Concord,yes,KJQF,USA,JQF,http://www.concordnc.gov/Departments/Concord-Regional-Airport,https://en.wikipedia.org/wiki/Concord_Regional_Airport
3625,KJST,medium_airport,John Murtha Johnstown Cambria County Airport,40.31610107421875,-78.83390045166016,2284.0,NA,US,US-PA,Johnstown,yes,KJST,JST,JST,,https://en.wikipedia.org/wiki/Johnstown-Cambria_County_Airport
20277,KKLS,medium_airport,Southwest Washington Regional Airport,46.11800003049999,-122.898002625,20.0,NA,US,US-WA,Kelso,no,KKLS,KLS,KLS,http://www.kelso.gov/Departments%20%2526%20Services/Airport,https://en.wikipedia.org/wiki/Southwest_Washington_Regional_Airport
20317,KLAA,medium_airport,Southeast Colorado Regional Airport,38.066407,-102.691373,3706.0,NA,US,US-CO,Lamar,no,KLAA,LAA,LAA,http://www.ci.lamar.co.us/index.asp?Type=B_BASIC&SEC={C91FC3CC-5A83-4F9C-9AF7-A96F374C2EE5}&DE=,https://en.wikipedia.org/wiki/Lamar_Municipal_Airport_(Colorado)
3627,KLAF,medium_airport,Purdue University Airport,40.412875,-86.939363,606.0,NA,US,US-IN,West Lafayette,yes,KLAF,LAF,LAF,,https://en.wikipedia.org/wiki/Purdue_University_Airport
3628,KLAL,medium_airport,Lakeland Linder International Airport,27.987656,-82.018776,142.0,NA,US,US-FL,Lakeland,yes,KLAL,LAL,LAL,,https://en.wikipedia.org/wiki/Lakeland_Linder_Regional_Airport
3630,KLAR,medium_airport,Laramie Regional Airport,41.31209945678711,-105.6750030517578,7284.0,NA,US,US-WY,Laramie,yes,KLAR,LAR,LAR,,https://en.wikipedia.org/wiki/Laramie_Regional_Airport
3631,KLAS,large_airport,Harry Reid International Airport,36.083361,-115.151817,2181.0,NA,US,US-NV,Las Vegas,yes,KLAS,LAS,LAS,https://www.harryreidairport.com/,https://en.wikipedia.org/wiki/Harry_Reid_International_Airport
20319,KLAW,medium_airport,Lawton Fort Sill Regional Airport,34.567699,-98.416603,1110.0,NA,US,US-OK,Lawton,yes,KLAW,LAW,LAW,,https://en.wikipedia.org/wiki/Lawton-Fort_Sill_Regional_Airport
3632,KLAX,large_airport,Los Angeles International Airport,33.942501,-118.407997,125.0,NA,US,US-CA,Los Angeles,yes,KLAX,LAX,LAX,https://www.flylax.com/,https://en.wikipedia.org/wiki/Los_Angeles_International_Airport
3633,KLBB,medium_airport,Lubbock Preston Smith International Airport,33.663601,-101.822998,3282.0,NA,US,US-TX,Lubbock,yes,KLBB,LBB,LBB,http://www.flylia.com/,https://en.wikipedia.org/wiki/Lubbock_Preston_Smith_International_Airport
3634,KLBE,medium_airport,Arnold Palmer Regional Airport,40.275902,-79.4048,1199.0,NA,US,US-PA,Latrobe,yes,KLBE,LBE,LBE,,https://en.wikipedia.org/wiki/Arnold_Palmer_Regional_Airport
3635,KLBF,medium_airport,North Platte Regional Airport Lee Bird Field,41.12620163,-100.6839981,2777.0,NA,US,US-NE,North Platte,yes,KLBF,LBF,LBF,,https://en.wikipedia.org/wiki/North_Platte_Regional_Airport
3636,KLBL,medium_airport,Liberal Mid-America Regional Airport,37.0442009,-100.9599991,2885.0,NA,US,US-KS,Liberal,yes,KLBL,LBL,LBL,,https://en.wikipedia.org/wiki/Liberal_Municipal_Airport
20322,KLBT,medium_airport,Lumberton Regional Airport,34.610773,-79.05943,126.0,NA,US,US-NC,Lumberton,no,KLBT,LBT,LBT,http://www.lumbertonmunicipalairport.com/default.htm,https://en.wikipedia.org/wiki/Lumberton_Municipal_Airport
20323,KLBX,medium_airport,Texas Gulf Coast Regional Airport,29.108601,-95.462097,25.0,NA,US,US-TX,Angleton,no,KLBX,LJN,LBX,http://www.flylbx.org/,https://en.wikipedia.org/wiki/Texas_Gulf_Coast_Regional_Airport
3637,KLCH,medium_airport,Lake Charles Regional Airport,30.126100540161133,-93.22329711914062,15.0,NA,US,US-LA,Lake Charles,yes,KLCH,LCH,LCH,,https://en.wikipedia.org/wiki/Lake_Charles_Regional_Airport
3638,KLCK,medium_airport,Rickenbacker International Airport,39.813801,-82.927803,744.0,NA,US,US-OH,Columbus,yes,KLCK,LCK,LCK,http://rickenbackerinlandport.com/en/rickenbacker-international-airport/,https://en.wikipedia.org/wiki/Rickenbacker_International_Airport
20329,KLEE,medium_airport,Leesburg International Airport,28.82309914,-81.80870056,76.0,NA,US,US-FL,Leesburg,no,KLEE,LEE,LEE,http://www.leesburgflorida.gov/index.aspx?page=45,https://en.wikipedia.org/wiki/Leesburg_International_Airport
3640,KLEX,medium_airport,Blue Grass Airport,38.036499,-84.605904,979.0,NA,US,US-KY,Lexington,yes,KLEX,LEX,LEX,http://www.bluegrassairport.com/,https://en.wikipedia.org/wiki/Blue_Grass_Airport
3641,KLFI,medium_airport,Langley Air Force Base,37.082901,-76.360497,11.0,NA,US,US-VA,Hampton,no,KLFI,LFI,LFI,http://www.langleyafb.us/,https://en.wikipedia.org/wiki/Langley_Field
3642,KLFT,medium_airport,Lafayette Regional Airport,30.205299,-91.987602,42.0,NA,US,US-LA,Lafayette,yes,KLFT,LFT,LFT,http://www.lftairport.com/Home,https://en.wikipedia.org/wiki/Lafayette_Regional_Airport
3643,KLGA,large_airport,LaGuardia Airport,40.777199,-73.872597,21.0,NA,US,US-NY,New York,yes,KLGA,LGA,LGA,https://www.laguardiaairport.com/,https://en.wikipedia.org/wiki/LaGuardia_Airport
3644,KLGB,medium_airport,Long Beach Airport (Daugherty Field),33.816523,-118.149891,60.0,NA,US,US-CA,Long Beach,yes,KLGB,LGB,LGB,http://www.lgb.org/,https://en.wikipedia.org/wiki/Long_Beach_Airport
20337,KLGU,medium_airport,Logan-Cache Airport,41.7911987305,-111.851997375,4457.0,NA,US,US-UT,Logan,no,KLGU,LGU,LGU,http://logan-cacheairport.org/,https://en.wikipedia.org/wiki/Logan-Cache_Airport
3645,KLIT,medium_airport,Bill & Hillary Clinton National Airport/Adams Field,34.729582,-92.223728,262.0,NA,US,US-AR,Little Rock,yes,KLIT,LIT,LIT,,https://en.wikipedia.org/wiki/Little_Rock_National_Airport
20354,KLLQ,medium_airport,Monticello Municipal Ellis Field,33.638599,-91.750999,270.0,NA,US,US-AR,Monticello,no,KLLQ,,LLQ,,https://en.wikipedia.org/wiki/Monticello_Municipal_Airport_(Arkansas)
3646,KLMT,medium_airport,Crater Lake-Klamath Regional Airport,42.156101,-121.733002,4095.0,NA,US,US-OR,Klamath Falls,no,KLMT,LMT,LMT,,https://en.wikipedia.org/wiki/Klamath_Falls_Airport
3647,KLNK,medium_airport,Lincoln Airport,40.85100173950195,-96.75920104980467,1219.0,NA,US,US-NE,Lincoln,yes,KLNK,LNK,LNK,http://www.lincolnairport.com/,https://en.wikipedia.org/wiki/Lincoln_Airport_%28Nebraska%29
3648,KLNS,medium_airport,Lancaster Airport,40.121700286865234,-76.29609680175781,403.0,NA,US,US-PA,Lancaster,yes,KLNS,LNS,LNS,,https://en.wikipedia.org/wiki/Lancaster_Airport_(Pennsylvania)
3649,KLOU,medium_airport,Bowman Field,38.2280006409,-85.6636962891,546.0,NA,US,US-KY,Louisville,no,KLOU,LOU,LOU,http://www.flylouisville.com/bowman-field/fast-facts/,https://en.wikipedia.org/wiki/Bowman_Field_(airport)
3650,KLOZ,medium_airport,London-Corbin Airport/Magee Field,37.0821990967,-84.08489990230001,1212.0,NA,US,US-KY,London,no,KLOZ,LOZ,LOZ,http://www.london-corbinairport.com/,https://en.wikipedia.org/wiki/London-Corbin_Airport
3651,KLRD,medium_airport,Laredo International Airport,27.543800354003903,-99.46160125732422,508.0,NA,US,US-TX,Laredo,yes,KLRD,LRD,LRD,,https://en.wikipedia.org/wiki/Laredo_International_Airport
3653,KLRU,medium_airport,Las Cruces International Airport,32.289398,-106.921997,4456.0,NA,US,US-NM,Las Cruces,yes,KLRU,LRU,LRU,,https://en.wikipedia.org/wiki/Las_Cruces_International_Airport
3654,KLSE,medium_airport,La Crosse Regional Airport,43.879002,-91.256699,655.0,NA,US,US-WI,La Crosse,yes,KLSE,LSE,LSE,http://www.lseairport.com/,https://en.wikipedia.org/wiki/La_Crosse_Municipal_Airport
3655,KLSF,medium_airport,Lawson Army Air Field,32.332546,-84.988003,232.0,NA,US,US-GA,Fort Benning,no,KLSF,LSF,LSF,,https://en.wikipedia.org/wiki/Lawson_Army_Airfield
3656,KLSV,medium_airport,Nellis Air Force Base,36.2361984253,-115.033996582,1870.0,NA,US,US-NV,Las Vegas,no,KLSV,LSV,LSV,http://www.nellis.af.mil/,https://en.wikipedia.org/wiki/Nellis_Air_Force_Base
3657,KLTS,medium_airport,Altus Air Force Base,34.667099,-99.266701,1382.0,NA,US,US-OK,Altus,no,KLTS,LTS,LTS,http://www.altus.af.mil/,https://en.wikipedia.org/wiki/Altus_Air_Force_Base
3658,KLUF,medium_airport,Luke Air Force Base,33.535,-112.383003,1085.0,NA,US,US-AZ,Glendale,no,KLUF,LUF,LUF,http://www.luke.af.mil/,https://en.wikipedia.org/wiki/Luke_Air_Force_Base
3659,KLUK,medium_airport,Cincinnati Municipal Airport Lunken Field,39.102357,-84.418945,483.0,NA,US,US-OH,Cincinnati,yes,KLUK,LUK,LUK,,https://en.wikipedia.org/wiki/Cincinnati_Municipal_Airport
20386,KLVM,medium_airport,Mission Field,45.6994018555,-110.447998047,4660.0,NA,US,US-MT,Livingston,no,KLVM,LVM,LVM,http://www.parkcounty.org/site/Air_M_1.html#mf,https://en.wikipedia.org/wiki/Mission_Field
20388,KLVS,medium_airport,Las Vegas Municipal Airport,35.654202,-105.141998,6877.0,NA,US,US-NM,Las Vegas,no,KLVS,LVS,LVS,http://www.lasvegasnm.gov/business/municipal_airport/index.php,https://en.wikipedia.org/wiki/Las_Vegas_Municipal_Airport
20390,KLWB,medium_airport,Greenbrier Valley Airport,37.857914,-80.400438,2302.0,NA,US,US-WV,Lewisburg,yes,KLWB,LWB,LWB,,https://en.wikipedia.org/wiki/Greenbrier_Valley_Airport
3660,KLWM,medium_airport,Lawrence Municipal Airport,42.7172012329,-71.1233978271,148.0,NA,US,US-MA,Lawrence,no,KLWM,LWM,LWM,http://www.lawrencemunicipalairport.com/,https://en.wikipedia.org/wiki/Lawrence_Municipal_Airport_(Massachusetts)
20393,KLWS,medium_airport,Lewiston Nez Perce County Airport,46.3745002746582,-117.01499938964844,1442.0,NA,US,US-ID,Lewiston,yes,KLWS,LWS,LWS,,https://en.wikipedia.org/wiki/Lewiston-Nez_Perce_County_Airport
3661,KLWT,medium_airport,Lewistown Municipal Airport,47.048429,-109.466143,4170.0,NA,US,US-MT,Lewistown,no,KLWT,LWT,LWT,,https://en.wikipedia.org/wiki/Lewistown_Municipal_Airport
3662,KLYH,medium_airport,Lynchburg Regional Airport - Preston Glenn Field,37.326698,-79.200401,938.0,NA,US,US-VA,Lynchburg,yes,KLYH,LYH,LYH,,https://en.wikipedia.org/wiki/Lynchburg_Regional_Airport
3663,KMAF,medium_airport,Midland International Air and Space Port,31.942499,-102.202003,2871.0,NA,US,US-TX,Midland,yes,KMAF,MAF,MAF,,https://en.wikipedia.org/wiki/Midland_International_Airport
20474,KMBG,medium_airport,Mobridge Municipal Airport,45.54650116,-100.4079971,1716.0,NA,US,US-SD,Mobridge,no,KMBG,MBG,MBG,,https://en.wikipedia.org/wiki/Mobridge_Municipal_Airport
3666,KMCC,medium_airport,McClellan Airfield,38.667599,-121.401001,77.0,NA,US,US-CA,Sacramento,no,KMCC,MCC,MCC,,https://en.wikipedia.org/wiki/McClellan_Airfield
20480,KMCE,medium_airport,Merced Regional Macready Field,37.284698,-120.514,155.0,NA,US,US-CA,Merced,yes,KMCE,MCE,MCE,,https://en.wikipedia.org/wiki/Merced_Regional_Airport
3667,KMCF,medium_airport,MacDill Air Force Base,27.8493,-82.521202,14.0,NA,US,US-FL,Tampa,no,KMCF,MCF,MCF,http://www.macdill.af.mil/,https://en.wikipedia.org/wiki/MacDill_Air_Force_Base
3668,KMCI,large_airport,Kansas City International Airport,39.2976,-94.713898,1026.0,NA,US,US-MO,Kansas City,yes,KMCI,MCI,MCI,http://www.flykci.com/,https://en.wikipedia.org/wiki/Kansas_City_International_Airport
20481,KMCK,medium_airport,McCook Ben Nelson Regional Airport,40.207787,-100.592794,2583.0,NA,US,US-NE,McCook,yes,KMCK,MCK,MCK,,https://en.wikipedia.org/wiki/McCook_Regional_Airport
3669,KMCN,medium_airport,Middle Georgia Regional Airport,32.69279861450195,-83.64920043945312,354.0,NA,US,US-GA,Macon,yes,KMCN,MCN,MCN,,https://en.wikipedia.org/wiki/Middle_Georgia_Regional_Airport
3670,KMCO,large_airport,Orlando International Airport,28.429399490356445,-81.30899810791016,96.0,NA,US,US-FL,Orlando,yes,KMCO,MCO,MCO,http://www.orlandoairports.net/,https://en.wikipedia.org/wiki/Orlando_International_Airport
20482,KMCW,medium_airport,Mason City Municipal Airport,43.159801,-93.329716,1213.0,NA,US,US-IA,Mason City,yes,KMCW,MCW,MCW,http://flymcw.com/,https://en.wikipedia.org/wiki/Mason_City_Municipal_Airport
3671,KMDH,medium_airport,Southern Illinois Airport,37.778099,-89.251999,411.0,NA,US,US-IL,Murphysboro,no,KMDH,MDH,MDH,,https://en.wikipedia.org/wiki/Southern_Illinois_Airport
3672,KMDT,medium_airport,Harrisburg International Airport,40.193501,-76.763397,310.0,NA,US,US-PA,Harrisburg,yes,KMDT,MDT,MDT,http://www.flyhia.com/,https://en.wikipedia.org/wiki/Harrisburg_International_Airport
3673,KMDW,large_airport,Chicago Midway International Airport,41.785999,-87.752403,620.0,NA,US,US-IL,Chicago,yes,KMDW,MDW,MDW,https://www.flychicago.com/midway/home/pages/default.aspx,https://en.wikipedia.org/wiki/Midway_International_Airport
3674,KMEI,medium_airport,Key Field / Meridian Regional Airport,32.3326,-88.7519,297.0,NA,US,US-MS,Meridian,yes,KMEI,MEI,MEI,,https://en.wikipedia.org/wiki/Meridian_Regional_Airport
3675,KMEM,large_airport,Memphis International Airport,35.0424,-89.9767,341.0,NA,US,US-TN,Memphis,yes,KMEM,MEM,MEM,https://flymemphis.com/,https://en.wikipedia.org/wiki/Memphis_International_Airport
3676,KMER,medium_airport,Castle Airport,37.38050079,-120.5680008,191.0,NA,US,US-CA,Merced,no,KMER,MER,MER,,https://en.wikipedia.org/wiki/Castle_Airport
3677,KMFD,medium_airport,Mansfield Lahm Regional Airport,40.82139968869999,-82.5166015625,1297.0,NA,US,US-OH,Mansfield,no,KMFD,MFD,MFD,http://www.ci.mansfield.oh.us/index.php/lahm-airport,https://en.wikipedia.org/wiki/Mansfield_Lahm_Regional_Airport
3678,KMFE,medium_airport,McAllen Miller International Airport,26.176141,-98.237965,107.0,NA,US,US-TX,McAllen,yes,KMFE,MFE,MFE,,https://en.wikipedia.org/wiki/McAllen-Miller_International_Airport
3679,KMFR,medium_airport,Rogue Valley International Medford Airport,42.37419891357422,-122.8730010986328,1335.0,NA,US,US-OR,Medford,yes,KMFR,MFR,MFR,,https://en.wikipedia.org/wiki/Rogue_Valley_International-Medford_Airport
3680,KMGE,medium_airport,Dobbins Air Reserve Base,33.915401,-84.516296,1068.0,NA,US,US-GA,Marietta,no,KMGE,MGE,MGE,http://www.dobbins.afrc.af.mil/,https://en.wikipedia.org/wiki/Dobbins_Air_Reserve_Base
3681,KMGM,medium_airport,Montgomery Regional (Dannelly Field) Airport,32.300598,-86.393997,221.0,NA,US,US-AL,Montgomery,yes,KMGM,MGM,MGM,http://www.flymgm.com/,https://en.wikipedia.org/wiki/Montgomery_Regional_Airport
3682,KMGW,medium_airport,Morgantown Municipal Airport Walter L. (Bill) Hart Field,39.643305,-79.917598,1248.0,NA,US,US-WV,Morgantown,yes,KMGW,MGW,MGW,,https://en.wikipedia.org/wiki/Morgantown_Municipal_Airport
20506,KMHR,medium_airport,Sacramento Mather Airport,38.554744,-121.297989,98.0,NA,US,US-CA,Sacramento,no,KMHR,MHR,MHR,http://www.sacramento.aero/mhr/,https://en.wikipedia.org/wiki/Sacramento_Mather_Airport
3685,KMIA,large_airport,Miami International Airport,25.79319953918457,-80.29060363769531,8.0,NA,US,US-FL,Miami,yes,KMIA,MIA,MIA,http://www.miami-airport.com/,https://en.wikipedia.org/wiki/Miami_International_Airport
3687,KMIE,medium_airport,Delaware County Johnson Field,40.242298,-85.395897,937.0,NA,US,US-IN,Muncie,no,KMIE,MIE,MIE,,https://en.wikipedia.org/wiki/Delaware_County_Airport
3688,KMIV,medium_airport,Millville Municipal Airport,39.367802,-75.072197,85.0,NA,US,US-NJ,Millville,no,KMIV,MIV,MIV,,https://en.wikipedia.org/wiki/Millville_Executive_Airport
3689,KMKC,medium_airport,Charles B. Wheeler Downtown Airport,39.123199,-94.592796,759.0,NA,US,US-MO,Kansas City,no,KMKC,MKC,MKC,,https://en.wikipedia.org/wiki/Charles_B._Wheeler_Downtown_Airport
3690,KMKE,large_airport,General Mitchell International Airport,42.947201,-87.896599,723.0,NA,US,US-WI,Milwaukee,yes,KMKE,MKE,MKE,https://www.mitchellairport.com/,https://en.wikipedia.org/wiki/General_Mitchell_International_Airport
3692,KMKL,medium_airport,McKellar-Sipes Regional Airport,35.599899,-88.915604,434.0,NA,US,US-TN,Jackson,yes,KMKL,MKL,MKL,http://mckellarsipes.com/,https://en.wikipedia.org/wiki/McKellar-Sipes_Regional_Airport
3693,KMLB,medium_airport,Melbourne Orlando International Airport,28.1028,-80.645302,33.0,NA,US,US-FL,Melbourne,yes,KMLB,MLB,MLB,https://www.mlbair.com/,https://en.wikipedia.org/wiki/Melbourne_International_Airport
3695,KMLI,medium_airport,Quad City International Airport,41.448502,-90.5075,590.0,NA,US,US-IL,Moline,yes,KMLI,MLI,MLI,,https://en.wikipedia.org/wiki/Quad_City_International_Airport
3696,KMLS,medium_airport,Miles City Airport - Frank Wiley Field,46.427268,-105.885372,2630.0,NA,US,US-MT,Miles City,no,KMLS,MLS,MLS,,https://en.wikipedia.org/wiki/Miles_City_Municipal_Airport
3697,KMLU,medium_airport,Monroe Regional Airport,32.510899,-92.037697,79.0,NA,US,US-LA,Monroe,yes,KMLU,MLU,MLU,,https://en.wikipedia.org/wiki/Monroe_Regional_Airport
20532,KMMT,medium_airport,Mc Entire Joint National Guard Base,33.92079926,-80.80130005,254.0,NA,US,US-SC,Eastover,no,KMMT,MMT,MMT,,https://en.wikipedia.org/wiki/McEntire_Joint_National_Guard_Base
3698,KMMU,medium_airport,Morristown Municipal Airport,40.799062,-74.414949,187.0,NA,US,US-NJ,Morristown,no,KMMU,MMU,MMU,,https://en.wikipedia.org/wiki/Morristown_Municipal_Airport
3699,KMMV,medium_airport,Mc Minnville Municipal Airport,45.19440079,-123.1360016,163.0,NA,US,US-OR,Mc Minnville,no,KMMV,,MMV,,https://en.wikipedia.org/wiki/McMinnville_Municipal_Airport
3700,KMOB,medium_airport,Mobile Regional Airport,30.6912,-88.242798,219.0,NA,US,US-AL,Mobile,yes,KMOB,MOB,MOB,http://www.mobairport.com/,https://en.wikipedia.org/wiki/Mobile_Regional_Airport
3701,KMOD,medium_airport,Modesto City Co-Harry Sham Field,37.625801,-120.954002,97.0,NA,US,US-CA,Modesto,no,KMOD,MOD,MOD,,https://en.wikipedia.org/wiki/Modesto_City-County_Airport
3702,KMOT,medium_airport,Minot International Airport,48.2593994140625,-101.27999877929688,1716.0,NA,US,US-ND,Minot,yes,KMOT,MOT,MOT,,https://en.wikipedia.org/wiki/Minot_International_Airport
3703,KMQY,medium_airport,Smyrna Airport,36.0089988708,-86.5201034546,543.0,NA,US,US-TN,Smyrna,no,KMQY,MQY,MQY,http://www.smyrnaairport.com/,https://en.wikipedia.org/wiki/Smyrna_Airport_(Tennessee)
3704,KMRB,medium_airport,Eastern WV Regional Airport/Shepherd Field,39.40190125,-77.98459625,565.0,NA,US,US-WV,Martinsburg,no,KMRB,MRB,MRB,http://www.wvairport.org/,https://en.wikipedia.org/wiki/Eastern_WV_Regional_Airport
3705,KMRY,medium_airport,Monterey Peninsula Airport,36.58700180053711,-121.84300231933594,257.0,NA,US,US-CA,Monterey,yes,KMRY,MRY,MRY,,https://en.wikipedia.org/wiki/Monterey_Peninsula_Airport
3706,KMSL,medium_airport,Northwest Alabama Regional Airport,34.745123,-87.612981,551.0,NA,US,US-AL,Muscle Shoals,yes,KMSL,MSL,MSL,,https://en.wikipedia.org/wiki/Northwest_Alabama_Regional_Airport
3707,KMSN,medium_airport,Dane County Regional Truax Field,43.1399,-89.337502,887.0,NA,US,US-WI,Madison,yes,KMSN,MSN,MSN,,https://en.wikipedia.org/wiki/Dane_County_Regional_Airport
3708,KMSO,medium_airport,Missoula International Airport,46.91630173,-114.0910034,3206.0,NA,US,US-MT,Missoula,yes,KMSO,MSO,MSO,,https://en.wikipedia.org/wiki/Missoula_International_Airport
3709,KMSP,large_airport,Minneapolis–Saint Paul International Airport / Wold–Chamberlain Field,44.880081,-93.221741,841.0,NA,US,US-MN,Minneapolis,yes,KMSP,MSP,MSP,http://www.mspairport.com/,https://en.wikipedia.org/wiki/Minneapolis–Saint_Paul_International_Airport
3711,KMSY,large_airport,Louis Armstrong New Orleans International Airport,29.993401,-90.258003,4.0,NA,US,US-LA,New Orleans,yes,KMSY,MSY,MSY,https://flymsy.com/,https://en.wikipedia.org/wiki/Louis_Armstrong_New_Orleans_International_Airport
20564,KMTH,medium_airport,The Florida Keys Marathon Airport,24.726101,-81.051399,5.0,NA,US,US-FL,Marathon,no,KMTH,MTH,MTH,http://marathonga.com/,https://en.wikipedia.org/wiki/Florida_Keys_Marathon_Airport
20565,KMTJ,medium_airport,Montrose Regional Airport,38.5098,-107.893997,5759.0,NA,US,US-CO,Montrose,yes,KMTJ,MTJ,MTJ,https://montroseairport.com/,https://en.wikipedia.org/wiki/Montrose_Regional_Airport
3713,KMTN,medium_airport,Martin State Airport,39.325699,-76.413803,21.0,NA,US,US-MD,Baltimore,no,KMTN,MTN,MTN,,https://en.wikipedia.org/wiki/Martin_State_Airport
3714,KMUI,medium_airport,Muir Army Air Field (Fort Indiantown Gap) Airport,40.435214,-76.568661,488.0,NA,US,US-PA,Fort Indiantown Gap(Annville),no,KMUI,MUI,MUI,,https://en.wikipedia.org/wiki/Muir_Army_Airfield
3715,KMUO,medium_airport,Mountain Home Air Force Base,43.043598,-115.872002,2996.0,NA,US,US-ID,Mountain Home,no,KMUO,MUO,MUO,http://www.mountainhome.af.mil/,https://en.wikipedia.org/wiki/Mountain_Home_Air_Force_Base
20579,KMWA,medium_airport,Veterans Airport of Southern Illinois,37.751208,-89.016568,472.0,NA,US,US-IL,Marion,yes,KMWA,MWA,MWA,,https://en.wikipedia.org/wiki/Veterans_Airport_of_Southern_Illinois
20581,KMWH,medium_airport,Grant County International Airport,47.20769882,-119.3199997,1189.0,NA,US,US-WA,Moses Lake,no,KMWH,MWH,MWH,http://www.portofmoseslake.com/the-center-of-washington-aviation/,https://en.wikipedia.org/wiki/Grant_County_International_Airport
3716,KMXF,medium_airport,Maxwell Air Force Base,32.3829,-86.365799,171.0,NA,US,US-AL,Montgomery,no,KMXF,MXF,MXF,,https://en.wikipedia.org/wiki/Maxwell_Air_Force_Base
20591,KMYL,medium_airport,McCall Municipal Airport,44.888837,-116.101112,5024.0,NA,US,US-ID,McCall,yes,KMYL,MYL,MYL,http://www.mccall.id.us/services/airport.html,https://en.wikipedia.org/wiki/McCall_Municipal_Airport
3717,KMYR,medium_airport,Myrtle Beach International Airport,33.679699,-78.928299,25.0,NA,US,US-SC,Myrtle Beach,yes,KMYR,MYR,MYR,https://www.flymyrtlebeach.com,https://en.wikipedia.org/wiki/Myrtle_Beach_International_Airport
3718,KMYV,medium_airport,Yuba County Airport,39.09780121,-121.5699997,64.0,NA,US,US-CA,Marysville,no,KMYV,MYV,MYV,http://www.yubacoairport.com/,https://en.wikipedia.org/wiki/Yuba_County_Airport
3719,KNBC,medium_airport,Beaufort MCAS - Merritt Field,32.4774017334,-80.723197937,37.0,NA,US,US-SC,Beaufort,no,KNBC,,NBC,,https://en.wikipedia.org/wiki/Marine_Corps_Air_Station_Beaufort
3720,KNBG,medium_airport,New Orleans NAS JRB/Alvin Callender Field,29.82530022,-90.03500366,2.0,NA,US,US-LA,New Orleans,no,KNBG,NBG,NBG,,https://en.wikipedia.org/wiki/Naval_Air_Station_Joint_Reserve_Base_New_Orleans
3721,KNCA,medium_airport,MCAS New River / McCutcheon Field,34.708401,-77.439697,26.0,NA,US,US-NC,Jacksonville,no,KNCA,,NCA,,https://en.wikipedia.org/wiki/Marine_Corps_Air_Station_New_River
20634,KNDZ,medium_airport,Whiting Field Naval Air Station South Airport,30.704399,-87.023003,177.0,NA,US,US-FL,Milton,no,KNDZ,,NDZ,,https://en.wikipedia.org/wiki/Naval_Air_Station_Whiting_Field_%E2%80%93_South
3722,KNEL,medium_airport,Lakehurst Maxfield Field Airport,40.03329849,-74.353302,101.0,NA,US,US-NJ,Lakehurst,no,KNEL,NEL,NEL,,https://en.wikipedia.org/wiki/Naval_Air_Engineering_Station_Lakehurst
3723,KNEW,medium_airport,Lakefront Airport,30.042400360107,-90.028297424316,8.0,NA,US,US-LA,New Orleans,no,KNEW,NEW,NEW,http://www.lakefrontairport.com/,https://en.wikipedia.org/wiki/New_Orleans_Lakefront_Airport
3724,KNFG,medium_airport,Camp Pendleton MCAS (Munn Field) Airport,33.30130005,-117.3550034,78.0,NA,US,US-CA,Oceanside,no,KNFG,,NFG,,https://en.wikipedia.org/wiki/Marine_Corps_Air_Station_Camp_Pendleton
3726,KNGP,medium_airport,Naval Air Station Corpus Christi Truax Field,27.6926,-97.2911,18.0,NA,US,US-TX,Corpus Christi,no,KNGP,NGP,NGP,https://cnrse.cnic.navy.mil/Installations/NAS-Corpus-Christi/,https://en.wikipedia.org/wiki/Naval_Air_Station_Corpus_Christi
3727,KNGU,medium_airport,Norfolk Naval Station (Chambers Field),36.937599,-76.289299,17.0,NA,US,US-VA,Norfolk,no,KNGU,NGU,NGU,,https://en.wikipedia.org/wiki/Naval_Station_Norfolk
3728,KNHK,medium_airport,Patuxent River Naval Air Station (Trapnell Field),38.285999,-76.411797,39.0,NA,US,US-MD,Patuxent River,no,KNHK,NHK,NHK,,https://en.wikipedia.org/wiki/Naval_Air_Station_Patuxent_River
3730,KNIP,medium_airport,Jacksonville Naval Air Station (Towers Field),30.2358,-81.680603,21.0,NA,US,US-FL,Jacksonville,no,KNIP,NIP,NIP,,https://en.wikipedia.org/wiki/Naval_Air_Station_Jacksonville
3731,KNJK,medium_airport,El Centro NAF Airport (Vraciu Field),32.829201,-115.671996,-42.0,NA,US,US-CA,El Centro,no,KNJK,NJK,NJK,https://www.cnic.navy.mil/regions/cnrsw/installations/naf_el_centro.html,https://en.wikipedia.org/wiki/Naval_Air_Facility_El_Centro
3733,KNKX,medium_airport,Miramar Marine Corps Air Station - Mitscher Field,32.86840057,-117.1429977,477.0,NA,US,US-CA,San Diego,no,KNKX,NKX,NKX,http://www.miramar.marines.mil/,https://en.wikipedia.org/wiki/Marine_Corps_Air_Station_Miramar
20647,KNLC,medium_airport,Lemoore Naval Air Station (Reeves Field) Airport,36.33300018,-119.9520035,232.0,NA,US,US-CA,Lemoore,no,KNLC,NLC,NLC,http://www.cnic.navy.mil/regions/cnrsw/installations/nas_lemoore.html,https://en.wikipedia.org/wiki/Naval_Air_Station_Lemoore
3734,KNMM,medium_airport,Naval Air Station Meridian / McCain Field,32.5531,-88.55406,316.0,NA,US,US-MS,Lauderdale,no,KNMM,,NMM,,https://en.wikipedia.org/wiki/Naval_Air_Station_Meridian
3735,KNPA,medium_airport,Naval Air Station Pensacola Forrest Sherman Field,30.352699,-87.318604,28.0,NA,US,US-FL,Pensacola,no,KNPA,NPA,NPA,http://www.cnic.navy.mil/regions/cnrse/installations/nas_pensacola.html,https://en.wikipedia.org/wiki/Naval_Air_Station_Pensacola
3736,KNQA,medium_airport,Millington-Memphis Airport,35.356701,-89.8703,320.0,NA,US,US-TN,Millington,no,KNQA,NQA,NQA,https://millingtonairport.com/,https://en.wikipedia.org/wiki/Millington-Memphis_Airport
3737,KNQI,medium_airport,Kingsville Naval Air Station,27.5072002411,-97.8097000122,50.0,NA,US,US-TX,Kingsville,no,KNQI,NQI,NQI,http://www.cnic.navy.mil/regions/cnrse/installations/nas_kingsville.html,https://en.wikipedia.org/wiki/Naval_Air_Station_Kingsville
3738,KNQX,medium_airport,Naval Air Station Key West/Boca Chica Field,24.57579994,-81.68890381,6.0,NA,US,US-FL,Key West,no,KNQX,NQX,NQX,http://www.cnic.navy.mil/regions/cnrse/installations/nas_key_west.html,https://en.wikipedia.org/wiki/Naval_Air_Station_Key_West
20652,KNRB,medium_airport,Naval Station Mayport / Admiral David L McDonald Field,30.3911,-81.424698,15.0,NA,US,US-FL,Jacksonville,no,KNRB,NRB,NRB,http://www.cnic.navy.mil/regions/cnrse/installations/ns_mayport.html,https://en.wikipedia.org/wiki/Naval_Station_Mayport
20656,KNSE,medium_airport,Whiting Field Naval Air Station - North,30.7241993,-87.02189636,199.0,NA,US,US-FL,Milton,no,KNSE,NSE,NSE,,https://en.wikipedia.org/wiki/Naval_Air_Station_Whiting_Field_%E2%80%93_North
3739,KNTD,medium_airport,Point Mugu Naval Air Station (Naval Base Ventura Co),34.120300293,-119.121002197,13.0,NA,US,US-CA,Point Mugu,no,KNTD,NTD,NTD,,https://en.wikipedia.org/wiki/Naval_Air_Station_Point_Mugu
3740,KNTU,medium_airport,Oceana Naval Air Station,36.820702,-76.033501,23.0,NA,US,US-VA,Virginia Beach,no,KNTU,NTU,NTU,,https://en.wikipedia.org/wiki/Naval_Air_Station_Oceana
3741,KNUQ,medium_airport,Moffett Federal Airfield,37.4161,-122.049004,32.0,NA,US,US-CA,Mountain View,no,KNUQ,NUQ,NUQ,,https://en.wikipedia.org/wiki/Moffett_Federal_Airfield
20661,KNUW,medium_airport,Whidbey Island Naval Air Station (Ault Field),48.351799,-122.655998,47.0,NA,US,US-WA,Oak Harbor,no,KNUW,NUW,NUW,,https://en.wikipedia.org/wiki/Naval_Air_Station_Whidbey_Island
20669,KNYG,medium_airport,Quantico Marine Corps Airfield / Turner Field,38.501701,-77.305298,10.0,NA,US,US-VA,Quantico,no,KNYG,NYG,NYG,,https://en.wikipedia.org/wiki/Marine_Corps_Air_Facility_Quantico
3961,KNYL,medium_airport,Yuma International Airport / Marine Corps Air Station Yuma,32.650938,-114.609375,213.0,NA,US,US-AZ,Yuma,yes,KNYL,YUM,NYL,,https://en.wikipedia.org/wiki/Yuma_International_Airport
3743,KNZY,medium_airport,North Island Naval Air Station-Halsey Field,32.69919968,-117.2149963,26.0,NA,US,US-CA,San Diego,no,KNZY,NZY,NZY,,https://en.wikipedia.org/wiki/Naval_Air_Station_North_Island
20709,KOAJ,medium_airport,Albert J Ellis Airport,34.829201,-77.612099,94.0,NA,US,US-NC,Richlands,yes,KOAJ,OAJ,OAJ,https://flyoaj.com/,https://en.wikipedia.org/wiki/Albert_J._Ellis_Airport
3744,KOAK,large_airport,San Francisco Bay Oakland International Airport,37.720085,-122.221184,9.0,NA,US,US-CA,Oakland,yes,KOAK,OAK,OAK,http://www.oaklandairport.com/,https://en.wikipedia.org/wiki/Oakland_International_Airport
3745,KOFF,medium_airport,Offutt Air Force Base,41.119307,-95.90851,1052.0,NA,US,US-NE,Omaha,no,KOFF,OFF,OFF,http://www.offutt.af.mil/,https://en.wikipedia.org/wiki/Offutt_Air_Force_Base
20722,KOFK,medium_airport,Karl Stefan Memorial Airport,41.985500335693,-97.435096740723,1573.0,NA,US,US-NE,Norfolk,no,KOFK,OFK,OFK,http://www.norfolkairportservices.com/default.htm,https://en.wikipedia.org/wiki/Norfolk_Regional_Airport
20725,KOGB,medium_airport,Orangeburg Municipal Airport,33.456798553467,-80.859497070312,195.0,NA,US,US-SC,Orangeburg,no,KOGB,OGB,OGB,http://www.orangeburg.sc.us/index.php?option=com_content&view=article&id=18&Itemid=69,https://en.wikipedia.org/wiki/Orangeburg_Municipal_Airport
3746,KOGD,medium_airport,Ogden Hinckley Airport,41.195899963379,-112.0120010376,4473.0,NA,US,US-UT,Ogden,yes,KOGD,OGD,OGD,http://flyogden.com/,https://en.wikipedia.org/wiki/Ogden-Hinckley_Airport
3747,KOKC,large_airport,Will Rogers World Airport,35.393388,-97.598248,1295.0,NA,US,US-OK,Oklahoma City,yes,KOKC,OKC,OKC,https://flyokc.com/,https://en.wikipedia.org/wiki/Will_Rogers_World_Airport
20739,KOLF,medium_airport,L M Clayton Airport,48.094501,-105.574997,1986.0,NA,US,US-MT,Wolf Point,yes,KOLF,OLF,OLF,,https://en.wikipedia.org/wiki/L._M._Clayton_Airport
3749,KOLM,medium_airport,Olympia Regional Airport,46.969399,-122.903,209.0,NA,US,US-WA,Olympia,yes,KOLM,OLM,OLM,,https://en.wikipedia.org/wiki/Olympia_Airport
20741,KOLS,medium_airport,Nogales International Airport,31.4177,-110.848,3955.0,NA,US,US-AZ,Nogales,no,KOLS,OLS,OLS,,https://en.wikipedia.org/wiki/Nogales_International_Airport
3750,KOLU,medium_airport,Columbus Municipal Airport,41.448145,-97.340174,1447.0,NA,US,US-NE,Columbus,no,KOLU,OLU,OLU,,https://en.wikipedia.org/wiki/Columbus_Municipal_Airport_(Nebraska)
3751,KOMA,large_airport,Eppley Airfield,41.3032,-95.894096,984.0,NA,US,US-NE,Omaha,yes,KOMA,OMA,OMA,https://www.flyoma.com,https://en.wikipedia.org/wiki/Eppley_Airfield
20751,KONO,medium_airport,Ontario Municipal Airport,44.0198,-117.013289,2193.0,NA,US,US-OR,Oregon,no,KONO,ONO,ONO,https://www.ontariooregon.org/airport.html,https://en.wikipedia.org/wiki/Ontario_Municipal_Airport
20752,KONP,medium_airport,Newport Municipal Airport,44.580399,-124.057999,160.0,NA,US,US-OR,Newport,no,KONP,ONP,ONP,,https://en.wikipedia.org/wiki/Newport_Municipal_Airport_(Oregon)
3752,KONT,large_airport,Ontario International Airport,34.056,-117.600998,944.0,NA,US,US-CA,Ontario,yes,KONT,ONT,ONT,https://www.flyontario.com/,https://en.wikipedia.org/wiki/LA/Ontario_International_Airport
20757,KOPF,medium_airport,Miami-Opa Locka Executive Airport,25.907,-80.278397,8.0,NA,US,US-FL,Miami,yes,KOPF,OPF,OPF,http://www.miami-airport.com/html/opalocka.html,https://en.wikipedia.org/wiki/Miami-Opa_Locka_Executive_Airport
3753,KOQU,medium_airport,Quonset State Airport,41.597099304199,-71.412101745605,18.0,NA,US,US-RI,North Kingstown,no,KOQU,NCO,OQU,,https://en.wikipedia.org/wiki/Quonset_State_Airport
3754,KORD,large_airport,Chicago O'Hare International Airport,41.9786,-87.9048,680.0,NA,US,US-IL,Chicago,yes,KORD,ORD,ORD,https://www.flychicago.com/ohare/home/pages/default.aspx,https://en.wikipedia.org/wiki/O'Hare_International_Airport
3755,KORF,large_airport,Norfolk International Airport,36.895341,-76.201,26.0,NA,US,US-VA,Norfolk,yes,KORF,ORF,ORF,https://www.norfolkairport.com/,https://en.wikipedia.org/wiki/Norfolk_International_Airport
3757,KOSH,medium_airport,Wittman Regional Airport,43.98440170288086,-88.55699920654297,808.0,NA,US,US-WI,Oshkosh,no,KOSH,OSH,OSH,http://www.wittmanairport.com/,https://en.wikipedia.org/wiki/Wittman_Regional_Airport
3758,KOSU,medium_airport,The Ohio State University Airport - Don Scott Field,40.0798,-83.072998,905.0,NA,US,US-OH,Columbus,no,KOSU,OSU,OSU,https://osuairport.org/,https://en.wikipedia.org/wiki/Ohio_State_University_Airport
3759,KOTH,medium_airport,Southwest Oregon Regional Airport,43.41709899902344,-124.24600219726562,17.0,NA,US,US-OR,North Bend,yes,KOTH,OTH,OTH,,https://en.wikipedia.org/wiki/Southwest_Oregon_Regional_Airport
3760,KOTM,medium_airport,Ottumwa Regional Airport,41.106368,-92.449837,845.0,NA,US,US-IA,Ottumwa,no,KOTM,OTM,OTM,,https://en.wikipedia.org/wiki/Ottumwa_Regional_Airport
3761,KOWB,medium_airport,Owensboro Daviess County Airport,37.74010086,-87.16680145,407.0,NA,US,US-KY,Owensboro,yes,KOWB,OWB,OWB,,https://en.wikipedia.org/wiki/Owensboro-Daviess_County_Regional_Airport
20777,KOWD,medium_airport,Norwood Memorial Airport,42.1904983521,-71.1728973389,49.0,NA,US,US-MA,Norwood,no,KOWD,OWD,OWD,http://www.ci.norwood.ma.us/Airport/Default.htm,https://en.wikipedia.org/wiki/Norwood_Memorial_Airport
20785,KOXR,medium_airport,Oxnard Airport,34.200801849365,-119.20700073242,45.0,NA,US,US-CA,Oxnard,no,KOXR,OXR,OXR,,https://en.wikipedia.org/wiki/Oxnard_Airport
3762,KOZR,medium_airport,Cairns AAF (Fort Rucker) Air Field,31.27569962,-85.71340179,301.0,NA,US,US-AL,Fort Rucker/Ozark,no,KOZR,OZR,OZR,,https://en.wikipedia.org/wiki/Cairns_Army_Airfield
3763,KPAE,medium_airport,Seattle Paine Field International Airport,47.9063,-122.281998,606.0,NA,US,US-WA,Everett,yes,KPAE,PAE,PAE,,https://en.wikipedia.org/wiki/Paine_Field
3764,KPAH,medium_airport,Barkley Regional Airport,37.06079864501953,-88.7738037109375,410.0,NA,US,US-KY,Paducah,yes,KPAH,PAH,PAH,,https://en.wikipedia.org/wiki/Barkley_Regional_Airport
3765,KPAM,medium_airport,Tyndall Air Force Base,30.069599,-85.575401,17.0,NA,US,US-FL,Panama City,no,KPAM,PAM,PAM,http://www.tyndall.af.mil/,https://en.wikipedia.org/wiki/Tyndall_Air_Force_Base
20807,KPBF,medium_airport,"Pine Bluff Regional Airport, Grider Field",34.174121,-91.935643,206.0,NA,US,US-AR,Pine Bluff,no,KPBF,PBF,PBF,http://www.pbaviation.com,https://en.wikipedia.org/wiki/Grider_Field
3766,KPBI,large_airport,Palm Beach International Airport,26.683201,-80.095596,19.0,NA,US,US-FL,West Palm Beach,yes,KPBI,PBI,PBI,https://www.pbia.org/,https://en.wikipedia.org/wiki/Palm_Beach_International_Airport
20812,KPCW,medium_airport,Carl R Keller Field,41.515647,-82.868328,590.0,NA,US,US-OH,Port Clinton,yes,KPCW,,PCW,,https://en.wikipedia.org/wiki/Erie%E2%80%93Ottawa_International_Airport
20815,KPDT,medium_airport,Eastern Oregon Regional Airport at Pendleton,45.695099,-118.841003,1497.0,NA,US,US-OR,Pendleton,yes,KPDT,PDT,PDT,,https://en.wikipedia.org/wiki/Eastern_Oregon_Regional_Airport
3768,KPDX,large_airport,Portland International Airport,45.588699,-122.598,31.0,NA,US,US-OR,Portland,yes,KPDX,PDX,PDX,https://www.flypdx.com/,https://en.wikipedia.org/wiki/Portland_International_Airport
20821,KPGA,medium_airport,Page Municipal Airport,36.924234,-111.447716,4316.0,NA,US,US-AZ,Page,yes,KPGA,PGA,PGA,,https://en.wikipedia.org/wiki/Page_Municipal_Airport
20822,KPGD,medium_airport,Punta Gorda Airport,26.9202,-81.990501,26.0,NA,US,US-FL,Punta Gorda,yes,KPGD,PGD,PGD,http://www.flypgd.com/,https://en.wikipedia.org/wiki/Punta_Gorda_Airport_(Florida)
20824,KPGV,medium_airport,Pitt-Greenville Airport,35.635535,-77.384262,26.0,NA,US,US-NC,Greenville,yes,KPGV,PGV,PGV,,https://en.wikipedia.org/wiki/Pitt-Greenville_Airport
3770,KPHF,medium_airport,Newport News Williamsburg International Airport,37.131901,-76.492996,42.0,NA,US,US-VA,Newport News,yes,KPHF,PHF,PHF,,https://en.wikipedia.org/wiki/Newport_News/Williamsburg_International_Airport
3771,KPHL,large_airport,Philadelphia International Airport,39.871899,-75.241096,36.0,NA,US,US-PA,Philadelphia,yes,KPHL,PHL,PHL,http://www.phl.org/,https://en.wikipedia.org/wiki/Philadelphia_International_Airport
3772,KPHX,large_airport,Phoenix Sky Harbor International Airport,33.435302,-112.005905,1135.0,NA,US,US-AZ,Phoenix,yes,KPHX,PHX,PHX,http://phoenix.gov/skyharborairport/,https://en.wikipedia.org/wiki/Phoenix_Sky_Harbor_International_Airport
3773,KPIA,medium_airport,General Wayne A. Downing Peoria International Airport,40.6642,-89.693298,660.0,NA,US,US-IL,Peoria,yes,KPIA,PIA,PIA,,https://en.wikipedia.org/wiki/General_Wayne_A._Downing_Peoria_International_Airport
3774,KPIB,medium_airport,Hattiesburg Laurel Regional Airport,31.4671,-89.337097,298.0,NA,US,US-MS,Moselle,yes,KPIB,PIB,PIB,,https://en.wikipedia.org/wiki/Hattiesburg-Laurel_Regional_Airport
3775,KPIE,medium_airport,St. Petersburg Clearwater International Airport,27.9102,-82.687401,11.0,NA,US,US-FL,Pinellas Park,yes,KPIE,PIE,PIE,,https://en.wikipedia.org/wiki/St._Petersburg-Clearwater_International_Airport
3776,KPIH,medium_airport,Pocatello Regional Airport,42.9098014831543,-112.59600067138672,4452.0,NA,US,US-ID,Pocatello,yes,KPIH,PIH,PIH,,https://en.wikipedia.org/wiki/Pocatello_Regional_Airport
3777,KPIR,medium_airport,Pierre Regional Airport,44.38270187,-100.2860031,1744.0,NA,US,US-SD,Pierre,yes,KPIR,PIR,PIR,,https://en.wikipedia.org/wiki/Pierre_Regional_Airport
3778,KPIT,large_airport,Pittsburgh International Airport,40.491501,-80.232903,1203.0,NA,US,US-PA,Pittsburgh,yes,KPIT,PIT,PIT,https://flypittsburgh.com/,https://en.wikipedia.org/wiki/Pittsburgh_International_Airport
3779,KPKB,medium_airport,Mid Ohio Valley Regional Airport,39.3451,-81.439201,858.0,NA,US,US-WV,Parkersburg (Williamstown),yes,KPKB,PKB,PKB,,https://en.wikipedia.org/wiki/Mid-Ohio_Valley_Regional_Airport
3781,KPLN,medium_airport,Pellston Regional Airport of Emmet County Airport,45.57089996,-84.79669952,721.0,NA,US,US-MI,Pellston,yes,KPLN,PLN,PLN,,https://en.wikipedia.org/wiki/Pellston_Regional_Airport
3782,KPMD,medium_airport,Palmdale Regional Airport / USAF Plant 42 Airport,34.629398,-118.084999,2543.0,NA,US,US-CA,Palmdale,no,KPMD,PMD,PMD,,https://en.wikipedia.org/wiki/LA/Palmdale_Regional_Airport
20848,KPNA,medium_airport,Ralph Wenz Field,42.79550171,-109.8069992,7102.0,NA,US,US-WY,Pinedale,no,KPNA,PWY,PNA,http://www.pinedaleonline.com/pinedaleairport.HTM,https://en.wikipedia.org/wiki/Ralph_Wenz_Field
20849,KPNC,medium_airport,Ponca City Regional Airport,36.73199844,-97.09980011,1008.0,NA,US,US-OK,Ponca City,no,KPNC,PNC,PNC,http://www.poncacityok.gov/index.aspx?nid=181,https://en.wikipedia.org/wiki/Ponca_City_Regional_Airport
20850,KPNE,medium_airport,Northeast Philadelphia Airport,40.082406,-75.010614,120.0,NA,US,US-PA,Philadelphia,no,KPNE,PNE,PNE,http://www.phl.org/pne/pne.html,https://en.wikipedia.org/wiki/Northeast_Philadelphia_Airport
3783,KPNS,medium_airport,Pensacola International Airport,30.4734,-87.1866,121.0,NA,US,US-FL,Pensacola,yes,KPNS,PNS,PNS,http://www.flypensacola.com/,https://en.wikipedia.org/wiki/Pensacola_Regional_Airport
3784,KPOB,medium_airport,Pope Field,35.170898,-79.014503,217.0,NA,US,US-NC,Fort Bragg,no,KPOB,POB,POB,http://www.pope.af.mil/,https://en.wikipedia.org/wiki/Pope_Field
3785,KPOE,medium_airport,Polk Army Air Field,31.0447998,-93.1917038,330.0,NA,US,US-LA,Fort Polk,no,KPOE,POE,POE,http://www.jrtc-polk.army.mil/,
3786,KPOU,medium_airport,Dutchess County Airport,41.6265983581543,-73.88420104980469,165.0,NA,US,US-NY,Poughkeepsie,no,KPOU,POU,POU,,https://en.wikipedia.org/wiki/Dutchess_County_Airport
3787,KPQI,medium_airport,Presque Isle International Airport,46.688999,-68.0448,534.0,NA,US,US-ME,Presque Isle,yes,KPQI,PQI,PQI,,https://en.wikipedia.org/wiki/Presque_Isle_International_Airport
3788,KPRB,medium_airport,Paso Robles Municipal Airport,35.67290115,-120.6269989,840.0,NA,US,US-CA,Paso Robles,no,KPRB,PRB,PRB,http://www.prcity.com/government/departments/publicworks/airport/,https://en.wikipedia.org/wiki/Paso_Robles_Municipal_Airport
3789,KPRC,medium_airport,Prescott International Airport - Ernest A. Love Field,34.654499,-112.419998,5045.0,NA,US,US-AZ,Prescott,yes,KPRC,PRC,PRC,,https://en.wikipedia.org/wiki/Ernest_A._Love_Field
20870,KPSC,medium_airport,Tri Cities Airport,46.264702,-119.119003,410.0,NA,US,US-WA,Pasco,yes,KPSC,PSC,PSC,,https://en.wikipedia.org/wiki/Tri-Cities_Airport_(Washington)
3791,KPSM,medium_airport,Portsmouth International at Pease Airport,43.0778999329,-70.8233032227,100.0,NA,US,US-NH,Portsmouth,yes,KPSM,PSM,PSM,,https://en.wikipedia.org/wiki/Pease_International_Airport
3792,KPSP,medium_airport,Palm Springs International Airport,33.8297,-116.507004,477.0,NA,US,US-CA,Palm Springs,yes,KPSP,PSP,PSP,http://www.palmspringsca.gov/index.aspx?page=270,https://en.wikipedia.org/wiki/Palm_Springs_International_Airport
3794,KPUB,medium_airport,Pueblo Memorial Airport,38.289101,-104.497002,4726.0,NA,US,US-CO,Pueblo,yes,KPUB,PUB,PUB,,https://en.wikipedia.org/wiki/Pueblo_Memorial_Airport
3795,KPVD,large_airport,Theodore Francis Green State Airport,41.725038,-71.425668,55.0,NA,US,US-RI,Warwick,yes,KPVD,PVD,PVD,https://flyri.com/,https://en.wikipedia.org/wiki/T._F._Green_Airport
20890,KPVU,medium_airport,Provo-Utah Lake International Airport,40.2192,-111.723,4497.0,NA,US,US-UT,Provo,yes,KPVU,PVU,PVU,http://www.provo.org/city-services/airport,https://en.wikipedia.org/wiki/Provo_Municipal_Airport
20896,KPWK,medium_airport,Chicago Executive Airport,42.114222,-87.901494,647.0,NA,US,US-IL,Chicago/Prospect Heights/Wheeling,no,KPWK,PWK,PWK,http://chiexec.com/,https://en.wikipedia.org/wiki/Chicago_Executive_Airport
3796,KPWM,large_airport,Portland International Jetport,43.646198,-70.309303,76.0,NA,US,US-ME,Portland,yes,KPWM,PWM,PWM,https://portlandjetport.org/,https://en.wikipedia.org/wiki/Portland_International_Jetport
3797,KPWT,medium_airport,Bremerton National Airport,47.490200042725,-122.76499938965,444.0,NA,US,US-WA,Bremerton,no,KPWT,PWT,PWT,https://en.wikipedia.org/wiki/Bremerton_National_Airport,https://en.wikipedia.org/wiki/Bremerton_National_Airport
3837,KRAL,medium_airport,Riverside Municipal Airport,33.9519,-117.445,819.0,NA,US,US-CA,Riverside,no,KRAL,RAL,RAL,http://www.riversideca.gov/airport/,https://en.wikipedia.org/wiki/Riverside_Municipal_Airport
3838,KRAP,medium_airport,Rapid City Regional Airport,44.0452995300293,-103.05699920654295,3204.0,NA,US,US-SD,Rapid City,yes,KRAP,RAP,RAP,,https://en.wikipedia.org/wiki/Rapid_City_Regional_Airport
3839,KRBL,medium_airport,Red Bluff Municipal Airport,40.1506996155,-122.251998901,352.0,NA,US,US-CA,Red Bluff,no,KRBL,RBL,RBL,,https://en.wikipedia.org/wiki/Red_Bluff_Municipal_Airport
3840,KRCA,medium_airport,Ellsworth Air Force Base,44.14500046,-103.1039963,3276.0,NA,US,US-SD,Rapid City,no,KRCA,RCA,RCA,http://www.ellsworth.af.mil/,https://en.wikipedia.org/wiki/Ellsworth_Air_Force_Base
3841,KRDD,medium_airport,Redding Municipal Airport,40.50899887,-122.2929993,505.0,NA,US,US-CA,Redding,yes,KRDD,RDD,RDD,,https://en.wikipedia.org/wiki/Redding_Municipal_Airport
3842,KRDG,medium_airport,Reading Regional Airport (Carl A Spaatz Field),40.378502,-75.965202,344.0,NA,US,US-PA,Reading,no,KRDG,RDG,RDG,,https://en.wikipedia.org/wiki/Reading_Regional_Airport
3843,KRDM,medium_airport,Roberts Field,44.254101,-121.150002,3080.0,NA,US,US-OR,Redmond,yes,KRDM,RDM,RDM,,https://en.wikipedia.org/wiki/Roberts_Field
20922,KRDR,medium_airport,Grand Forks Air Force Base,47.961101532,-97.4011993408,913.0,NA,US,US-ND,Grand Forks,no,KRDR,RDR,RDR,http://www.grandforks.af.mil/,https://en.wikipedia.org/wiki/Grand_Forks_Air_Force_Base
3844,KRDU,large_airport,Raleigh Durham International Airport,35.877602,-78.787498,435.0,NA,US,US-NC,Raleigh/Durham,yes,KRDU,RDU,RDU,https://www.rdu.com/,https://en.wikipedia.org/wiki/Raleigh-Durham_International_Airport
3845,KRFD,medium_airport,Chicago Rockford International Airport,42.1954,-89.097198,742.0,NA,US,US-IL,Chicago/Rockford,yes,KRFD,RFD,RFD,,https://en.wikipedia.org/wiki/Chicago/Rockford_International_Airport
3846,KRHI,medium_airport,Rhinelander Oneida County Airport,45.63119888305664,-89.46749877929688,1624.0,NA,US,US-WI,Rhinelander,yes,KRHI,RHI,RHI,,https://en.wikipedia.org/wiki/Rhinelander-Oneida_County_Airport
20927,KRHP,medium_airport,Western Carolina Regional Airport,35.195202,-83.862999,1697.0,NA,US,US-NC,Andrews,no,KRHP,,RHP,http://www.cherokeecounty-nc.gov/index.aspx?page=61,https://en.wikipedia.org/wiki/Andrews-Murphy_Airport
3847,KRIC,large_airport,Richmond International Airport,37.505199,-77.319702,167.0,NA,US,US-VA,Richmond,yes,KRIC,RIC,RIC,https://flyrichmond.com/,https://en.wikipedia.org/wiki/Richmond_International_Airport
20931,KRIL,medium_airport,Garfield County Regional Airport,39.526299,-107.726997,5548.0,NA,US,US-CO,Rifle,no,KRIL,RIL,RIL,http://www.rifleairport.com/,https://en.wikipedia.org/wiki/Garfield_County_Regional_Airport
3849,KRIV,medium_airport,March Air Reserve Base,33.880699,-117.259003,1536.0,NA,US,US-CA,Riverside,no,KRIV,RIV,RIV,,https://en.wikipedia.org/wiki/March_Air_Reserve_Base
20933,KRIW,medium_airport,Central Wyoming Regional Airport,43.064201,-108.459999,5525.0,NA,US,US-WY,Riverton,yes,KRIW,RIW,RIW,https://centralwyomingairport.com/,https://en.wikipedia.org/wiki/Central_Wyoming_Regional_Airport
20935,KRKD,medium_airport,Knox County Regional Airport,44.060101,-69.099197,56.0,NA,US,US-ME,Rockland,yes,KRKD,RKD,RKD,,https://en.wikipedia.org/wiki/Knox_County_Regional_Airport
3850,KRKS,medium_airport,Southwest Wyoming Regional Airport,41.5942,-109.065001,6764.0,NA,US,US-WY,Rock Springs,yes,KRKS,RKS,RKS,,https://en.wikipedia.org/wiki/Rock_Springs_-_Sweetwater_County_Airport
20940,KRME,medium_airport,Griffiss International Airport,43.23379898,-75.40699768,504.0,NA,US,US-NY,Rome,no,KRME,RME,RME,http://www.ocgov.net/oneida/airport,https://en.wikipedia.org/wiki/Griffiss_Airfield
3851,KRMG,medium_airport,Richard B Russell Airport,34.3506011963,-85.15799713130001,644.0,NA,US,US-GA,Rome,no,KRMG,RMG,RMG,http://www.romefloyd.com/EconomicDevelopment/Airport/tabid/306/Default.aspx,https://en.wikipedia.org/wiki/Richard_B._Russell_Airport
3852,KRND,medium_airport,Randolph Air Force Base,29.529699,-98.2789,761.0,NA,US,US-TX,Universal City,no,KRND,RND,RND,http://www.military.com/base-guide/randolph-air-force-base,https://en.wikipedia.org/wiki/Randolph_Air_Force_Base
3854,KROA,medium_airport,Roanoke–Blacksburg Regional Airport,37.3255,-79.975403,1175.0,NA,US,US-VA,Roanoke,yes,KROA,ROA,ROA,http://www.roanokeairport.com/,https://en.wikipedia.org/wiki/Roanoke%E2%80%93Blacksburg_Regional_Airport
3855,KROC,medium_airport,Frederick Douglass Greater Rochester International Airport,43.1189,-77.672401,559.0,NA,US,US-NY,Rochester,yes,KROC,ROC,ROC,https://rocairport.com/,https://en.wikipedia.org/wiki/Greater_Rochester_International_Airport
3856,KROW,medium_airport,Roswell Air Center Airport,33.301601,-104.530998,3671.0,NA,US,US-NM,Roswell,yes,KROW,ROW,ROW,,https://en.wikipedia.org/wiki/Roswell_International_Air_Center
3857,KRST,medium_airport,Rochester International Airport,43.908298,-92.5,1317.0,NA,US,US-MN,Rochester,yes,KRST,RST,RST,,https://en.wikipedia.org/wiki/Rochester_International_Airport
3858,KRSW,large_airport,Southwest Florida International Airport,26.53619956970215,-81.75520324707031,30.0,NA,US,US-FL,Fort Myers,yes,KRSW,RSW,RSW,http://www.flylcpa.com/,https://en.wikipedia.org/wiki/Southwest_Florida_International_Airport
20972,KRVS,medium_airport,Tulsa Riverside Airport,36.0396,-95.984596,638.0,NA,US,US-OK,Tulsa,no,KRVS,RVS,RVS,http://www.tulsaairports.com/general-aviation/r-l-jones/,https://en.wikipedia.org/wiki/Richard_Lloyd_Jones_Jr._Airport
20973,KRWF,medium_airport,Redwood Falls Municipal Airport,44.547199,-95.082298,1024.0,NA,US,US-MN,Redwood Falls,no,KRWF,RWF,RWF,,https://en.wikipedia.org/wiki/Redwood_Falls_Municipal_Airport
3860,KRWI,medium_airport,Rocky Mount Wilson Regional Airport,35.8563,-77.891899,159.0,NA,US,US-NC,Rocky Mount,no,KRWI,RWI,RWI,,https://en.wikipedia.org/wiki/Rocky_Mount%E2%80%93Wilson_Regional_Airport
20974,KRWL,medium_airport,Rawlins Municipal Airport/Harvey Field,41.80559921,-107.1999969,6813.0,NA,US,US-WY,Rawlins,no,KRWL,RWL,RWL,http://www.wyomingairports.org/index.php?/main/airports_detail/rawlins_municipal_airport/,https://en.wikipedia.org/wiki/Rawlins_Municipal_Airport
3861,KSAC,medium_airport,Sacramento Executive Airport,38.5125007629,-121.492996216,24.0,NA,US,US-CA,Sacramento,no,KSAC,SAC,SAC,http://www.sacramento.aero/sac/,https://en.wikipedia.org/wiki/Sacramento_Executive_Airport
21033,KSAF,medium_airport,Santa Fe Municipal Airport,35.6171,-106.088997,6348.0,NA,US,US-NM,Santa Fe,yes,KSAF,SAF,SAF,https://flysantafe.com/flights/airlines/,https://en.wikipedia.org/wiki/Santa_Fe_Regional_Airport
3863,KSAT,large_airport,San Antonio International Airport,29.533701,-98.469803,809.0,NA,US,US-TX,San Antonio,yes,KSAT,SAT,SAT,https://www.sanantonio.gov/aviation,https://en.wikipedia.org/wiki/San_Antonio_International_Airport
3864,KSAV,large_airport,Savannah Hilton Head International Airport,32.127602,-81.202103,50.0,NA,US,US-GA,Savannah,yes,KSAV,SAV,SAV,https://savannahairport.com/,https://en.wikipedia.org/wiki/Savannah/Hilton_Head_International_Airport
3866,KSBA,medium_airport,Santa Barbara Municipal Airport,34.426201,-119.839996,13.0,NA,US,US-CA,Santa Barbara,yes,KSBA,SBA,SBA,,https://en.wikipedia.org/wiki/Santa_Barbara_Airport
3867,KSBD,medium_airport,San Bernardino International Airport,34.095402,-117.235001,1159.0,NA,US,US-CA,San Bernardino,yes,KSBD,SBD,SBD,http://sbdairport.com/,https://en.wikipedia.org/wiki/San_Bernardino_International_Airport
3868,KSBN,medium_airport,South Bend Regional Airport,41.708698,-86.317299,799.0,NA,US,US-IN,South Bend,yes,KSBN,SBN,SBN,,https://en.wikipedia.org/wiki/South_Bend_Regional_Airport
3869,KSBP,medium_airport,San Luis County Regional Airport,35.2368011475,-120.641998291,212.0,NA,US,US-CA,San Luis Obispo,yes,KSBP,SBP,SBP,http://www.sloairport.com/,https://en.wikipedia.org/wiki/San_Luis_Obispo_County_Regional_Airport
3870,KSBY,medium_airport,Salisbury Ocean City Wicomico Regional Airport,38.34049987792969,-75.51029968261719,52.0,NA,US,US-MD,Salisbury,yes,KSBY,SBY,SBY,,https://en.wikipedia.org/wiki/Wicomico_Regional_Airport
3872,KSCK,medium_airport,Stockton Metropolitan Airport,37.893279,-121.238079,33.0,NA,US,US-CA,Stockton,yes,KSCK,SCK,SCK,http://www.sjgov.org/airport/,https://en.wikipedia.org/wiki/Stockton_Metropolitan_Airport
3873,KSDF,large_airport,Louisville Muhammad Ali International Airport,38.1744,-85.736,501.0,NA,US,US-KY,Louisville,yes,KSDF,SDF,SDF,http://www.flylouisville.com,https://en.wikipedia.org/wiki/Louisville_International_Airport
3874,KSDM,medium_airport,Brown Field Municipal Airport,32.572639,-116.980019,526.0,NA,US,US-CA,San Diego,no,KSDM,SDM,SDM,http://www.sandiego.gov/airports/brown/,https://en.wikipedia.org/wiki/Brown_Field_Municipal_Airport
3875,KSEA,large_airport,Seattle–Tacoma International Airport,47.447943,-122.310276,433.0,NA,US,US-WA,Seattle,yes,KSEA,SEA,SEA,https://www.portseattle.org/sea-tac,https://en.wikipedia.org/wiki/Seattle%E2%80%93Tacoma_International_Airport
3876,KSFB,large_airport,Orlando Sanford International Airport,28.7775993347168,-81.23750305175781,55.0,NA,US,US-FL,Orlando,yes,KSFB,SFB,SFB,,https://en.wikipedia.org/wiki/Orlando_Sanford_International_Airport
3877,KSFF,medium_airport,Felts Field,47.682899,-117.321925,1953.0,NA,US,US-WA,Spokane,no,KSFF,SFF,SFF,http://feltsfield.spokaneairports.net/,https://en.wikipedia.org/wiki/Felts_Field_Airport
3878,KSFO,large_airport,San Francisco International Airport,37.619806,-122.374821,13.0,NA,US,US-CA,San Francisco,yes,KSFO,SFO,SFO,http://www.flysfo.com/,https://en.wikipedia.org/wiki/San_Francisco_International_Airport
3879,KSGF,medium_airport,Springfield Branson National Airport,37.245701,-93.388603,1268.0,NA,US,US-MO,Springfield,yes,KSGF,SGF,SGF,,https://en.wikipedia.org/wiki/Springfield/Branson_National_Airport
3880,KSGH,medium_airport,Springfield-Beckley Municipal Airport,39.840301513672,-83.840202331543,1051.0,NA,US,US-OH,Springfield,no,KSGH,SGH,SGH,http://www.airparkohio.com/beckly_airport.html,https://en.wikipedia.org/wiki/Springfield-Beckley_Municipal_Airport
21061,KSGJ,medium_airport,Northeast Florida Regional Airport,29.9592,-81.339798,10.0,NA,US,US-FL,St Augustine,yes,KSGJ,UST,SGJ,http://www.flynf.com/,https://en.wikipedia.org/wiki/St._Augustine_Airport
21065,KSGU,medium_airport,St George Regional Airport,37.036389,-113.510306,2941.0,NA,US,US-UT,St George,yes,KSGU,SGU,SGU,https://www.flysgu.org,https://en.wikipedia.org/wiki/St._George_Regional_Airport
21066,KSHD,medium_airport,Shenandoah Valley Regional Airport,38.263802,-78.8964,1201.0,NA,US,US-VA,Weyers Cave,yes,KSHD,SHD,SHD,,https://en.wikipedia.org/wiki/Shenandoah_Valley_Regional_Airport
3881,KSHR,medium_airport,Sheridan County Airport,44.76919937133789,-106.9800033569336,4021.0,NA,US,US-WY,Sheridan,yes,KSHR,SHR,SHR,,https://en.wikipedia.org/wiki/Sheridan_County_Airport
3883,KSJC,large_airport,Norman Y. Mineta San Jose International Airport,37.362452,-121.929188,62.0,NA,US,US-CA,San Jose,yes,KSJC,SJC,SJC,https://www.flysanjose.com/,https://en.wikipedia.org/wiki/San_Jose_International_Airport
3884,KSJT,medium_airport,San Angelo Regional Mathis Field,31.35770034790039,-100.49600219726562,1919.0,NA,US,US-TX,San Angelo,yes,KSJT,SJT,SJT,,https://en.wikipedia.org/wiki/San_Angelo_Regional_Airport
3885,KSKA,medium_airport,Fairchild Air Force Base,47.615101,-117.655998,2461.0,NA,US,US-WA,Spokane,no,KSKA,SKA,SKA,http://www.fairchild.af.mil/,https://en.wikipedia.org/wiki/Fairchild_Air_Force_Base
3886,KSKF,medium_airport,Lackland Air Force Base,29.38419914,-98.58110046,691.0,NA,US,US-TX,San Antonio,no,KSKF,SKF,SKF,,https://en.wikipedia.org/wiki/Lackland_Air_Force_Base
21076,KSKX,medium_airport,Taos Regional Airport,36.452494,-105.67749,7095.0,NA,US,US-NM,Taos,yes,KSKX,TSM,SKX,http://www.taosairport.org/,https://en.wikipedia.org/wiki/Taos_Regional_Airport
3887,KSLC,large_airport,Salt Lake City International Airport,40.78886,-111.979866,4227.0,NA,US,US-UT,Salt Lake City,yes,KSLC,SLC,SLC,https://slcairport.com/,https://en.wikipedia.org/wiki/Salt_Lake_City_International_Airport
3888,KSLE,medium_airport,Salem-Willamette Valley Airport/McNary Field,44.9095,-123.002998,214.0,NA,US,US-OR,Salem,yes,KSLE,SLE,SLE,http://www.flysalem.com/,https://en.wikipedia.org/wiki/McNary_Field
3889,KSLI,medium_airport,Los Alamitos Army Air Field,33.79000092,-118.052002,32.0,NA,US,US-CA,Los Alamitos,no,KSLI,,SLI,,https://en.wikipedia.org/wiki/Los_Alamitos_Army_Airfield
3891,KSLN,medium_airport,Salina Municipal Airport,38.79100036621094,-97.6521987915039,1288.0,NA,US,US-KS,Salina,yes,KSLN,SLN,SLN,,https://en.wikipedia.org/wiki/Salina_Municipal_Airport
3892,KSMF,large_airport,Sacramento International Airport,38.6954,-121.591003,27.0,NA,US,US-CA,Sacramento,yes,KSMF,SMF,SMF,https://sacramento.aero/smf,https://en.wikipedia.org/wiki/Sacramento_International_Airport
21086,KSMN,medium_airport,Lemhi County Airport,45.122233,-113.88196,4043.0,NA,US,US-ID,Salmon,yes,KSMN,SMN,SMN,http://lemhicountyairport.com/,https://en.wikipedia.org/wiki/Lemhi_County_Airport
3893,KSMX,medium_airport,Santa Maria Public Airport Captain G Allan Hancock Field,34.898899,-120.457001,261.0,NA,US,US-CA,Santa Maria,yes,KSMX,SMX,SMX,,https://en.wikipedia.org/wiki/Santa_Maria_Public_Airport
3894,KSNA,large_airport,John Wayne Orange County International Airport,33.675701,-117.867996,56.0,NA,US,US-CA,Santa Ana,yes,KSNA,SNA,SNA,http://www.ocair.com/,https://en.wikipedia.org/wiki/John_Wayne_Airport
3895,KSNS,medium_airport,Salinas Municipal Airport,36.662799835205,-121.60600280762,85.0,NA,US,US-CA,Salinas,no,KSNS,SNS,SNS,http://www.ci.salinas.ca.us/services/airport/airport.cfm,https://en.wikipedia.org/wiki/Salinas_Municipal_Airport
21094,KSNY,medium_airport,Sidney Municipal Airport Lloyd W Carr Field,41.101299,-102.985001,4313.0,NA,US,US-NE,Sidney,no,KSNY,SNY,SNY,http://www.cityofsidney.org/283/Airport,https://en.wikipedia.org/wiki/Sidney_Municipal_Airport_(Nebraska)
21097,KSOW,medium_airport,Show Low Regional Airport,34.264062,-110.007091,6415.0,NA,US,US-AZ,Show Low,yes,KSOW,SOW,SOW,,https://en.wikipedia.org/wiki/Show_Low_Regional_Airport
3897,KSPI,medium_airport,Abraham Lincoln Capital Airport,39.844101,-89.677902,598.0,NA,US,US-IL,Springfield,yes,KSPI,SPI,SPI,,https://en.wikipedia.org/wiki/Abraham_Lincoln_Capital_Airport
3898,KSPS,medium_airport,Wichita Falls Municipal Airport / Sheppard Air Force Base,33.9888,-98.491898,1019.0,NA,US,US-TX,Wichita Falls,yes,KSPS,SPS,SPS,http://www.flywichitafalls.net/,https://en.wikipedia.org/wiki/Wichita_Falls_Municipal_Airport
21105,KSQL,medium_airport,San Carlos Airport,37.51313,-122.250838,5.0,NA,US,US-CA,San Carlos,yes,KSQL,SQL,SQL,http://publicworks.smcgov.org/san-carlos-airport,https://en.wikipedia.org/wiki/San_Carlos_Airport_(California)
3899,KSRQ,large_airport,Sarasota Bradenton International Airport,27.394631,-82.554359,30.0,NA,US,US-FL,Sarasota/Bradenton,yes,KSRQ,SRQ,SRQ,,https://en.wikipedia.org/wiki/Sarasota-Bradenton_International_Airport
3900,KSRR,medium_airport,Sierra Blanca Regional Airport,33.462799,-105.535004,6814.0,NA,US,US-NM,Alto,no,KSRR,RUI,SRR,,https://en.wikipedia.org/wiki/Sierra_Blanca_Regional_Airport
3901,KSSC,medium_airport,Shaw Air Force Base,33.972698,-80.470596,241.0,NA,US,US-SC,Sumter,no,KSSC,SSC,SSC,http://www.shaw.af.mil/,https://en.wikipedia.org/wiki/Shaw_Air_Force_Base
21109,KSSF,medium_airport,Stinson Municipal Airport,29.336999893188,-98.471099853516,577.0,NA,US,US-TX,San Antonio,no,KSSF,SSF,SSF,http://www.sanantonio.gov/SSF.aspx,https://en.wikipedia.org/wiki/Stinson_Municipal_Airport
3902,KSSI,medium_airport,St Simons Island Airport,31.1518,-81.391296,19.0,NA,US,US-GA,St Simons Island,no,KSSI,SSI,SSI,http://www.goldenisles.com/listing/mckinnon-st-simons-island-airport,https://en.wikipedia.org/wiki/Malcolm_McKinnon_Airport
3903,KSTC,medium_airport,Saint Cloud Regional Airport,45.5466,-94.059898,1031.0,NA,US,US-MN,Saint Cloud,yes,KSTC,STC,STC,,https://en.wikipedia.org/wiki/St._Cloud_Regional_Airport
3905,KSTL,large_airport,St. Louis Lambert International Airport,38.748697,-90.370003,618.0,NA,US,US-MO,St Louis,yes,KSTL,STL,STL,https://www.flystl.com/,https://en.wikipedia.org/wiki/St._Louis_Lambert_International_Airport
3906,KSTP,medium_airport,Saint Paul Downtown Holman Field,44.93479,-93.060036,705.0,NA,US,US-MN,Saint Paul,no,KSTP,STP,STP,,https://en.wikipedia.org/wiki/St._Paul_Downtown_Airport
21114,KSTS,medium_airport,Charles M. Schulz Sonoma County Airport,38.50899887,-122.8130035,128.0,NA,US,US-CA,Santa Rosa,yes,KSTS,STS,STS,http://www.sonomacountyairport.org/,https://en.wikipedia.org/wiki/Charles_M._Schulz_-_Sonoma_County_Airport
21118,KSUN,medium_airport,Friedman Memorial Airport,43.50439835,-114.2959976,5318.0,NA,US,US-ID,Hailey,yes,KSUN,SUN,SUN,,https://en.wikipedia.org/wiki/Friedman_Memorial_Airport
3907,KSUS,medium_airport,Spirit of St Louis Airport,38.662102,-90.652,463.0,NA,US,US-MO,St Louis,no,KSUS,SUS,SUS,http://spiritairport.com/spiritairport/index.jsp,https://en.wikipedia.org/wiki/Spirit_of_St._Louis_Airport
3908,KSUU,medium_airport,Travis Air Force Base,38.262699,-121.927002,62.0,NA,US,US-CA,Fairfield,no,KSUU,SUU,SUU,http://www.travis.af.mil/,https://en.wikipedia.org/wiki/Travis_Air_Force_Base
3909,KSUX,medium_airport,Sioux Gateway Airport / Brigadier General Bud Day Field,42.397605,-96.382237,1098.0,NA,US,US-IA,Sioux City,yes,KSUX,SUX,SUX,https://www.sioux-city.org/government/departments-a-f/airport,https://en.wikipedia.org/wiki/Sioux_Gateway_Airport
29695,KSUZ,medium_airport,Saline County Regional Airport,34.590599,-92.479401,390.0,NA,US,US-AR,Bryant,no,KSUZ,,SUZ,http://www.salinecounty.org/airport_new_site.htm,https://en.wikipedia.org/wiki/Saline_County_Regional_Airport
21121,KSVC,medium_airport,Grant County Airport,32.636701,-108.154736,5446.0,NA,US,US-NM,Silver City,yes,KSVC,SVC,SVC,,https://en.wikipedia.org/wiki/Grant_County_Airport_(New_Mexico)
3910,KSVN,medium_airport,Hunter Army Air Field,32.00999832,-81.14569855,41.0,NA,US,US-GA,Savannah,no,KSVN,SVN,SVN,http://www.stewart.army.mil/units/home.asp?id=186,https://en.wikipedia.org/wiki/Hunter_Army_Airfield
3911,KSWF,medium_airport,New York Stewart International Airport,41.504101,-74.104797,491.0,NA,US,US-NY,Newburgh,yes,KSWF,SWF,SWF,https://www.swfny.com/,https://en.wikipedia.org/wiki/Stewart_International_Airport
3912,KSWO,medium_airport,Stillwater Regional Airport,36.162132,-97.085581,1000.0,NA,US,US-OK,Stillwater,yes,KSWO,SWO,SWO,http://stillwater.org/government/city_facilities/stillwater_regional_airport/,https://en.wikipedia.org/wiki/Stillwater_Regional_Airport
3913,KSYR,large_airport,Syracuse Hancock International Airport,43.11119842529297,-76.1063003540039,421.0,NA,US,US-NY,Syracuse,yes,KSYR,SYR,SYR,http://www.syrairport.org/,https://en.wikipedia.org/wiki/Syracuse_Hancock_International_Airport
3914,KSZL,medium_airport,Whiteman Air Force Base,38.730301,-93.547897,870.0,NA,US,US-MO,Knob Noster,no,KSZL,SZL,SZL,http://www.whiteman.af.mil/,https://en.wikipedia.org/wiki/Whiteman_Air_Force_Base
3915,KTBN,medium_airport,Waynesville-St. Robert Regional Airport-Forney Field,37.7416,-92.140701,1159.0,NA,US,US-MO,Fort Leonard Wood,yes,KTBN,TBN,TBN,,https://en.wikipedia.org/wiki/Waynesville_Regional_Airport_at_Forney_Field
3916,KTCC,medium_airport,Tucumcari Municipal Airport,35.182800293,-103.602996826,4065.0,NA,US,US-NM,Tucumcari,no,KTCC,TCC,TCC,http://www.cityoftucumcari.com/airport.html,https://en.wikipedia.org/wiki/Tucumcari_Municipal_Airport
3917,KTCL,medium_airport,Tuscaloosa National Airport,33.2206,-87.611397,170.0,NA,US,US-AL,Tuscaloosa,no,KTCL,TCL,TCL,http://www.tuscaloosa.com/Government/Departments/Transportation/airport,https://en.wikipedia.org/wiki/Tuscaloosa_Regional_Airport
3918,KTCM,medium_airport,McChord Air Force Base,47.137699,-122.475998,322.0,NA,US,US-WA,Tacoma,no,KTCM,TCM,TCM,,https://en.wikipedia.org/wiki/McChord_Air_Force_Base
3919,KTCS,medium_airport,Truth or Consequences Municipal Airport,33.2369,-107.272003,4853.0,NA,US,US-NM,Truth or Consequences,no,KTCS,TCS,TCS,http://www.torcnm.org/departments/airport.html,https://en.wikipedia.org/wiki/Truth_or_Consequences_Municipal_Airport
3920,KTEB,medium_airport,Teterboro Airport,40.850101,-74.060799,9.0,NA,US,US-NJ,Teterboro,yes,KTEB,TEB,TEB,http://www.teb.com/,https://en.wikipedia.org/wiki/Teterboro_Airport
21188,KTEX,medium_airport,Telluride Regional Airport,37.9538,-107.907997,9070.0,NA,US,US-CO,Telluride,yes,KTEX,TEX,TEX,https://tellurideairport.com/,https://en.wikipedia.org/wiki/Telluride_Regional_Airport
3921,KTIK,medium_airport,Tinker Air Force Base,35.4147,-97.386597,1291.0,NA,US,US-OK,Oklahoma City,no,KTIK,TIK,TIK,http://www.tinker.af.mil/,https://en.wikipedia.org/wiki/Tinker_Air_Force_Base
3922,KTIW,medium_airport,Tacoma Narrows Airport,47.267407,-122.577295,294.0,NA,US,US-WA,Tacoma,yes,KTIW,TIW,TIW,,https://en.wikipedia.org/wiki/Tacoma_Narrows_Airport
3923,KTIX,medium_airport,Space Coast Regional Airport,28.514799118042,-80.799201965332,34.0,NA,US,US-FL,Titusville,no,KTIX,TIX,TIX,,https://en.wikipedia.org/wiki/Space_Coast_Regional_Airport
3924,KTLH,medium_airport,Tallahassee Regional Airport,30.3965,-84.350304,81.0,NA,US,US-FL,Tallahassee,yes,KTLH,TLH,TLH,,https://en.wikipedia.org/wiki/Tallahassee_Regional_Airport
21204,KTMB,medium_airport,Miami Executive Airport,25.6479,-80.4328,8.0,NA,US,US-FL,Miami,no,KTMB,TMB,TMB,http://www.miami-airport.com/kendall_tamiami.asp,https://en.wikipedia.org/wiki/Miami_Executive_Airport
21212,KTOI,medium_airport,Troy Municipal Airport at N Kenneth Campbell Field,31.860399,-86.012101,398.0,NA,US,US-AL,Troy,no,KTOI,TOI,TOI,http://www.troyal.gov/KTOI,https://en.wikipedia.org/wiki/Troy_Municipal_Airport
3925,KTOL,medium_airport,Eugene F. Kranz Toledo Express Airport,41.5868,-83.8078,683.0,NA,US,US-OH,Toledo,yes,KTOL,TOL,TOL,,https://en.wikipedia.org/wiki/Toledo_Express_Airport
21213,KTOP,medium_airport,Philip Billard Municipal Airport,39.069899,-95.622606,881.0,NA,US,US-KS,Topeka,no,KTOP,TOP,TOP,http://www.mtaa-topeka.org/billard-airport,https://en.wikipedia.org/wiki/Philip_Billard_Municipal_Airport
3926,KTPA,large_airport,Tampa International Airport,27.9755,-82.533203,26.0,NA,US,US-FL,Tampa,yes,KTPA,TPA,TPA,https://www.tampaairport.com/,https://en.wikipedia.org/wiki/Tampa_International_Airport
3928,KTRI,medium_airport,Tri-Cities Regional TN/VA Airport,36.475201,-82.407401,1519.0,NA,US,US-TN,Blountville,yes,KTRI,TRI,TRI,,https://en.wikipedia.org/wiki/Tri-Cities_Regional_Airport
21220,KTRK,medium_airport,Truckee Tahoe Airport,39.318628,-120.140562,5900.0,NA,US,US-CA,Truckee,yes,KTRK,TKF,TRK,,https://en.wikipedia.org/wiki/Truckee_Tahoe_Airport
21228,KTTD,medium_airport,Portland Troutdale Airport,45.54940032959,-122.40100097656,39.0,NA,US,US-OR,Portland,no,KTTD,TTD,TTD,https://www2.portofportland.com/Airports/Troutdale/,https://en.wikipedia.org/wiki/Portland%E2%80%93Troutdale_Airport
3929,KTTN,medium_airport,Trenton Mercer Airport,40.276699,-74.813499,213.0,NA,US,US-NJ,Ewing Township,yes,KTTN,TTN,TTN,,https://en.wikipedia.org/wiki/Trenton-Mercer_Airport
21230,KTTS,medium_airport,Space Florida Launch and Landing Facility,28.615,-80.694504,10.0,NA,US,US-FL,Titusville,no,KTTS,,TTS,,https://en.wikipedia.org/wiki/Shuttle_Landing_Facility
3930,KTUL,large_airport,Tulsa International Airport,36.19839859008789,-95.88809967041016,677.0,NA,US,US-OK,Tulsa,yes,KTUL,TUL,TUL,,https://en.wikipedia.org/wiki/Tulsa_International_Airport
3931,KTUP,medium_airport,Tupelo Regional Airport,34.26810073852539,-88.7698974609375,346.0,NA,US,US-MS,Tupelo,yes,KTUP,TUP,TUP,,https://en.wikipedia.org/wiki/Tupelo_Regional_Airport
3932,KTUS,medium_airport,Tucson International Airport / Morris Air National Guard Base,32.115004,-110.938053,2643.0,NA,US,US-AZ,Tucson,yes,KTUS,TUS,TUS,https://www.flytucson.com/,https://en.wikipedia.org/wiki/Tucson_International_Airport
21232,KTVF,medium_airport,Thief River Falls Regional Airport,48.065701,-96.184998,1119.0,NA,US,US-MN,Thief River Falls,yes,KTVF,TVF,TVF,,https://en.wikipedia.org/wiki/Thief_River_Falls_Regional_Airport
3935,KTWF,medium_airport,Joslin Field Magic Valley Regional Airport,42.4818,-114.487999,4154.0,NA,US,US-ID,Twin Falls,yes,KTWF,TWF,TWF,,https://en.wikipedia.org/wiki/Magic_Valley_Regional_Airport
3938,KTYS,medium_airport,McGhee Tyson Airport,35.811001,-83.994003,981.0,NA,US,US-TN,Alcoa,yes,KTYS,TYS,TYS,,https://en.wikipedia.org/wiki/McGhee_Tyson_Airport
3940,KUIN,medium_airport,Quincy Regional Airport Baldwin Field,39.942699,-91.194603,768.0,NA,US,US-IL,Quincy,yes,KUIN,UIN,UIN,,https://en.wikipedia.org/wiki/Quincy_Regional_Airport
21300,KUNV,medium_airport,State College Regional Airport,40.849374,-77.84852,1239.0,NA,US,US-PA,State College,yes,KUNV,SCE,UNV,http://universityparkairport.com/,https://en.wikipedia.org/wiki/University_Park_Airport
21304,KUTS,medium_airport,Huntsville Regional Airport,30.7469005585,-95.5871963501,363.0,NA,US,US-TX,Huntsville,no,KUTS,HTV,UTS,,https://en.wikipedia.org/wiki/Huntsville_Regional_Airport
3943,KVAD,medium_airport,Moody Air Force Base,30.9678001404,-83.1930007935,233.0,NA,US,US-GA,Valdosta,no,KVAD,VAD,VAD,http://www.moody.af.mil/,https://en.wikipedia.org/wiki/Moody_Air_Force_Base
3944,KVBG,medium_airport,Vandenberg Space Force Base,34.737301,-120.584,369.0,NA,US,US-CA,Lompoc,no,KVBG,VBG,VBG,,https://en.wikipedia.org/wiki/Vandenberg_Air_Force_Base
3945,KVCT,medium_airport,Victoria Regional Airport,28.85260009765625,-96.9185028076172,115.0,NA,US,US-TX,Victoria,yes,KVCT,VCT,VCT,,https://en.wikipedia.org/wiki/Victoria_Regional_Airport
21321,KVGT,medium_airport,North Las Vegas Metropolitan International Airport,36.210701,-115.194,2205.0,NA,US,US-NV,Las Vegas,no,KVGT,VGT,VGT,http://www.vgt.aero/index.html,https://en.wikipedia.org/wiki/North_Las_Vegas_Airport
21325,KVIS,medium_airport,Visalia Municipal Airport,36.318699,-119.392998,295.0,NA,US,US-CA,Visalia,no,KVIS,VIS,VIS,,https://en.wikipedia.org/wiki/Visalia_Municipal_Airport
21333,KVNY,medium_airport,Van Nuys Airport,34.209800720215,-118.48999786377,802.0,NA,US,US-CA,Van Nuys,no,KVNY,VNY,VNY,,https://en.wikipedia.org/wiki/Van_Nuys_Airport
3947,KVOK,medium_airport,Volk Field,43.938999176025,-90.253402709961,912.0,NA,US,US-WI,Camp Douglas,no,KVOK,VOK,VOK,http://www.volkfield.ang.af.mil/,https://en.wikipedia.org/wiki/Volk_Field_Air_National_Guard_Base
3948,KVPS,medium_airport,Destin-Fort Walton Beach Airport,30.4832,-86.525398,87.0,NA,US,US-FL,Valparaiso,yes,KVPS,VPS,VPS,http://www.flyvps.com/,https://en.wikipedia.org/wiki/Destin%E2%80%93Fort_Walton_Beach_Airport
3949,KVPZ,medium_airport,Porter County Municipal Airport,41.45399857,-87.00710297,770.0,NA,US,US-IN,Valparaiso,no,KVPZ,VPZ,VPZ,http://www.vpz.org/,https://en.wikipedia.org/wiki/Porter_County_Municipal_Airport
21335,KVQQ,medium_airport,Cecil Airport,30.2187,-81.876701,81.0,NA,US,US-FL,Jacksonville,no,KVQQ,VQQ,VQQ,http://www.jaxjetport.aero/index.php/cecil-airport/,https://en.wikipedia.org/wiki/Cecil_Field
3950,KVRB,medium_airport,Vero Beach Regional Airport,27.6556,-80.417901,24.0,NA,US,US-FL,Vero Beach,yes,KVRB,VRB,VRB,http://verobeachairport.org/,https://en.wikipedia.org/wiki/Vero_Beach_Municipal_Airport
21339,KVTN,medium_airport,Miller Field,42.856211,-100.549192,2596.0,NA,US,US-NE,Valentine,no,KVTN,VTN,VTN,,https://en.wikipedia.org/wiki/Miller_Field_(airport)
21375,KWJF,medium_airport,General William J Fox Airfield,34.7411,-118.219002,2351.0,NA,US,US-CA,Lancaster,no,KWJF,WJF,WJF,,https://en.wikipedia.org/wiki/General_William_J._Fox_Airfield
3951,KWRB,medium_airport,Robins Air Force Base,32.640099,-83.591904,294.0,NA,US,US-GA,Warner Robins,no,KWRB,WRB,WRB,http://www.robins.af.mil/,https://en.wikipedia.org/wiki/Robins_Air_Force_Base
3952,KWRI,medium_airport,Mc Guire Air Force Base,40.0155983,-74.59169769,131.0,NA,US,US-NJ,Wrightstown,no,KWRI,WRI,WRI,http://www.mcguire.af.mil/,https://en.wikipedia.org/wiki/McGuire_Air_Force_Base
3953,KWRL,medium_airport,Worland Municipal Airport,43.965698,-107.950996,4227.0,NA,US,US-WY,Worland,no,KWRL,WRL,WRL,,https://en.wikipedia.org/wiki/Worland_Municipal_Airport
3954,KWWD,medium_airport,Cape May County Airport,39.0084991455,-74.9083023071,23.0,NA,US,US-NJ,Wildwood,no,KWWD,WWD,WWD,,https://en.wikipedia.org/wiki/Cape_May_Airport
21386,KWWR,medium_airport,West Woodward Airport,36.438,-99.5226667,2189.0,NA,US,US-OK,Woodward,no,KWWR,WWR,WWR,http://www.cityofwoodward.com/airport-89/,https://en.wikipedia.org/wiki/West_Woodward_Airport
3955,KWYS,medium_airport,Yellowstone Airport,44.6884,-111.117996,6649.0,NA,US,US-MT,West Yellowstone,yes,KWYS,WYS,WYS,https://yellowstoneairport.mdt.mt.gov,https://en.wikipedia.org/wiki/Yellowstone_Airport
3956,KXMR,medium_airport,Cape Canaveral SFS Skid Strip,28.4676,-80.566597,10.0,NA,US,US-FL,Cocoa Beach,no,KXMR,,XMR,,https://en.wikipedia.org/wiki/Cape_Canaveral_AFS_Skid_Strip
21410,KXNA,medium_airport,Northwest Arkansas National Airport,36.281898,-94.306801,1287.0,NA,US,US-AR,Fayetteville/Springdale/Rogers,yes,KXNA,XNA,XNA,http://www.flyxna.com/,https://en.wikipedia.org/wiki/Northwest_Arkansas_Regional_Airport
28148,KXTA,medium_airport,Homey (Area 51) Airport,37.23500061035156,-115.81099700927734,4462.0,NA,US,US-NV,Groom Lake,no,KXTA,,,,https://en.wikipedia.org/wiki/Area_51
3958,KYKM,medium_airport,Yakima Air Terminal McAllister Field,46.56819916,-120.5439987,1099.0,NA,US,US-WA,Yakima,yes,KYKM,YKM,YKM,,https://en.wikipedia.org/wiki/Yakima_Air_Terminal
3959,KYKN,medium_airport,Chan Gurney Municipal Airport,42.916698455811,-97.385902404785,1306.0,NA,US,US-SD,Yankton,no,KYKN,YKN,YKN,http://www.cityofyankton.org/publicworks/airport/,https://en.wikipedia.org/wiki/Chan_Gurney_Municipal_Airport
3960,KYNG,medium_airport,Youngstown Warren Regional Airport,41.26070023,-80.67910004,1192.0,NA,US,US-OH,Youngstown/Warren,no,KYNG,YNG,YNG,,https://en.wikipedia.org/wiki/Youngstown-Warren_Regional_Airport
3967,KZZV,medium_airport,Zanesville Municipal Airport,39.9444007874,-81.89209747310001,900.0,NA,US,US-OH,Zanesville,no,KZZV,ZZV,ZZV,,https://en.wikipedia.org/wiki/Zanesville_Municipal_Airport
3972,LATI,large_airport,Tirana International Airport Mother Teresa,41.4147,19.7206,126.0,EU,AL,AL-02,Rinas,yes,LATI,TIA,,http://www.tirana-airport.com/,https://en.wikipedia.org/wiki/Tirana_International_Airport_N%C3%ABn%C3%AB_Tereza
3974,LBBG,large_airport,Burgas Airport,42.569917,27.515173,135.0,EU,BG,BG-02,Burgas,yes,LBBG,BOJ,,,https://en.wikipedia.org/wiki/Burgas_Airport
3975,LBGO,medium_airport,Gorna Oryahovitsa Airport,43.151402,25.7129,285.0,EU,BG,BG-04,Gorna Oryahovitsa,no,LBGO,GOZ,,http://gornaoryahovitsa-airport.bg/,https://en.wikipedia.org/wiki/Gorna_Oryahovitsa_Airport
3976,LBPD,medium_airport,Plovdiv International Airport,42.067799,24.8508,597.0,EU,BG,BG-16,Plovdiv,yes,LBPD,PDV,,http://www.plovdivairport.com/,https://en.wikipedia.org/wiki/Plovdiv_International_Airport
93,LBWB,medium_airport,Balchik Airfield,43.423801,28.181299,660.0,EU,BG,BG-08,Balchik,no,LBWB,,,,https://en.wikipedia.org/wiki/Balchik_Airfield
3979,LBWN,large_airport,Varna Airport,43.232101,27.8251,230.0,EU,BG,BG-03,Varna,yes,LBWN,VAR,,,https://en.wikipedia.org/wiki/Varna_Airport
30979,LCEN,medium_airport,Nicosia (Lefkoşa) Ercan International Airport,35.152337,33.506584,404.0,AS,CY,CY-02,Tymbou (Kirklar),yes,LCEN,ECN,,,https://en.wikipedia.org/wiki/Ercan_International_Airport
3980,LCLK,large_airport,Larnaca International Airport,34.875099,33.624901,8.0,AS,CY,CY-04,Larnaca,yes,LCLK,LCA,,http://www.cyprusairports.com.cy/showpage.php?PageID=2,https://en.wikipedia.org/wiki/Larnaca_International_Airport
3981,LCPH,medium_airport,Paphos International Airport,34.717999,32.485699,41.0,AS,CY,CY-06,Paphos,yes,LCPH,PFO,,http://paphosinternationalairport.com/index_papxmas.html,https://en.wikipedia.org/wiki/Paphos_International_Airport
3982,LCRA,medium_airport,RAF Akrotiri,34.590401,32.9879,76.0,AS,CY,CY-XX,Akrotiri,no,LCRA,AKT,,http://www.raf.mod.uk/rafakrotiri/passengerinformation/,https://en.wikipedia.org/wiki/RAF_Akrotiri
3984,LDDU,medium_airport,Dubrovnik Ruđer Bošković Airport,42.562247,18.265543,527.0,EU,HR,HR-19,Čilipi,yes,LDDU,DBV,,,https://en.wikipedia.org/wiki/Dubrovnik_Airport
3986,LDOS,medium_airport,Osijek Airport,45.462355,18.811278,290.0,EU,HR,HR-14,Klisa,yes,LDOS,OSI,,,https://en.wikipedia.org/wiki/Osijek_Airport
3987,LDPL,medium_airport,Pula Airport,44.893501,13.9222,274.0,EU,HR,HR-18,Pula,yes,LDPL,PUY,,https://airport-pula.hr/en/,https://en.wikipedia.org/wiki/Pula_Airport
3989,LDRI,medium_airport,Rijeka Airport,45.2169,14.5703,278.0,EU,HR,HR-08,Omišalj,yes,LDRI,RJK,,https://www.rijeka-airport.hr/,https://en.wikipedia.org/wiki/Rijeka_Airport
3991,LDSP,medium_airport,Split Airport,43.538898,16.298,79.0,EU,HR,HR-17,Kaštel Štafilić,yes,LDSP,SPU,,,https://en.wikipedia.org/wiki/Split_Airport
3993,LDZA,large_airport,Zagreb Franjo Tuđman International Airport,45.742901,16.0688,353.0,EU,HR,HR-01,Velika Gorica,yes,LDZA,ZAG,,https://www.zagreb-airport.hr/en,https://en.wikipedia.org/wiki/Zagreb_Airport
3994,LDZD,medium_airport,Zadar Airport,44.094988,15.354879,289.0,EU,HR,HR-13,Zemunik Donji (Zadar),yes,LDZD,ZAD,,https://www.zadar-airport.hr/en,https://en.wikipedia.org/wiki/Zadar_Airport
3997,LEAL,large_airport,Alicante-Elche Miguel Hernández Airport,38.2822,-0.558156,142.0,EU,ES,ES-VC,Alicante,yes,LEAL,ALC,,https://www.aena.es/en/alicante-elche.html,https://en.wikipedia.org/wiki/Alicante_Airport
3998,LEAM,medium_airport,Almería Airport,36.843899,-2.3701,70.0,EU,ES,ES-AN,Almería,yes,LEAM,LEI,,https://www.aena.es/en/almeria.html,https://en.wikipedia.org/wiki/Almer%C3%ADa_International_Airport
3999,LEAS,medium_airport,Asturias Airport,43.563599,-6.03462,416.0,EU,ES,ES-AS,Ranón,yes,LEAS,OVD,,https://www.aena.es/en/asturias.html,https://en.wikipedia.org/wiki/Asturias_Airport
4001,LEBB,medium_airport,Bilbao Airport,43.301102,-2.91061,138.0,EU,ES,ES-PV,Bilbao,yes,LEBB,BIO,,https://www.aena.es/en/bilbao.html,https://en.wikipedia.org/wiki/Bilbao_Airport
4003,LEBG,medium_airport,Burgos Airport,42.357601,-3.62076,2962.0,EU,ES,ES-CL,Burgos,yes,LEBG,RGS,,https://www.aena.es/en/burgos.html,https://en.wikipedia.org/wiki/Burgos_Airport
4004,LEBL,large_airport,Josep Tarradellas Barcelona-El Prat Airport,41.2971,2.07846,12.0,EU,ES,ES-CT,Barcelona,yes,LEBL,BCN,,https://www.aena.es/en/josep-tarradellas-barcelona-el-prat.html,https://en.wikipedia.org/wiki/Barcelona%E2%80%93El_Prat_Airport
300859,LECH,medium_airport,Castellón-Costa Azahar Airport,40.213889,0.073333,1182.0,EU,ES,ES-VC,Castellón de la Plana,yes,LECH,CDT,,https://www.aeroportcastello.com/,https://en.wikipedia.org/wiki/Castell%C3%B3n%E2%80%93Costa_Azahar_Airport
4007,LECO,medium_airport,A Coruña Airport,43.302101,-8.37726,326.0,EU,ES,ES-GA,Culleredo,yes,LECO,LCG,,https://www.aena.es/en/a-coruna.html,https://en.wikipedia.org/wiki/A_Coru%C3%B1a_Airport
4044,LECU,medium_airport,Madrid-Cuatro Vientos Airport,40.370701,-3.78514,2269.0,EU,ES,ES-MD,Madrid,no,LECU,,,https://www.aena.es/en/madrid-cuatro-vientos.html,https://en.wikipedia.org/wiki/Cuatro_Vientos_Airport
308328,LEDA,medium_airport,Lleida-Alguaire Airport,41.728185,0.535023,1152.0,EU,ES,ES-CT,Lleida,yes,LEDA,ILD,,http://www.aeroportlleida.cat/?L=2,https://en.wikipedia.org/wiki/Lleida-Alguaire_Airport
4010,LEGE,medium_airport,Girona-Costa Brava Airport,41.904639,2.761774,468.0,EU,ES,ES-CT,Girona,yes,LEGE,GRO,,https://www.aena.es/en/girona-costa-brava.html,https://en.wikipedia.org/wiki/Girona-Costa_Brava_Airport
4011,LEGR,medium_airport,F.G.L. Airport Granada-Jaén Airport,37.188702,-3.77736,1860.0,EU,ES,ES-AN,Granada,yes,LEGR,GRX,,https://www.aena.es/en/f.g.l.-granada-jaen.html,https://en.wikipedia.org/wiki/Federico_Garc%C3%ADa_Lorca_Airport
4013,LEIB,large_airport,Ibiza Airport,38.872898,1.37312,24.0,EU,ES,ES-IB,Ibiza (Eivissa),yes,LEIB,IBZ,,https://www.aena.es/en/ibiza.html,https://en.wikipedia.org/wiki/Ibiza_Airport
4015,LEJR,medium_airport,Jerez Airport,36.744598,-6.06011,93.0,EU,ES,ES-AN,Jerez de la Frontera,yes,LEJR,XRY,,https://www.aena.es/en/jerez.html,https://en.wikipedia.org/wiki/Jerez_Airport
4019,LEMD,large_airport,Adolfo Suárez Madrid–Barajas Airport,40.471926,-3.56264,1998.0,EU,ES,ES-MD,Madrid,yes,LEMD,MAD,,https://www.aena.es/en/adolfo-suarez-madrid-barajas.html,https://en.wikipedia.org/wiki/Adolfo_Su%C3%A1rez_Madrid%E2%80%93Barajas_Airport
4020,LEMG,large_airport,Málaga-Costa del Sol Airport,36.6749,-4.49911,53.0,EU,ES,ES-AN,Málaga,yes,LEMG,AGP,,https://www.aena.es/en/malaga-costa-del-sol.html,https://en.wikipedia.org/wiki/M%C3%A1laga_Airport
4021,LEMH,medium_airport,Menorca Airport,39.862598,4.21865,302.0,EU,ES,ES-IB,Mahón (Maó),yes,LEMH,MAH,,https://www.aena.es/en/menorca.html,https://en.wikipedia.org/wiki/Menorca_Airport
308134,LEMI,medium_airport,Región de Murcia International Airport,37.803,-1.125,644.0,EU,ES,ES-MC,Corvera,yes,LEMI,RMU,,https://www.aena.es/en/internacional-region-de-murcia.html,https://en.wikipedia.org/wiki/Murcia-Corvera_Airport
4035,LEPA,large_airport,Palma de Mallorca Airport,39.551701,2.73881,27.0,EU,ES,ES-IB,Palma de Mallorca,yes,LEPA,PMI,,https://www.aena.es/en/palma-de-mallorca.html,https://en.wikipedia.org/wiki/Son_Sant_Joan_Airport
4025,LEPP,medium_airport,Pamplona Airport,42.77,-1.64633,1504.0,EU,ES,ES-NC,Pamplona,yes,LEPP,PNA,,https://www.aena.es/en/pamplona.html,https://en.wikipedia.org/wiki/Pamplona_Airport
46583,LERL,medium_airport,Ciudad Real International Airport,38.856479,-3.969944,,EU,ES,ES-CM,Ciudad Real,no,LERL,CQM,,http://www.aeropuertocentralcr.com/,https://en.wikipedia.org/wiki/Ciudad_Real_International_Airport
4031,LERS,medium_airport,Reus Airport,41.1474,1.16717,233.0,EU,ES,ES-CT,Reus,yes,LERS,REU,,https://www.aena.es/en/reus.html,https://en.wikipedia.org/wiki/Reus_Airport
4033,LESA,medium_airport,Salamanca Airport,40.952099,-5.50199,2595.0,EU,ES,ES-CL,Salamanca,yes,LESA,SLM,,https://www.aena.es/en/salamanca.html,https://en.wikipedia.org/wiki/Salamanca_Airport
4037,LESO,medium_airport,San Sebastián Airport,43.356499,-1.79061,16.0,EU,ES,ES-PV,Hondarribia,yes,LESO,EAS,,https://www.aena.es/en/san-sebastian.html,https://en.wikipedia.org/wiki/San_Sebasti%C3%A1n_Airport
4038,LEST,large_airport,Santiago-Rosalía de Castro Airport,42.896301,-8.41514,1213.0,EU,ES,ES-GA,Santiago de Compostela,yes,LEST,SCQ,,https://www.aena.es/en/santiago-rosalia-de-castro.html,https://en.wikipedia.org/wiki/Santiago_de_Compostela_Airport
316427,LETL,medium_airport,Teruel Airport,40.410269,-1.217366,3380.0,EU,ES,ES-AR,Teruel,no,LETL,TEV,,http://www.aeropuertodeteruel.com/en/,https://en.wikipedia.org/wiki/Teruel_Airport
4042,LEVC,medium_airport,Valencia Airport,39.4893,-0.481625,240.0,EU,ES,ES-VC,Valencia,yes,LEVC,VLC,,https://www.aena.es/en/valencia.html,https://en.wikipedia.org/wiki/Valencia_Airport
4045,LEVT,medium_airport,Vitoria Airport,42.882801,-2.72447,1682.0,EU,ES,ES-PV,Alava,yes,LEVT,VIT,,https://www.aena.es/en/vitoria.html,https://en.wikipedia.org/wiki/Vitoria_Airport
4046,LEVX,medium_airport,Vigo Airport,42.2318,-8.62677,856.0,EU,ES,ES-GA,Vigo,yes,LEVX,VGO,,https://www.aena.es/en/vigo.html,https://en.wikipedia.org/wiki/Vigo-Peinador_Airport
4047,LEXJ,medium_airport,Seve Ballesteros-Santander Airport,43.427101,-3.82001,16.0,EU,ES,ES-CB,Santander,yes,LEXJ,SDR,,https://www.aena.es/en/seve-ballesteros-santander.html,https://en.wikipedia.org/wiki/Santander_Airport
4049,LEZL,medium_airport,Sevilla Airport,37.417999,-5.89311,112.0,EU,ES,ES-AN,Sevilla,yes,LEZL,SVQ,,https://www.aena.es/en/seville.html,https://en.wikipedia.org/wiki/San_Pablo_Airport
4050,LFAC,medium_airport,Calais-Dunkerque Airport,50.962101,1.95476,12.0,EU,FR,FR-HDF,Marck,no,LFAC,CQF,,http://www.aeroport.capcalaisis.fr/,https://fr.wikipedia.org/wiki/A%C3%A9roport_de_Calais_-_Dunkerque
4051,LFAG,medium_airport,Péronne Saint-Quentin Airfield,49.868871,3.029566,295.0,EU,FR,FR-HDF,"Monchy-Lagache, Somme",no,LFAG,,,,https://en.wikipedia.org/wiki/Peronne-St_Quentin_Airfield
4055,LFAT,medium_airport,Le Touquet-Côte d'Opale Airport,50.518284,1.621656,36.0,EU,FR,FR-HDF,Le Touquet-Paris-Plage,no,LFAT,LTQ,,https://www.aeroport-letouquet.com/,https://en.wikipedia.org/wiki/Le_Touquet_%E2%80%93_C%C3%B4te_d%27Opale_Airport
4056,LFAV,medium_airport,Valenciennes-Denain Airfield,50.325802,3.46126,165.0,EU,FR,FR-HDF,Prouvy,no,LFAV,,,,https://en.wikipedia.org/wiki/Valenciennes-Denain_Airport
4057,LFAY,medium_airport,Amiens-Glisy Airfield,49.873004,2.387074,208.0,EU,FR,FR-HDF,"Glisy, Somme",no,LFAY,,,,https://en.wikipedia.org/wiki/Amiens_%E2%80%93_Glisy_Aerodrome
4058,LFBA,medium_airport,Agen-La Garenne Airport,44.174171,0.59309,204.0,EU,FR,FR-NAQ,Agen/La Garenne,no,LFBA,AGF,,http://www.aeroport-agen.com/,https://en.wikipedia.org/wiki/Agen_-_La_Garenne_Aerodrome
4060,LFBD,large_airport,Bordeaux-Mérignac Airport,44.8283,-0.715556,162.0,EU,FR,FR-NAQ,Bordeaux/Mérignac,yes,LFBD,BOD,,https://www.bordeaux.aeroport.fr/,https://en.wikipedia.org/wiki/Bordeaux%E2%80%93M%C3%A9rignac_Airport
4061,LFBE,medium_airport,Bergerac Dordogne Périgord Airport,44.825298,0.518611,171.0,EU,FR,FR-NAQ,Bergerac/Roumanière,yes,LFBE,EGC,,https://www.bergerac.aeroport.fr/,https://en.wikipedia.org/wiki/Bergerac_Dordogne_P%C3%A9rigord_Airport
4062,LFBF,medium_airport,Toulouse-Francazal (BA 101) Air Base,43.545601,1.3675,535.0,EU,FR,FR-OCC,Toulouse/Francazal,no,LFBF,,,https://www.toulouse-francazal.aeroport.fr/,https://fr.wikipedia.org/wiki/A%C3%A9roport_de_Toulouse_Francazal
4064,LFBH,medium_airport,La Rochelle-Île de Ré Airport,46.179199,-1.19528,74.0,EU,FR,FR-NAQ,La Rochelle/Île de Ré,yes,LFBH,LRH,,https://www.larochelle.aeroport.fr/en/,https://en.wikipedia.org/wiki/La_Rochelle_-_%C3%8Ele_de_R%C3%A9_Airport
4065,LFBI,medium_airport,Poitiers-Biard Airport,46.5877,0.306666,423.0,EU,FR,FR-NAQ,Poitiers/Biard,yes,LFBI,PIS,,https://www.poitiers.aeroport.fr/,https://en.wikipedia.org/wiki/Poitiers_-_Biard_Airport
4066,LFBK,medium_airport,Montluçon-Guéret Airport,46.222599,2.36396,1497.0,EU,FR,FR-NAQ,"Lépaud, Creuse",no,LFBK,MCU,,https://aerodrome-montlucon-gueret.fr/,https://en.wikipedia.org/wiki/Montlu%C3%A7on_%E2%80%93_Gu%C3%A9ret_Airport
4069,LFBN,medium_airport,Niort - Marais Poitevin Airport,46.313477,-0.394529,203.0,EU,FR,FR-NAQ,Niort/Souché,no,LFBN,NIT,,,https://fr.wikipedia.org/wiki/A%C3%A9rodrome_de_Niort_-_Marais_Poitevin
4070,LFBO,large_airport,Toulouse-Blagnac Airport,43.629101,1.36382,499.0,EU,FR,FR-OCC,Toulouse/Blagnac,yes,LFBO,TLS,,http://www.toulouse.aeroport.fr/,https://en.wikipedia.org/wiki/Toulouse_Blagnac_International_Airport
4071,LFBP,medium_airport,Pau Pyrénées Airport,43.380001,-0.418611,616.0,EU,FR,FR-NAQ,Pau/Pyrénées (Uzein),yes,LFBP,PUF,,https://www.pau.aeroport.fr/passenger/,https://en.wikipedia.org/wiki/Pau_Pyr%C3%A9n%C3%A9es_Airport
4074,LFBU,medium_airport,Angoulême-Brie-Champniers Airport,45.729198,0.221456,436.0,EU,FR,FR-NAQ,Angoulême/Brie/Champniers,no,LFBU,ANG,,https://angouleme-airport.com/,https://en.wikipedia.org/wiki/Angoul%C3%AAme_-_Brie_-_Champniers_Airport
4076,LFBX,medium_airport,Périgueux-Bassillac Airport,45.198101,0.815556,328.0,EU,FR,FR-NAQ,Périgueux/Bassillac,no,LFBX,PGX,,,https://en.wikipedia.org/wiki/P%C3%A9rigueux_Bassillac_Airport
4077,LFBZ,medium_airport,Biarritz-Anglet-Bayonne Airport,43.468333,-1.531111,245.0,EU,FR,FR-NAQ,Biarritz/Anglet/Bayonne,yes,LFBZ,BIQ,,https://biarritz.aeroport.fr/en/,https://en.wikipedia.org/wiki/Biarritz_-_Anglet_-_Bayonne_Airport
4079,LFCG,medium_airport,Aérodrome de Saint-Girons - Antichan,43.007801,1.10315,1368.0,EU,FR,FR-OCC,Saint-Girons/Antichan,no,LFCG,,,,https://fr.wikipedia.org/wiki/A%C3%A9rodrome_de_Saint-Girons_-_Antichan
4080,LFCH,medium_airport,Aérodrome d'Arcachon-La Teste-de-Buch,44.596401,-1.11083,52.0,EU,FR,FR-NAQ,Arcachon/La Teste-de-Buch,no,LFCH,,,https://www.agglo-cobas.fr/mobilites/aerodrome/,https://en.wikipedia.org/wiki/Arcachon_-_La_Teste-de-Buch_Airport
4081,LFCI,medium_airport,Albi-Le Séquestre Airport,43.913898,2.11306,564.0,EU,FR,FR-OCC,Albi/Le Séquestre,no,LFCI,LBI,,,https://fr.wikipedia.org/wiki/A%C3%A9rodrome_d%27Albi_-_Le_Sequestre
4082,LFCK,medium_airport,Castres-Mazamet Airport,43.556301,2.28918,788.0,EU,FR,FR-OCC,Castres/Mazamet,yes,LFCK,DCM,,http://aeroport81.fr/,https://en.wikipedia.org/wiki/Castres-Mazamet_Airport
4086,LFCR,medium_airport,Rodez–Aveyron Airport,44.407902,2.48267,1910.0,EU,FR,FR-OCC,Rodez/Marcillac,yes,LFCR,RDZ,,https://www.aeroport-rodez.fr/en/,https://en.wikipedia.org/wiki/Rodez%E2%80%93Aveyron_Airport
4089,LFCY,medium_airport,Royan-Médis Airport,45.628101,-0.9725,72.0,EU,FR,FR-NAQ,Royan/Médis,no,LFCY,RYN,,,https://en.wikipedia.org/wiki/Royan_%E2%80%93_M%C3%A9dis_Aerodrome
4093,LFDH,medium_airport,Auch-Lamothe Airfield,43.687801,0.601667,411.0,EU,FR,FR-OCC,Auch/Lamothe,no,LFDH,,,http://www.auchaeroport.fr/ (dead link as of 17-sep-2017),https://fr.wikipedia.org/wiki/Aéroport_Auch_-_Gers
4097,LFDN,medium_airport,Rochefort-Saint-Agnant (BA 721) Airport,45.887798,-0.983056,60.0,EU,FR,FR-NAQ,Rochefort/Saint-Agnant,no,LFDN,RCO,,,https://fr.wikipedia.org/wiki/A%C3%A9roport_de_Rochefort_-_Charente-Maritime
4104,LFGA,medium_airport,Colmar-Houssen Airport,48.109901,7.35901,628.0,EU,FR,FR-GES,"Colmar, Haut-Rhin",no,LFGA,CMR,,https://www.colmar.aeroport.fr/en/,https://en.wikipedia.org/wiki/Colmar_Airport
4107,LFGJ,medium_airport,Dole-Jura Airport,47.038955,5.427589,645.0,EU,FR,FR-BFC,"Tavaux, Jura",yes,LFGJ,DLE,,https://www.aeroportdolejura.com/,https://en.wikipedia.org/wiki/Dole%E2%80%93Jura_Airport
4120,LFJL,medium_airport,Metz-Nancy-Lorraine Airport,48.982101,6.25132,870.0,EU,FR,FR-GES,Goin,yes,LFJL,ETZ,,https://lorraineaeroport.com/,https://en.wikipedia.org/wiki/Metz-Nancy-Lorraine_Airport
4121,LFJR,medium_airport,Angers-Loire Airport,47.560299,-0.312222,194.0,EU,FR,FR-PDL,"Marcé, Maine-et-Loire",no,LFJR,ANE,,https://www.angers.aeroport.fr/en,https://en.wikipedia.org/wiki/Angers_–_Loire_Airport
4123,LFKB,medium_airport,Bastia-Poretta Airport,42.55270004272461,9.48373031616211,26.0,EU,FR,FR-COR,Bastia/Poretta,yes,LFKB,BIA,,,https://en.wikipedia.org/wiki/Bastia_-_Poretta_Airport
4126,LFKJ,medium_airport,Ajaccio-Napoléon Bonaparte Airport,41.92359924316406,8.8029203414917,18.0,EU,FR,FR-COR,Ajaccio/Napoléon Bonaparte,yes,LFKJ,AJA,,,https://en.wikipedia.org/wiki/Ajaccio_-_Campo_dell'Oro_Airport
4131,LFLB,medium_airport,Chambéry Savoie Mont Blanc Airport,45.6381,5.88023,779.0,EU,FR,FR-ARA,Viviers-du-Lac,yes,LFLB,CMF,,https://www.chambery-airport.com/en,https://en.wikipedia.org/wiki/Chamb%C3%A9ry_Airport
4132,LFLC,medium_airport,Clermont-Ferrand Auvergne Airport,45.786701,3.16917,1090.0,EU,FR,FR-ARA,"Aulnat, Puy-de-Dôme",yes,LFLC,CFE,,https://www.clermont-aeroport.com/en,https://en.wikipedia.org/wiki/Clermont-Ferrand_Auvergne_Airport
4133,LFLD,medium_airport,Bourges Airport,47.060158,2.369633,529.0,EU,FR,FR-CVL,"Bourges, Cher",no,LFLD,BOU,,https://www.bourges.aeroport.fr/en,https://en.wikipedia.org/wiki/Bourges_Airport
4136,LFLI,medium_airport,Annemasse Airfield,46.192001,6.26839,1620.0,EU,FR,FR-ARA,Annemasse,no,LFLI,,,http://www.caa.asso.fr/,https://en.wikipedia.org/wiki/Annemasse_Aerodrome
4137,LFLL,large_airport,Lyon Saint-Exupéry Airport,45.725996,5.090139,821.0,EU,FR,FR-ARA,"Colombier-Saugnieu, Rhône",yes,LFLL,LYS,,https://www.lyonaeroports.com/,https://en.wikipedia.org/wiki/Lyon%E2%80%93Saint-Exup%C3%A9ry_Airport
4138,LFLM,medium_airport,Mâcon-Charnay Airfield,46.295131,4.795977,728.0,EU,FR,FR-BFC,"Charnay-lès-Mâcon, Saône-et-Loire",no,LFLM,,,,https://fr.wikipedia.org/wiki/A%C3%A9rodrome_de_M%C3%A2con_-_Charnay
4139,LFLN,medium_airport,Saint-Yan Airport,46.412498,4.01326,796.0,EU,FR,FR-BFC,Saint-Yan,no,LFLN,SYT,,http://www.aeroportsaintyan.fr/,https://en.wikipedia.org/wiki/Saint-Yan_Airport
4140,LFLO,medium_airport,Roanne-Renaison Airport,46.053818,3.999023,1106.0,EU,FR,FR-ARA,Saint-Léger-sur-Roanne,no,LFLO,RNE,,,https://fr.wikipedia.org/wiki/A%C3%A9roport_de_Roanne
4141,LFLP,medium_airport,Annecy Haute-Savoie Mont Blanc Airport,45.928947,6.0987,1521.0,EU,FR,FR-ARA,Epagny Metz-Tessy,yes,LFLP,NCY,,https://www.annecy-airport.com/en,https://en.wikipedia.org/wiki/Annecy_-_Haute-Savoie_-_Mont_Blanc_Airport
4142,LFLS,medium_airport,Grenoble Alpes Isère Airport,45.3629,5.32937,1302.0,EU,FR,FR-ARA,"Saint-Étienne-de-Saint-Geoirs, Isère",yes,LFLS,GNB,,https://www.grenoble-airport.com/en,https://en.wikipedia.org/wiki/Grenoble-Is%C3%A8re_Airport
4144,LFLU,medium_airport,Valence-Chabeuil Airport,44.9216,4.9699,525.0,EU,FR,FR-ARA,"Chabeuil, Drôme",no,LFLU,VAF,,http://www.valenceaeroport.fr,https://en.wikipedia.org/wiki/Valence-Chabeuil_Airport
4145,LFLV,medium_airport,Vichy-Charmeil Airport,46.16969,3.403637,817.0,EU,FR,FR-ARA,"Charmeil, Allier",no,LFLV,VHY,,,https://en.wikipedia.org/wiki/Vichy_%E2%80%94_Charmeil_Airport
4146,LFLW,medium_airport,Aurillac Airport,44.89139938354492,2.4219400882720947,2096.0,EU,FR,FR-ARA,Aurillac,yes,LFLW,AUR,,,https://en.wikipedia.org/wiki/Aurillac_Airport
4147,LFLX,medium_airport,"Châteauroux-Déols ""Marcel Dassault"" Airport",46.860278,1.721111,529.0,EU,FR,FR-CVL,Châteauroux/Déols,no,LFLX,CHR,,https://chateauroux.aeroport.fr/#,https://en.wikipedia.org/wiki/Ch%C3%A2teauroux-D%C3%A9ols_%22Marcel_Dassault%22_Airport
4148,LFLY,medium_airport,Lyon Bron Airport,45.727947,4.943991,659.0,EU,FR,FR-ARA,"Chassieu, Lyon",no,LFLY,LYN,,https://www.lyonaeroports.com/en/lyon-bron,https://en.wikipedia.org/wiki/Lyon%E2%80%93Bron_Airport
4150,LFMC,medium_airport,Le Luc-Le Cannet Airfield,43.384701,6.38714,265.0,EU,FR,FR-PAC,"Le Cannet-des-Maures, Var",no,LFMC,,,,https://en.wikipedia.org/wiki/Le_Luc_%E2%80%93_Le_Cannet_Airport
4151,LFMD,medium_airport,Cannes-Mandelieu Airport,43.547998,6.955176,13.0,EU,FR,FR-PAC,"Cannes, Alpes-Maritimes",no,LFMD,CEQ,,https://www.cannes.aeroport.fr/,https://en.wikipedia.org/wiki/Cannes_%E2%80%93_Mandelieu_Airport
4152,LFMH,medium_airport,Saint-Étienne-Bouthéon Airport,45.5406,4.29639,1325.0,EU,FR,FR-ARA,Saint-Étienne/Bouthéon,no,LFMH,EBU,,https://saint-etienne.aeroport.fr/en/,https://en.wikipedia.org/wiki/Saint-%C3%89tienne_-_Bouth%C3%A9on_Airport
4154,LFMK,medium_airport,Carcassonne Airport,43.216,2.30632,433.0,EU,FR,FR-OCC,Carcassonne/Salvaza,yes,LFMK,CCF,,https://www.aeroport-carcassonne.com/,https://en.wikipedia.org/wiki/Carcassonne_Salvaza_Airport
4155,LFML,large_airport,Marseille Provence Airport,43.438088,5.2125,74.0,EU,FR,FR-PAC,"Marignane, Bouches-du-Rhône",yes,LFML,MRS,,https://www.marseille.aeroport.fr/,https://en.wikipedia.org/wiki/Marseille_Provence_Airport
4156,LFMN,large_airport,Nice-Côte d'Azur Airport,43.658401,7.21587,12.0,EU,FR,FR-PAC,"Nice, Alpes-Maritimes",yes,LFMN,NCE,,https://www.nice.aeroport.fr/en,https://en.wikipedia.org/wiki/C%C3%B4te_d'Azur_International_Airport
4158,LFMP,medium_airport,Perpignan-Rivesaltes (Llabanère) Airport,42.740398,2.87067,144.0,EU,FR,FR-OCC,Perpignan/Rivesaltes,yes,LFMP,PGF,,https://www.aeroport-perpignan.com/,https://en.wikipedia.org/wiki/Perpignan_-_Rivesaltes_Airport
4160,LFMS,medium_airport,Aérodrome d'Alès Cévennes,44.069698,4.14212,668.0,EU,FR,FR-OCC,Alès/Deaux,no,LFMS,,,,https://fr.wikipedia.org/wiki/A%C3%A9rodrome_d%27Al%C3%A8s_C%C3%A9vennes
4161,LFMT,medium_airport,Montpellier-Méditerranée Airport,43.576199,3.96301,17.0,EU,FR,FR-OCC,Montpellier/Méditerranée,yes,LFMT,MPL,,https://www.montpellier.aeroport.fr/,https://en.wikipedia.org/wiki/Montpellier_-_M%C3%A9diterran%C3%A9e_Airport
4162,LFMU,medium_airport,Béziers-Vias Airport,43.323502,3.3539,56.0,EU,FR,FR-OCC,Béziers/Vias,yes,LFMU,BZR,,https://beziers.aeroport.fr/en/,https://en.wikipedia.org/wiki/B%C3%A9ziers-Agde-Vias_Airport
4163,LFMV,medium_airport,Avignon-Caumont Airport,43.907299,4.90183,124.0,EU,FR,FR-PAC,"Avignon, Vaucluse",yes,LFMV,AVN,,https://avignon.aero/,https://en.wikipedia.org/wiki/Avignon_-_Caumont_Airport
4164,LFMY,medium_airport,Salon-de-Provence (BA 701) Air Base,43.6064,5.10925,195.0,EU,FR,FR-PAC,Salon,no,LFMY,,,,https://en.wikipedia.org/wiki/Salon-de-Provence_Air_Base
4166,LFNB,medium_airport,Mende-Brenoux Airfield,44.502102,3.53282,3362.0,EU,FR,FR-OCC,Mende/Brénoux,no,LFNB,MEN,,,https://fr.wikipedia.org/wiki/A%C3%A9rodrome_de_Mende_-_Brenoux
4169,LFOB,medium_airport,Paris-Beauvais Airport,49.454399,2.11278,359.0,EU,FR,FR-HDF,Tillé,yes,LFOB,BVA,,https://www.aeroportparisbeauvais.com/,https://en.wikipedia.org/wiki/Paris_Beauvais_Till%C3%A9_Airport
4173,LFOH,medium_airport,Le Havre-Octeville Airport,49.534038,0.088406,313.0,EU,FR,FR-NOR,Le Havre,no,LFOH,LEH,,https://www.lehavre.aeroport.fr/,https://en.wikipedia.org/wiki/Le_Havre_Octeville_Airport
4174,LFOI,medium_airport,Abbeville-Buigny Baie de Somme Airfield,50.143501,1.831891,220.0,EU,FR,FR-HDF,Buigny-Saint-Maclou,no,LFOI,,,,https://fr.wikipedia.org/wiki/Aérodrome_d'Abbeville
4177,LFOP,medium_airport,Rouen Vallée de Seine Airport,49.384887,1.179142,512.0,EU,FR,FR-NOR,Boos,no,LFOP,URO,,https://www.aeroport-rouen.fr/,https://en.wikipedia.org/wiki/Rouen_Airport
4181,LFOV,medium_airport,Laval-Entrammes Airport,48.032208,-0.743999,330.0,EU,FR,FR-PDL,"Laval, Mayenne",no,LFOV,LVA,,https://www.aeroport-laval.com/en/home/,https://fr.wikipedia.org/wiki/A%C3%A9roport_de_Laval_-_La_Mayenne
4183,LFPB,medium_airport,Paris-Le Bourget Airport,48.969398,2.44139,218.0,EU,FR,FR-IDF,"Paris (Le Bourget, Seine-Saint-Denis)",no,LFPB,LBG,,http://www.aeroportsdeparis.fr/,https://en.wikipedia.org/wiki/Le_Bourget_Airport
4185,LFPG,large_airport,Charles de Gaulle International Airport,49.012798,2.55,392.0,EU,FR,FR-IDF,"Paris (Roissy-en-France, Val-d'Oise)",yes,LFPG,CDG,,http://www.aeroportsdeparis.fr/,https://en.wikipedia.org/wiki/Charles_de_Gaulle_Airport
4187,LFPM,medium_airport,Melun-Villaroche Airfield,48.604698,2.67112,302.0,EU,FR,FR-IDF,"Moissy-Cramayel, Seine-et-Marne",no,LFPM,,,,https://en.wikipedia.org/wiki/Melun_Villaroche_Aerodrome
4188,LFPN,medium_airport,Toussus-le-Noble Airport,48.7519,2.10619,538.0,EU,FR,FR-IDF,"Toussus-le-Noble, Yvelines",no,LFPN,TNF,,,https://en.wikipedia.org/wiki/Toussus-le-Noble_Airport
4189,LFPO,large_airport,Paris-Orly Airport,48.72333,2.37944,291.0,EU,FR,FR-IDF,"Paris (Orly, Val-de-Marne)",yes,LFPO,ORY,,https://www.parisaeroport.fr/orly,https://en.wikipedia.org/wiki/Orly_Airport
4190,LFPT,medium_airport,Pontoise-Cormeilles Aerodrome,49.096064,2.035543,325.0,EU,FR,FR-IDF,"Cormeilles-en-Vexin, Val-d'Oise",no,LFPT,POX,,,https://en.wikipedia.org/wiki/Pontoise_%E2%80%93_Cormeilles_Aerodrome
4193,LFQB,medium_airport,Troyes-Barberey Airport,48.322102,4.0167,388.0,EU,FR,FR-GES,"Barberey-Saint-Sulpice, Aube",no,LFQB,,,http://www.troyes.aeroport.fr/,https://en.wikipedia.org/wiki/Troyes_%E2%80%93_Barberey_Airport
4195,LFQE,medium_airport,Lieutenant Étienne Mantoux Air Base,49.226898,5.67222,770.0,EU,FR,FR-GES,Rouvres-en-Woëvre,no,LFQE,,,,https://en.wikipedia.org/wiki/Base_Lieutenant_%C3%89tienne_Mantoux
4197,LFQG,medium_airport,Nevers-Fourchambault Airport,47.002602,3.11333,602.0,EU,FR,FR-BFC,Nevers/Fourchambault,no,LFQG,NVS,,,https://fr.wikipedia.org/wiki/A%C3%A9roport_de_Nevers-Fourchambault
4202,LFQQ,medium_airport,Lille Airport,50.563332,3.086886,157.0,EU,FR,FR-HDF,Lesquin,yes,LFQQ,LIL,,https://www.lille.aeroport.fr/home/,https://en.wikipedia.org/wiki/Lille_Airport
4203,LFQT,medium_airport,Merville-Calonne Airport,50.618401,2.64224,61.0,EU,FR,FR-HDF,"Merville, Nord",no,LFQT,HZB,,https://aeroport-mervillelestrem.fr/,https://en.wikipedia.org/wiki/Merville%E2%80%93Calonne_Airport
4204,LFQV,medium_airport,Charleville-Mézières Ardennes-Etienne Riché Airfield,49.783901,4.64708,492.0,EU,FR,FR-GES,Charleville-Mézières,no,LFQV,,,,https://fr.wikipedia.org/wiki/A%C3%A9rodrome_de_Charleville-M%C3%A9zi%C3%A8res
4206,LFRB,medium_airport,Brest Bretagne Airport,48.447899,-4.41854,325.0,EU,FR,FR-BRE,Brest/Guipavas,yes,LFRB,BES,,https://www.brest.aeroport.bzh,https://en.wikipedia.org/wiki/Brest_Bretagne_Airport
4207,LFRC,medium_airport,Cherbourg-Maupertus Airport,49.650101,-1.47028,459.0,EU,FR,FR-NOR,"Gonneville-Le Theil, Manche",no,LFRC,CER,,https://www.cherbourg.aeroport.fr/,https://en.wikipedia.org/wiki/Cherbourg_-_Maupertus_Airport
4208,LFRD,medium_airport,Dinard-Pleurtuit-Saint-Malo Airport,48.5877,-2.07996,219.0,EU,FR,FR-BRE,"Pleurtuit, Ille-et-Vilaine",yes,LFRD,DNR,,https://www.dinard.aeroport.fr/en,https://en.wikipedia.org/wiki/Dinard_-_Pleurtuit_-_Saint-Malo_Airport
4209,LFRE,medium_airport,La Baule-Escoublac Airport,47.289398,-2.34639,105.0,EU,FR,FR-PDL,La Baule-Escoublac,no,LFRE,LBY,,,https://fr.wikipedia.org/wiki/A%C3%A9rodrome_de_La_Baule-Escoublac
4210,LFRF,medium_airport,Granville Airport,48.883099,-1.56417,45.0,EU,FR,FR-NOR,"Bréville-sur-Mer, Manche",no,LFRF,GFR,,,https://fr.wikipedia.org/wiki/A%C3%A9rodrome_de_Granville-Mont-Saint-Michel
4211,LFRG,medium_airport,Deauville-Normandie Airport,49.365237,0.154481,479.0,EU,FR,FR-NOR,"Deauville, Calvados",yes,LFRG,DOL,,https://www.deauville.aeroport.fr/,https://en.wikipedia.org/wiki/Deauville_%E2%80%93_Normandie_Airport
4215,LFRK,medium_airport,Caen-Carpiquet Airport,49.17678,-0.454883,256.0,EU,FR,FR-NOR,"Carpiquet, Calvados",yes,LFRK,CFR,,https://www.caen.aeroport.fr/,https://en.wikipedia.org/wiki/Caen_-_Carpiquet_Airport
4217,LFRM,medium_airport,Le Mans-Arnage Airport,47.948604,0.201702,194.0,EU,FR,FR-PDL,"Le Mans, Sarthe",yes,LFRM,LME,,https://aeroport.lemans.sarthe.cci.fr/,https://fr.wikipedia.org/wiki/A%C3%A9roport_Le_Mans-Arnage
4218,LFRN,medium_airport,Rennes-Saint-Jacques Airport,48.0695,-1.73479,124.0,EU,FR,FR-BRE,"Saint-Jacques-de-la-Lande, Ille-et-Vilaine",yes,LFRN,RNS,,http://www.rennes.aeroport.fr/,https://en.wikipedia.org/wiki/Rennes_-_Saint-Jacques_Airport
4219,LFRO,medium_airport,Lannion-Côte de Granit Airport,48.754398,-3.47166,290.0,EU,FR,FR-BRE,Lannion,no,LFRO,LAI,,http://www.lannion.aeroport.fr,https://en.wikipedia.org/wiki/Lannion_%E2%80%93_C%C3%B4te_de_Granit_Airport
4220,LFRQ,medium_airport,Quimper-Cornouaille Airport,47.973031,-4.169655,297.0,EU,FR,FR-BRE,Quimper/Pluguffan,no,LFRQ,UIP,,https://www.quimper.aeroport.bzh/accueil,https://en.wikipedia.org/wiki/Quimper_-_Cornouaille_Airport
4221,LFRS,medium_airport,Nantes Atlantique Airport,47.153198,-1.61073,90.0,EU,FR,FR-PDL,Nantes,yes,LFRS,NTE,,https://www.nantes.aeroport.fr/en,https://en.wikipedia.org/wiki/Nantes_Atlantique_Airport
4222,LFRT,medium_airport,Saint-Brieuc-Armor Airport,48.538628,-2.853518,453.0,EU,FR,FR-BRE,"Trémuson, Côtes-d'Armor",no,LFRT,SBK,,https://www.st-brieuc.aeroport.fr/en/,https://en.wikipedia.org/wiki/Saint-Brieuc_%E2%80%93_Armor_Airport
4223,LFRU,medium_airport,Morlaix-Ploujean Airport,48.6031990051,-3.81577992439,272.0,EU,FR,FR-BRE,Morlaix/Ploujean,no,LFRU,MXN,,,https://en.wikipedia.org/wiki/Morlaix_%E2%80%93_Ploujean_Airport
4224,LFRV,medium_airport,Vannes-Meucon Airport,47.723301,-2.71856,446.0,EU,FR,FR-BRE,Vannes/Meucon,yes,LFRV,VNE,,http://www.vannes.aeroport.fr/,https://en.wikipedia.org/wiki/Meucon_Airport
4225,LFRZ,medium_airport,Saint-Nazaire-Montoir Airport,47.31142,-2.152634,13.0,EU,FR,FR-PDL,Saint-Nazaire/Montoir,yes,LFRZ,SNR,,,https://en.wikipedia.org/wiki/Saint-Nazaire_Montoir_Airport
4226,LFSB,large_airport,EuroAirport Basel-Mulhouse-Freiburg,47.60068,7.521117,885.0,EU,FR,FR-GES,Saint-Louis,yes,LFSB,BSL,,http://www.euroairport.com/,https://en.wikipedia.org/wiki/EuroAirport_Basel-Mulhouse-Freiburg
4228,LFSD,medium_airport,Dijon-Bourgogne Airport,47.268902,5.09,726.0,EU,FR,FR-BFC,"Ouges, Côte-d'Or",yes,LFSD,DIJ,,http://www.aeroport.dijon.cci.fr/,https://fr.wikipedia.org/wiki/A%C3%A9roport_de_Dijon-Bourgogne
4230,LFSG,medium_airport,Épinal-Mirecourt Airport,48.325001,6.06998,1084.0,EU,FR,FR-GES,"Juvaincourt, Vosges",no,LFSG,EPL,,http://www.epinal-mirecourt.aeroport.fr,https://en.wikipedia.org/wiki/%C3%89pinal_%E2%80%93_Mirecourt_Airport
29001,LFSL,medium_airport,Brive-Souillac,45.039722,1.485556,1016.0,EU,FR,FR-NAQ,Brive la Gaillarde,yes,LFSL,BVE,,http://www.aeroport-brive-vallee-dordogne.fr,https://fr.wikipedia.org/wiki/Aéroport_de_Brive-Souillac
4234,LFSN,medium_airport,Nancy-Essey Airport,48.692101,6.23046,751.0,EU,FR,FR-GES,"Tomblaine, Meurthe-et-Moselle",no,LFSN,ENC,,https://www.nancy.aeroport.fr/,https://en.wikipedia.org/wiki/Nancy-Essey_Airport
4238,LFST,medium_airport,Strasbourg Airport,48.53829956054688,7.628230094909668,505.0,EU,FR,FR-GES,Strasbourg,yes,LFST,SXB,,http://www.strasbourg.aeroport.fr/E/index.php,https://en.wikipedia.org/wiki/Strasbourg_Airport
4242,LFTW,medium_airport,Nîmes-Arles-Camargue Airport,43.757401,4.41635,309.0,EU,FR,FR-OCC,Nîmes/Garons,yes,LFTW,FNI,,https://www.nimes.aeroport.fr/en,https://en.wikipedia.org/wiki/N%C3%AEmes-Arles-Camargue_Airport
4245,LFVP,medium_airport,St Pierre Airport,46.76290130615234,-56.173099517822266,27.0,NA,PM,PM-SP,Saint-Pierre,yes,LFVP,FSP,,,https://en.wikipedia.org/wiki/Saint-Pierre_Airport
4248,LGAD,medium_airport,Andravida Air Base,37.9207,21.292601,55.0,EU,GR,GR-G,Andravida,no,LGAD,PYR,,https://www.haf.gr/en/structure/htaf/117-combat-wing/,https://en.wikipedia.org/wiki/Andravida_Air_Base
4251,LGAV,large_airport,Athens Eleftherios Venizelos International Airport,37.936401,23.9445,308.0,EU,GR,GR-I,Spata-Artemida,yes,LGAV,ATH,,http://www.aia.gr,https://en.wikipedia.org/wiki/Athens_International_Airport
4253,LGBL,medium_airport,Nea Anchialos National Airport,39.219601,22.7943,83.0,EU,GR,GR-E,Nea Anchialos,yes,LGBL,VOL,,,https://en.wikipedia.org/wiki/Nea_Anchialos_National_Airport
4255,LGHI,medium_airport,Chios Island National Airport,38.34320068359375,26.140600204467773,15.0,EU,GR,GR-K,Chios Island,yes,LGHI,JKH,,http://www.hcaa-eleng.gr/chios.htm,https://en.wikipedia.org/wiki/Chios_Island_National_Airport
4257,LGIO,medium_airport,Ioannina King Pyrrhus National Airport,39.6964,20.8225,1558.0,EU,GR,GR-D,Ioannina,yes,LGIO,IOA,,,https://en.wikipedia.org/wiki/Ioannina_National_Airport
4258,LGIR,large_airport,Heraklion International Nikos Kazantzakis Airport,35.339699,25.1803,115.0,EU,GR,GR-M,Heraklion,yes,LGIR,HER,,https://www.heraklion-airport.gr/en/,https://en.wikipedia.org/wiki/Heraklion_International_Airport%2C_%22Nikos_Kazantzakis%22
4261,LGKF,medium_airport,Kefallinia Airport,38.12009811401367,20.5004997253418,59.0,EU,GR,GR-F,Kefallinia Island,yes,LGKF,EFL,,,https://en.wikipedia.org/wiki/Kefalonia_Island_International_Airport
4262,LGKL,medium_airport,Kalamata Airport,37.06829833984375,22.02549934387207,26.0,EU,GR,GR-J,Kalamata,yes,LGKL,KLX,,,https://en.wikipedia.org/wiki/Kalamata_International_Airport
4264,LGKO,medium_airport,Kos Airport,36.794523,27.09115,412.0,AS,GR,GR-L,Kos Island,yes,LGKO,KGS,,https://www.kgs-airport.gr/el/,https://en.wikipedia.org/wiki/Kos_Island_International_Airport
4265,LGKP,medium_airport,Karpathos Airport,35.421398,27.146,66.0,EU,GR,GR-L,Karpathos Island,yes,LGKP,AOK,,,https://en.wikipedia.org/wiki/Karpathos_Island_National_Airport
4266,LGKR,medium_airport,Corfu Ioannis Kapodistrias International Airport,39.601898,19.911699,6.0,EU,GR,GR-F,Kerkyra (Corfu),yes,LGKR,CFU,,,https://en.wikipedia.org/wiki/Corfu_International_Airport%2C_%26quot%3BIoannis_Kapodistrias%26quot%3B
4268,LGKV,medium_airport,Kavala Alexander the Great International Airport,40.9133,24.6192,18.0,EU,GR,GR-A,Kavala,yes,LGKV,KVA,,,https://en.wikipedia.org/wiki/Kavala_International_Airport
4275,LGMT,medium_airport,Mytilene International Airport,39.057272,26.598887,60.0,EU,GR,GR-K,Mytilene,yes,LGMT,MJT,,,https://en.wikipedia.org/wiki/Mytilene_International_Airport
4277,LGPZ,medium_airport,Aktion National Airport,38.925499,20.765301,11.0,EU,GR,GR-D,Preveza,yes,LGPZ,PVK,,https://www.pvk-airport.gr/en,https://en.wikipedia.org/wiki/Aktion_National_Airport
4279,LGRP,medium_airport,Diagoras Airport,36.405399,28.086201,17.0,AS,GR,GR-L,Rhodes,yes,LGRP,RHO,,https://www.rho-airport.gr/el/,https://en.wikipedia.org/wiki/Rhodes_International_Airport
4280,LGRX,medium_airport,Patras Araxos Agamemnon Airport,38.1511,21.4256,46.0,EU,GR,GR-G,Patras,yes,LGRX,GPA,,http://www.araxos-airport.gr/,https://en.wikipedia.org/wiki/Araxos_Airport
4281,LGSA,medium_airport,Chania International Airport,35.5317,24.1497,490.0,EU,GR,GR-M,Souda,yes,LGSA,CHQ,,,https://en.wikipedia.org/wiki/Chania_International_Airport
4282,LGSK,medium_airport,Skiathos Island National Airport,39.177101,23.5037,54.0,EU,GR,GR-E,Skiathos,yes,LGSK,JSI,,,https://en.wikipedia.org/wiki/Skiathos_Island_National_Airport
4283,LGSM,medium_airport,Samos Airport,37.689999,26.911699,19.0,EU,GR,GR-K,Samos Island,yes,LGSM,SMI,,,https://en.wikipedia.org/wiki/Samos_International_Airport
4286,LGSR,medium_airport,Santorini Airport,36.399200439453125,25.47929954528809,127.0,EU,GR,GR-L,Santorini Island,yes,LGSR,JTR,,,https://en.wikipedia.org/wiki/Santorini_(Thira)_National_Airport
4287,LGST,medium_airport,Sitia Airport,35.21609878540039,26.101299285888672,376.0,EU,GR,GR-M,Crete Island,yes,LGST,JSH,,,https://en.wikipedia.org/wiki/Sitia_Public_Airport
4290,LGTG,medium_airport,Tanagra Air Base,38.339802,23.565001,495.0,EU,GR,GR-H,Tanagra,no,LGTG,,,,https://en.wikipedia.org/wiki/Tanagra_Air_Base
4295,LGZA,medium_airport,Zakynthos International Airport Dionysios Solomos,37.7509,20.8843,12.0,EU,GR,GR-F,Zakynthos,yes,LGZA,ZTH,,https://www.zth-airport.gr,https://en.wikipedia.org/wiki/Zakynthos_International_Airport
4296,LHBP,large_airport,Budapest Liszt Ferenc International Airport,47.43018,19.262393,495.0,EU,HU,HU-BU,Budapest,yes,LHBP,BUD,,http://www.bud.hu/english,https://en.wikipedia.org/wiki/Budapest_Ferenc_Liszt_International_Airport
4297,LHDC,medium_airport,Debrecen International Airport,47.488899,21.615299,359.0,EU,HU,HU-HB,Debrecen,yes,LHDC,DEB,,http://www.airportdebrecen.hu/,https://en.wikipedia.org/wiki/Debrecen_International_Airport
4299,LHKE,medium_airport,Kecskemét Air Base,46.9175,19.749201,376.0,EU,HU,HU-BK,Kecskemét,no,LHKE,,,,https://en.wikipedia.org/wiki/Kecskem%C3%A9t_Air_Base
4302,LHPP,medium_airport,Pécs-Pogány Airport,45.988891,18.242044,651.0,EU,HU,HU-BA,Pogány,yes,LHPP,PEV,,http://www.airport-pecs.hu/,https://en.wikipedia.org/wiki/P%C3%A9cs-Pog%C3%A1ny_International_Airport
4303,LHPR,medium_airport,Győr-Pér International Airport,47.628436,17.804718,424.0,EU,HU,HU-GS,Pér,yes,LHPR,,,http://www.gyor-perairport.hu/index.php?displang=eng,https://en.wikipedia.org/wiki/Gy%C5%91r-P%C3%A9r_International_Airport
4305,LHSM,medium_airport,Hévíz–Balaton Airport,46.686391,17.159084,408.0,EU,HU,HU-ZA,Sármellék,yes,LHSM,SOB,,http://www.flybalaton.com/?null&lang=en,https://en.wikipedia.org/wiki/S%C3%A1rmell%C3%A9k_International_Airport
4306,LHSN,medium_airport,Szolnok Air Base,47.122897,20.2355,322.0,EU,HU,HU-JN,Szolnok,no,LHSN,,,,https://en.wikipedia.org/wiki/Szolnok_Air_Base
30003,LHTA,medium_airport,Taszár Air Base,46.393101,17.9175,531.0,EU,HU,HU-SO,Taszár,no,LHTA,,,,https://en.wikipedia.org/wiki/Tasz%C3%A1r_Air_Base
4308,LIBA,medium_airport,Amendola Air Base,41.541401,15.7181,183.0,EU,IT,IT-75,San Giovanni Rotondo (FG),no,LIBA,,FG06,,https://en.wikipedia.org/wiki/Amendola_Air_Base
4309,LIBC,medium_airport,Crotone Sant'Anna Pythagoras Airport,38.9972,17.0802,522.0,EU,IT,IT-78,Isola di Capo Rizzuto (KR),yes,LIBC,CRV,KR01,http://www.aeroporto.kr.it/cartaservizi_eng.asp,https://en.wikipedia.org/wiki/Crotone_Airport
4312,LIBG,medium_airport,Taranto-Grottaglie Marcello Arlotta Airport,40.517502,17.4032,215.0,EU,IT,IT-75,Grottaglie,no,LIBG,TAR,TA02,,https://en.wikipedia.org/wiki/Taranto-Grottaglie_Airport
4314,LIBP,medium_airport,Abruzzo Airport,42.431702,14.1811,48.0,EU,IT,IT-65,Pescara,yes,LIBP,PSR,PE01,http://www.abruzzo-airport.it/eng/index.php,https://en.wikipedia.org/wiki/Abruzzo_Airport
4316,LIBV,medium_airport,Gioia del Colle Antonio Ramirez Air Base,40.767799,16.9333,1187.0,EU,IT,IT-75,Gioia del Colle (BA),no,LIBV,,BA07,,https://en.wikipedia.org/wiki/Gioia_del_Colle_Air_Base
298716,LICB,medium_airport,Comiso Airport,36.99583,14.60889,756.0,EU,IT,IT-82,Comiso,yes,LICB,CIY,RG06,http://www.aeroportodicomiso.it/,https://en.wikipedia.org/wiki/Comiso_Airport
4318,LICC,large_airport,Catania-Fontanarossa Airport,37.466801,15.0664,39.0,EU,IT,IT-82,Catania,yes,LICC,CTA,CT03,http://www.aeroporto.catania.it/,https://en.wikipedia.org/wiki/Catania-Fontanarossa_Airport
4319,LICD,medium_airport,Lampedusa Airport,35.497898,12.6181,70.0,EU,IT,IT-82,Lampedusa,yes,LICD,LMP,AG01,,https://en.wikipedia.org/wiki/Lampedusa_Airport
4320,LICG,medium_airport,Pantelleria Airport,36.816502,11.9689,628.0,EU,IT,IT-82,Pantelleria (TP),yes,LICG,PNL,TP02,,https://en.wikipedia.org/wiki/Pantelleria_Airport
4321,LICJ,large_airport,Falcone–Borsellino Airport,38.175999,13.091,65.0,EU,IT,IT-82,Palermo,yes,LICJ,PMO,PA03,http://www.gesap.it/index.php,https://en.wikipedia.org/wiki/Falcone%E2%80%93Borsellino_Airport
4323,LICR,medium_airport,Reggio Calabria Airport,38.071201,15.6516,96.0,EU,IT,IT-78,Reggio Calabria,yes,LICR,REG,RC01,,https://en.wikipedia.org/wiki/Reggio_Calabria_Airport
4324,LICT,medium_airport,Vincenzo Florio Airport Trapani-Birgi,37.9114,12.488,25.0,EU,IT,IT-82,Trapani (TP),yes,LICT,TPS,TP01,,https://en.wikipedia.org/wiki/Vincenzo_Florio_Airport_Trapani%E2%80%93Birgi
4325,LICZ,medium_airport,Sigonella Navy Air Base,37.401699,14.9224,79.0,EU,IT,IT-82,Sigonella (CT),no,LICZ,NSY,CT04,,https://en.wikipedia.org/wiki/Naval_Air_Station_Sigonella
4330,LIEA,medium_airport,Alghero-Fertilia Airport,40.632099,8.29077,87.0,EU,IT,IT-88,Alghero,yes,LIEA,AHO,SS02,http://www.aeroportodialghero.it/home_en.asp,https://en.wikipedia.org/wiki/Alghero-Fertilia_Airport
4331,LIED,medium_airport,Decimomannu Air Base,39.354198,8.97248,100.0,EU,IT,IT-88,Decimomannu,no,LIED,DCI,CA12,,https://en.wikipedia.org/wiki/Decimomannu_Air_Base
4332,LIEE,large_airport,Cagliari Elmas Airport,39.251499,9.05428,13.0,EU,IT,IT-88,Cagliari,yes,LIEE,CAG,CA07,http://www.cagliariairport.it/en/,https://en.wikipedia.org/wiki/Cagliari_Elmas_Airport
4335,LILE,medium_airport,Biella-Cerrione Airfield,45.4953,8.10278,920.0,EU,IT,IT-21,Cerrione (BI),no,LILE,,BI03,http://www.aeroportobiella.it/,https://en.wikipedia.org/wiki/Biella-Cerrione_Airfield
4338,LIMA,medium_airport,Torino-Aeritalia Airport,45.086399,7.60337,943.0,EU,IT,IT-21,Torino (TO),no,LIMA,,TO12,http://www.aeroclubtorino.it/index.php,https://en.wikipedia.org/wiki/Torino-Aeritalia_Airport
4340,LIMC,large_airport,Milan Malpensa International Airport,45.6306,8.72811,768.0,EU,IT,IT-25,Ferno (VA),yes,LIMC,MXP,MI12,http://www.sea-aeroportimilano.it/en/malpensa/index.phtml,https://en.wikipedia.org/wiki/Malpensa_Airport
4341,LIME,large_airport,Milan Bergamo Airport / Antonio Locatelli Air Base,45.670725,9.709223,782.0,EU,IT,IT-25,Orio al Serio (BG),yes,LIME,BGY,BG01,http://www.sacbo.it/,https://en.wikipedia.org/wiki/Orio_al_Serio_International_Airport
4343,LIMG,medium_airport,Riviera Villanova d'Albenga International Airport,44.050598,8.12743,148.0,EU,IT,IT-42,Villanova d'Albenga (SV),no,LIMG,ALL,SV01,http://www.rivierairport.it/,https://en.wikipedia.org/wiki/Villanova_d'Albenga_International_Airport
4344,LIMJ,medium_airport,Genoa Cristoforo Colombo Airport,44.412039,8.840732,13.0,EU,IT,IT-42,Genova (GE),yes,LIMJ,GOA,GE01,http://www.aeroportodigenova.com/en/home/index.php,https://en.wikipedia.org/wiki/Genoa_Cristoforo_Colombo_Airport
4345,LIML,medium_airport,Milano Linate Airport,45.445099,9.27674,353.0,EU,IT,IT-25,Segrate (MI),yes,LIML,LIN,MI11,http://www.sea-aeroportimilano.it/en/,https://en.wikipedia.org/wiki/Linate_Airport
4346,LIMN,medium_airport,Cameri Air Base [MIL],45.529598,8.66922,586.0,EU,IT,IT-21,Cameri (NO),no,LIMN,,NO08,http://web.archive.org/web/20070617100034/www.aeronautica.difesa.it/CSA/CBR/53Stormo/Cennistorici.asp,http://it.wikipedia.org/wiki/Aeroporto_di_Cameri
4348,LIMS,medium_airport,Piacenza San Damiano Air Base,44.913102,9.723322,456.0,EU,IT,IT-45,San Damiano (PC),no,LIMS,,PC08,,https://en.wikipedia.org/wiki/Piacenza-San_Damiano_Air_Base
4349,LIMW,medium_airport,Aosta Corrado Gex Airport,45.738552,7.3683,1791.0,EU,IT,IT-23,Saint-Christophe (AO),no,LIMW,AOT,AO01,http://www.avda-aosta.it/,https://en.wikipedia.org/wiki/Aosta_Airport
4350,LIMZ,medium_airport,Cuneo International Airport,44.547001,7.62322,1267.0,EU,IT,IT-21,Levaldigi (CN),yes,LIMZ,CUF,CN03,http://www.aeroporto.cuneo.it/,https://en.wikipedia.org/wiki/Cuneo_International_Airport
29443,LIPA,medium_airport,Aviano Air Base,46.031898,12.596503,410.0,EU,IT,IT-36,Aviano (PN),no,LIPA,AVB,,http://www.aviano.af.mil/,https://en.wikipedia.org/wiki/Aviano_Air_Base
4353,LIPC,medium_airport,Cervia Air Base,44.224201,12.3072,18.0,EU,IT,IT-45,Cervia (RA),no,LIPC,,RA08,,https://en.wikipedia.org/wiki/Cervia_Air_Base
4354,LIPE,large_airport,Bologna Guglielmo Marconi Airport,44.5354,11.2887,123.0,EU,IT,IT-45,Bologna,yes,LIPE,BLQ,BO08,http://www.bologna-airport.it/?LN=UK,https://en.wikipedia.org/wiki/Bologna_Airport
4355,LIPH,medium_airport,Treviso Antonio Canova Airport,45.648399,12.1944,59.0,EU,IT,IT-34,Treviso (TV),yes,LIPH,TSF,TV01,http://www.trevisoairport.it/tsf/index.jsp?_requestid=677517&language=en,https://en.wikipedia.org/wiki/Treviso_Airport
4356,LIPI,medium_airport,Udine-Rivolto Air Base,45.978699,13.0493,179.0,EU,IT,IT-36,Codroipo (UD),no,LIPI,,UD16,,http://it.wikipedia.org/wiki/Aeroporto_di_Rivolto
4357,LIPK,medium_airport,Forlì Luigi Ridolfi Airport,44.194801,12.0701,97.0,EU,IT,IT-45,Forlì (FC),yes,LIPK,FRL,FC03,,https://en.wikipedia.org/wiki/Forl%C3%AC_Airport
4358,LIPL,medium_airport,Ghedi Air Base,45.432551,10.268612,333.0,EU,IT,IT-25,Ghedi (BS),no,LIPL,,BS12,,https://en.wikipedia.org/wiki/Ghedi_Air_Base
4360,LIPO,medium_airport,Brescia Gabriele d'Annunzio Airport,45.428902,10.3306,355.0,EU,IT,IT-25,Montichiari (BS),yes,LIPO,VBS,BS04,http://www.aeroportobrescia.it/en/business_t6/,https://en.wikipedia.org/wiki/Brescia_Airport
4361,LIPQ,medium_airport,Trieste–Friuli Venezia Giulia Airport,45.827499,13.4722,39.0,EU,IT,IT-36,Ronchi dei Legionari (GO),yes,LIPQ,TRS,GO02,http://www.aeroporto.fvg.it/,https://en.wikipedia.org/wiki/Trieste_%E2%80%93_Friuli_Venezia_Giulia_Airport
4362,LIPR,medium_airport,Federico Fellini International Airport,44.020302,12.6117,40.0,EU,IT,IT-45,Rimini (RN),yes,LIPR,RMI,RN01,http://www.riminiairport.com/english/,https://en.wikipedia.org/wiki/Federico_Fellini_International_Airport
4363,LIPS,medium_airport,Istrana Air Base,45.684358,12.087107,137.0,EU,IT,IT-34,Istrana (TV),no,LIPS,,TV16,,https://en.wikipedia.org/wiki/Istrana_Air_Base
4365,LIPU,medium_airport,Padova Gino Allegri Airfield,45.395316,11.847124,44.0,EU,IT,IT-34,Padova (PD),no,LIPU,,PD11,,https://en.wikipedia.org/wiki/Padua_Airport
4366,LIPX,large_airport,Verona Villafranca Valerio Catullo Airport,45.394955,10.887303,239.0,EU,IT,IT-34,Caselle (VR),yes,LIPX,VRN,VR10,http://www.aeroportoverona.it/,https://en.wikipedia.org/wiki/Verona_Airport
4367,LIPY,medium_airport,Marche Airport,43.616299,13.3623,49.0,EU,IT,IT-57,Falconara Marittima (AN),yes,LIPY,AOI,AN01,http://www.aeroportomarche.com/index.php?lang=english,https://en.wikipedia.org/wiki/Marche_Airport
4369,LIQS,medium_airport,Siena-Ampugnano Airport,43.256302,11.255,634.0,EU,IT,IT-52,Ampugnano (SI),no,LIQS,SAY,SI01,,https://en.wikipedia.org/wiki/Siena-Ampugnano_Airport
29441,LIQW,medium_airport,Sarzana-Luni Air Base,44.088001,9.98795,45.0,EU,IT,IT-42,Sarzana (SP),no,LIQW,,SP01,,http://it.wikipedia.org/wiki/Aeroporto_di_Sarzana-Luni
4370,LIRA,medium_airport,Ciampino–G. B. Pastine International Airport,41.7994,12.5949,427.0,EU,IT,IT-62,Rome,yes,LIRA,CIA,RM12,,https://en.wikipedia.org/wiki/Ciampino%E2%80%93G._B._Pastine_International_Airport
4371,LIRE,medium_airport,Pratica Di Mare Air Base,41.654499,12.4452,41.0,EU,IT,IT-62,Pomezia,no,LIRE,,RM22,,https://en.wikipedia.org/wiki/Pratica_di_Mare_Air_Base
4372,LIRF,large_airport,Rome–Fiumicino Leonardo da Vinci International Airport,41.804532,12.251998,13.0,EU,IT,IT-62,Rome,yes,LIRF,FCO,RM11,http://www.adr.it/portal/portal/adr/Fiumicino/Leonardo_da_vinci/Header_Window?action=2,https://en.wikipedia.org/wiki/Leonardo_da_Vinci%E2%80%93Fiumicino_Airport
4376,LIRL,medium_airport,Latina Air Base,41.5424,12.909,94.0,EU,IT,IT-62,Latina,no,LIRL,,LT02,,https://it.wikipedia.org/wiki/Aeroporto_di_Latina
4377,LIRM,medium_airport,Grazzanise Air Base,41.060799,14.0819,29.0,EU,IT,IT-72,Caserta,no,LIRM,,CE07,,http://it.wikipedia.org/wiki/Aeroporto_di_Caserta-Grazzanise
4378,LIRN,large_airport,Naples International Airport,40.886002,14.2908,294.0,EU,IT,IT-72,Napoli,yes,LIRN,NAP,NA01,http://www.portal.gesac.it/,https://en.wikipedia.org/wiki/Naples_International_Airport
4379,LIRP,large_airport,Pisa International Airport,43.683899,10.3927,6.0,EU,IT,IT-52,Pisa (PI),yes,LIRP,PSA,PI05,http://www.pisa-airport.com/,https://en.wikipedia.org/wiki/Pisa_International_Airport
4380,LIRQ,medium_airport,"Florence Airport, Peretola",43.808558,11.202822,142.0,EU,IT,IT-52,Firenze (FI),yes,LIRQ,FLR,FI04,http://www.aeroporto.firenze.it/,"https://en.wikipedia.org/wiki/Florence_Airport,_Peretola"
4381,LIRS,medium_airport,Grosseto Corrado Baccarini Air Base / Grosseto Airport,42.759701,11.0719,17.0,EU,IT,IT-52,Grosseto (GR),no,LIRS,GRS,GR06,,https://en.wikipedia.org/wiki/Grosseto_Airport
4382,LIRU,medium_airport,Rome Urbe Airport,41.952096,12.502231,55.0,EU,IT,IT-62,Rome,no,LIRU,,RM10,,https://en.wikipedia.org/wiki/Rome_Urbe_Airport
4383,LIRV,medium_airport,Viterbo Airport,42.430199,12.0642,992.0,EU,IT,IT-62,Viterbo,no,LIRV,,VT03,,https://en.wikipedia.org/wiki/Rome_Viterbo_Airport
4384,LIRZ,medium_airport,Perugia San Francesco d'Assisi – Umbria International Airport,43.095901,12.5132,697.0,EU,IT,IT-55,Perugia (PG),yes,LIRZ,PEG,PG10,http://www.airport.umbria.it/,https://en.wikipedia.org/wiki/Perugia_San_Francesco_d%27Assisi_%E2%80%93_Umbria_International_Airport
4386,LJLJ,large_airport,Ljubljana Jože Pučnik Airport,46.223701,14.4576,1273.0,EU,SI,SI-012,Zgornji Brnik,yes,LJLJ,LJU,,http://www.lju-airport.si/,https://en.wikipedia.org/wiki/Ljubljana_Jo%C5%BEe_Pu%C4%8Dnik_Airport
4387,LJMB,medium_airport,Maribor Edvard Rusjan Airport,46.4799,15.6861,876.0,EU,SI,SI-160,Orehova Vas,no,LJMB,MBX,,,https://en.wikipedia.org/wiki/Maribor_Airport
4388,LJPZ,medium_airport,Portorož Airport,45.47201,13.615951,7.0,EU,SI,SI-090,Sečovlje,no,LJPZ,POW,,http://www.portoroz-airport.si/,https://en.wikipedia.org/wiki/Portoro%C5%BE_Airport
4394,LKCV,medium_airport,Čáslav Air Base,49.939701,15.3818,794.0,EU,CZ,CZ-ST,Chotusice,no,LKCV,,,,https://cs.wikipedia.org/wiki/Leti%C5%A1t%C4%9B_%C4%8C%C3%A1slav
4397,LKKB,medium_airport,Kbely Air Base,50.121399,14.5436,939.0,EU,CZ,CZ-PR,Prague,no,LKKB,,,,https://en.wikipedia.org/wiki/Prague%E2%80%93Kbely_Airport
4398,LKKU,medium_airport,Kunovice Airport,49.0294,17.439699,581.0,EU,CZ,CZ-ZL,Uherské Hradiště,no,LKKU,UHE,,,https://en.wikipedia.org/wiki/Kunovice_Airport
4399,LKKV,medium_airport,Karlovy Vary Airport,50.202999,12.915,1989.0,EU,CZ,CZ-KA,Karlovy Vary,yes,LKKV,KLV,,http://www.airport-k-vary.cz/indexEN.php,https://en.wikipedia.org/wiki/Karlovy_Vary_Airport
4400,LKLN,medium_airport,Plzeň-Líně Airport,49.675201,13.2746,1188.0,EU,CZ,CZ-PL,Plzen,no,LKLN,,,,https://cs.wikipedia.org/wiki/Leti%C5%A1t%C4%9B_Plze%C5%88-L%C3%ADn%C4%9B
4402,LKMT,medium_airport,Ostrava Leos Janáček Airport,49.696301,18.111099,844.0,EU,CZ,CZ-MO,Mošnov,yes,LKMT,OSR,,http://www.airport-ostrava.cz/en/,https://en.wikipedia.org/wiki/Ostrava_Leos_Janacek_Airport
4403,LKNA,medium_airport,Náměšť Air Base,49.166272,16.123981,1548.0,EU,CZ,CZ-VY,Sedlec,no,LKNA,,,,https://cs.wikipedia.org/wiki/Leti%C5%A1t%C4%9B_N%C3%A1m%C4%9B%C5%A1%C5%A5
4405,LKPD,medium_airport,Pardubice Airport,50.01340103149414,15.73859977722168,741.0,EU,CZ,CZ-PA,Pardubice,yes,LKPD,PED,,http://www.airport-pardubice.cz/?lang=en,https://en.wikipedia.org/wiki/Pardubice_Airport
4407,LKPO,medium_airport,Přerov Air Base,49.4258,17.404699,676.0,EU,CZ,CZ-OL,Přerov,no,LKPO,PRV,,,https://cs.wikipedia.org/wiki/Leti%C5%A1t%C4%9B_P%C5%99erov
4408,LKPR,large_airport,Václav Havel Airport Prague,50.100874,14.259911,1247.0,EU,CZ,CZ-PR,Prague,yes,LKPR,PRG,,http://www.prg.aero,https://en.wikipedia.org/wiki/Václav_Havel_Airport_Prague
4409,LKTB,medium_airport,Brno-Tuřany Airport,49.15129852294922,16.694400787353516,778.0,EU,CZ,CZ-JM,Brno,yes,LKTB,BRQ,,http://www.airport-brno.cz/index.php?id=0&lang=en,https://en.wikipedia.org/wiki/Brno-Tu%C5%99any_Airport
4410,LKVO,medium_airport,Vodochody Airport,50.216599,14.3958,919.0,EU,CZ,CZ-ST,Vodochody,no,LKVO,VOD,,http://www.lkvo.cz,https://en.wikipedia.org/wiki/Vodochody_Airport
4411,LLBG,large_airport,Ben Gurion International Airport,32.011398,34.8867,135.0,AS,IL,IL-M,Tel Aviv,yes,LLBG,TLV,,http://www.iaa.gov.il/Rashat/en-US/Airports/BenGurion/,https://en.wikipedia.org/wiki/Ben_Gurion_International_Airport
4413,LLEK,medium_airport,Tel Nof Air Base,31.8395004272,34.8218002319,193.0,AS,IL,IL-M,Rehovot,no,LLEK,,,,https://en.wikipedia.org/wiki/Tel_Nof_Airbase
4417,LLHA,medium_airport,Haifa International Airport,32.80939865112305,35.04309844970703,28.0,AS,IL,IL-HA,Haifa,yes,LLHA,HFA,,http://www.iaa.gov.il/Rashat/en-US/Airports/Haifa/,https://en.wikipedia.org/wiki/Haifa_Airport
4419,LLIB,medium_airport,Rosh Pina Airport,32.980999,35.571899,884.0,AS,IL,IL-Z,Rosh Pina,no,LLIB,RPN,,,https://en.wikipedia.org/wiki/Rosh_Pina_Airport
4422,LLNV,medium_airport,Nevatim Air Base,31.2082996368,35.012298584,1330.0,AS,IL,IL-D,Beersheba,no,LLNV,VTM,,,https://en.wikipedia.org/wiki/Nevatim_Airbase
4424,LLRD,medium_airport,Ramat David Air Base,32.66510009765625,35.179500579833984,185.0,AS,IL,IL-Z,Haifa,no,LLRD,,,,https://en.wikipedia.org/wiki/Ramat_David_Airbase
4425,LLRM,medium_airport,Ramon Air Base,30.776100158691406,34.66669845581055,2126.0,AS,IL,IL-D,Beersheba,no,LLRM,MIP,,,https://en.wikipedia.org/wiki/Ramon_Airbase
4427,LMML,large_airport,Malta International Airport,35.857498,14.4775,300.0,EU,MT,MT-25,Valletta,yes,LMML,MLA,,http://www.maltairport.com/en/home.htm,https://en.wikipedia.org/wiki/Malta_International_Airport
4428,LOAN,medium_airport,Wiener Neustadt East Airport,47.8433,16.260099,896.0,EU,AT,AT-3,Wiener Neustadt,no,LOAN,,,http://www.loan-airport.at/,https://en.wikipedia.org/wiki/Wiener_Neustadt_East_Airport
4430,LOWG,medium_airport,Graz Airport,46.9911,15.4396,1115.0,EU,AT,AT-6,Feldkirchen bei Graz,yes,LOWG,GRZ,,http://www.flughafen-graz.at/,https://en.wikipedia.org/wiki/Graz_Airport
4431,LOWI,medium_airport,Innsbruck Airport,47.260201,11.344,1907.0,EU,AT,AT-7,Innsbruck,yes,LOWI,INN,,http://www.innsbruck-airport.com/,https://en.wikipedia.org/wiki/Innsbruck_Airport
4435,LOWK,medium_airport,Klagenfurt Airport,46.642502,14.3377,1472.0,EU,AT,AT-2,Klagenfurt am Wörthersee,yes,LOWK,KLU,,http://www.klagenfurt-airport.com/,https://en.wikipedia.org/wiki/Klagenfurt_Airport
4432,LOWL,medium_airport,Linz-Hörsching Airport / Vogler Air Base,48.2332,14.1875,980.0,EU,AT,AT-4,Linz,yes,LOWL,LNZ,,http://www.flughafen-linz.at/,https://en.wikipedia.org/wiki/Linz_Airport
4433,LOWS,medium_airport,Salzburg Airport,47.793301,13.0043,1411.0,EU,AT,AT-5,Salzburg,yes,LOWS,SZG,,http://www.salzburg-airport.com/,https://en.wikipedia.org/wiki/Salzburg_Airport
4434,LOWW,large_airport,Vienna International Airport,48.110298,16.5697,600.0,EU,AT,AT-9,Vienna,yes,LOWW,VIE,,http://www.viennaairport.com/en/,https://en.wikipedia.org/wiki/Vienna_International_Airport
4436,LOXZ,medium_airport,Hinterstoisser Air Base,47.202801,14.7442,2264.0,EU,AT,AT-6,Zeltweg,no,LOXZ,,,,https://en.wikipedia.org/wiki/Zeltweg_Air_Base
4439,LPAZ,medium_airport,Santa Maria Airport,36.97140121459961,-25.17060089111328,308.0,EU,PT,PT-20,Vila do Porto,yes,LPAZ,SMA,,,https://en.wikipedia.org/wiki/Santa_Maria_Airport
4440,LPBG,medium_airport,Bragança Airport,41.8578,-6.70713,2241.0,EU,PT,PT-04,Bragança,yes,LPBG,BGC,,,https://en.wikipedia.org/wiki/Bragan%C3%A7a_Airport
4441,LPBJ,medium_airport,Beja Airport / Airbase,38.078899,-7.9324,636.0,EU,PT,PT-02,Beja,no,LPBJ,BYJ,,http://www.ana.pt/en-US/Aeroportos/alentejo/Beja/Pages/BejaHomepage.aspx,https://en.wikipedia.org/wiki/Beja_Airbase
315898,LPCB,medium_airport,Aerodromo de Castelo Branco,39.847022,-7.44111,1300.0,EU,PT,PT-05,Castelo Branco,no,LPCB,,,,https://pt.wikipedia.org/wiki/Aer%C3%B3dromo_de_Castelo_Branco
4443,LPCO,medium_airport,Aerodromo Municipal de Coimbra,40.158758,-8.470815,587.0,EU,PT,PT-06,Coimbra,no,LPCO,CBP,,,https://en.wikipedia.org/wiki/Coimbra_Airport
4444,LPCS,medium_airport,Cascais Airport,38.724998,-9.35523,325.0,EU,PT,PT-11,Cascais,yes,LPCS,CAT,,http://aerodromo-cascais.pt/?lang=en,https://en.wikipedia.org/wiki/Cascais_Aerodrome
4446,LPEV,medium_airport,Évora Airfield,38.533501,-7.88964,807.0,EU,PT,PT-07,Évora,no,LPEV,,,,https://en.wikipedia.org/wiki/%C3%89vora_Airport
4447,LPFL,medium_airport,Flores Airport,39.455299377441406,-31.13139915466309,112.0,EU,PT,PT-20,Santa Cruz das Flores,yes,LPFL,FLW,,,https://en.wikipedia.org/wiki/Flores_Airport
4448,LPFR,large_airport,Faro Airport,37.0144004822,-7.96590995789,24.0,EU,PT,PT-08,Faro,yes,LPFR,FAO,,http://www.ana.pt/en-US/Aeroportos/algarve/Faro/Pages/HomeFaro.aspx,https://en.wikipedia.org/wiki/Faro_Airport_(Portugal)
4449,LPGR,medium_airport,Graciosa Airport,39.09220123291016,-28.029800415039062,86.0,EU,PT,PT-20,Santa Cruz da Graciosa,yes,LPGR,GRW,,,https://en.wikipedia.org/wiki/Graciosa_Airport
4450,LPHR,medium_airport,Horta Airport,38.519901275634766,-28.71590042114257,118.0,EU,PT,PT-20,Horta,yes,LPHR,HOR,,,https://en.wikipedia.org/wiki/Horta_Airport
4451,LPLA,medium_airport,Lajes Airport,38.761799,-27.090799,180.0,EU,PT,PT-20,Praia da Vitória,yes,LPLA,TER,,http://aerogarelajes.azores.gov.pt,https://en.wikipedia.org/wiki/Lajes_Field
4452,LPMA,large_airport,Madeira International Airport Cristiano Ronaldo,32.697899,-16.7745,192.0,EU,PT,PT-30,Funchal,yes,LPMA,FNC,,http://www.ana.pt/en-US/Aeroportos/Madeira/Funchal/Pages/default.aspx,https://en.wikipedia.org/wiki/Madeira_Airport
4453,LPMR,medium_airport,Monte Real Air Base,39.828335,-8.8875,187.0,EU,PT,PT-10,,no,LPMR,QLR,,,https://en.wikipedia.org/wiki/Monte_Real_Air_Base
4454,LPMT,medium_airport,Montijo Air Base,38.70929,-9.03368,46.0,EU,PT,PT-15,Montijo,no,LPMT,,,,https://en.wikipedia.org/wiki/Montijo_Air_Base
4455,LPOV,medium_airport,Ovar Air Base,40.915901,-8.64592,56.0,EU,PT,PT-01,Ovar,no,LPOV,,,,https://de.wikipedia.org/wiki/Milit%C3%A4rflugplatz_Ovar
4456,LPPD,large_airport,João Paulo II Airport,37.7411994934,-25.6979007721,259.0,EU,PT,PT-20,Ponta Delgada,yes,LPPD,PDL,,http://www.ana.pt/en-US/Aeroportos/acores/PontaDelgada/Pages/Homepage-PontaDelgada.aspx,https://en.wikipedia.org/wiki/Jo%C3%A3o_Paulo_II_Airport
4457,LPPI,medium_airport,Pico Airport,38.554298,-28.441299,109.0,EU,PT,PT-20,Pico Island,yes,LPPI,PIX,,,https://en.wikipedia.org/wiki/Pico_Airport
4458,LPPM,medium_airport,Portimão Airport,37.1493,-8.58396,5.0,EU,PT,PT-08,Portimão,yes,LPPM,PRM,,,https://en.wikipedia.org/wiki/Portim%C3%A3o_Airport
4459,LPPR,large_airport,Francisco de Sá Carneiro Airport,41.2481002808,-8.68138980865,228.0,EU,PT,PT-13,Porto,yes,LPPR,OPO,,http://www.ana.pt/en-US/Aeroportos/porto/Porto/Pages/Homepage-Porto.aspx,https://en.wikipedia.org/wiki/Francisco_S%C3%A1_Carneiro_Airport
4461,LPPT,large_airport,Humberto Delgado Airport (Lisbon Portela Airport),38.7813,-9.13592,374.0,EU,PT,PT-11,Lisbon,yes,LPPT,LIS,,http://www.ana.pt/en-US/Aeroportos/lisboa/Lisboa/Pages/HomeLisboa.aspx,https://en.wikipedia.org/wiki/Lisbon_Portela_Airport
4462,LPSJ,medium_airport,São Jorge Airport,38.665501,-28.1758,311.0,EU,PT,PT-20,Velas,yes,LPSJ,SJZ,,,https://en.wikipedia.org/wiki/S%C3%A3o_Jorge_Airport
317032,LPSO,medium_airport,Aeródromo Municipal de Ponte de Sor,39.211559,-8.056542,390.0,EU,PT,PT-12,Ponte de Sor,no,LPSO,,,https://aerodromo.cm-pontedesor.pt,
4463,LPST,medium_airport,Sintra Air Base,38.8311,-9.33955,440.0,EU,PT,PT-11,Sintra,no,LPST,,,,https://en.wikipedia.org/wiki/Sintra_Air_Base
4464,LPTN,medium_airport,Tancos Airbase,39.475101,-8.36458,266.0,EU,PT,PT-14,Tancos,no,LPTN,,,,https://pt.wikipedia.org/wiki/Aer%C3%B3dromo_Militar_de_Tancos
4465,LPVR,medium_airport,Vila Real Airport,41.2743,-7.72047,1805.0,EU,PT,PT-17,Vila Real,yes,LPVR,VRL,,,https://en.wikipedia.org/wiki/Vila_Real_Airport
4466,LPVZ,medium_airport,Aerodromo Goncalves Lobato (Viseu Airport),40.725498,-7.88899,2060.0,EU,PT,PT-18,Viseu,yes,LPVZ,VSE,,,https://en.wikipedia.org/wiki/Viseu_Airport
4467,LQBK,medium_airport,Banja Luka International Airport,44.94139862060547,17.297500610351562,400.0,EU,BA,BA-SRP,Banja Luka,yes,LQBK,BNX,,http://www.banjaluka-airport.com/,https://en.wikipedia.org/wiki/Banja_Luka_International_Airport
4468,LQMO,medium_airport,Mostar International Airport,43.282901763916016,17.84589958190918,156.0,EU,BA,BA-BIH,Mostar,yes,LQMO,OMO,,http://www.mostar-airport.ba/,https://en.wikipedia.org/wiki/Mostar_International_Airport
4469,LQSA,medium_airport,Sarajevo International Airport,43.8246,18.331499,1708.0,EU,BA,BA-BIH,Sarajevo,yes,LQSA,SJJ,,http://www.sarajevo-airport.ba/,https://en.wikipedia.org/wiki/Sarajevo_International_Airport
4471,LRAR,medium_airport,Arad International Airport,46.176601,21.261999,352.0,EU,RO,RO-AR,Arad,yes,LRAR,ARW,,,https://en.wikipedia.org/wiki/Arad_International_Airport
4472,LRBC,medium_airport,Bacău George Enescu International  Airport,46.5219,26.910299,607.0,EU,RO,RO-BC,Bacău,yes,LRBC,BCM,,http://www.bacauairport.ro/,https://en.wikipedia.org/wiki/Bac%C4%83u_International_Airport
4474,LRBS,medium_airport,Bucharest Băneasa Aurel Vlaicu International Airport,44.503201,26.1021,297.0,EU,RO,RO-B,Bucharest,yes,LRBS,BBU,,http://www.baneasa-airport.ro/,https://en.wikipedia.org/wiki/Aurel_Vlaicu_International_Airport
4477,LRCS,medium_airport,Caransebeş Airport,45.420142,22.252507,866.0,EU,RO,RO-CS,Caransebeş,no,LRCS,CSB,,,https://en.wikipedia.org/wiki/Caransebe%C5%9F_Airport
4478,LRCT,medium_airport,Câmpia Turzii Air Base,46.50230026245117,23.885900497436523,1083.0,EU,RO,RO-CJ,Câmpia Turzii,no,LRCT,,,http://www.roaf.ro/en/unitati/bz71_en.php,https://en.wikipedia.org/wiki/RoAF_71st_Air_Base
4479,LRCV,medium_airport,Craiova International Airport,44.3181,23.888599,626.0,EU,RO,RO-DJ,Craiova,yes,LRCV,CRA,,http://www.aeroportcraiova.ro/,https://en.wikipedia.org/wiki/Craiova_International_Airport
4480,LRIA,medium_airport,Iaşi Airport,47.180278,27.620833,411.0,EU,RO,RO-IS,Iaşi,yes,LRIA,IAS,,http://www.aeroport.ro/,https://en.wikipedia.org/wiki/Ia%C5%9Fi_International_Airport
4481,LROD,medium_airport,Oradea International Airport,47.025299072265625,21.90250015258789,465.0,EU,RO,RO-BH,Oradea,yes,LROD,OMR,,,https://en.wikipedia.org/wiki/Oradea_International_Airport
4482,LROP,large_airport,Bucharest Henri Coandă International Airport,44.572127,26.103396,314.0,EU,RO,RO-IF,Otopeni,yes,LROP,OTP,,http://www.bucharestairports.ro/en/,https://en.wikipedia.org/wiki/Henri_Coand%C4%83_International_Airport
4483,LRSB,medium_airport,Sibiu International Airport,45.785841,24.086666,1496.0,EU,RO,RO-SB,Sibiu,yes,LRSB,SBZ,,http://www.sibiuairport.ro/,https://en.wikipedia.org/wiki/Sibiu_International_Airport
4484,LRSM,medium_airport,Satu Mare International Airport,47.7033,22.8857,405.0,EU,RO,RO-SM,Satu Mare,yes,LRSM,SUJ,,,https://en.wikipedia.org/wiki/Satu_Mare_International_Airport
4486,LRTC,medium_airport,Tulcea Danube Delta Airport,45.0625,28.7143,200.0,EU,RO,RO-TL,Mihail Kogălniceanu,no,LRTC,TCE,,,https://en.wikipedia.org/wiki/Tulcea_Airport
4487,LRTM,medium_airport,Târgu Mureş Transilvania International Airport,46.467701,24.4125,963.0,EU,RO,RO-MS,Recea,yes,LRTM,TGM,,https://www.aeroportultransilvania.ro/en/,https://en.wikipedia.org/wiki/T%C3%A2rgu_Mure%C5%9F_International_Airport
4488,LRTR,medium_airport,Timişoara Traian Vuia Airport,45.809898,21.3379,348.0,EU,RO,RO-TM,Timişoara,yes,LRTR,TSR,,http://www.aerotim.ro/,https://en.wikipedia.org/wiki/Traian_Vuia_International_Airport
4489,LSGC,medium_airport,Les Eplatures Airport,47.0839004517,6.792840003970001,3368.0,EU,CH,CH-NE,La Chaux-de-Fonds,no,LSGC,,,http://www.leseplaturesairport.ch,https://en.wikipedia.org/wiki/Les_Eplatures_Airport
4490,LSGG,large_airport,Geneva Cointrin International Airport,46.238098,6.10895,1411.0,EU,CH,CH-GE,Geneva,yes,LSGG,GVA,,http://www.gva.ch/,https://en.wikipedia.org/wiki/Geneva_Cointrin_International_Airport
4492,LSGS,medium_airport,Sion Airport,46.219166,7.326944,1582.0,EU,CH,CH-VS,Sion,no,LSGS,SIR,,http://www.sionairport.ch,https://en.wikipedia.org/wiki/Sion_Airport
4493,LSMA,medium_airport,Alpnach Air Base,46.943901,8.28417,1460.0,EU,CH,CH-OW,Alpnach,no,LSMA,,,,https://en.wikipedia.org/wiki/Alpnach_Air_Base
4494,LSMD,medium_airport,Dübendorf Air Base,47.398602,8.64823,1470.0,EU,CH,CH-ZH,Zurich,no,LSMD,,,,https://en.wikipedia.org/wiki/D%C3%BCbendorf_Air_Base
4495,LSME,medium_airport,Emmen Air Base,47.092444,8.305184,1400.0,EU,CH,CH-LU,Emmen,no,LSME,EML,,https://saf.hermannkeist.ch/emmen.html,https://en.wikipedia.org/wiki/Milit%C3%A4rflugplatz_Emmen
4502,LSZA,medium_airport,Lugano Airport,46.004299,8.91058,915.0,EU,CH,CH-TI,Agno,yes,LSZA,LUG,,https://www.luganoairport.ch/en/,https://en.wikipedia.org/wiki/Lugano_Airport
4503,LSZB,medium_airport,Bern Airport,46.912868,7.498512,1671.0,EU,CH,CH-BE,Bern,yes,LSZB,BRN,,https://www.bernairport.ch/de/,https://en.wikipedia.org/wiki/Bern_Airport
4504,LSZG,medium_airport,Grenchen Airfield,47.181599,7.41719,1411.0,EU,CH,CH-SO,Grenchen,no,LSZG,,,http://www.airport-grenchen.ch/,https://en.wikipedia.org/wiki/Grenchen_Airport
4505,LSZH,large_airport,Zürich Airport,47.458056,8.548056,1417.0,EU,CH,CH-ZH,Zurich,yes,LSZH,ZRH,,http://www.zurich-airport.com/,https://en.wikipedia.org/wiki/Zurich_Airport
4506,LSZR,medium_airport,Sankt Gallen Altenrhein Airport,47.485001,9.56077,1306.0,EU,CH,CH-SG,St. Gallen,yes,LSZR,ACH,,https://www.peoples.ch/lszr,https://en.wikipedia.org/wiki/St._Gallen-Altenrhein_Airport
4507,LSZS,medium_airport,Samedan Airport,46.5341,9.88411,5600.0,EU,CH,CH-GR,Samedan,no,LSZS,SMV,,https://www.engadin-airport.ch/,https://en.wikipedia.org/wiki/Samedan_Airport
4509,LTAC,large_airport,Esenboğa International Airport,40.128101,32.995098,3125.0,AS,TR,TR-06,Ankara,yes,LTAC,ESB,,https://esenbogaairport.com/,https://en.wikipedia.org/wiki/Esenbo%C4%9Fa_International_Airport
4510,LTAD,medium_airport,Etimesgut Air Base,39.949798584,32.6885986328,2653.0,AS,TR,TR-06,Ankara,no,LTAD,ANK,,,https://en.wikipedia.org/wiki/Etimesgut_Air_Base
4511,LTAE,medium_airport,Akıncı Air Base,40.0788993835,32.5656013489,2767.0,AS,TR,TR-06,Ankara,no,LTAE,,,,https://en.wikipedia.org/wiki/Ak%C4%B1nc%C4%B1_Air_Base
4512,LTAF,medium_airport,Adana Şakirpaşa Airport,36.982201,35.280399,65.0,AS,TR,TR-01,Seyhan,yes,LTAF,ADA,,,https://en.wikipedia.org/wiki/Adana_%C5%9Eakirpa%C5%9Fa_Airport
4513,LTAG,medium_airport,İncirlik Air Base,37.002102,35.4259,238.0,AS,TR,TR-01,Sarıçam,no,LTAG,UAB,,,https://en.wikipedia.org/wiki/Incirlik_Air_Base
4514,LTAH,medium_airport,Afyon Air Base,38.726398,30.601101,3310.0,AS,TR,TR-03,Afyonkarahisar,no,LTAH,AFY,,,https://en.wikipedia.org/wiki/Afyon_Airport
4515,LTAI,large_airport,Antalya International Airport,36.898701,30.800501,177.0,AS,TR,TR-07,Antalya,yes,LTAI,AYT,,http://www.antalya.dhmi.gov.tr/havaalanlari/default.aspx?hv=4,https://en.wikipedia.org/wiki/Antalya_Airport
4516,LTAJ,medium_airport,Gaziantep International Airport,36.947201,37.478699,2315.0,AS,TR,TR-27,Gaziantep,yes,LTAJ,GZT,,,https://en.wikipedia.org/wiki/O%C4%9Fuzeli_Airport
4518,LTAN,medium_airport,Konya Airport,37.979,32.561901,3392.0,AS,TR,TR-42,Konya,yes,LTAN,KYA,,http://www.konya.dhmi.gov.tr/havaalanlari/default.aspx?hv=28,https://en.wikipedia.org/wiki/Konya_Airport
4522,LTAT,medium_airport,Malatya Erhaç Airport,38.4352989197,38.0909996033,2828.0,AS,TR,TR-44,Malatya,yes,LTAT,MLX,,,https://en.wikipedia.org/wiki/Erha%C3%A7_Airport
4523,LTAU,medium_airport,Kayseri Erkilet Airport,38.770401001,35.4953994751,3463.0,AS,TR,TR-38,Kayseri,yes,LTAU,ASR,,,https://en.wikipedia.org/wiki/Erkilet_Airport
4524,LTAV,medium_airport,Sivrihisar Airport,39.45149993896485,31.36529922485352,3185.0,AS,TR,TR-26,Sivrihisar,no,LTAV,,,,
4526,LTAY,medium_airport,Çardak Airport,37.7855987549,29.7012996674,2795.0,AS,TR,TR-20,Denizli,yes,LTAY,DNZ,,,https://en.wikipedia.org/wiki/%C3%87ardak_Airport
4528,LTBA,large_airport,İstanbul Atatürk Airport,40.971913,28.823714,163.0,EU,TR,TR-34,"Bakırköy, Istanbul",yes,LTBA,ISL,,http://www.ataturkairport.com/eng/,https://en.wikipedia.org/wiki/Istanbul_Atat%C3%BCrk_Airport
4529,LTBF,medium_airport,Balıkesir Airport,39.619301,27.926001,340.0,AS,TR,TR-10,Balıkesir,yes,LTBF,BZI,,,https://en.wikipedia.org/wiki/Bal%C4%B1kesir_Airport
4530,LTBG,medium_airport,Bandırma Airport,40.318001,27.977699,170.0,AS,TR,TR-10,Bandırma,no,LTBG,BDM,,,https://en.wikipedia.org/wiki/Band%C4%B1rma_Airport
4531,LTBH,medium_airport,Çanakkale Airport,40.1376991272,26.4267997742,23.0,AS,TR,TR-17,Çanakkale,yes,LTBH,CKZ,,,https://en.wikipedia.org/wiki/%C3%87anakkale_Airport
4532,LTBI,medium_airport,Eskişehir Air Base,39.7840995789,30.5820999146,2581.0,AS,TR,TR-26,,no,LTBI,ESK,,,https://en.wikipedia.org/wiki/Eski%C5%9Fehir_Airport
4533,LTBJ,large_airport,Adnan Menderes International Airport,38.2924,27.157,412.0,AS,TR,TR-35,Gaziemir,yes,LTBJ,ADB,,http://www.adnanmenderesairport.com,https://en.wikipedia.org/wiki/Adnan_Menderes_Airport
4535,LTBL,medium_airport,Çiğli Airport,38.513,27.010099,16.0,AS,TR,TR-35,Çiğli,no,LTBL,IGL,,,https://en.wikipedia.org/wiki/%C3%87i%C4%9Fli_Air_Base
4538,LTBO,medium_airport,Uşak Airport,38.681499,29.471701,2897.0,AS,TR,TR-64,Uşak,no,LTBO,USQ,,https://www.dhmi.gov.tr/Sayfalar/Havalimani/Usak/AnaSayfa.aspx,https://en.wikipedia.org/wiki/U%C5%9Fak_Airport
4541,LTBR,medium_airport,Bursa Yenişehir Airport,40.255199,29.562599,764.0,AS,TR,TR-16,Yenişehir,yes,LTBR,YEI,,,https://en.wikipedia.org/wiki/Yeni%C5%9Fehir_Airport
4542,LTBS,large_airport,Dalaman International Airport,36.7131004333,28.7924995422,20.0,AS,TR,TR-48,Dalaman,yes,LTBS,DLM,,,https://en.wikipedia.org/wiki/Dalaman_Airport
4543,LTBT,medium_airport,Akhisar Airport / Akhisar Air Base,38.808899,27.8339,263.0,AS,TR,TR-45,Akhisar,no,LTBT,,,,
4544,LTBU,medium_airport,Tekirdağ Çorlu Airport,41.13819885253906,27.91909980773925,574.0,EU,TR,TR-59,Çorlu,yes,LTBU,TEQ,,,https://en.wikipedia.org/wiki/Tekirda%C4%9F_%C3%87orlu_Airport
4548,LTCA,medium_airport,Elazığ Airport,38.597974,39.28348,2927.0,AS,TR,TR-23,Elazığ,yes,LTCA,EZS,,,https://en.wikipedia.org/wiki/Elaz%C4%B1%C4%9F_Airport
44789,LTCB,medium_airport,Ordu–Giresun Airport,40.966872,38.085995,11.0,AS,TR,TR-52,Ordu,yes,LTCB,OGU,OGU,http://www.dhmi.gov.tr/havaalanlari.aspx?hv=54,https://en.wikipedia.org/wiki/Ordu%E2%80%93Giresun_Airport
4549,LTCC,medium_airport,Diyarbakır Airport,37.893902,40.201,2251.0,AS,TR,TR-21,Diyarbakır,yes,LTCC,DIY,,,https://en.wikipedia.org/wiki/Diyarbak%C4%B1r_Airport
4550,LTCD,medium_airport,Erzincan Airport,39.7102012634,39.5270004272,3783.0,AS,TR,TR-24,Erzincan,yes,LTCD,ERC,,,https://en.wikipedia.org/wiki/Erzincan_Airport
4551,LTCE,medium_airport,Erzurum International Airport,39.956501,41.1702,5763.0,AS,TR,TR-25,Erzurum,yes,LTCE,ERZ,,,https://en.wikipedia.org/wiki/Erzurum_Airport
4552,LTCF,medium_airport,Kars Airport,40.562198638916016,43.1150016784668,5889.0,AS,TR,TR-36,Kars,yes,LTCF,KSY,,,https://en.wikipedia.org/wiki/Kars_Airport
4553,LTCG,medium_airport,Trabzon International Airport,40.995098,39.7897,104.0,AS,TR,TR-61,Trabzon,yes,LTCG,TZX,,,https://en.wikipedia.org/wiki/Trabzon_Airport
4555,LTCI,medium_airport,Van Ferit Melen Airport,38.46820068359375,43.332298278808594,5480.0,AS,TR,TR-65,Van,yes,LTCI,VAN,,,https://en.wikipedia.org/wiki/Ferit_Melen_Airport
4556,LTCJ,medium_airport,Batman Airport,37.9290008545,41.1166000366,1822.0,AS,TR,TR-72,Batman,yes,LTCJ,BAL,,,https://en.wikipedia.org/wiki/Batman_Airport
4557,LTCK,medium_airport,Muş Airport,38.74779891967773,41.66120147705078,4157.0,AS,TR,TR-49,Muş,yes,LTCK,MSR,,,https://en.wikipedia.org/wiki/Mu%C5%9F_Airport
4558,LTCL,medium_airport,Siirt Airport,37.97890090942383,41.84040069580078,2001.0,AS,TR,TR-56,Siirt,no,LTCL,SXZ,,,https://en.wikipedia.org/wiki/Siirt_Airport
4559,LTCN,medium_airport,Kahramanmaraş Airport,37.5388259888,36.9535217285,1723.0,AS,TR,TR-46,Kahramanmaraş,yes,LTCN,KCM,,,https://en.wikipedia.org/wiki/Kahramanmara%C5%9F_Airport
4560,LTCO,medium_airport,Ağrı Airport,39.655642,43.025742,5462.0,AS,TR,TR-04,Ağrı,yes,LTCO,AJI,,,https://en.wikipedia.org/wiki/A%C4%9Fr%C4%B1_Airport
4561,LTCP,medium_airport,Adıyaman Airport,37.7314,38.468899,2216.0,AS,TR,TR-02,Adıyaman,yes,LTCP,ADF,,,https://en.wikipedia.org/wiki/Ad%C4%B1yaman_Airport
4562,LTCR,medium_airport,Mardin Airport,37.2233009338,40.6316986084,1729.0,AS,TR,TR-47,Mardin,yes,LTCR,MQM,,,https://en.wikipedia.org/wiki/Mardin_Airport
44491,LTCS,medium_airport,Şanlıurfa GAP Airport,37.445663,38.895592,2708.0,AS,TR,TR-63,Şanlıurfa,yes,LTCS,GNY,,http://gap.dhmi.gov.tr/havaalanlari/home.aspx?hv=36,https://en.wikipedia.org/wiki/Şanlıurfa_GAP_Airport
44790,LTCT,medium_airport,Iğdır Airport,39.976627,43.876648,3101.0,AS,TR,TR-76,Iğdır,yes,LTCT,IGD,,http://igdır.dhmi.gov.tr/,https://en.wikipedia.org/wiki/Iğdır_Airport
4567,LTFE,large_airport,Milas Bodrum International Airport,37.250599,27.664301,21.0,AS,TR,TR-48,Bodrum,yes,LTFE,BJV,,,https://en.wikipedia.org/wiki/Milas-Bodrum_Airport
4568,LTFH,medium_airport,Samsun-Çarşamba Airport,41.26556,36.54861,18.0,AS,TR,TR-55,Samsun,yes,LTFH,SZF,,http://www.carsamba.dhmi.gov.tr/havaalanlari/default.aspx?hv=32,https://en.wikipedia.org/wiki/%C3%87ar%C5%9Famba_Airport
4569,LTFJ,large_airport,Istanbul Sabiha Gökçen International Airport,40.898602,29.3092,312.0,AS,TR,TR-34,"Pendik, Istanbul",yes,LTFJ,SAW,,http://www.sgairport.com/,https://en.wikipedia.org/wiki/Istanbul_Sabiha_G%C3%B6k%C3%A7en_International_Airport
4630,LUBM,medium_airport,Mărculești Air Base,47.862701,28.212799,312.0,EU,MD,MD-FR,Mărculeşti,no,LUBM,,,,https://en.wikipedia.org/wiki/Mărculești_Air_Force_Base
4571,LUKK,medium_airport,Chişinău International Airport,46.9277,28.931,399.0,EU,MD,MD-CU,Chişinău,yes,LUKK,RMO,,http://www.airport.md/,https://en.wikipedia.org/wiki/Chi%C5%9Fin%C4%83u_International_Airport
4572,LWOH,medium_airport,Ohrid St. Paul the Apostle Airport,41.18,20.7423,2313.0,EU,MK,MK-003,Ohrid,yes,LWOH,OHD,,http://ohd.airports.com.mk/,https://en.wikipedia.org/wiki/Ohrid_Airport
4574,LXGB,large_airport,Gibraltar Airport,36.151199,-5.34966,12.0,EU,GI,GI-U-A,Gibraltar,yes,LXGB,GIB,,https://www.gibraltarairport.gi/,https://en.wikipedia.org/wiki/Gibraltar_Airport
4610,LYBE,large_airport,Belgrade Nikola Tesla Airport,44.818401,20.309099,335.0,EU,RS,RS-00,Belgrade,yes,LYBE,BEG,,http://www.beg.aero/,https://en.wikipedia.org/wiki/Belgrade_Nikola_Tesla_Airport
4611,LYBT,medium_airport,Batajnica Air Base,44.935299,20.2575,265.0,EU,RS,RS-00,Zemun,no,LYBT,BJY,,,https://en.wikipedia.org/wiki/Batajnica_Air_Base
4612,LYNI,medium_airport,Niš Constantine the Great Airport,43.337009,21.85451,648.0,EU,RS,RS-20,Niš,yes,LYNI,INI,,,https://en.wikipedia.org/wiki/Ni%C5%A1_Constantine_the_Great_Airport
4615,LYTV,medium_airport,Tivat Airport,42.40470123291016,18.72330093383789,20.0,EU,ME,ME-19,Tivat,yes,LYTV,TIV,,http://www.montenegroairports.com/?menu=3,https://en.wikipedia.org/wiki/Tivat_Airport
4617,LZIB,large_airport,M. R. Štefánik Airport,48.1702,17.2127,436.0,EU,SK,SK-BL,Bratislava,yes,LZIB,BTS,,,https://en.wikipedia.org/wiki/M._R._%C5%A0tef%C3%A1nik_Airport
4618,LZKZ,medium_airport,Košice International Airport,48.663101,21.2411,755.0,EU,SK,SK-KI,Košice,yes,LZKZ,KSC,,,https://en.wikipedia.org/wiki/Ko%C5%A1ice_International_Airport
4619,LZMC,medium_airport,Malacky/Kuchyňa Air Base,48.402,17.118401,679.0,EU,SK,SK-BL,Kuchyňa,no,LZMC,,,,https://en.wikipedia.org/wiki/Malacky_Air_Base
4620,LZPP,medium_airport,Piešťany Airport,48.62519836425781,17.828399658203125,545.0,EU,SK,SK-TA,Piešťany,no,LZPP,PZY,,http://www.ba.psg.sk/prezenta/airport-piestany/,https://en.wikipedia.org/wiki/Pie%C5%A1%C5%A5any_Airport
4621,LZSL,medium_airport,Sliač Airport,48.63779830932617,19.13409996032715,1043.0,EU,SK,SK-BC,Sliač,yes,LZSL,SLD,,http://www.airportsliac.sk/home-engle.html,https://en.wikipedia.org/wiki/Slia%C4%8D_Airport
4623,LZTT,medium_airport,Poprad-Tatry Airport,49.073601,20.2411,2356.0,EU,SK,SK-PV,Poprad,yes,LZTT,TAT,,https://www.popradtatry.aero/,https://en.wikipedia.org/wiki/Poprad-Tatry_Airport
4624,LZZI,medium_airport,Žilina-Dolný Hričov Airport,49.233292,18.613386,1020.0,EU,SK,SK-ZI,Dolný Hričov,no,LZZI,ILZ,,,https://en.wikipedia.org/wiki/%C5%BDilina_Airport
4626,MBGT,medium_airport,JAGS McCartney International Airport,21.4445,-71.142303,13.0,NA,TC,TC-GT,Cockburn Town,yes,MBGT,GDT,,,https://en.wikipedia.org/wiki/JAGS_McCartney_International_Airport
4628,MBPV,large_airport,Providenciales International Airport,21.773697,-72.268321,15.0,NA,TC,TC-PR,Providenciales,yes,MBPV,PLS,,,https://en.wikipedia.org/wiki/Providenciales_International_Airport
4632,MDBH,medium_airport,Maria Montez International Airport,18.25149917602539,-71.12039947509766,10.0,NA,DO,DO-04,Barahona,yes,MDBH,BRX,,,https://en.wikipedia.org/wiki/Mar%C3%ADa_Montez_International_Airport
4633,MDCR,medium_airport,Cabo Rojo Airport,17.929000854492188,-71.6447982788086,262.0,NA,DO,DO-16,Cabo Rojo,no,MDCR,CBJ,,,https://en.wikipedia.org/wiki/Cabo_Rojo_Airport
4634,MDJB,medium_airport,La Isabela International Airport,18.57250022888184,-69.98560333251953,98.0,NA,DO,DO-01,La Isabela,yes,MDJB,JBQ,,,https://en.wikipedia.org/wiki/La_Isabela_International_Airport
4635,MDLR,large_airport,Casa De Campo International Airport,18.452222,-68.911111,213.0,NA,DO,DO-12,La Romana,yes,MDLR,LRM,,http://romanaairport.com,https://en.wikipedia.org/wiki/La_Romana_International_Airport
4636,MDPC,large_airport,Punta Cana International Airport,18.5674,-68.363403,47.0,NA,DO,DO-11,Punta Cana,yes,MDPC,PUJ,,https://www.puntacanainternationalairport.com/,https://en.wikipedia.org/wiki/Punta_Cana_International_Airport
4638,MDSD,large_airport,Las Américas International Airport,18.42970085144,-69.668899536133,59.0,NA,DO,DO-01,Santo Domingo,yes,MDSD,SDQ,,http://www.aerodom.com/app/do/lasamericas.aspx,https://en.wikipedia.org/wiki/Las_Am%C3%A9ricas_International_Airport
4639,MDSI,medium_airport,San Isidro Air Base,18.503700256347656,-69.76170349121094,111.0,NA,DO,DO-01,San Isidro,no,MDSI,,,,https://en.wikipedia.org/wiki/San_Isidro_Air_Base
4640,MDST,medium_airport,Cibao International Airport,19.406099319458008,-70.60469818115234,565.0,NA,DO,DO-25,Santiago,yes,MDST,STI,,,https://en.wikipedia.org/wiki/Cibao_International_Airport
4644,MGGT,large_airport,La Aurora Airport,14.5833,-90.527496,4952.0,NA,GT,GT-GU,Guatemala City,yes,MGGT,GUA,,,https://en.wikipedia.org/wiki/La_Aurora_International_Airport
4647,MGRT,medium_airport,Retalhuleu Airport,14.521431,-91.697001,656.0,NA,GT,GT-RE,Retalhuleu,no,MGRT,RER,,,https://en.wikipedia.org/wiki/Retalhuleu_Airport
4660,MHLC,medium_airport,Goloson International Airport,15.7425,-86.852997,39.0,NA,HN,HN-AT,La Ceiba,yes,MHLC,LCE,,,https://en.wikipedia.org/wiki/Golos%C3%B3n_International_Airport
4661,MHLM,medium_airport,Ramón Villeda Morales International Airport,15.4526,-87.923599,91.0,NA,HN,HN-CR,San Pedro Sula,yes,MHLM,SAP,,,https://en.wikipedia.org/wiki/Ram%C3%B3n_Villeda_Morales_International_Airport
4663,MHRO,medium_airport,Juan Manuel Gálvez International Airport,16.316799,-86.523003,39.0,NA,HN,HN-IB,Coxen Hole,yes,MHRO,RTB,,,https://en.wikipedia.org/wiki/Juan_Manuel_G%C3%A1lvez_International_Airport
4664,MHSC,medium_airport,Palmerola International Airport / José Enrique Soto Cano Air Base,14.3824,-87.621201,2061.0,NA,HN,HN-CM,Palmerola,yes,MHPR,XPL,,,https://en.wikipedia.org/wiki/Comayagua_International_Airport
4666,MHTG,medium_airport,Toncontín International Airport,14.0609,-87.217201,3294.0,NA,HN,HN-FM,Tegucigalpa,yes,MHTG,TGU,,,https://en.wikipedia.org/wiki/Toncont%C3%ADn_International_Airport
4679,MKBS,medium_airport,Ian Fleming International Airport,18.404079,-76.969754,90.0,NA,JM,JM-05,Boscobel,yes,MKBS,OCJ,,http://www.aaj.com.jm/ourairports/index.php#boscobel,https://en.wikipedia.org/wiki/Ian_Fleming_International_Airport
4680,MKJP,large_airport,Norman Manley International Airport,17.935699462890625,-76.7874984741211,10.0,NA,JM,JM-01,Kingston,yes,MKJP,KIN,,,https://en.wikipedia.org/wiki/Norman_Manley_International_Airport
4682,MKKJ,medium_airport,Ken Jones Airport,18.1987991333,-76.53450012210001,20.0,NA,JM,JM-04,Ken Jones,no,MKKJ,POT,,,https://en.wikipedia.org/wiki/Ken_Jones_Aerodrome
4683,MKTP,medium_airport,Tinson Pen Airport,17.98859977722168,-76.82379913330078,16.0,NA,JM,JM-02,Tinson Pen,yes,MKTP,KTP,,,https://en.wikipedia.org/wiki/Tinson_Pen_Airport
4688,MMAA,medium_airport,Aeropuerto Internacional Juan N. Álvarez,16.757126,-99.753113,16.0,NA,MX,MX-GRO,Ciudad de Acapulco,yes,MMAA,ACA,,,https://en.wikipedia.org/wiki/General_Juan_N._%C3%81lvarez_International_Airport
4690,MMAN,medium_airport,Del Norte International Airport,25.865601,-100.237,1476.0,NA,MX,MX-NLE,Monterrey,no,MMAN,NTR,ADN,,https://en.wikipedia.org/wiki/Del_Norte_International_Airport
4692,MMBT,medium_airport,Bahías de Huatulco International Airport,15.774909,-96.260319,464.0,NA,MX,MX-OAX,Huatulco,yes,MMBT,HUX,HU1,,https://en.wikipedia.org/wiki/Bah%C3%ADas_de_Huatulco_International_Airport
4694,MMCE,medium_airport,Ciudad del Carmen International Airport,18.65369987487793,-91.79900360107422,10.0,NA,MX,MX-CAM,Ciudad del Carmen,yes,MMCE,CME,,,https://en.wikipedia.org/wiki/Ciudad_del_Carmen_International_Airport
4698,MMCM,medium_airport,Aeropuerto Internacional de Chetumal,18.5047,-88.326797,39.0,NA,MX,MX-ROO,Chetumal,yes,MMCM,CTM,,http://chetumal.asa.gob.mx/wb/webasa/chetumal_aeropuertos,https://en.wikipedia.org/wiki/Chetumal_International_Airport
4699,MMCN,medium_airport,Ciudad Obregón International Airport,27.39259910583496,-109.83300018310548,243.0,NA,MX,MX-SON,Ciudad Obregón,yes,MMCN,CEN,,http://obregon.asa.gob.mx/wb/webasa/obregon_aeropuertos,https://en.wikipedia.org/wiki/Ciudad_Obreg%C3%B3n_International_Airport
4700,MMCP,medium_airport,Ingeniero Alberto Acuña Ongay International Airport,19.816799163800003,-90.5002975464,34.0,NA,MX,MX-CAM,Campeche,yes,MMCP,CPE,,,https://en.wikipedia.org/wiki/Ing._Alberto_Acu%C3%B1a_Ongay_International_Airport
4701,MMCS,medium_airport,Abraham González International Airport,31.63610076904297,-106.4290008544922,3904.0,NA,MX,MX-CHH,Ciudad Juárez,yes,MMCS,CJS,,,https://en.wikipedia.org/wiki/Abraham_Gonz%C3%A1lez_International_Airport
4703,MMCU,medium_airport,General Roberto Fierro Villalobos International Airport,28.702899932900003,-105.964996338,4462.0,NA,MX,MX-CHH,Chihuahua,yes,MMCU,CUU,,,https://en.wikipedia.org/wiki/General_Roberto_Fierro_Villalobos_International_Airport
4704,MMCV,medium_airport,General Pedro Jose Mendez International Airport,23.7033004761,-98.9564971924,761.0,NA,MX,MX-TAM,Ciudad Victoria,yes,MMCV,CVM,,,https://en.wikipedia.org/wiki/General_Pedro_J._M%C3%A9ndez_International_Airport
4705,MMCY,medium_airport,Aeropuerto Nacional Captain Rogelio Castillo,20.545687,-100.886722,5709.0,NA,MX,MX-GUA,Celaya,no,MMCY,CYW,CYA,,https://en.wikipedia.org/wiki/Captain_Rogelio_Castillo_National_Airport
4706,MMCZ,large_airport,Aeropuerto Internacional de Cozumel,20.511425,-86.930287,15.0,NA,MX,MX-ROO,Ciudad de Cozumel,yes,MMCZ,CZM,,http://www.asur.com.mx/,https://en.wikipedia.org/wiki/Cozumel_International_Airport
4707,MMDO,large_airport,Aeropuerto Internacional General Guadalupe Victoria,24.125908,-104.533904,6104.0,NA,MX,MX-DUR,Ciudad de Durango,yes,MMDO,DGO,,,https://en.wikipedia.org/wiki/General_Guadalupe_Victoria_International_Airport
4710,MMGL,large_airport,Guadalajara International Airport,20.523342,-103.310108,5016.0,NA,MX,MX-JAL,Guadalajara,yes,MMGL,GDL,GDL,https://www.aeropuertosgap.com.mx/es/guadalajara,https://en.wikipedia.org/wiki/Don_Miguel_Hidalgo_y_Costilla_International_Airport
4711,MMGM,medium_airport,General José María Yáñez International Airport,27.9689998626709,-110.9250030517578,59.0,NA,MX,MX-SON,Guaymas,yes,MMGM,GYM,,http://guaymas.asa.gob.mx/wb/webasa/guaymas_aeropuertos,https://en.wikipedia.org/wiki/General_Jos%C3%A9_Mar%C3%ADa_Y%C3%A1%C3%B1ez_International_Airport
4713,MMHO,medium_airport,General Ignacio P. Garcia International Airport,29.093527,-111.049891,627.0,NA,MX,MX-SON,Hermosillo,yes,MMHO,HMO,,,https://en.wikipedia.org/wiki/General_Ignacio_Pesqueira_Garcia_International_Airport
4714,MMIA,medium_airport,Aeropuerto Internacional Licenciado Miguel de la Madrid,19.277,-103.577002,2467.0,NA,MX,MX-COL,Colima,yes,MMIA,CLQ,COL,,https://en.wikipedia.org/wiki/Lic._Miguel_de_la_Madrid_Airport
4716,MMIO,medium_airport,Plan De Guadalupe International Airport,25.544145,-100.930195,4778.0,NA,MX,MX-COA,Saltillo,no,MMIO,SLW,,,https://en.wikipedia.org/wiki/Plan_de_Guadalupe_International_Airport
4717,MMIT,medium_airport,Aeropuerto Nacional General Antonio Cárdenas Rodríguez,16.438915,-95.090328,164.0,NA,MX,MX-OAX,Ixtepec,yes,MMIT,IZT,,,https://en.wikipedia.org/wiki/Ixtepec_Airport
4721,MMLM,medium_airport,Valle del Fuerte International Airport,25.685447,-109.081055,16.0,NA,MX,MX-SIN,Los Mochis,yes,MMLM,LMM,,http://aeropuertosgap.com.mx/english/index-site.html,https://en.wikipedia.org/wiki/Federal_del_Valle_del_Fuerte_International_Airport
4722,MMLO,medium_airport,Aeropuerto Internacional del Bajío,20.992695,-101.480284,5956.0,NA,MX,MX-GUA,Silao,yes,MMLO,BJX,BJ1,,https://en.wikipedia.org/wiki/Del_Baj%C3%ADo_International_Airport
4724,MMLT,medium_airport,Loreto International Airport,25.989200592041016,-111.3479995727539,34.0,NA,MX,MX-BCS,Loreto,yes,MMLT,LTO,,,https://en.wikipedia.org/wiki/Loreto_International_Airport
4725,MMMA,medium_airport,General Servando Canales International Airport,25.7698993683,-97.5252990723,25.0,NA,MX,MX-TAM,Matamoros,yes,MMMA,MAM,,,https://en.wikipedia.org/wiki/General_Servando_Canales_International_Airport
4726,MMMD,large_airport,Aeropuerto Internacional Manuel Crescencio Rejón,20.933384,-89.662621,38.0,NA,MX,MX-YUC,Ciudad de Mérida,yes,MMMD,MID,,,https://en.wikipedia.org/wiki/Manuel_Crescencio_Rej%C3%B3n_International_Airport
4727,MMML,medium_airport,Aeropuerto Internacional Gral. Rodolfo Sánchez Taboada,32.630629,-115.242805,74.0,NA,MX,MX-BCN,Mexicali,yes,MMML,MXL,M1L,http://aeropuertosgap.com.mx/aeropuertos/mexicali?lang=eng,https://en.wikipedia.org/wiki/General_Rodolfo_S%C3%A1nchez_Taboada_International_Airport
4728,MMMM,medium_airport,General Francisco J. Mujica International Airport,19.849899,-101.025002,6033.0,NA,MX,MX-MIC,Morelia,yes,MMMM,MLM,,,https://en.wikipedia.org/wiki/General_Francisco_J._Mujica_International_Airport
4729,MMMT,medium_airport,Minatitlán/Coatzacoalcos International Airport,18.103399,-94.580704,36.0,NA,MX,MX-VER,Cosoleacaque,yes,MMMT,MTT,,http://www.asur.com.mx/asur/ingles/aeropuertos/minatitlan/minatitlan.asp,https://en.wikipedia.org/wiki/Minatitl%C3%A1n/Coatzacoalcos_International_Airport
4730,MMMV,medium_airport,Monclova International Airport,26.9557,-101.470001,1864.0,NA,MX,MX-COA,Monclova,no,MMMV,LOV,MOV,,https://en.wikipedia.org/wiki/Venustiano_Carranza_International_Airport
4731,MMMX,large_airport,Benito Juárez International Airport,19.435137,-99.071328,7316.0,NA,MX,MX-DIF,Ciudad de México,yes,MMMX,MEX,ME1,https://www.aicm.com.mx,https://en.wikipedia.org/wiki/Mexico_City_International_Airport
4732,MMMY,large_airport,Monterrey International Airport,25.778521,-100.106989,1278.0,NA,MX,MX-NLE,Monterrey,yes,MMMY,MTY,,https://aeropuertomonterrey.oma.aero/es/,https://en.wikipedia.org/wiki/General_Mariano_Escobedo_International_Airport
4733,MMMZ,large_airport,General Rafael Buelna International Airport,23.161474,-106.264572,38.0,NA,MX,MX-SIN,Mazatlàn,yes,MMMZ,MZT,,,https://en.wikipedia.org/wiki/Mazatl%C3%A1n_International_Airport
4735,MMNL,medium_airport,Quetzalcóatl International Airport,27.443899,-99.570503,484.0,NA,MX,MX-TAM,Nuevo Laredo,yes,MMNL,NLD,,,https://en.wikipedia.org/wiki/Quetzalc%C3%B3atl_International_Airport
4736,MMOX,medium_airport,Aeropuerto Internacional Xoxocotlán,17.000814,-96.72197,4989.0,NA,MX,MX-OAX,Oaxaca,yes,MMOX,OAX,,http://www.asur.com.mx/asur/ingles/aeropuertos/oaxaca/oaxaca.asp,https://en.wikipedia.org/wiki/Xoxocotl%C3%A1n_International_Airport
4737,MMPA,medium_airport,El Tajín National Airport,20.6026992798,-97.4608001709,497.0,NA,MX,MX-VER,Poza Rica,yes,MMPA,PAZ,,,https://en.wikipedia.org/wiki/El_Taj%C3%ADn_National_Airport
4738,MMPB,medium_airport,Aeropuerto Internacional Hermanos Serdán,19.158465,-98.371582,7361.0,NA,MX,MX-PUE,Puebla,yes,MMPB,PBC,,http://www.aeropuertopuebla.com/,https://en.wikipedia.org/wiki/Hermanos_Serd%C3%A1n_International_Airport
4741,MMPG,medium_airport,Piedras Negras International Airport,28.627873,-100.53524,901.0,NA,MX,MX-COA,Piedras Negras,yes,MMPG,PDS,PNG,,https://en.wikipedia.org/wiki/Piedras_Negras_International_Airport
4742,MMPN,medium_airport,Uruapan - Licenciado y General Ignacio Lopez Rayon International Airport,19.3967,-102.039001,5258.0,NA,MX,MX-MIC,Uruapan,yes,MMPN,UPN,,,https://en.wikipedia.org/wiki/Uruapan_International_Airport
4745,MMPR,large_airport,Puerto Vallarta International Airport,20.679913,-105.254391,23.0,NA,MX,MX-JAL,Puerto Vallarta,yes,MMPR,PVR,,https://thepuertovallartaairport.com/,https://en.wikipedia.org/wiki/Lic._Gustavo_D%C3%ADaz_Ordaz_International_Airport
4747,MMQT,medium_airport,Querétaro Intercontinental Airport,20.6173,-100.185997,6296.0,NA,MX,MX-QUE,Querétaro,yes,MMQT,QRO,QET,http://www.aiq.com.mx/,https://en.wikipedia.org/wiki/Quer%C3%A9taro_International_Airport
4748,MMRX,medium_airport,General Lucio Blanco International Airport,26.0089,-98.2285,139.0,NA,MX,MX-TAM,Reynosa,yes,MMRX,REX,REI,,https://en.wikipedia.org/wiki/General_Lucio_Blanco_International_Airport
4750,MMSD,large_airport,Aeropuerto Internacional de Los Cabos,23.151919,-109.720731,374.0,NA,MX,MX-BCS,San José del Cabo,yes,MMSD,SJD,,https://www.loscabosairport.com/,https://en.wikipedia.org/wiki/Los_Cabos_International_Airport
4751,MMSF,large_airport,Aeropuerto Internacional San Felipe,30.931996,-114.80847,148.0,NA,MX,MX-BCN,Mexicali,no,MMSF,SFH,SFE,,https://en.wikipedia.org/wiki/San_Felipe_International_Airport
4752,MMSP,medium_airport,Ponciano Arriaga International Airport,22.254299163800003,-100.930999756,6035.0,NA,MX,MX-SLP,San Luis Potosí,yes,MMSP,SLP,,,https://en.wikipedia.org/wiki/Ponciano_Arriaga_International_Airport
4755,MMTC,medium_airport,Francisco Sarabia Tinoco International Airport,25.5683,-103.411003,3688.0,NA,MX,MX-COA,Torreón,yes,MMTC,TRC,,,https://en.wikipedia.org/wiki/Francisco_Sarabia_International_Airport
43048,MMTG,medium_airport,Angel Albino Corzo International Airport,16.5636005402,-93.0224990845,1499.0,NA,MX,MX-CHP,Tuxtla Gutiérrez,yes,MMTG,TGZ,TGZ,http://www.chiapas.aero/index.html,https://en.wikipedia.org/wiki/Angel_Albino_Corzo_International_Airport
4757,MMTJ,large_airport,Aeropuerto Internacional Gral. Abelardo Rodriguez,32.545963,-116.975856,489.0,NA,MX,MX-BCN,Ciudad de Tijuana,yes,MMTJ,TIJ,,http://aeropuertosgap.com.mx/english/airports/tijuana-airport,https://en.wikipedia.org/wiki/General_Abelardo_L._Rodr%C3%ADguez_International_Airport
4758,MMTM,medium_airport,General Francisco Javier Mina International Airport,22.2964000702,-97.8658981323,80.0,NA,MX,MX-TAM,Tampico,yes,MMTM,TAM,,,https://en.wikipedia.org/wiki/General_Francisco_Javier_Mina_International_Airport
4760,MMTO,medium_airport,Adolfo López Mateos International Airport,19.3369,-99.56583,8466.0,NA,MX,MX-MEX,Toluca,yes,MMTO,TLC,,,https://en.wikipedia.org/wiki/Lic._Adolfo_L%C3%B3pez_Mateos_International_Airport
4761,MMTP,medium_airport,Aeropuerto Internacional de Tapachula,14.790371,-92.36883,97.0,NA,MX,MX-CHP,Tapachula,yes,MMTP,TAP,,http://www.asur.com.mx/asur/Ingles/aeropuertos/tapachula/tapachula.asp,https://en.wikipedia.org/wiki/Tapachula_International_Airport
4762,MMUN,large_airport,Aeropuerto Internacional de Cancún,21.039444,-86.874304,22.0,NA,MX,MX-ROO,Cancún,yes,MMUN,CUN,,http://www.asur.com.mx/asur/ingles/aeropuertos/cancun/cancun.asp,https://en.wikipedia.org/wiki/Canc%C3%BAn_International_Airport
4763,MMVA,medium_airport,Carlos Rovirosa Pérez International Airport,17.996999740600586,-92.81739807128906,46.0,NA,MX,MX-TAB,Villahermosa,yes,MMVA,VSA,,,https://en.wikipedia.org/wiki/Carlos_Rovirosa_P%C3%A9rez_International_Airport
4764,MMVR,medium_airport,General Heriberto Jara International Airport,19.1459007263,-96.1873016357,90.0,NA,MX,MX-VER,Veracruz,yes,MMVR,VER,,http://www.asur.com.mx/asur/ingles/aeropuertos/veracruz/veracruz.asp,https://en.wikipedia.org/wiki/General_Heriberto_Jara_International_Airport
4765,MMZC,medium_airport,Aeropuerto Internacional General Leobardo C. Ruiz,22.8971,-102.686996,7141.0,NA,MX,MX-ZAC,Zacatecas,yes,MMZC,ZCL,,http://www.oma.aero/es/aeropuertos/zacatecas/,https://en.wikipedia.org/wiki/General_Leobardo_C._Ruiz_International_Airport
4766,MMZH,medium_airport,Aeropuerto Internacional de Zihuatanejo,17.601771,-101.460629,26.0,NA,MX,MX-GRO,Ixtapa,yes,MMZH,ZIH,,,https://en.wikipedia.org/wiki/Ixtapa-Zihuatanejo_International_Airport
4768,MMZO,medium_airport,Aeropuerto Internacional Playa de Oro,19.1448,-104.558998,30.0,NA,MX,MX-COL,Manzanillo,yes,MMZO,ZLO,,http://manzanillo.aeropuertosgap.com.mx/index.php?lang=eng,https://en.wikipedia.org/wiki/Playa_de_Oro_International_Airport
4774,MNMG,medium_airport,Augusto C. Sandino (Managua) International Airport,12.14150047302246,-86.16819763183594,194.0,NA,NI,NI-MN,Managua,yes,MNMG,MGA,,,https://en.wikipedia.org/wiki/Augusto_C._Sandino_International_Airport
4776,MNPC,medium_airport,Puerto Cabezas Airport,14.047200202941896,-83.38670349121094,52.0,NA,NI,NI-AN,Puerto Cabezas,yes,MNPC,PUZ,,,https://en.wikipedia.org/wiki/Puerto_Cabezas_Airport
4786,MPBO,medium_airport,Bocas del Toro International Airport,9.34085,-82.250801,10.0,NA,PA,PA-1,Isla Colón,yes,MPBO,BOC,,,https://en.wikipedia.org/wiki/Bocas_del_Toro_%22Isla_Colón%22_International_Airport
4789,MPDA,medium_airport,Enrique Malek International Airport,8.391,-82.434998,89.0,NA,PA,PA-4,David,yes,MPDA,DAV,,,https://en.wikipedia.org/wiki/Enrique_Malek_International_Airport
4790,MPEJ,medium_airport,Enrique Adolfo Jimenez Airport,9.35664,-79.867401,25.0,NA,PA,PA-3,Colón,yes,MPEJ,ONX,,,https://en.wikipedia.org/wiki/Enrique_Adolfo_Jim%C3%A9nez_Airport
4791,MPMG,medium_airport,Marcos A. Gelabert International Airport,8.97334,-79.555603,31.0,NA,PA,PA-8,Albrook,yes,MPMG,PAC,,,https://en.wikipedia.org/wiki/Albrook_%22Marcos_A._Gelabert%22_International_Airport
4792,MPSA,medium_airport,Ruben Cantu Airport,8.085599899291992,-80.94529724121094,272.0,NA,PA,PA-9,Santiago,no,MPSA,SYP,,,https://en.wikipedia.org/wiki/Ruben_Cantu_Airport
4793,MPTO,large_airport,Tocumen International Airport,9.07136,-79.383499,135.0,NA,PA,PA-8,Tocumen,yes,MPTO,PTY,,https://www.tocumenpanama.aero/,https://en.wikipedia.org/wiki/Tocumen_International_Airport
4808,MRLM,medium_airport,Limon International Airport,9.95796012878418,-83.02200317382812,7.0,NA,CR,CR-L,Puerto Limon,yes,MRLM,LIO,,,https://en.wikipedia.org/wiki/Lim%C3%B3n_International_Airport
4810,MROC,medium_airport,Juan Santamaría International Airport,9.99386,-84.208801,3021.0,NA,CR,CR-A,San José (Alajuela),yes,MROC,SJO,,https://www.sjoairport.com/,https://en.wikipedia.org/wiki/Juan_Santamar%C3%ADa_International_Airport
4813,MRPV,medium_airport,Tobías Bolaños International Airport,9.95705,-84.139801,3287.0,NA,CR,CR-SJ,San Jose,yes,MRPV,SYQ,,,https://en.wikipedia.org/wiki/Tob%C3%ADas_Bola%C3%B1os_International_Airport
4820,MSLP,large_airport,Monseñor Óscar Arnulfo Romero International Airport,13.4409,-89.055702,101.0,NA,SV,SV-PA,San Salvador (San Luis Talpa),yes,MSLP,SAL,,,https://en.wikipedia.org/wiki/Monse%C3%B1or_%C3%93scar_Arnulfo_Romero_International_Airport
4821,MSSS,medium_airport,Ilopango International Airport,13.6995,-89.119904,2027.0,NA,SV,SV-SS,San Salvador,no,MSSS,ILS,,,https://en.wikipedia.org/wiki/Ilopango_International_Airport
4823,MTCH,medium_airport,Cap Haitien International Airport,19.726734,-72.199576,10.0,NA,HT,HT-ND,Cap Haitien,yes,MTCH,CAP,,,https://en.wikipedia.org/wiki/Cap-Ha%C3%AFtien_International_Airport
31696,MTJE,medium_airport,Jérémie Airport,18.66309928894043,-74.17030334472656,147.0,NA,HT,HT-GA,Jeremie,yes,MTJE,JEE,,,https://en.wikipedia.org/wiki/J%C3%A9r%C3%A9mie_Airport
4825,MTPP,large_airport,Toussaint Louverture International Airport,18.58,-72.292503,122.0,NA,HT,HT-OU,Port-au-Prince,yes,MTPP,PAP,,,https://en.wikipedia.org/wiki/Toussaint_Louverture_International_Airport
4826,MUBA,medium_airport,Gustavo Rizo Airport,20.36529922485352,-74.5062026977539,26.0,NA,CU,CU-14,Baracoa,yes,MUBA,BCA,,,https://en.wikipedia.org/wiki/Gustavo_Rizo_Airport
4831,MUCC,medium_airport,Jardines Del Rey Airport,22.4610004425,-78.32839965820001,13.0,NA,CU,CU-08,Cayo Coco,yes,MUCC,CCC,,,https://en.wikipedia.org/wiki/Jardines_del_Rey_Airport
4832,MUCF,medium_airport,Jaime Gonzalez Airport,22.14999961853028,-80.41419982910156,102.0,NA,CU,CU-06,Cienfuegos,yes,MUCF,CFG,,,https://en.wikipedia.org/wiki/Jaime_Gonz%C3%A1lez_Airport
4833,MUCL,medium_airport,Vilo Acuña International Airport,21.6165008545,-81.5459976196,10.0,NA,CU,CU-99,Cayo Largo del Sur,yes,MUCL,CYO,,,https://en.wikipedia.org/wiki/Vilo_Acu%C3%B1a_Airport
4834,MUCM,medium_airport,Ignacio Agramonte International Airport,21.420299530029297,-77.84750366210938,413.0,NA,CU,CU-09,Camaguey,yes,MUCM,CMW,,,https://en.wikipedia.org/wiki/Ignacio_Agramonte_International_Airport
4837,MUGM,medium_airport,Leeward Point Field,19.9065,-75.2071,56.0,NA,CU,CU-14,Guantanamo Bay Naval Station,no,MUGM,NBW,,,https://en.wikipedia.org/wiki/Leeward_Point_Field
4838,MUGT,medium_airport,Mariana Grajales Airport,20.0853,-75.158302,56.0,NA,CU,CU-14,Guantánamo,no,MUGT,GAO,,,https://en.wikipedia.org/wiki/Mariana_Grajales_Airport
4839,MUHA,large_airport,José Martí International Airport,22.989200592041016,-82.40910339355469,210.0,NA,CU,CU-03,Havana,yes,MUHA,HAV,,,https://en.wikipedia.org/wiki/Jos%C3%A9_Mart%C3%AD_International_Airport
4840,MUHG,medium_airport,Frank Pais International Airport,20.785600662231445,-76.31510162353516,361.0,NA,CU,CU-11,Holguin,yes,MUHG,HOG,,,https://en.wikipedia.org/wiki/Frank_Pa%C3%ADs_Airport
4849,MUNG,medium_airport,Rafael Cabrera Airport,21.834699630737305,-82.78379821777344,79.0,NA,CU,CU-99,Nueva Gerona,yes,MUNG,GER,,,https://en.wikipedia.org/wiki/Rafael_P%C3%A9rez_Airport
4854,MUSC,medium_airport,Abel Santamaria Airport,22.492201,-79.943604,338.0,NA,CU,CU-05,Santa Clara,yes,MUSC,SNU,,,https://en.wikipedia.org/wiki/Abel_Santa_Mar%C3%ADa_Airport
4858,MUTD,medium_airport,Alberto Delgado Airport,21.7883,-79.9972,125.0,NA,CU,CU-07,Trinidad,yes,MUTD,TND,,,https://en.wikipedia.org/wiki/Alberto_Delgado_Airport
4859,MUVR,large_airport,Juan Gualberto Gomez International Airport,23.034401,-81.435303,210.0,NA,CU,CU-04,Matanzas,yes,MUVR,VRA,,,https://en.wikipedia.org/wiki/Juan_Gualberto_G%C3%B3mez_Airport
4862,MWCR,large_airport,Owen Roberts International Airport,19.292801,-81.357697,8.0,NA,KY,KY-GC,George Town,yes,MWCR,GCM,,,https://en.wikipedia.org/wiki/Owen_Roberts_International_Airport
4927,MYAM,medium_airport,Leonard M Thompson International Airport,26.510711,-77.084262,6.0,NA,BS,BS-CO,Marsh Harbour,yes,MYAM,MHH,,,https://en.wikipedia.org/wiki/Marsh_Harbour_Airport
4931,MYAT,medium_airport,Treasure Cay Airport,26.745300293,-77.3912963867,8.0,NA,BS,BS-CO,Treasure Cay,yes,MYAT,TCB,,,https://en.wikipedia.org/wiki/Treasure_Cay_Airport
4941,MYEH,medium_airport,North Eleuthera Airport,25.474899292,-76.6835021973,13.0,NA,BS,BS-HI,North Eleuthera,yes,MYEH,ELH,,,https://en.wikipedia.org/wiki/North_Eleuthera_Airport
4943,MYEN,medium_airport,Normans Cay Airport,24.594299,-76.820198,8.0,NA,BS,BS-EX,Normans Cay,no,MYEN,NMC,,,https://en.wikipedia.org/wiki/Norman%27s_Cay_Airport
4946,MYGF,medium_airport,Grand Bahama International Airport,26.5587005615,-78.695602417,7.0,NA,BS,BS-FP,Freeport,yes,MYGF,FPO,,,https://en.wikipedia.org/wiki/Grand_Bahama_International_Airport
4950,MYMM,medium_airport,Mayaguana Airport,22.379499,-73.013494,11.0,NA,BS,BS-MG,Abrahams Bay,yes,MYMM,MYG,,,https://en.wikipedia.org/wiki/Mayaguana_Airport
4951,MYNN,large_airport,Lynden Pindling International Airport,25.039,-77.466202,16.0,NA,BS,BS-NP,Nassau,yes,MYNN,NAS,,http://www.nas.bs/,https://en.wikipedia.org/wiki/Lynden_Pindling_International_Airport
4958,NCRG,medium_airport,Rarotonga International Airport,-21.2027,-159.806,19.0,OC,CK,CK-U-A,Avarua,yes,NCRG,RAR,,,https://en.wikipedia.org/wiki/Rarotonga_International_Airport
4959,NFFN,medium_airport,Nadi International Airport,-17.755399703979492,177.4429931640625,59.0,OC,FJ,FJ-W,Nadi,yes,NFFN,NAN,,,https://en.wikipedia.org/wiki/Nadi_International_Airport
4961,NFNL,medium_airport,Labasa Airport,-16.4667,179.339996,44.0,OC,FJ,FJ-N,Labasa,yes,NFNL,LBS,,,https://en.wikipedia.org/wiki/Lambasa_Airport
4962,NFTF,medium_airport,Fua'amotu International Airport,-21.241199493408203,-175.14999389648438,126.0,OC,TO,TO-04,Nuku'alofa,yes,NFTF,TBU,,,https://en.wikipedia.org/wiki/Fua'amotu_International_Airport
4964,NFTV,medium_airport,Vava'u International Airport,-18.58530044555664,-173.96200561523438,236.0,OC,TO,TO-05,Vava'u Island,yes,NFTV,VAV,,,https://en.wikipedia.org/wiki/Vava'u_International_Airport
44571,NGFU,medium_airport,Funafuti International Airport,-8.525,179.195999,9.0,OC,TV,TV-FUN,Funafuti,yes,NGFU,FUN,,,https://en.wikipedia.org/wiki/Funafuti_International_Airport
4976,NSFA,medium_airport,Faleolo International Airport,-13.829999923706056,-172.00799560546875,58.0,OC,WS,WS-AA,Apia,yes,NSFA,APW,,,https://en.wikipedia.org/wiki/Faleolo_International_Airport
4978,NSTU,medium_airport,Pago Pago International Airport,-14.331,-170.710007,32.0,OC,AS,AS-WT,Pago Pago,yes,NSTU,PPG,PPG,,https://en.wikipedia.org/wiki/Pago_Pago_International_Airport
4979,NTAA,large_airport,Faa'a International Airport,-17.553699,-149.606995,5.0,OC,PF,PF-U-A,Papeete,yes,NTAA,PPT,,https://www.aeroports-voyages.fr/en/airport/tahiti-island/PPT,https://en.wikipedia.org/wiki/Faa'a_International_Airport
4980,NTAR,medium_airport,Rurutu Airport,-22.43409919738769,-151.36099243164062,18.0,OC,PF,PF-U-A,,yes,NTAR,RUR,,,https://en.wikipedia.org/wiki/Rurutu_Airport
4981,NTAT,medium_airport,Tubuai Airport,-23.36540031433105,-149.5240020751953,7.0,OC,PF,PF-U-A,,yes,NTAT,TUB,,,https://en.wikipedia.org/wiki/Tubuai_-_Mataura_Airport
4983,NTGA,medium_airport,Anaa Airport,-17.3526,-145.509995,10.0,OC,PF,PF-U-A,Anaa,yes,NTGA,AAA,,,https://en.wikipedia.org/wiki/Anaa_Airport
4984,NTGB,medium_airport,Fangatau Airport,-15.820044,-140.888071,9.0,OC,PF,PF-U-A,Fangatau,yes,NTGB,FGU,,,https://en.wikipedia.org/wiki/Fangatau_Airport
4987,NTGF,medium_airport,Fakarava Airport,-16.054100036621094,-145.65699768066406,13.0,OC,PF,PF-U-A,,yes,NTGF,FAV,,,https://en.wikipedia.org/wiki/Fakarava_Airport
4988,NTGI,medium_airport,Manihi Airport,-14.436800003051758,-146.07000732421875,14.0,OC,PF,PF-U-A,,yes,NTGI,XMH,,,https://en.wikipedia.org/wiki/Manihi_Airport
4989,NTGJ,medium_airport,Totegegie Airport,-23.07990074157715,-134.88999938964844,7.0,OC,PF,PF-U-A,,yes,NTGJ,GMR,,,https://en.wikipedia.org/wiki/Totegegie_Airport
4990,NTGK,medium_airport,Kaukura Airport,-15.6633,-146.884995,11.0,OC,PF,PF-U-A,Raitahiti,yes,NTGK,KKR,,,https://en.wikipedia.org/wiki/Kaukura_Airport
4993,NTGT,medium_airport,Takapoto Airport,-14.709500312805176,-145.24600219726562,12.0,OC,PF,PF-U-A,,yes,NTGT,TKP,,,https://en.wikipedia.org/wiki/Takapoto_Airport
4994,NTGU,medium_airport,Arutua Airport,-15.248299598693848,-146.61700439453125,9.0,OC,PF,PF-U-A,,yes,NTGU,AXR,,,https://en.wikipedia.org/wiki/Arutua_Airport
4995,NTGV,medium_airport,Mataiva Airport,-14.8681001663208,-148.7169952392578,11.0,OC,PF,PF-U-A,,yes,NTGV,MVT,,,https://en.wikipedia.org/wiki/Mataiva_Airport
4997,NTHE,medium_airport,Ahe Airport,-14.428099632263184,-146.2570037841797,11.0,OC,PF,PF-U-A,Ahe Atoll,yes,NTHE,AHE,,http://www.sia.aviation-civile.gouv.fr/aip/enligne/PDF_AIPparSSection/AIP%20PAC-P/AD/2/0703_AD%202.NTHE.pdf,https://en.wikipedia.org/wiki/Ahe_Airport
5001,NTMD,medium_airport,Nuku Hiva Airport,-8.7956,-140.229004,220.0,OC,PF,PF-U-A,Nuku Hiva,yes,NTMD,NHV,,,https://en.wikipedia.org/wiki/Nuku_Hiva_Airport
5002,NTMN,medium_airport,Hiva Oa-Atuona Airport,-9.76879024506,-139.011001587,1481.0,OC,PF,PF-U-A,Hiva Oa Island,yes,NTMN,AUQ,,,https://en.wikipedia.org/wiki/Atuona_Airport
5006,NTTM,medium_airport,Moorea Temae Airport,-17.48979,-149.761777,9.0,OC,PF,PF-U-A,Moorea-Maiao,yes,NTTM,MOZ,,,https://en.wikipedia.org/wiki/Moorea_Airport
5008,NTTP,medium_airport,Maupiti Airport,-16.42650032043457,-152.24400329589844,15.0,OC,PF,PF-U-A,,yes,NTTP,MAU,,,https://en.wikipedia.org/wiki/Maupiti_Airport
5010,NVSS,medium_airport,Santo Pekoa International Airport,-15.505000114399998,167.220001221,184.0,OC,VU,VU-SAM,Luganville,yes,NVSS,SON,,http://www.airports.vu/Santo%20Pekoa/Santo%20Pekoa.htm,https://en.wikipedia.org/wiki/Santo-Pekoa_International_Airport
5011,NVVV,large_airport,Bauerfield International Airport,-17.699301,168.320007,70.0,OC,VU,VU-SEE,Port Vila,yes,NVVV,VLI,,,https://en.wikipedia.org/wiki/Bauerfield_International_Airport
5012,NVVW,medium_airport,Tanna Airport,-19.45509910583496,169.2239990234375,19.0,OC,VU,VU-TAE,,yes,NVVW,TAH,,,https://en.wikipedia.org/wiki/White_Grass_Airport
5014,NWWE,medium_airport,Île des Pins Airport,-22.58889961242676,167.45599365234375,315.0,OC,NC,NC-U-A,Île des Pins,yes,NWWE,ILP,,,https://en.wikipedia.org/wiki/%C3%8Ele_des_Pins_Airport
5016,NWWL,medium_airport,Lifou Airport,-20.774799346923828,167.24000549316406,92.0,OC,NC,NC-U-A,Lifou,yes,NWWL,LIF,,,https://en.wikipedia.org/wiki/Lifou_Airport
5017,NWWM,medium_airport,Nouméa Magenta Airport,-22.25812,166.472783,10.0,OC,NC,NC-U-A,Nouméa,yes,NWWM,GEA,,,https://en.wikipedia.org/wiki/Noum%C3%A9a_Magenta_Airport
5019,NWWU,medium_airport,Touho Airport,-20.790127,165.259524,10.0,OC,NC,NC-U-A,Touho,yes,NWWU,TOU,,,https://en.wikipedia.org/wiki/Touho_Airport
5020,NWWV,medium_airport,Ouvéa Airport,-20.640600204467773,166.572998046875,23.0,OC,NC,NC-U-A,Ouvéa,yes,NWWV,UVE,,,https://en.wikipedia.org/wiki/Ouv%C3%A9a_Airport
5021,NWWW,medium_airport,La Tontouta International Airport,-22.014601,166.212997,52.0,OC,NC,NC-U-A,Nouméa (La Tontouta),yes,NWWW,NOU,,http://www.cci-nc.com/tontouta/index.php,https://en.wikipedia.org/wiki/La_Tontouta_International_Airport
5023,NZAA,large_airport,Auckland International Airport,-37.01199,174.786331,23.0,OC,NZ,NZ-AUK,Auckland,yes,NZAA,AKL,,http://www.auckland-airport.co.nz/,https://en.wikipedia.org/wiki/Auckland_International_Airport
5024,NZAP,medium_airport,Taupo Airport,-38.73970031738281,176.08399963378906,1335.0,OC,NZ,NZ-WKO,Taupo,yes,NZAP,TUO,,,https://en.wikipedia.org/wiki/Taupo_Airport
5025,NZAR,medium_airport,Ardmore Airport,-37.02970123291016,174.97300720214844,111.0,OC,NZ,NZ-AUK,Manurewa,no,NZAR,AMZ,,http://www.nzar.co.nz/,https://en.wikipedia.org/wiki/Ardmore_Airport
5026,NZCH,large_airport,Christchurch International Airport,-43.48939895629883,172.53199768066406,123.0,OC,NZ,NZ-CAN,Christchurch,yes,NZCH,CHC,,http://www.christchurchairport.co.nz/,https://en.wikipedia.org/wiki/Christchurch_International_Airport
5028,NZDN,medium_airport,Dunedin International Airport,-45.928101,170.197998,4.0,OC,NZ,NZ-OTA,Dunedin,yes,NZDN,DUD,,http://www.dnairport.co.nz/,https://en.wikipedia.org/wiki/Dunedin_International_Airport
5030,NZGS,medium_airport,Gisborne Airport,-38.6633,177.977997,15.0,OC,NZ,NZ-GIS,Gisborne,yes,NZGS,GIS,,https://gisborneairport.nz/,https://en.wikipedia.org/wiki/Gisborne_Airport
5032,NZHK,medium_airport,Hokitika Airfield,-42.713600158691406,170.98500061035156,146.0,OC,NZ,NZ-WTC,,yes,NZHK,HKK,,,https://en.wikipedia.org/wiki/Hokitika_Airport
5036,NZKK,medium_airport,Kerikeri Airport,-35.259148,173.913317,492.0,OC,NZ,NZ-NTL,Kerikeri,yes,NZKK,KKE,,http://www.kerikeri-airport.co.nz/,https://en.wikipedia.org/wiki/Kerikeri_Airport
5037,NZKT,medium_airport,Kaitaia Airport,-35.069837,173.287053,270.0,OC,NZ,NZ-NTL,Awanui,yes,NZKT,KAT,,,https://en.wikipedia.org/wiki/Kaitaia_Airport
5038,NZLX,medium_airport,Alexandra Aerodrome,-45.210495,169.371113,752.0,OC,NZ,NZ-OTA,Alexandra,no,NZLX,ALR,,,https://en.wikipedia.org/wiki/Alexandra_Aerodrome
5039,NZMC,medium_airport,Mount Cook Airport,-43.764999,170.132996,2153.0,OC,NZ,NZ-CAN,,no,NZMC,MON,,,https://en.wikipedia.org/wiki/Mount_Cook_Aerodrome
5040,NZMO,medium_airport,Manapouri Airport,-45.5331,167.649994,687.0,OC,NZ,NZ-STL,,no,NZMO,TEU,,,https://en.wikipedia.org/wiki/Te_Anau_Airport
5041,NZMS,medium_airport,Hood Airport,-40.974634,175.63454,364.0,OC,NZ,NZ-WGN,Masterton,no,NZMS,MRO,,http://www.svas.org.nz/pages/hood_aerodrome_location.htm,https://en.wikipedia.org/wiki/Hood_Aerodrome
5042,NZNP,medium_airport,New Plymouth Airport,-39.00859832763672,174.1790008544922,97.0,OC,NZ,NZ-TKI,New Plymouth,yes,NZNP,NPL,,,https://en.wikipedia.org/wiki/New_Plymouth_Airport
5043,NZNR,medium_airport,Hawke's Bay Airport,-39.465801,176.869995,6.0,OC,NZ,NZ-HKB,Napier,yes,NZNR,NPE,,http://www.hawkesbay-airport.co.nz/,https://en.wikipedia.org/wiki/Napier_Airport
5044,NZNS,medium_airport,Nelson Airport,-41.298302,173.220993,17.0,OC,NZ,NZ-NSN,Nelson,yes,NZNS,NSN,,http://www.nelsonairport.co.nz/,https://en.wikipedia.org/wiki/Nelson_Airport_(New_Zealand)
5045,NZNV,medium_airport,Invercargill Airport,-46.41239929199219,168.31300354003906,5.0,OC,NZ,NZ-STL,Invercargill,yes,NZNV,IVC,,http://www.invercargillairport.co.nz/index.htm,https://en.wikipedia.org/wiki/Invercargill_Airport
5046,NZOH,medium_airport,RNZAF Base Ohakea,-40.20600128173828,175.38800048828125,164.0,OC,NZ,NZ-MWT,,no,NZOH,OHA,,http://www.airforce.mil.nz/about/hqbases/boh.htm,https://en.wikipedia.org/wiki/RNZAF_Base_Ohakea
5049,NZPM,medium_airport,Palmerston North Airport,-40.320599,175.617004,151.0,OC,NZ,NZ-MWT,Palmerston North,yes,NZPM,PMR,,http://www.pnairport.co.nz/index.php,https://en.wikipedia.org/wiki/Palmerston_North_International_Airport
5050,NZPP,medium_airport,Paraparaumu Airport,-40.90470123291016,174.98899841308594,22.0,OC,NZ,NZ-WGN,,no,NZPP,PPQ,,,https://en.wikipedia.org/wiki/Paraparaumu_Airport
5051,NZQN,medium_airport,Queenstown International Airport,-45.021099,168.738998,1171.0,OC,NZ,NZ-OTA,Queenstown,yes,NZQN,ZQN,,https://www.queenstownairport.co.nz/,https://en.wikipedia.org/wiki/Queenstown_International_Airport
5052,NZRO,medium_airport,Rotorua Regional Airport,-38.1092,176.317001,935.0,OC,NZ,NZ-BOP,Rotorua,yes,NZRO,ROT,,https://www.rotorua-airport.co.nz/,https://en.wikipedia.org/wiki/Rotorua_Regional_Airport
5055,NZTG,medium_airport,Tauranga Airport,-37.67190170288086,176.1959991455078,13.0,OC,NZ,NZ-BOP,Tauranga,yes,NZTG,TRG,,,https://en.wikipedia.org/wiki/Tauranga_Airport
5056,NZTU,medium_airport,Timaru Airport,-44.30279922485352,171.22500610351562,89.0,OC,NZ,NZ-CAN,,yes,NZTU,TIU,,,https://en.wikipedia.org/wiki/Richard_Pearse_Airport
5058,NZWB,medium_airport,Woodbourne Airport,-41.5182991027832,173.8699951171875,109.0,OC,NZ,NZ-MBH,Blenheim,yes,NZWB,BHE,,,https://en.wikipedia.org/wiki/Woodbourne_Airport
5060,NZWF,medium_airport,Wanaka Airport,-44.722954,169.248419,1142.0,OC,NZ,NZ-OTA,Wanaka,yes,NZWF,WKA,,,https://en.wikipedia.org/wiki/Wanaka_Airport
5062,NZWK,medium_airport,Whakatane Airport,-37.92060089111328,176.91400146484375,20.0,OC,NZ,NZ-BOP,,yes,NZWK,WHK,,,https://en.wikipedia.org/wiki/Whakatane_Airport
5063,NZWN,large_airport,Wellington International Airport,-41.3272018433,174.804992676,41.0,OC,NZ,NZ-WGN,Wellington,yes,NZWN,WLG,,http://www.wellingtonairport.co.nz/,https://en.wikipedia.org/wiki/Wellington_International_Airport
5065,NZWP,medium_airport,RNZAF Base Auckland-Whenuapai,-36.78779983520508,174.6300048828125,100.0,OC,NZ,NZ-AUK,,no,NZWP,,,http://www.airforce.mil.nz/about-us/hq-and-bases/auckland.htm,https://en.wikipedia.org/wiki/RNZAF_Base_Auckland
5066,NZWR,medium_airport,Whangarei Airport,-35.769253,174.363713,133.0,OC,NZ,NZ-NTL,Whangarei,yes,NZWR,WRE,,,https://en.wikipedia.org/wiki/Whangarei_Airport
5067,NZWS,medium_airport,Westport Airport,-41.737111,171.579033,13.0,OC,NZ,NZ-WTC,Westport,yes,NZWS,WSZ,,,https://en.wikipedia.org/wiki/Westport_Airport_(New_Zealand)
5068,NZWU,medium_airport,Wanganui Airport,-39.96220016479492,175.02499389648438,27.0,OC,NZ,NZ-MWT,Wanganui,yes,NZWU,WAG,,,https://en.wikipedia.org/wiki/Wanganui_Airport
5070,OAIX,medium_airport,Bagram Airfield,34.946098,69.264999,4895.0,AS,AF,AF-PAR,Bagram,no,OAIX,OAI,,,https://en.wikipedia.org/wiki/Bagram_Airfield
5071,OAJL,medium_airport,Jalalabad Airport,34.399799,70.498596,1814.0,AS,AF,AF-NAN,Jalalabad,no,OAJL,JAA,,,https://en.wikipedia.org/wiki/Jalalabad_Airport
5072,OAKB,medium_airport,Kabul International Airport,34.565899,69.212303,5877.0,AS,AF,AF-KAB,Kabul,yes,OAKB,KBL,,,https://en.wikipedia.org/wiki/Kabul_International_Airport
5073,OAKN,medium_airport,Ahmad Shah Baba International Airport / Kandahar Airfield,31.5058,65.847801,3337.0,AS,AF,AF-KAN,Khvoshab,yes,OAKN,KDH,,,https://en.wikipedia.org/wiki/Kandahar_International_Airport
5075,OAMS,medium_airport,Mazar-i-Sharif International Airport,36.706902,67.209702,1284.0,AS,AF,AF-BAL,Mazar-i-Sharif,yes,OAMS,MZR,,,https://en.wikipedia.org/wiki/Mazar-i-Sharif_International_Airport
5079,OBBI,large_airport,Bahrain International Airport,26.267295,50.63764,6.0,AS,BH,BH-15,Manama,yes,OBBI,BAH,,https://www.bahrainairport.bh/,https://en.wikipedia.org/wiki/Bahrain_International_Airport
5080,OBBS,medium_airport,Sheik Isa Air Base,25.918399810791016,50.590599060058594,136.0,AS,BH,BH-14,Sitrah,no,OBBS,,,,https://en.wikipedia.org/wiki/Shaikh_Isa_Air_Base
5082,OEAB,medium_airport,Abha International Airport,18.2404,42.656601,6858.0,AS,SA,SA-14,Abha,yes,OEAB,AHB,,,https://en.wikipedia.org/wiki/Abha_International_Airport
5083,OEAH,medium_airport,Al-Ahsa International Airport,25.285299,49.485199,588.0,AS,SA,SA-04,Hofuf,yes,OEAH,HOF,,,https://en.wikipedia.org/wiki/Al-Ahsa_Domestic_Airport
5085,OEBH,medium_airport,Bisha Airport,19.9844,42.620899,3887.0,AS,SA,SA-14,Bisha,yes,OEBH,BHH,,,https://en.wikipedia.org/wiki/Bisha_Domestic_Airport
5087,OEDF,large_airport,King Fahd International Airport,26.471201,49.797901,72.0,AS,SA,SA-04,Ad Dammam,yes,OEDF,DMM,,https://kfia.gov.sa/,https://en.wikipedia.org/wiki/King_Fahd_International_Airport
5088,OEDM,medium_airport,King Salman Abdulaziz Airport,24.4499,44.121201,3026.0,AS,SA,SA-01,Dawadmi,yes,OEDM,DWD,,,https://en.wikipedia.org/wiki/Dawadmi_Domestic_Airport
5089,OEDR,large_airport,King Abdulaziz Air Base,26.2654,50.152,84.0,AS,SA,SA-04,Dhahran,no,OEDR,DHA,,,https://en.wikipedia.org/wiki/King_Abdulaziz_Air_Base
5090,OEGN,medium_airport,Jizan Regional Airport / King Abdullah bin Abdulaziz Airport,16.9011,42.5858,20.0,AS,SA,SA-09,Jizan,yes,OEGN,GIZ,,,https://en.wikipedia.org/wiki/Jizan_Regional_Airport
5091,OEGS,medium_airport,Gassim Airport,26.302799,43.774399,2126.0,AS,SA,SA-05,Buraidah,yes,OEGS,ELQ,,,https://en.wikipedia.org/wiki/Gassim_Regional_Airport
5092,OEGT,medium_airport,Gurayat Domestic Airport,31.412413,37.278898,1672.0,AS,SA,SA-12,Gurayat,yes,OEGT,URY,,,https://en.wikipedia.org/wiki/Gurayat_Domestic_Airport
5093,OEHL,medium_airport,Ha'il Airport,27.437901,41.686298,3331.0,AS,SA,SA-06,Ha'il,yes,OEHL,HAS,,,https://en.wikipedia.org/wiki/Ha'il_Regional_Airport
5095,OEJB,medium_airport,Jubail Airport,27.039,49.405102,26.0,AS,SA,SA-04,Jubail,no,OEJB,QJB,,,https://en.wikipedia.org/wiki/Jubail_Airport
5096,OEJF,medium_airport,King Faisal Naval Base,21.348100662231445,39.17300033569336,7.0,AS,SA,SA-02,Jeddah,no,OEJF,,,,
5097,OEJN,large_airport,King Abdulaziz International Airport,21.6796,39.156502,48.0,AS,SA,SA-02,Jeddah,yes,OEJN,JED,,http://www.jed-airport.com/,https://en.wikipedia.org/wiki/King_Abdulaziz_International_Airport
5098,OEKK,medium_airport,King Khaled Military City Airport,27.9009,45.528198,1352.0,AS,SA,SA-04,King Khaled Military City,yes,OEKK,KMC,,,https://en.wikipedia.org/wiki/King_Khaled_Military_City_Airport
5099,OEKM,medium_airport,King Khalid Air Base,18.2973,42.803501,6778.0,AS,SA,SA-14,Khamis Mushait,no,OEKM,KMX,,,https://en.wikipedia.org/wiki/King_Khalid_Air_Base
5101,OEMA,large_airport,Prince Mohammad Bin Abdulaziz Airport,24.5534,39.705101,2151.0,AS,SA,SA-03,Medina,yes,OEMA,MED,,http://www.tibahairports.com/en-EN/Pages/Main.aspx,https://en.wikipedia.org/wiki/Prince_Mohammad_Bin_Abdulaziz_Airport
5102,OENG,medium_airport,Najran Domestic Airport,17.611401,44.419201,3982.0,AS,SA,SA-10,Najran,yes,OENG,EAM,,,https://en.wikipedia.org/wiki/Najran_Domestic_Airport
5109,OEPS,medium_airport,Prince Sultan Air Base,24.0627,47.580502,1651.0,AS,SA,SA-01,,no,OEPS,AKH,,,https://en.wikipedia.org/wiki/Prince_Sultan_Air_Base
5111,OERF,medium_airport,Rafha Domestic Airport,29.626399993896484,43.4906005859375,1474.0,AS,SA,SA-08,Rafha,yes,OERF,RAH,,,https://en.wikipedia.org/wiki/Rafha_Domestic_Airport
5112,OERK,large_airport,King Khaled International Airport,24.9576,46.698799,2049.0,AS,SA,SA-01,Riyadh,yes,OERK,RUH,,https://www.kkia.sa/en/Pages/default.aspx,https://en.wikipedia.org/wiki/King_Khalid_International_Airport
5113,OERM,medium_airport,Ras Mishab Airport,28.079599,48.611,13.0,AS,SA,SA-04,Al Mishab,no,OERM,,,,https://en.wikipedia.org/wiki/Ras_Mishab_Airport
5114,OERR,medium_airport,Arar Domestic Airport,30.90660095214844,41.13819885253906,1813.0,AS,SA,SA-08,Arar,yes,OERR,RAE,,,https://en.wikipedia.org/wiki/Arar_Domestic_Airport
5115,OERT,medium_airport,Ras Tanura Airport,26.723101,50.0308,6.0,AS,SA,SA-04,Ras Tanura,no,OERT,,,,https://en.wikipedia.org/wiki/Ras_Tanura_Airport
5118,OESH,medium_airport,Sharurah Domestic Airport,17.4669,47.121399,2363.0,AS,SA,SA-10,Sharurah,yes,OESH,SHW,,,https://en.wikipedia.org/wiki/Sharurah_Domestic_Airport
5119,OESK,medium_airport,Al-Jawf Domestic Airport,29.78510093688965,40.09999847412109,2261.0,AS,SA,SA-12,Al-Jawf,yes,OESK,AJF,,,https://en.wikipedia.org/wiki/Al-Jawf_Domestic_Airport
5121,OETB,medium_airport,Tabuk Airport,28.3654,36.6189,2551.0,AS,SA,SA-07,Tabuk,yes,OETB,TUU,,,https://en.wikipedia.org/wiki/Tabuk_Regional_Airport
5122,OETF,medium_airport,Ta’if Regional Airport,21.483001,40.543442,4848.0,AS,SA,SA-02,Ta’if,yes,OETF,TIF,,,https://en.wikipedia.org/wiki/Ta%E2%80%99if_Regional_Airport
5124,OETN,medium_airport,Ras Tanajib Airport,27.8678,48.7691,30.0,AS,SA,SA-04,As Saffaniyah,no,OETN,,,,https://en.wikipedia.org/wiki/Ras_Tanajib_Airport
5127,OEWD,medium_airport,Wadi Al Dawasir Domestic Airport,20.504299,45.1996,2062.0,AS,SA,SA-01,Wadi Al Dawasir,yes,OEWD,WAE,,,https://en.wikipedia.org/wiki/Wadi_al-Dawasir_Domestic_Airport
5128,OEWJ,medium_airport,Al Wajh Domestic Airport,26.198601,36.476398,66.0,AS,SA,SA-07,Al Wajh,yes,OEWJ,EJH,,,https://en.wikipedia.org/wiki/Al_Wajh_Domestic_Airport
5129,OEYN,medium_airport,Prince Abdul Mohsin bin Abdulaziz International Airport / Yanbu Airport,24.144199,38.0634,26.0,AS,SA,SA-03,Yanbu,yes,OEYN,YNB,,https://gaca.gov.sa/web/en-gb/airport/prince-abdulmohsin-bin-abdulaziz-airport,https://en.wikipedia.org/wiki/Yanbu_Airport
5130,OIAA,medium_airport,Abadan Airport,30.367887,48.230075,10.0,AS,IR,IR-06,Abadan,yes,OIAA,ABD,,,https://en.wikipedia.org/wiki/Abadan_Airport
5131,OIAD,medium_airport,Dezful Airport,32.434399,48.397598,474.0,AS,IR,IR-06,Dezful,yes,OIAD,DEF,,,https://en.wikipedia.org/wiki/Dezful_Airport
5132,OIAG,medium_airport,Aghajari Airport,30.7444,49.6772,88.0,AS,IR,IR-06,Aghajari,no,OIAG,AKW,,,https://en.wikipedia.org/wiki/Aghajari_Airport
5133,OIAH,medium_airport,Gachsaran Airport,30.333869,50.833796,2414.0,AS,IR,IR-17,Gachsaran,yes,OIAH,GCH,,,https://en.wikipedia.org/wiki/Gachsaran_Airport
5134,OIAI,medium_airport,Shahid Asiyaee Airport,32.001719,49.268599,1206.0,AS,IR,IR-06,Masjed Soleyman,no,OIAI,QMJ,,,
5138,OIBA,medium_airport,Abu Musa Island Airport,25.8757,55.033001,23.0,AS,IR,IR-22,Abu Musa,yes,OIBA,AEU,,,https://en.wikipedia.org/wiki/Abu_Musa_Airport
5139,OIBB,medium_airport,Bushehr Airport,28.9447994232,50.8345985413,68.0,AS,IR,IR-18,Bushehr,yes,OIBB,BUZ,,,https://en.wikipedia.org/wiki/Bushehr_Airport
5142,OIBJ,medium_airport,Jam Airport,27.820499,52.3522,2173.0,AS,IR,IR-18,Jam,no,OIBJ,KNR,,,https://en.wikipedia.org/wiki/Jam_Airport
5143,OIBK,medium_airport,Kish International Airport,26.5261993408,53.9802017212,101.0,AS,IR,IR-22,Kish Island,yes,OIBK,KIH,,,https://en.wikipedia.org/wiki/Kish_Airport
5144,OIBL,medium_airport,Bandar Lengeh International Airport,26.532283,54.82484,67.0,AS,IR,IR-22,Bandar Lengeh,yes,OIBL,BDH,,,https://en.wikipedia.org/wiki/Bandar_Lengeh_Airport
5145,OIBP,medium_airport,Persian Gulf International Airport,27.379601,52.737701,27.0,AS,IR,IR-18,Khiyaroo,yes,OIBP,PGU,,,https://en.wikipedia.org/wiki/Persian_Gulf_Airport
5146,OIBQ,medium_airport,Khark Airport,29.260503,50.322193,17.0,AS,IR,IR-18,Khark,no,OIBQ,KHK,,,https://en.wikipedia.org/wiki/Kharg_Airport
5148,OIBV,medium_airport,Lavan Airport,26.810742,53.354302,76.0,AS,IR,IR-22,Lavan Airport,no,OIBV,LVP,,,https://en.wikipedia.org/wiki/Lavan_Airport
5150,OICI,medium_airport,Ilam Airport,33.58660125732422,46.40480041503906,4404.0,AS,IR,IR-16,Ilam,no,OICI,IIL,,,https://en.wikipedia.org/wiki/Ilam_Airport
5155,OIFK,medium_airport,Kashan Airport,33.895302,51.577,3465.0,AS,IR,IR-10,Kashan,yes,OIFK,KKS,,,https://en.wikipedia.org/wiki/Kashan_Airport
5156,OIFM,medium_airport,Isfahan Shahid Beheshti International Airport,32.750755,51.861483,5059.0,AS,IR,IR-10,Isfahan,yes,OIFM,IFN,,,https://en.wikipedia.org/wiki/Isfahan_International_Airport
5157,OIFP,medium_airport,Badr Air Base,32.621101,51.696999,5242.0,AS,IR,IR-10,Esfahan,no,OIFP,,,,
5158,OIFS,medium_airport,Shahrekord Airport,32.2971992493,50.8422012329,6723.0,AS,IR,IR-14,Shahrekord,no,OIFS,CQD,,,https://en.wikipedia.org/wiki/Shahrekord_Airport
5166,OIIE,large_airport,Imam Khomeini International Airport,35.416099548339844,51.15219879150391,3305.0,AS,IR,IR-23,Tehran,yes,OIIE,IKA,,http://www.ikia.ir/,https://en.wikipedia.org/wiki/Imam_Khomeini_International_Airport
5169,OIIK,medium_airport,Qazvin Airport,36.240101,50.0471,4184.0,AS,IR,IR-26,Qazvin,no,OIIK,GZW,,,https://en.wikipedia.org/wiki/Qazvin_Airport
5172,OIKB,medium_airport,Bandar Abbas International Airport,27.218299865722656,56.37779998779297,22.0,AS,IR,IR-22,Bandar Abbas,yes,OIKB,BND,,,https://en.wikipedia.org/wiki/Bandar_Abbas_International_Airport
5178,OIKR,medium_airport,Rafsanjan Airport,30.298345,56.048979,5298.0,AS,IR,IR-08,Rafsanjan,yes,OIKR,RJN,,,https://en.wikipedia.org/wiki/Rafsanjan_Airport
5179,OIKY,medium_airport,Sirjan Airport,29.5509,55.672699,5846.0,AS,IR,IR-08,Sirjan,no,OIKY,SYJ,,,https://en.wikipedia.org/wiki/Sirjan_Airport
5180,OIMB,medium_airport,Birjand International Airport,32.896525,59.281258,4952.0,AS,IR,IR-29,Birjand,yes,OIMB,XBJ,,,https://en.wikipedia.org/wiki/Birjand_Airport
5183,OIMM,large_airport,Mashhad International Airport,36.235198974609375,59.64099884033203,3263.0,AS,IR,IR-09,Mashhad,yes,OIMM,MHD,,,https://en.wikipedia.org/wiki/Mashhad_International_Airport
5185,OIMS,medium_airport,Sabzevar National Airport,36.16809844970703,57.59519958496094,3010.0,AS,IR,IR-09,Sabzevar,yes,OIMS,AFZ,,,https://en.wikipedia.org/wiki/Sabzevar_Airport
5186,OIMT,medium_airport,Tabas Airport,33.667801,56.8927,2312.0,AS,IR,IR-21,Tabas,no,OIMT,TCX,,,https://en.wikipedia.org/wiki/Tabas_Airport
5190,OINN,medium_airport,Nowshahr Airport,36.664286,51.46273,-61.0,AS,IR,IR-02,Nowshahr,yes,OINN,NSH,,,https://en.wikipedia.org/wiki/Noshahr_Airport
5191,OINR,medium_airport,Ramsar Airport,36.90701,50.687316,-70.0,AS,IR,IR-02,Ramsar,yes,OINR,RZR,,,https://en.wikipedia.org/wiki/Ramsar_Airport
5193,OISF,medium_airport,Fasa Airport,28.8918,53.723301,4261.0,AS,IR,IR-07,Fasa,no,OISF,FAZ,,,https://en.wikipedia.org/wiki/Fasa_Airport
5195,OISL,medium_airport,Lar Airport,27.6747,54.383301,2641.0,AS,IR,IR-07,Lar,yes,OISL,LRR,,,https://en.wikipedia.org/wiki/Larestan_International_Airport
5196,OISR,medium_airport,Lamerd Airport,27.3727,53.188801,1337.0,AS,IR,IR-07,Lamerd,yes,OISR,LFM,,,https://en.wikipedia.org/wiki/Lamerd_Airport
5197,OISS,large_airport,Shiraz Shahid Dastghaib International Airport,29.5392,52.589802,4927.0,AS,IR,IR-07,Shiraz,yes,OISS,SYZ,,http://shirazairport.ir/,https://en.wikipedia.org/wiki/Shiraz_International_Airport
5200,OITL,medium_airport,Ardabil Airport,38.3256988525,48.4244003296,4315.0,AS,IR,IR-24,Ardabil,yes,OITL,ADU,,,https://en.wikipedia.org/wiki/Ardabil_Airport
5203,OITR,medium_airport,Urmia Airport,37.6680984497,45.0686988831,4343.0,AS,IR,IR-04,Urmia,yes,OITR,OMH,,,https://en.wikipedia.org/wiki/Urmia_Airport
5204,OITT,medium_airport,Tabriz International Airport,38.1339,46.235001,4459.0,AS,IR,IR-03,Tabriz,yes,OITT,TBZ,,http://www.tabrizairport.ir/,https://en.wikipedia.org/wiki/Tabriz_International_Airport
5206,OIYY,medium_airport,Shahid Sadooghi Airport,31.9048995972,54.2765007019,4054.0,AS,IR,IR-21,Yazd,yes,OIYY,AZD,,,https://en.wikipedia.org/wiki/Shahid_Sadooghi_Airport
5207,OIZB,medium_airport,Zabol Airport,31.098301,61.5439,1628.0,AS,IR,IR-11,Zabol,no,OIZB,ACZ,,,https://en.wikipedia.org/wiki/Zabol_Airport
5209,OIZH,medium_airport,Zahedan International Airport,29.47570037841797,60.90620040893555,4564.0,AS,IR,IR-11,Zahedan,yes,OIZH,ZAH,,,https://en.wikipedia.org/wiki/Zahedan_International_Airport
5212,OJAI,large_airport,Queen Alia International Airport,31.7226009369,35.9931983948,2395.0,AS,JO,JO-AM,Amman,yes,OJAI,AMM,,,https://en.wikipedia.org/wiki/Queen_Alia_International_Airport
5214,OJAQ,medium_airport,Aqaba King Hussein International Airport,29.61160087585449,35.01810073852539,175.0,AS,JO,JO-AQ,Aqaba,yes,OJAQ,AQJ,,,https://en.wikipedia.org/wiki/Aqaba_Airport
32108,OKAJ,medium_airport,Ahmed Al Jaber Air Base,28.9347991943,47.7919006348,409.0,AS,KW,KW-AH,Ahmed Al Jaber AB,no,OKAJ,XIJ,,,https://en.wikipedia.org/wiki/Ahmed_Al_Jaber_Air_Base
5219,OKAS,medium_airport,Ali Al Salem Air Base,29.344632,47.511215,472.0,AS,KW,KW-JA,Al Damaikhi,no,OKAS,,,,https://en.wikipedia.org/wiki/Ali_Al_Salem_Air_Base
5220,OKBK,large_airport,Kuwait International Airport,29.226601,47.968899,206.0,AS,KW,KW-FA,Kuwait City,yes,OKKK,KWI,,https://www.kuwaitairport.gov.kw/en/,https://en.wikipedia.org/wiki/Kuwait_International_Airport
5222,OLBA,large_airport,Beirut Rafic Hariri International Airport,33.820899963378906,35.488399505615234,87.0,AS,LB,LB-JL,Beirut,yes,OLBA,BEY,,http://www.beirutairport.gov.lb/,https://en.wikipedia.org/wiki/Beirut_Rafic_Hariri_International_Airport
5226,OMAA,large_airport,Zayed International Airport,24.443764,54.651718,88.0,AS,AE,AE-AZ,Abu Dhabi,yes,OMAA,AUH,,http://www.abudhabiairport.ae/,https://en.wikipedia.org/wiki/Abu_Dhabi_International_Airport
5227,OMAD,medium_airport,Al Bateen Executive Airport,24.428301,54.458099,16.0,AS,AE,AE-AZ,Abu Dhabi,no,OMAD,AZI,,,https://en.wikipedia.org/wiki/Al_Bateen_Executive_Airport
5230,OMAL,medium_airport,Al Ain International Airport,24.261699676513672,55.60919952392578,869.0,AS,AE,AE-AZ,Al Ain,yes,OMAL,AAN,,,https://en.wikipedia.org/wiki/Al_Ain_International_Airport
5231,OMAM,medium_airport,Al Dhafra Air Base,24.248199462900004,54.5476989746,77.0,AS,AE,AE-AZ,,no,OMAM,DHF,,https://www.dhafra.af.mil/,https://en.wikipedia.org/wiki/Al_Dhafra_Air_Base
5235,OMDB,large_airport,Dubai International Airport,25.2527999878,55.3643989563,62.0,AS,AE,AE-DU,Dubai,yes,OMDB,DXB,,http://www.dubaiairport.com/dia/english/home/,https://en.wikipedia.org/wiki/Dubai_International_Airport
300320,OMDW,large_airport,Al Maktoum International Airport,24.896356,55.161389,114.0,AS,AE,AE-DU,Jebel Ali,yes,OMDW,DWC,,https://www.dubaiairports.ae/,https://en.wikipedia.org/wiki/Al_Maktoum_International_Airport
5238,OMRK,medium_airport,Ras Al Khaimah International Airport,25.613500595092773,55.93880081176758,102.0,AS,AE,AE-RK,Ras Al Khaimah,yes,OMRK,RKT,,,https://en.wikipedia.org/wiki/Ras_Al_Khaimah_International_Airport
5239,OMSJ,large_airport,Sharjah International Airport,25.3286,55.5172,111.0,AS,AE,AE-SH,Sharjah,yes,OMSJ,SHJ,,https://www.sharjahairport.ae/en/,https://en.wikipedia.org/wiki/Sharjah_International_Airport
5241,OOMA,medium_airport,RAFO Masirah,20.6754,58.890499,64.0,AS,OM,OM-SH,Masirah,no,OOMA,MSH,,,https://en.wikipedia.org/wiki/RAFO_Masirah
5244,OOSA,medium_airport,Salalah Airport,17.038700103759766,54.09130096435547,73.0,AS,OM,OM-ZU,Salalah,yes,OOSA,SLL,,http://www.dgcam.gov.om/str/airsalah.htm,https://en.wikipedia.org/wiki/Salalah_Airport
5245,OOTH,medium_airport,Thumrait Air Base,17.666,54.024601,1570.0,AS,OM,OM-ZU,Thumrait,no,OOTH,TTH,,,https://en.wikipedia.org/wiki/RAFO_Thumrait
5248,OPCH,medium_airport,Chitral Airport,35.886213,71.799922,4920.0,AS,PK,PK-KP,Chitral,yes,OPCH,CJL,,,https://en.wikipedia.org/wiki/Chitral_Airport
5249,OPDG,medium_airport,Dera Ghazi Khan Airport,29.961000442504883,70.48590087890625,492.0,AS,PK,PK-PB,Dera Ghazi Khan,yes,OPDG,DEA,,,https://en.wikipedia.org/wiki/Dera_Ghazi_Khan_Airport
5251,OPFA,medium_airport,Faisalabad International Airport,31.364999771118164,72.99479675292969,591.0,AS,PK,PK-PB,Faisalabad,yes,OPFA,LYP,,,https://en.wikipedia.org/wiki/Faisalabad_International_Airport
5253,OPGT,medium_airport,Gilgit Airport,35.918800354003906,74.33360290527344,4796.0,AS,PK,PK-GB,Gilgit,yes,OPGT,GIL,,,https://en.wikipedia.org/wiki/Gilgit_Airport
333692,OPIS,large_airport,Islamabad International Airport,33.549,72.82566,1761.0,AS,PK,PK-PB,Attock,yes,OPIS,ISB,,http://www.islamabadairport.com.pk/,https://en.wikipedia.org/wiki/Islamabad_International_Airport
5254,OPJA,medium_airport,Shahbaz Air Base,28.28420066833496,68.44969940185547,185.0,AS,PK,PK-SD,Jacobabad,no,OPJA,JAG,,,https://en.wikipedia.org/wiki/Jacobabad_Airbase
5255,OPKC,large_airport,Jinnah International Airport,24.9065,67.160797,100.0,AS,PK,PK-SD,Karachi,yes,OPKC,KHI,,,https://en.wikipedia.org/wiki/Jinnah_International_Airport
5257,OPLA,large_airport,Allama Iqbal International Airport,31.521601,74.403603,712.0,AS,PK,PK-PB,Lahore,yes,OPLA,LHE,,,https://en.wikipedia.org/wiki/Allama_Iqbal_International_Airport
5259,OPMA,medium_airport,Mangla Airport,33.05009841918945,73.63839721679688,902.0,AS,PK,PK-PB,Mangla,no,OPMA,XJM,,,https://en.wikipedia.org/wiki/Mangla_Airport
5260,OPMF,medium_airport,Muzaffarabad Airport,34.3390007019043,73.50859832763672,2691.0,AS,PK,PK-JK,Muzaffarabad,yes,OPMF,MFG,,,https://en.wikipedia.org/wiki/Muzaffarabad_Airport
5261,OPMI,medium_airport,Mianwali Air Base,32.5630989074707,71.5707015991211,690.0,AS,PK,PK-PB,Mianwali,no,OPMI,MWD,,,https://en.wikipedia.org/wiki/Dhamial_Army_Airbase
5262,OPMJ,medium_airport,Moenjodaro Airport,27.3351993560791,68.14309692382812,154.0,AS,PK,PK-SD,Moenjodaro,yes,OPMJ,MJD,,,https://en.wikipedia.org/wiki/Moenjodaro_Airport
5264,OPMT,medium_airport,Multan International Airport,30.20319938659668,71.41909790039062,403.0,AS,PK,PK-PB,Multan,yes,OPMT,MUX,,,https://en.wikipedia.org/wiki/Multan_International_Airport
5265,OPNH,medium_airport,Shaheed Benazirabad Airport,26.2194,68.390099,95.0,AS,PK,PK-SD,Nawabashah,yes,OPNH,WNS,,,https://en.wikipedia.org/wiki/Nawabshah_Airport
5268,OPPG,medium_airport,Panjgur Airport,26.95450019836425,64.13249969482422,3289.0,AS,PK,PK-BA,Panjgur,yes,OPPG,PJG,,,https://en.wikipedia.org/wiki/Panjgur_Airport
5269,OPPI,medium_airport,Pasni Airport,25.29050064086914,63.34510040283203,33.0,AS,PK,PK-BA,Pasni,yes,OPPI,PSI,,,https://en.wikipedia.org/wiki/Pasni_Airport
5270,OPPS,medium_airport,Peshawar International Airport,33.993900299072266,71.51460266113281,1158.0,AS,PK,PK-KP,Peshawar,yes,OPPS,PEW,,,https://en.wikipedia.org/wiki/Peshawar_International_Airport
5272,OPQT,medium_airport,Quetta International Airport,30.251399993896484,66.93779754638672,5267.0,AS,PK,PK-BA,Quetta,yes,OPQT,UET,,,https://en.wikipedia.org/wiki/Quetta_International_Airport
5273,OPRK,medium_airport,Shaikh Zaid Airport,28.383899688720703,70.27960205078125,271.0,AS,PK,PK-PB,Rahim Yar Khan,yes,OPRK,RYK,,,https://en.wikipedia.org/wiki/Shaikh_Zayed_International_Airport
32125,OPRQ,medium_airport,Rafiqui Air Base,30.758100509643555,72.28250122070312,492.0,AS,PK,PK-PB,Shorkot,no,OPRQ,,,,https://en.wikipedia.org/wiki/Rafiqui_Airbase
5275,OPRS,medium_airport,Risalpur Air Base,34.08110046386719,71.97260284423828,1050.0,AS,PK,PK-KP,Risalpur,no,OPRS,,,,https://en.wikipedia.org/wiki/Risalpur_Airbase
5276,OPRT,medium_airport,Rawalakot Airport,33.849700927734375,73.79810333251953,5479.0,AS,PK,PK-JK,Rawalakot,yes,OPRT,RAZ,,,https://en.wikipedia.org/wiki/Rawalakot_Airport
5277,OPSD,medium_airport,Skardu Airport,35.33549880981445,75.53600311279297,7316.0,AS,PK,PK-GB,Skardu,yes,OPSD,KDU,,,https://en.wikipedia.org/wiki/Skardu_Airport
5278,OPSF,medium_airport,Faisal Air Base,24.87420082092285,67.11849975585938,29.0,AS,PK,PK-SD,Karachi,no,OPSF,,,,https://en.wikipedia.org/wiki/Faisal_Airbase
5279,OPSK,medium_airport,Sukkur Airport,27.722000122070312,68.79170227050781,196.0,AS,PK,PK-SD,Mirpur Khas,yes,OPSK,SKZ,,,https://en.wikipedia.org/wiki/Sukkur_Airport
30590,OPSN,medium_airport,Sehwan Sharif Airport,26.473100662231445,67.71720123291016,121.0,AS,PK,PK-SD,Sehwan Sharif,yes,OPSN,SYW,,,https://en.wikipedia.org/wiki/Sehwan_Sharif_Airport
32290,OPSR,medium_airport,Mushaf Air Base,32.04859924316406,72.66500091552734,614.0,AS,PK,PK-PB,Sargodha,no,OPSR,SGI,,,https://en.wikipedia.org/wiki/Mushaf_Airbase
41624,OPST,medium_airport,Sialkot International Airport,32.535557,74.363892,837.0,AS,PK,PK-PB,Sialkot,yes,OPST,SKT,,,https://en.wikipedia.org/wiki/Sialkot_International_Airport
5281,OPSU,medium_airport,Sui Airport,28.64509963989257,69.1769027709961,763.0,AS,PK,PK-BA,Sui,no,OPSU,SUL,,,https://en.wikipedia.org/wiki/Sui_Airport
5283,OPTU,medium_airport,Turbat International Airport,25.986400604248047,63.03020095825195,498.0,AS,PK,PK-BA,Turbat,yes,OPTU,TUK,,,https://en.wikipedia.org/wiki/Turbat_Airport
5286,ORAA,medium_airport,Al Asad Air Base,33.7855987549,42.4412002563,618.0,AS,IQ,IQ-AN,Hīt,no,ORAA,IQA,,,https://en.wikipedia.org/wiki/Al_Asad_Airbase
5288,ORBD,medium_airport,Balad Southeast Airport / Joint Base Balad,33.940201,44.361599,161.0,AS,IQ,IQ-SD,Al Bakr,no,ORBD,,OR9,,https://en.wikipedia.org/wiki/Joint_Base_Balad
5289,ORBI,large_airport,Baghdad International Airport / New Al Muthana Air Base,33.262501,44.2346,114.0,AS,IQ,IQ-BG,Baghdad,yes,ORBI,BGW,,,https://en.wikipedia.org/wiki/Baghdad_International_Airport
5292,ORER,medium_airport,Erbil International Airport,36.23759841918945,43.96319961547852,1341.0,AS,IQ,IQ-AR,Arbil,yes,ORER,EBL,,,https://en.wikipedia.org/wiki/Erbil_International_Airport
5294,ORMM,medium_airport,Basra International Airport,30.549101,47.662102,11.0,AS,IQ,IQ-BA,Basra,yes,ORMM,BSR,,http://www.basrainternationalairport.com,https://en.wikipedia.org/wiki/Basra_International_Airport
311028,ORNI,medium_airport,Al Najaf International Airport,31.989853,44.404317,103.0,AS,IQ,IQ-NA,Najaf,yes,ORNI,NJF,,http://www.alnajafairport.net/,https://en.wikipedia.org/wiki/Al_Najaf_International_Airport
5297,ORSU,medium_airport,Sulaymaniyah International Airport,35.5617485046,45.3167381287,2494.0,AS,IQ,IQ-SW,Sulaymaniyah,yes,ORSU,ISU,OSO,,https://en.wikipedia.org/wiki/Sulaimaniyah_International_Airport
5302,OSAP,medium_airport,Aleppo International Airport,36.180698,37.2244,1276.0,AS,SY,SY-HL,Aleppo,yes,OSAP,ALP,,http://www.aleppo-airport.com/en/,https://en.wikipedia.org/wiki/Aleppo_International_Airport
5303,OSDI,large_airport,Damascus International Airport,33.4114990234375,36.51559829711914,2020.0,AS,SY,SY-DI,Damascus,yes,OSDI,DAM,,,https://en.wikipedia.org/wiki/Damascus_International_Airport
5305,OSKL,medium_airport,Qamishli Airport,37.020599,41.191399,1480.0,AS,SY,SY-HA,Qamishly,yes,OSKL,KAC,,,https://en.wikipedia.org/wiki/Qamishli_Airport
5308,OTBD,medium_airport,Doha International Airport,25.261101,51.565102,35.0,AS,QA,QA-DA,Doha,no,OTBD,DIA,,http://www.dohaairport.com/,https://en.wikipedia.org/wiki/Doha_International_Airport
5309,OTBH,medium_airport,Al Udeid Air Base,25.1173000336,51.3149986267,130.0,AS,QA,QA-RA,Ar Rayyan,no,OTBH,XJD,,,https://en.wikipedia.org/wiki/Al_Udeid_Air_Base
44686,OTHH,large_airport,Hamad International Airport,25.273056,51.608056,13.0,AS,QA,QA-DA,Doha,yes,OTHH,DOH,,http://dohahamadairport.com/,https://en.wikipedia.org/wiki/Hamad_International_Airport
5311,OYAA,medium_airport,Aden International Airport,12.8295,45.028801,7.0,AS,YE,YE-AD,Aden,yes,OYAA,ADE,,,https://en.wikipedia.org/wiki/Aden_International_Airport
5312,OYAT,medium_airport,Ataq Airport,14.5513,46.826199,3735.0,AS,YE,YE-SH,Ataq,no,OYAT,AXK,,,https://en.wikipedia.org/wiki/Ataq_Airport
5315,OYGD,medium_airport,Al Ghaydah International Airport,16.193341,52.174186,134.0,AS,YE,YE-MR,Al Ghaydah,yes,OYGD,AAY,,,https://en.wikipedia.org/wiki/Al_Ghaydah_Airport
5316,OYHD,medium_airport,Hodeidah International Airport,14.753000259399414,42.97629928588867,41.0,AS,YE,YE-HU,Hodeida,yes,OYHD,HOD,,,https://en.wikipedia.org/wiki/Hodeida_International_Airport
5317,OYRN,medium_airport,Riyan Mukalla International Airport,14.6626,49.375,54.0,AS,YE,YE-HD,Riyan,yes,OYRN,RIY,,,https://en.m.wikipedia.org/wiki/Riyan_International_Airport
5318,OYSN,medium_airport,Sana'a International Airport,15.476300239562988,44.21969985961914,7216.0,AS,YE,YE-SN,Sana'a,yes,OYSN,SAH,,,https://en.wikipedia.org/wiki/Sana'a_International_Airport
5319,OYSQ,medium_airport,Socotra International Airport,12.63070011138916,53.905799865722656,146.0,AS,YE,YE-HD,Socotra Islands,yes,OYSQ,SCT,,,https://en.wikipedia.org/wiki/Socotra_Airport
5320,OYSY,medium_airport,Seiyun Hadhramaut International Airport,15.9661,48.7883,2097.0,AS,YE,YE-HD,Seiyun,yes,OYSY,GXF,,,https://en.wikipedia.org/wiki/Sayun_Airport
5336,PAAQ,medium_airport,"Warren ""Bud"" Woods Palmer Municipal Airport",61.594898,-149.08901,242.0,NA,US,US-AK,Palmer,no,PAAQ,PAQ,PAQ,,https://en.wikipedia.org/wiki/Palmer_Municipal_Airport
5338,PABE,medium_airport,Bethel Airport,60.77980042,-161.8379974,126.0,NA,US,US-AK,Bethel,yes,PABE,BET,BET,,https://en.wikipedia.org/wiki/Bethel_Airport
5339,PABI,medium_airport,Allen Army Airfield,63.9944992065,-145.722000122,1291.0,NA,US,US-AK,Delta Junction Ft Greely,no,PABI,BIG,BIG,,https://en.wikipedia.org/wiki/Allen_Army_Airfield00000000000000
5344,PABV,medium_airport,Birchwood Airport,61.4165,-149.507004,83.0,NA,US,US-AK,Birchwood,no,PABV,,BCV,,https://en.wikipedia.org/wiki/Birchwood_Airport
5345,PACD,medium_airport,Cold Bay Airport,55.207871,-162.725029,96.0,NA,US,US-AK,Cold Bay,yes,PACD,CDB,CDB,,https://en.wikipedia.org/wiki/Cold_Bay_Airport
5346,PACL,medium_airport,Clear Airport,64.299738,-149.117432,552.0,NA,US,US-AK,Clear,no,PACL,,Z84,,https://en.wikipedia.org/wiki/Clear_Airport
5348,PACV,medium_airport,Merle K (Mudhole) Smith Airport,60.491798,-145.477997,54.0,NA,US,US-AK,Cordova,yes,PACV,CDV,CDV,,https://en.wikipedia.org/wiki/Merle_K._(Mudhole)_Smith_Airport
5351,PADL,medium_airport,Dillingham Airport,59.04470062,-158.5050049,81.0,NA,US,US-AK,Dillingham,yes,PADL,DLG,DLG,,https://en.wikipedia.org/wiki/Dillingham_Airport
5353,PADQ,medium_airport,Kodiak Airport,57.75,-152.4940033,78.0,NA,US,US-AK,Kodiak,yes,PADQ,ADQ,ADQ,,https://en.wikipedia.org/wiki/Kodiak_Airport
5354,PADU,medium_airport,Tom Madsen (Dutch Harbor) Airport,53.89881,-166.544996,22.0,NA,US,US-AK,Unalaska,yes,PADU,DUT,DUT,,https://en.wikipedia.org/wiki/Unalaska_Airport
5359,PAEN,medium_airport,Kenai Municipal Airport,60.570946,-151.245174,99.0,NA,US,US-AK,Kenai,yes,PAEN,ENA,ENA,,https://en.wikipedia.org/wiki/Kenai_Municipal_Airport
5360,PAFA,medium_airport,Fairbanks International Airport,64.815102,-147.856003,439.0,NA,US,US-AK,Fairbanks,yes,PAFA,FAI,FAI,,https://en.wikipedia.org/wiki/Fairbanks_International_Airport
5361,PAFB,medium_airport,Ladd Army Airfield,64.837502,-147.613998,454.0,NA,US,US-AK,Fairbanks,no,PAFB,FBK,FBK,,https://en.wikipedia.org/wiki/Ladd_Army_Airfield
5367,PAGK,medium_airport,Gulkana Airport,62.155859,-145.454662,1586.0,NA,US,US-AK,Gulkana,yes,PAGK,GKN,GKN,,https://en.wikipedia.org/wiki/Gulkana_Airport
5369,PAGS,medium_airport,Gustavus Airport,58.4253006,-135.7070007,35.0,NA,US,US-AK,Gustavus,yes,PAGS,GST,GST,,https://en.wikipedia.org/wiki/Gustavus_Airport
5372,PAHN,medium_airport,Haines Airport,59.243921,-135.523925,15.0,NA,US,US-AK,Haines,yes,PAHN,HNS,HNS,,https://en.wikipedia.org/wiki/Haines_Airport
5377,PAIL,medium_airport,Iliamna Airport,59.754398,-154.910996,192.0,NA,US,US-AK,Iliamna,yes,PAIL,ILI,ILI,,https://en.wikipedia.org/wiki/Iliamna_Airport
5380,PAKN,medium_airport,King Salmon Airport,58.677845,-156.651965,73.0,NA,US,US-AK,King Salmon,yes,PAKN,AKN,AKN,,https://en.wikipedia.org/wiki/King_Salmon_Airport
5383,PAKW,medium_airport,Klawock Airport,55.579201,-133.076004,80.0,NA,US,US-AK,Klawock,yes,PAKW,KLW,AKW,,https://en.wikipedia.org/wiki/Klawock_Airport
5386,PAMR,medium_airport,Merrill Field,61.212792,-149.843988,137.0,NA,US,US-AK,Anchorage,yes,PAMR,MRI,MRI,,https://en.wikipedia.org/wiki/Merrill_Field
5388,PANC,large_airport,Ted Stevens Anchorage International Airport,61.179004,-149.992561,152.0,NA,US,US-AK,Anchorage,yes,PANC,ANC,ANC,https://dot.alaska.gov/anc/,https://en.wikipedia.org/wiki/Ted_Stevens_Anchorage_International_Airport
5390,PANN,medium_airport,Nenana Municipal Airport,64.548772,-149.074516,362.0,NA,US,US-AK,Nenana,no,PANN,ENN,ENN,,https://en.wikipedia.org/wiki/Nenana_Municipal_Airport
5393,PAOM,medium_airport,Nome Airport,64.51219940185547,-165.44500732421875,37.0,NA,US,US-AK,Nome,yes,PAOM,OME,OME,,https://en.wikipedia.org/wiki/Nome_Airport
5394,PAOR,medium_airport,Northway Airport,62.9613,-141.929001,1715.0,NA,US,US-AK,Northway,yes,PAOR,ORT,ORT,,https://en.wikipedia.org/wiki/Northway_Airport
5406,PASD,medium_airport,Sand Point Airport,55.313908,-160.522099,21.0,NA,US,US-AK,Sand Point,yes,PASD,SDP,SDP,,https://en.wikipedia.org/wiki/Sand_Point_Airport
5410,PASN,medium_airport,St Paul Island Airport,57.166311,-170.222555,63.0,NA,US,US-AK,St Paul Island,yes,PASN,SNP,SNP,,https://en.wikipedia.org/wiki/St._Paul_Island_Airport
5412,PASX,medium_airport,Soldotna Airport,60.474935,-151.038471,113.0,NA,US,US-AK,Soldotna,no,PASX,SXQ,SXQ,,https://en.wikipedia.org/wiki/Soldotna_Airport
5413,PASY,medium_airport,Eareckson Air Station,52.71229935,174.1139984,95.0,NA,US,US-AK,Shemya,no,PASY,SYA,SYA,,https://en.wikipedia.org/wiki/Eareckson_Air_Station
24910,PATK,medium_airport,Talkeetna Airport,62.320499420166,-150.09399414062,358.0,NA,US,US-AK,Talkeetna,no,PATK,TKA,TKA,,https://en.wikipedia.org/wiki/Talkeetna_Airport
5389,PAUN,medium_airport,Unalakleet Airport,63.888401,-160.798996,27.0,NA,US,US-AK,Unalakleet,yes,PAUN,UNK,UNK,,https://en.wikipedia.org/wiki/Unalakleet_Airport
5418,PAVD,medium_airport,Valdez Pioneer Field,61.132712,-146.246567,121.0,NA,US,US-AK,Valdez,yes,PAVD,VDZ,VDZ,,https://en.wikipedia.org/wiki/Valdez_Airport
5421,PAWG,medium_airport,Wrangell Airport,56.48429871,-132.3699951,49.0,NA,US,US-AK,Wrangell,yes,PAWG,WRG,WRG,,https://en.wikipedia.org/wiki/Wrangell_Airport
26343,PAYA,medium_airport,Yakutat Airport,59.508717,-139.660435,33.0,NA,US,US-AK,Yakutat,yes,PAYA,YAK,YAK,,https://en.wikipedia.org/wiki/Yakutat_Airport
5430,PGRO,medium_airport,Rota International Airport,14.1743,145.242996,607.0,OC,MP,MP-U-A,Rota Island,yes,PGRO,ROP,GRO,,https://en.wikipedia.org/wiki/Rota_International_Airport
5431,PGSN,medium_airport,Saipan International Airport,15.119,145.729004,215.0,OC,MP,MP-U-A,"I Fadang, Saipan",yes,PGSN,SPN,GSN,,https://en.wikipedia.org/wiki/Saipan_International_Airport
5432,PGUA,medium_airport,Andersen Air Force Base,13.584,144.929998,627.0,OC,GU,GU-U-A,Yigo,no,PGUA,UAM,UAM,http://www.andersen.af.mil/,https://en.wikipedia.org/wiki/Andersen_Air_Force_Base
5433,PGUM,large_airport,Antonio B. Won Pat International Airport,13.4834,144.796005,298.0,OC,GU,GU-U-A,Hagåtña,yes,PGUM,GUM,GUM,http://www.guamairport.com/,https://en.wikipedia.org/wiki/Antonio_B._Won_Pat_International_Airport
5434,PGWT,medium_airport,Tinian International Airport,14.998101,145.61923,271.0,OC,MP,MP-U-A,Tinian Island,yes,PGWT,TIQ,TNI,,https://en.wikipedia.org/wiki/Tinian_International_Airport
5446,PHJH,medium_airport,Kapalua Airport,20.9629,-156.673004,256.0,OC,US,US-HI,Lahaina,yes,PHJH,JHM,JHM,,https://en.wikipedia.org/wiki/Kapalua_Airport
5447,PHJR,medium_airport,Kalaeloa Airport,21.3074,-158.070009,30.0,OC,US,US-HI,Kapolei,no,PHJR,JRF,JRF,http://airports.hawaii.gov/jrf/,https://en.wikipedia.org/wiki/Kalaeloa_Airport
5448,PHKO,medium_airport,Ellison Onizuka Kona International Airport at Keahole,19.738783,-156.045603,47.0,NA,US,US-HI,Kailua-Kona,yes,PHKO,KOA,KOA,https://airports.hawaii.gov/koa/,https://en.wikipedia.org/wiki/Kona_International_Airport
5449,PHLI,medium_airport,Lihue Airport,21.976,-159.339005,153.0,OC,US,US-HI,Lihue,yes,PHLI,LIH,LIH,,https://en.wikipedia.org/wiki/Lihu'e_Airport
5450,PHMK,medium_airport,Molokai Airport,21.152901,-157.095993,454.0,OC,US,US-HI,Kaunakakai,yes,PHMK,MKK,MKK,,https://en.wikipedia.org/wiki/Molokai_Airport
5451,PHMU,medium_airport,Waimea Kohala Airport,20.001301,-155.667999,2671.0,OC,US,US-HI,Waimea (Kamuela),yes,PHMU,MUE,MUE,,https://en.wikipedia.org/wiki/Waimea-Kohala_Airport
5452,PHNG,medium_airport,Kaneohe Bay MCAS (Marion E. Carl Field) Airport,21.4505,-157.768005,24.0,OC,US,US-HI,Kaneohe,no,PHNG,NGF,NGF,http://www.mcbhawaii.marines.mil/Units/SubordinateCommands/MarineCorpsAirStation.aspx,https://en.wikipedia.org/wiki/Marine_Corps_Air_Station_Kaneohe_Bay
5453,PHNL,large_airport,Daniel K Inouye International Airport,21.32062,-157.924228,13.0,OC,US,US-HI,Honolulu,yes,PHNL,HNL,HNL,http://airports.hawaii.gov/hnl/,https://en.wikipedia.org/wiki/Daniel_K._Inouye_International_Airport
5454,PHNY,medium_airport,Lanai Airport,20.785675,-156.951324,1308.0,OC,US,US-HI,Lanai City,yes,PHNY,LNY,LNY,,https://en.wikipedia.org/wiki/Lanai_Airport
5455,PHOG,large_airport,Kahului International Airport,20.896263,-156.431837,54.0,NA,US,US-HI,Kahului,yes,PHOG,OGG,OGG,https://airports.hawaii.gov/ogg/,https://en.wikipedia.org/wiki/Kahului_Airport
5457,PHTO,medium_airport,Hilo International Airport,19.721399,-155.048004,38.0,OC,US,US-HI,Hilo,yes,PHTO,ITO,ITO,,https://en.wikipedia.org/wiki/Hilo_International_Airport
5488,PKMJ,medium_airport,Marshall Islands International Airport,7.06476,171.272003,6.0,OC,MH,MH-MAJ,Majuro Atoll,yes,PKMJ,MAJ,MAJ,,https://en.wikipedia.org/wiki/Marshall_Islands_International_Airport
5490,PKWA,medium_airport,Bucholz Army Air Field,8.720120429992676,167.73199462890625,9.0,OC,MH,MH-KWA,Kwajalein,yes,PKWA,KWA,KWA,,https://en.wikipedia.org/wiki/Bucholz_Army_Airfield
5493,PLCH,medium_airport,Cassidy International Airport,1.986278,-157.350011,5.0,OC,KI,KI-L,Kiritimati,yes,PLCH,CXI,,,https://en.wikipedia.org/wiki/Cassidy_International_Airport
5494,PMDY,medium_airport,Henderson Field,28.2017,-177.380997,13.0,OC,UM,UM-71,Sand Island,no,PMDY,MDY,MDY,,https://en.wikipedia.org/wiki/Henderson_Field_(Midway_Atoll)
5499,PTKK,medium_airport,Chuuk International Airport,7.461870193481445,151.84300231933594,11.0,OC,FM,FM-TRK,Weno Island,yes,PTKK,TKK,TKK,,https://en.wikipedia.org/wiki/Chuuk_International_Airport
5500,PTPN,medium_airport,Pohnpei International Airport,6.985099792480469,158.20899963378906,10.0,OC,FM,FM-PNI,Pohnpei Island,yes,PTPN,PNI,PNI,,https://en.wikipedia.org/wiki/Pohnpei_International_Airport
5501,PTRO,medium_airport,Babelthuap Airport,7.36731,134.544236,176.0,OC,PW,PW-004,Babelthuap Island,yes,PTRO,ROR,ROR,,https://en.wikipedia.org/wiki/Palau_International_Airport
5503,PTYA,medium_airport,Yap International Airport,9.49891,138.082993,91.0,OC,FM,FM-YAP,Yap Island,yes,PTYA,YAP,T11,,https://en.wikipedia.org/wiki/Yap_International_Airport
5506,PWAK,medium_airport,Wake Island Airfield,19.282437,166.636637,14.0,OC,UM,UM-79,Wake Island,yes,PWAK,AWK,AWK,,https://en.wikipedia.org/wiki/Wake_Island_Airfield
5509,RCAY,medium_airport,Gangshan Air Force Base,22.782499,120.263,34.0,AS,TW,TW-KHH,Kaohsiung (Gangshan),no,RCAY,,,,
5511,RCDC,medium_airport,Pingtung South Airport,22.672399520874023,120.46199798583984,78.0,AS,TW,TW-PIF,Pingtung,no,RCDC,,,,https://en.wikipedia.org/wiki/Pingtung_Airport
5514,RCFN,medium_airport,Taitung Airport,22.7549991607666,121.10199737548828,143.0,AS,TW,TW-TTT,Taitung City,yes,RCFN,TTT,,,https://en.wikipedia.org/wiki/Taitung_Airport
5516,RCKH,large_airport,Kaohsiung International Airport,22.577101,120.349998,31.0,AS,TW,TW-KHH,Kaohsiung (Xiaogang),yes,RCKH,KHH,,http://www.kia.gov.tw/english/e_index.asp,https://en.wikipedia.org/wiki/Kaohsiung_International_Airport
5517,RCKU,medium_airport,Chiayi Airport,23.46179962158203,120.39299774169922,85.0,AS,TW,TW-CYQ,Chiayi City,yes,RCKU,CYI,,http://www.cya.gov.tw/web/english/index.asp,https://en.wikipedia.org/wiki/Chiayi_Airport
5518,RCKW,medium_airport,Hengchun Airport,22.041099548339844,120.7300033569336,46.0,AS,TW,TW-PIF,Hengchung,yes,RCKW,HCN,,,https://en.wikipedia.org/wiki/Hengchun_Airport
5521,RCMT,medium_airport,Matsu Beigan Airport,26.224199,120.002998,41.0,AS,TW,TW-X-LK,Matsu (Beigan),yes,RCMT,MFK,,http://www.tsa.gov.tw/tsaMFK/en/page.aspx?id=1174,https://en.wikipedia.org/wiki/Matsu_Beigan_Airport
5522,RCNN,medium_airport,Tainan International Airport / Tainan Air Base,22.950399,120.206001,63.0,AS,TW,TW-TNN,Tainan (Rende),yes,RCNN,TNN,,http://www.tna.gov.tw/,https://en.wikipedia.org/wiki/Tainan_Airport
5523,RCPO,medium_airport,Hsinchu Air Base,24.8180007935,120.939002991,26.0,AS,TW,TW-HSZ,Hsinchu City,no,RCPO,HSZ,,,https://en.wikipedia.org/wiki/Hsinchu_Air_Base
5524,RCQC,medium_airport,Penghu Magong Airport,23.568701,119.627998,103.0,AS,TW,TW-PEN,Huxi,yes,RCQC,MZG,,http://www.mkport.gov.tw/english/,https://en.wikipedia.org/wiki/Penghu_Airport
5525,RCQS,medium_airport,Chihhang Air Base,22.7931,121.181999,121.0,AS,TW,TW-TTT,Taitung City,no,RCQS,,,,https://en.wikipedia.org/wiki/Chihhang_Air_Base
5526,RCSQ,medium_airport,Pingtung North Airport,22.700199127197266,120.48200225830078,97.0,AS,TW,TW-PIF,Pingtung,yes,RCSQ,PIF,,,https://en.wikipedia.org/wiki/Pingtung_Airport
5527,RCSS,medium_airport,Taipei Songshan Airport,25.06940078735352,121.552001953125,18.0,AS,TW,TW-TPE,Taipei City,yes,RCSS,TSA,,http://www.tsa.gov.tw/,https://en.wikipedia.org/wiki/Taipei_Songshan_Airport
5528,RCTP,large_airport,Taiwan Taoyuan International Airport,25.0777,121.233002,106.0,AS,TW,TW-TAO,Taoyuan,yes,RCTP,TPE,,http://www.taoyuan-airport.com/,https://zh.wikipedia.org/wiki/%E8%87%BA%E7%81%A3%E6%A1%83%E5%9C%92%E5%9C%8B%E9%9A%9B%E6%A9%9F%E5%A0%B4
5530,RCYU,medium_airport,Hualien Airport,24.023099899291992,121.61799621582033,52.0,AS,TW,TW-HUA,Hualien City,yes,RCYU,HUN,,http://www.hulairport.gov.tw/,https://en.wikipedia.org/wiki/Hualien_Airport
5531,RJAA,large_airport,Narita International Airport,35.764702,140.386002,141.0,AS,JP,JP-12,Narita,yes,RJAA,NRT,,https://www.narita-airport.jp/en/,https://en.wikipedia.org/wiki/Narita_International_Airport
5532,RJAF,medium_airport,Shinshu-Matsumoto Airport,36.166801,137.923004,2182.0,AS,JP,JP-20,Matsumoto,yes,RJAF,MMJ,,http://www.matsumoto-airport.co.jp/,https://en.wikipedia.org/wiki/Matsumoto_Airport
5533,RJAH,medium_airport,Ibaraki Airport / JASDF Hyakuri Air Base,36.181099,140.414993,105.0,AS,JP,JP-08,Omitama,yes,RJAH,IBR,,,https://en.wikipedia.org/wiki/Hyakuri_Airfield
5536,RJBB,large_airport,Kansai International Airport,34.427299,135.244003,26.0,AS,JP,JP-27,Osaka,yes,RJBB,KIX,,http://www.kansai-airport.or.jp/en/index.asp,https://en.wikipedia.org/wiki/Kansai_International_Airport
5537,RJBD,medium_airport,Nanki Shirahama Airport,33.6622009277,135.363998413,298.0,AS,JP,JP-30,Shirahama,yes,RJBD,SHM,,,https://en.wikipedia.org/wiki/Nanki-Shirahama_Airport
5538,RJBE,medium_airport,Kobe Airport,34.6328010559082,135.2239990234375,22.0,AS,JP,JP-28,Kobe,yes,RJBE,UKB,,,https://en.wikipedia.org/wiki/Kobe_Airport
5541,RJBT,medium_airport,Konotori Tajima Airport,35.512798,134.787003,584.0,AS,JP,JP-28,Toyooka,yes,RJBT,TJH,,,https://en.wikipedia.org/wiki/Tajima_Airport
5543,RJCB,medium_airport,Tokachi-Obihiro Airport,42.7332992554,143.216995239,505.0,AS,JP,JP-01,Obihiro,yes,RJCB,OBO,,,https://en.wikipedia.org/wiki/Obihiro_Airport
5544,RJCC,large_airport,New Chitose Airport,42.7752,141.692001,82.0,AS,JP,JP-01,Sapporo,yes,RJCC,CTS,,http://www.new-chitose-airport.jp/language/english/,https://en.wikipedia.org/wiki/New_Chitose_Airport
5545,RJCH,medium_airport,Hakodate Airport,41.77,140.822006,151.0,AS,JP,JP-01,Hakodate,yes,RJCH,HKD,,,https://en.wikipedia.org/wiki/Hakodate_Airport
5547,RJCK,medium_airport,Kushiro Airport,43.041,144.192993,327.0,AS,JP,JP-01,Kushiro,yes,RJCK,KUH,,https://www.kushiro-airport.co.jp/,https://en.wikipedia.org/wiki/Kushiro_Airport
5549,RJCN,medium_airport,Nakashibetsu Airport,43.5774993896,144.960006714,234.0,AS,JP,JP-01,Nakashibetsu,yes,RJCN,SHB,,,https://en.wikipedia.org/wiki/Nakashibetsu_Airport
5550,RJCO,medium_airport,Sapporo Okadama Airport,43.117447,141.38134,25.0,AS,JP,JP-01,Sapporo,yes,RJCO,OKD,,,https://en.wikipedia.org/wiki/Okadama_Airport
5551,RJCT,medium_airport,Tokachi Airport,42.890499,143.158005,281.0,AS,JP,JP-01,Obihiro,no,RJCT,,,,https://en.wikipedia.org/wiki/Tokachi_Airfield
5552,RJCW,medium_airport,Wakkanai Airport,45.4042015076,141.800994873,30.0,AS,JP,JP-01,Wakkanai,yes,RJCW,WKJ,,,https://en.wikipedia.org/wiki/Wakkanai_Airport
5554,RJDB,medium_airport,Iki Airport,33.7490005493,129.785003662,41.0,AS,JP,JP-42,Iki,yes,RJDB,IKI,,,https://en.wikipedia.org/wiki/Iki_Airport
5555,RJDC,medium_airport,Yamaguchi Ube Airport,33.930000305200004,131.279006958,23.0,AS,JP,JP-35,Ube,yes,RJDC,UBJ,,,https://en.wikipedia.org/wiki/Yamaguchi_Ube_Airport
5557,RJEB,medium_airport,Monbetsu Airport,44.3039016724,143.404006958,80.0,AS,JP,JP-01,Monbetsu,yes,RJEB,MBE,,,https://en.wikipedia.org/wiki/Monbetsu_Airport
5558,RJEC,medium_airport,Asahikawa Airport,43.670799,142.447006,721.0,AS,JP,JP-01,Higashikagura,yes,RJEC,AKJ,,,https://en.wikipedia.org/wiki/Asahikawa_Airport
5559,RJEO,medium_airport,Okushiri Airport,42.0717010498,139.432998657,161.0,AS,JP,JP-01,Okushiri Island,yes,RJEO,OIR,,,https://en.wikipedia.org/wiki/Okushiri_Airport
5560,RJER,medium_airport,Rishiri Airport,45.2420005798,141.186004639,112.0,AS,JP,JP-01,Rishiri,yes,RJER,RIS,,,https://en.wikipedia.org/wiki/Rishiri_Airport
5561,RJFA,medium_airport,JASDF Ashiya Air Base,33.883099,130.653,98.0,AS,JP,JP-40,Ashiya,no,RJFA,,,,https://en.wikipedia.org/wiki/Ashiya_Air_Field
5562,RJFC,medium_airport,Yakushima Airport,30.385599,130.658997,124.0,AS,JP,JP-46,Yakushima,yes,RJFC,KUM,,,https://en.wikipedia.org/wiki/Yakushima_Airport
5563,RJFE,medium_airport,Fukue Airport,32.666302,128.832993,273.0,AS,JP,JP-42,Goto,yes,RJFE,FUJ,,,https://en.wikipedia.org/wiki/Fukue_Airport
5564,RJFF,large_airport,Fukuoka Airport,33.585899353027344,130.4510040283203,32.0,AS,JP,JP-40,Fukuoka,yes,RJFF,FUK,,http://www.fuk-ab.co.jp/english/frame_index.html,https://en.wikipedia.org/wiki/Fukuoka_Airport
5566,RJFK,large_airport,Kagoshima Airport,31.8034,130.718994,906.0,AS,JP,JP-46,Kagoshima,yes,RJFK,KOJ,,https://www.koj-ab.co.jp/en/,https://en.wikipedia.org/wiki/Kagoshima_Airport
5567,RJFM,medium_airport,Miyazaki Airport,31.877199173,131.449005127,20.0,AS,JP,JP-45,Miyazaki,yes,RJFM,KMI,,,https://en.wikipedia.org/wiki/Miyazaki_Airport
5569,RJFO,medium_airport,Oita Airport,33.479400634799994,131.736999512,19.0,AS,JP,JP-44,Oita,yes,RJFO,OIT,,,https://en.wikipedia.org/wiki/Oita_Airport
5571,RJFS,medium_airport,Saga Airport,33.149700164799995,130.302001953,6.0,AS,JP,JP-41,Saga,yes,RJFS,HSG,,,https://en.wikipedia.org/wiki/Saga_Airport
5572,RJFT,medium_airport,Kumamoto Airport,32.83729934692383,130.85499572753906,642.0,AS,JP,JP-43,Kumamoto,yes,RJFT,KMJ,,,https://en.wikipedia.org/wiki/Kumamoto_Airport
5573,RJFU,medium_airport,Nagasaki Airport,32.916901,129.914001,15.0,AS,JP,JP-42,Nagasaki,yes,RJFU,NGS,,https://nagasaki-airport.jp/en/,https://en.wikipedia.org/wiki/Nagasaki_Airport
5574,RJFY,medium_airport,JMSDF Kanoya Air Base,31.36672,130.838805,214.0,AS,JP,JP-46,Kanoya,no,RJFY,,,,https://en.wikipedia.org/wiki/Kanoya_Air_Field
5575,RJFZ,medium_airport,JASDF Tsuiki Air Base,33.685001,131.039993,55.0,AS,JP,JP-40,Tsuiki,no,RJFZ,,,,https://en.wikipedia.org/wiki/Tsuiki_Air_Field
5576,RJGG,large_airport,Chubu Centrair International Airport,34.858398,136.804993,15.0,AS,JP,JP-23,Tokoname,yes,RJGG,NGO,,https://www.centrair.jp/en/index.html,https://en.wikipedia.org/wiki/Ch%C5%ABbu_Centrair_International_Airport
5578,RJKB,medium_airport,Okinoerabu Airport,27.425501,128.701004,101.0,AS,JP,JP-46,Wadomari,yes,RJKB,OKE,,,https://en.wikipedia.org/wiki/Okinoerabu_Airport
5579,RJKI,medium_airport,Kikai Airport,28.3213005066,129.927993774,21.0,AS,JP,JP-46,Kikai,yes,RJKI,KKX,,,https://en.wikipedia.org/wiki/Kikai_Airport
5580,RJKN,medium_airport,Tokunoshima Airport,27.836399,128.880997,17.0,AS,JP,JP-46,Amagi,yes,RJKN,TKN,,,https://en.wikipedia.org/wiki/Tokunoshima_Airport
5581,RJNA,medium_airport,Nagoya Airport / JASDF Komaki Air Base,35.255759,136.924095,52.0,AS,JP,JP-23,Nagoya,yes,RJNA,NKM,,,https://en.wikipedia.org/wiki/Nagoya_Airfield
5582,RJNF,medium_airport,Fukui Airport,36.1427993774,136.223999023,19.0,AS,JP,JP-18,,no,RJNF,FKJ,,,https://en.wikipedia.org/wiki/Fukui_Airport
5583,RJNG,medium_airport,Gifu Airport,35.3941,136.869995,128.0,AS,JP,JP-21,Gifu,no,RJNG,QGU,,,https://en.wikipedia.org/wiki/Gifu_Air_Field
5584,RJNH,medium_airport,JASDF Hamamatsu Air Base,34.750198,137.703003,150.0,AS,JP,JP-22,Hamamatsu,no,RJNH,,,,https://en.wikipedia.org/wiki/Hamamatsu_Air_Base
5585,RJNK,medium_airport,Komatsu Airport / JASDF Komatsu Air Base,36.3946,136.406998,36.0,AS,JP,JP-17,Kanazawa,yes,RJNK,KMQ,,,https://en.wikipedia.org/wiki/Komatsu_Airport
5586,RJNO,medium_airport,Oki Global Geopark Airport,36.178388,133.323566,311.0,AS,JP,JP-32,Okinoshima,yes,RJNO,OKI,,,https://en.wikipedia.org/wiki/Oki_Airport
5587,RJNT,medium_airport,Toyama Airport,36.64830017089844,137.18800354003906,95.0,AS,JP,JP-16,Toyama,yes,RJNT,TOY,,,https://en.wikipedia.org/wiki/Toyama_Airport
5588,RJNW,medium_airport,Noto Satoyama Airport,37.293098,136.962006,718.0,AS,JP,JP-17,Wajima,yes,RJNW,NTQ,,,https://en.wikipedia.org/wiki/Noto_Airport
5589,RJNY,medium_airport,JASDF Shizuhama Air Base,34.812801,138.298004,23.0,AS,JP,JP-22,Yaizu,no,RJNY,,,,https://en.wikipedia.org/wiki/Shizuhama_Air_Base
5590,RJOA,medium_airport,Hiroshima Airport,34.4361,132.919006,1088.0,AS,JP,JP-34,Hiroshima,yes,RJOA,HIJ,,,https://en.wikipedia.org/wiki/Hiroshima_Airport
5591,RJOB,medium_airport,Okayama Momotaro Airport,34.756901,133.854996,806.0,AS,JP,JP-33,Okayama,yes,RJOB,OKJ,,,https://en.wikipedia.org/wiki/Okayama_Airport
5592,RJOC,medium_airport,Izumo Enmusubi Airport,35.413601,132.889999,15.0,AS,JP,JP-32,Izumo,yes,RJOC,IZO,,,https://en.wikipedia.org/wiki/Izumo_Airport
5593,RJOF,medium_airport,JASDF Hofu Airfield,34.034746,131.548716,7.0,AS,JP,JP-35,Hofu,no,RJOF,,,,https://en.wikipedia.org/wiki/H%C5%8Dfu_Air_Field
5594,RJOH,medium_airport,Yonago Kitaro Airport / JASDF Miho Air Base,35.492199,133.235992,20.0,AS,JP,JP-31,Yonago,yes,RJOH,YGJ,,,https://en.wikipedia.org/wiki/Miho-Yonago_Airport
5595,RJOI,medium_airport,Iwakuni Kintaikyo Airport / Marine Corps Air Station Iwakuni,34.146333,132.247238,7.0,AS,JP,JP-35,Iwakuni,yes,RJOI,IWK,,http://www.iwakuni-airport.jp/,https://en.wikipedia.org/wiki/Marine_Corps_Air_Station_Iwakuni
5596,RJOK,medium_airport,Kochi Ryoma Airport,33.546101,133.669006,42.0,AS,JP,JP-39,Nankoku,yes,RJOK,KCZ,,,https://en.wikipedia.org/wiki/K%C5%8Dchi_Airport
5597,RJOM,medium_airport,Matsuyama Airport,33.82720184326172,132.6999969482422,25.0,AS,JP,JP-38,Matsuyama,yes,RJOM,MYJ,,,https://en.wikipedia.org/wiki/Matsuyama_Airport
5598,RJOO,large_airport,Osaka International Airport,34.7855,135.438004,50.0,AS,JP,JP-27,Osaka,yes,RJOO,ITM,,https://www.osaka-airport.co.jp/en/,https://en.wikipedia.org/wiki/Osaka_International_Airport
5599,RJOR,medium_airport,Tottori Sand Dunes Conan Airport,35.530102,134.167007,65.0,AS,JP,JP-31,Tottori,yes,RJOR,TTJ,,,https://en.wikipedia.org/wiki/Tottori_Airport
5600,RJOS,medium_airport,Tokushima Awaodori Airport / JMSDF Tokushima Air Base,34.132801,134.606995,26.0,AS,JP,JP-36,Tokushima,yes,RJOS,TKS,,,https://en.wikipedia.org/wiki/Tokushima_Airport
5601,RJOT,medium_airport,Takamatsu Airport,34.2141990662,134.01600647,607.0,AS,JP,JP-37,Takamatsu,yes,RJOT,TAK,,,https://en.wikipedia.org/wiki/Takamatsu_Airport
5602,RJOW,medium_airport,Iwami Airport,34.676399231,131.789993286,184.0,AS,JP,JP-32,Masuda,yes,RJOW,IWJ,,,https://en.wikipedia.org/wiki/Iwami_Airport
5603,RJOY,medium_airport,Yao Airport,34.59629821777344,135.60299682617188,39.0,AS,JP,JP-27,Yao,no,RJOY,,,,https://en.wikipedia.org/wiki/Yao_Airport
5605,RJSA,medium_airport,Aomori Airport,40.73469924926758,140.6909942626953,664.0,AS,JP,JP-02,Aomori,yes,RJSA,AOJ,,,https://en.wikipedia.org/wiki/Aomori_Airport
5606,RJSC,medium_airport,Yamagata Airport,38.4119,140.371002,353.0,AS,JP,JP-06,Higashine,yes,RJSC,GAJ,,,https://en.wikipedia.org/wiki/Yamagata_Airport
5608,RJSF,medium_airport,Fukushima Airport,37.22740173339844,140.43099975585938,1221.0,AS,JP,JP-07,Sukagawa,yes,RJSF,FKS,,http://www.fks-ab.co.jp/,https://en.wikipedia.org/wiki/Fukushima_Airport
5609,RJSH,medium_airport,JMSDF Hachinohe Air Base / Hachinohe Airport,40.551181,141.465428,152.0,AS,JP,JP-02,Hachinohe,no,RJSH,HHE,,,https://en.wikipedia.org/wiki/JMSDF_Hachinohe_Air_Base
5610,RJSI,medium_airport,Iwate Hanamaki Airport,39.4286,141.134995,297.0,AS,JP,JP-03,Hanamaki,yes,RJSI,HNA,,,https://en.wikipedia.org/wiki/Hanamaki_Airport
5611,RJSK,medium_airport,Akita Airport,39.615601,140.218994,313.0,AS,JP,JP-05,Akita,yes,RJSK,AXT,,,https://en.wikipedia.org/wiki/Akita_Airport
5612,RJSM,medium_airport,Misawa Airport / Misawa Air Base,40.703201,141.367996,119.0,AS,JP,JP-02,Misawa,yes,RJSM,MSJ,,,https://en.wikipedia.org/wiki/Misawa_Air_Base
5613,RJSN,medium_airport,Niigata Airport,37.9558982849,139.121002197,29.0,AS,JP,JP-15,Niigata,yes,RJSN,KIJ,,,https://en.wikipedia.org/wiki/Niigata_Airport
5614,RJSR,medium_airport,Odate Noshiro Airport,40.191898,140.371002,292.0,AS,JP,JP-05,Kitaakita,yes,RJSR,ONJ,,,https://en.wikipedia.org/wiki/Odate-Noshiro_Airport
5615,RJSS,large_airport,Sendai Airport,38.139702,140.917007,15.0,AS,JP,JP-04,Natori,yes,RJSS,SDJ,,,https://en.wikipedia.org/wiki/Sendai_Airport
5616,RJST,medium_airport,JASDF Matsushima Air Base,38.4049,141.220001,7.0,AS,JP,JP-04,Ishinomaki,no,RJST,,,http://www.mod.go.jp/asdf/matsushima/,https://en.wikipedia.org/wiki/Matsushima_Air_Field
5618,RJTA,medium_airport,JMSDF Atsugi Air Base / Naval Air Facility Atsugi,35.454601,139.449997,205.0,AS,JP,JP-14,Ayase / Yamato,no,RJTA,NJA,,,https://en.wikipedia.org/wiki/Naval_Air_Facility_Atsugi
29783,RJTF,medium_airport,Chofu Airport,35.6717,139.528,141.0,AS,JP,JP-13,Chofu,yes,RJTF,,,,https://en.wikipedia.org/wiki/Chofu_Airport
5620,RJTH,medium_airport,Hachijojima Airport,33.115002,139.785995,303.0,AS,JP,JP-13,Hachijojima,yes,RJTH,HAC,,https://hachijoapo.net/,https://en.wikipedia.org/wiki/Hachijojima_Airport
5621,RJTJ,medium_airport,Iruma Air Base,35.8419,139.410995,295.0,AS,JP,JP-13,Sayama,no,RJTJ,,,,https://en.wikipedia.org/wiki/Iruma_Air_Base
5622,RJTK,medium_airport,JGSDF Kisarazu Airfield,35.3983,139.910004,10.0,AS,JP,JP-12,Kisarazu,no,RJTK,,,,https://en.wikipedia.org/wiki/Kisarazu_Air_Field
5623,RJTL,medium_airport,JMSDF Shimofusa Air Base,35.798901,140.011002,98.0,AS,JP,JP-12,Matsudo,no,RJTL,,,,https://en.wikipedia.org/wiki/Shimofusa_Air_Base
5624,RJTO,medium_airport,Oshima Airport,34.7820014954,139.36000061,130.0,AS,JP,JP-13,Izu Oshima,yes,RJTO,OIM,,,https://en.wikipedia.org/wiki/Oshima_Airport
5625,RJTQ,medium_airport,Miyakejima Airport,34.073600769,139.559997559,67.0,AS,JP,JP-13,Miyakejima,yes,RJTQ,MYE,,,https://en.wikipedia.org/wiki/Miyakejima_Airport
5627,RJTT,large_airport,Tokyo Haneda International Airport,35.552299,139.779999,35.0,AS,JP,JP-13,Tokyo,yes,RJTT,HND,,http://www.haneda-airport.jp/,https://en.wikipedia.org/wiki/Tokyo_International_Airport
5628,RJTU,medium_airport,Utsunomiya Airport,36.5145,139.87101,334.0,AS,JP,JP-09,Utsunomiya,no,RJTU,,,,https://en.wikipedia.org/wiki/Utsunomiya_Air_Field
302303,RKJB,large_airport,Muan International Airport,34.991406,126.382814,35.0,AS,KR,KR-46,Muan (Piseo-ri),yes,RKJB,MWX,,http://muan.airport.co.kr/doc/muan_eng/,https://en.wikipedia.org/wiki/Muan_International_Airport
5630,RKJJ,medium_airport,Gwangju Airport,35.123173,126.805444,39.0,AS,KR,KR-29,Gwangju,yes,RKJJ,KWJ,,http://gwangju.airport.co.kr/doc/gwangju/index.jsp,https://en.wikipedia.org/wiki/Gwangju_Airport
5634,RKJY,medium_airport,Yeosu Airport,34.84230041503906,127.61699676513672,53.0,AS,KR,KR-46,Yeosu,yes,RKJY,RSU,,,https://en.wikipedia.org/wiki/Yeosu_Airport
5636,RKNN,medium_airport,Gangneung Airport (K-18),37.753601,128.943915,35.0,AS,KR,KR-42,Gangneung,no,RKNN,KAG,,,https://en.wikipedia.org/wiki/Gangneung_Air_Base
5637,RKNW,medium_airport,Wonju Airport / Hoengseong Air Base (K-38/K-46),37.437113,127.960051,329.0,AS,KR,KR-42,Wonju,yes,RKNW,WJU,,http://wonju.airport.co.kr/,https://en.wikipedia.org/wiki/Wonju_Airport
5638,RKNY,medium_airport,Yangyang International Airport,38.061298,128.669006,241.0,AS,KR,KR-42,Gonghang-ro,yes,RKNY,YNY,,,https://en.wikipedia.org/wiki/Yangyang_International_Airport
5639,RKPC,large_airport,Jeju International Airport,33.512058,126.492548,118.0,AS,KR,KR-49,Jeju City,yes,RKPC,CJU,,https://www.airport.co.kr/jejueng/index.do,https://en.wikipedia.org/wiki/Jeju_International_Airport
5640,RKPD,medium_airport,Jeongseok Airport,33.3996009827,126.711997986,1171.0,AS,KR,KR-49,Jeju Island,no,RKPD,JDG,,,https://en.wikipedia.org/wiki/Jeongseok_Airport
5642,RKPK,large_airport,Gimhae International Airport,35.179501,128.938004,6.0,AS,KR,KR-26,Busan,yes,RKPK,PUS,,https://www.airport.co.kr/gimhaeeng/index.do,https://en.wikipedia.org/wiki/Gimhae_International_Airport
5643,RKPS,medium_airport,Sacheon Airport / Sacheon Air Base,35.088591,128.071747,25.0,AS,KR,KR-48,Sacheon,yes,RKPS,HIN,,,https://en.wikipedia.org/wiki/Sacheon_Airport
5644,RKPU,medium_airport,Ulsan Airport,35.59349823,129.352005005,45.0,AS,KR,KR-31,Ulsan,yes,RKPU,USN,,,https://en.wikipedia.org/wiki/Ulsan_Airport
5652,RKSG,medium_airport,Camp Humphreys (A-511) Desiderio Army Airfield,36.962363,127.031126,51.0,AS,KR,KR-41,Pyeongtaek,no,RKSG,,,,https://en.wikipedia.org/wiki/Camp_Humphreys
5653,RKSI,large_airport,Incheon International Airport,37.469101,126.450996,23.0,AS,KR,KR-28,Seoul,yes,RKSI,ICN,,https://www.airport.kr/ap/en/index.do,https://en.wikipedia.org/wiki/Incheon_International_Airport
5655,RKSO,medium_airport,Osan Air Base,37.091457,127.029448,38.0,AS,KR,KR-41,Pyeongtaek,no,RKSO,OSN,,,https://en.wikipedia.org/wiki/Osan_Air_Base
5656,RKSS,large_airport,Gimpo International Airport,37.5583,126.791,59.0,AS,KR,KR-11,Seoul,yes,RKSS,GMP,,http://gimpo.airport.co.kr/eng/index.jsp,https://en.wikipedia.org/wiki/Gimpo_International_Airport
5657,RKSW,medium_airport,Suwon Airport,37.239399,127.007004,88.0,AS,KR,KR-41,Suwon,no,RKSW,SWU,,,https://en.wikipedia.org/wiki/Suwon_Air_Base
5659,RKTH,medium_airport,Pohang Airport (G-815/K-3),35.987955,129.420383,70.0,AS,KR,KR-47,Pohang,yes,RKTH,KPO,,http://pohang.airport.co.kr/,https://en.wikipedia.org/wiki/Pohang_Airport
5660,RKTI,medium_airport,Jungwon Air Base/Chungju Airport,37.03024,127.886353,281.0,AS,KR,KR-43,Gimseang-ro,no,RKTI,JWO,RKTV,,https://en.wikipedia.org/wiki/Jungwon_Air_Base
5661,RKTN,medium_airport,Daegu Airport,35.896872,128.65531,116.0,AS,KR,KR-27,Daegu,yes,RKTN,TAE,,,https://en.wikipedia.org/wiki/Daegu_Airport
5664,RKTY,medium_airport,Yecheon Airbase,36.630373,128.34971,354.0,AS,KR,KR-47,Yecheon-ri,no,RKTY,YEC,,,https://en.wikipedia.org/wiki/Yecheon_Air_Base
5673,RODN,large_airport,Kadena Air Base,26.351667,127.769444,143.0,AS,JP,JP-47,,no,RODN,DNA,,,https://en.wikipedia.org/wiki/Kadena_Air_Base
5675,ROKJ,medium_airport,Kumejima Airport,26.363445,126.71384,23.0,AS,JP,JP-47,Kumejima,yes,ROKJ,UEO,,,https://en.wikipedia.org/wiki/Kumejima_Airport
5677,ROMY,medium_airport,Miyako Airport,24.7828006744,125.294998169,150.0,AS,JP,JP-47,Miyako City,yes,ROMY,MMY,,,https://en.wikipedia.org/wiki/Miyako_Airport
5680,RORS,medium_airport,Miyako Shimojishima Airport,24.8267,125.144997,54.0,AS,JP,JP-47,Miyakojima,no,RORS,SHI,,https://shimojishima.jp/,https://en.wikipedia.org/wiki/Shimojishima_Airport
5681,RORT,medium_airport,Tarama Airport,24.6539001465,124.675003052,36.0,AS,JP,JP-47,Tarama,yes,RORT,TRA,,,https://en.wikipedia.org/wiki/Tarama_Airport
5683,ROTM,medium_airport,Futenma Marine Corps Air Station,26.2743,127.755997,247.0,AS,JP,JP-47,,no,ROTM,,,,https://en.wikipedia.org/wiki/Marine_Corps_Air_Station_Futenma
5687,RPLC,medium_airport,Clark International Airport / Clark Air Base,15.186,120.559998,484.0,AS,PH,PH-PAM,Mabalacat,yes,RPLC,CRK,,http://www.clarkairport.com/,https://en.wikipedia.org/wiki/Clark_International_Airport
5688,RPLI,medium_airport,Laoag International Airport,18.176121,120.531034,25.0,AS,PH,PH-ILN,Laoag City,yes,RPLI,LAO,,,https://en.wikipedia.org/wiki/Laoag_International_Airport
5689,RPLL,large_airport,Ninoy Aquino International Airport,14.5086,121.019997,75.0,AS,PH,PH-00,Manila (Pasay),yes,RPLL,MNL,,,https://en.wikipedia.org/wiki/Ninoy_Aquino_International_Airport
5692,RPLU,medium_airport,Lubang Airport,13.8554,120.105003,43.0,AS,PH,PH-MDC,,no,RPLU,LBX,,,https://en.wikipedia.org/wiki/Lubang_Airport
5697,RPMD,large_airport,Francisco Bangoy International Airport,7.12552,125.646004,96.0,AS,PH,PH-DAS,Davao,yes,RPMD,DVO,,,https://en.wikipedia.org/wiki/Francisco_Bangoy_International_Airport
5698,RPME,medium_airport,Bancasi Airport,8.9515,125.4788,141.0,AS,PH,PH-AGN,Butuan,yes,RPME,BXU,,,https://en.wikipedia.org/wiki/Bancasi_Airport
5699,RPMF,medium_airport,Bislig Airport,8.195052,126.321015,12.0,AS,PH,PH-SUR,Bislig,no,RPMF,BPH,,,https://en.wikipedia.org/wiki/Bislig_Airport
5701,RPMH,medium_airport,Camiguin Airport,9.253894,124.709115,53.0,AS,PH,PH-CAM,Mambajao,yes,RPMH,CGM,,,https://en.wikipedia.org/wiki/Camiguin_Airport
5709,RPMR,medium_airport,General Santos International Airport,6.05800008774,125.096000671,505.0,AS,PH,PH-SCO,General Santos,yes,RPMR,GES,,,https://en.wikipedia.org/wiki/General_Santos_International_Airport
5711,RPMW,medium_airport,Tandag Airport,9.072002,126.17132,16.0,AS,PH,PH-SUR,Tandag,yes,RPMW,TDG,,,https://en.wikipedia.org/wiki/Tandag_Airport
5712,RPMZ,medium_airport,Zamboanga International Airport,6.922420024871826,122.05999755859376,33.0,AS,PH,PH-ZAS,Zamboanga City,yes,RPMZ,ZAM,,http://www.zamboanga.net/airportinsert.htm,https://en.wikipedia.org/wiki/Zamboanga_International_Airport
5716,RPUD,medium_airport,Daet Airport,14.1292,122.980003,10.0,AS,PH,PH-CAN,Daet,no,RPUD,DTE,,,https://en.wikipedia.org/wiki/Bagasbas_Airport
5719,RPUH,medium_airport,San Jose Airport,12.361499786399998,121.04699707,14.0,AS,PH,PH-MDC,San Jose,yes,RPUH,SJI,,,https://en.wikipedia.org/wiki/McGuire_Field
5721,RPUM,medium_airport,Mamburao Airport,13.208048,120.605457,13.0,AS,PH,PH-MDC,Mamburao,no,RPUM,MBO,,,https://en.wikipedia.org/wiki/Mamburao_Airport
5722,RPUN,medium_airport,Naga Airport,13.58489990234375,123.2699966430664,142.0,AS,PH,PH-CAS,Naga,yes,RPUN,WNP,,,https://en.wikipedia.org/wiki/Naga_Airport
5725,RPUR,medium_airport,Dr Juan C Angara Airport,15.729309,121.500034,108.0,AS,PH,PH-AUR,Baler,yes,RPUR,BQA,,,https://en.wikipedia.org/wiki/Dr._Juan_C._Angara_Airport
5726,RPUS,medium_airport,San Fernando Airport,16.595600128173828,120.3030014038086,13.0,AS,PH,PH-LUN,,yes,RPUS,SFE,,,https://en.wikipedia.org/wiki/San_Fernando_Airport
5727,RPUT,medium_airport,Tuguegarao Airport,17.6433676823,121.733150482,70.0,AS,PH,PH-CAG,Tuguegarao City,yes,RPUT,TUG,,,https://en.wikipedia.org/wiki/Tuguegarao_Airport
5728,RPUV,medium_airport,Virac Airport,13.57639980316162,124.20600128173828,121.0,AS,PH,PH-CAT,Virac,yes,RPUV,VRC,,,https://en.wikipedia.org/wiki/Virac_Airport
5732,RPVA,medium_airport,Daniel Z. Romualdez Airport,11.227761,125.027783,10.0,AS,PH,PH-LEY,Tacloban City,yes,RPVA,TAC,DZR,,https://en.wikipedia.org/wiki/Daniel_Z._Romualdez_Airport
35178,RPVB,medium_airport,Bacolod-Silay Airport,10.7764,123.014999,82.0,AS,PH,PH-NEC,Bacolod City,yes,RPVB,BCD,,http://www.bacolod-silayairport.com/,https://en.wikipedia.org/wiki/Bacolod%E2%80%93Silay_Airport
5737,RPVF,medium_airport,Catarman National Airport,12.50161,124.635258,6.0,AS,PH,PH-NSA,Catarman,yes,RPVF,CRM,,,https://en.wikipedia.org/wiki/Catarman_National_Airport
5739,RPVI,medium_airport,Iloilo International Airport,10.833017,122.493358,27.0,AS,PH,PH-ILI,Cabatuan,yes,RPVI,ILO,,,https://en.wikipedia.org/wiki/Iloilo_International_Airport
5740,RPVJ,medium_airport,Moises R. Espinosa Airport,12.369682,123.630095,49.0,AS,PH,PH-MAS,Masbate,yes,RPVJ,MBT,,,https://en.wikipedia.org/wiki/Masbate_Airport
5742,RPVM,large_airport,Mactan Cebu International Airport,10.309261,123.97974,31.0,AS,PH,PH-CEB,Lapu-Lapu City,yes,RPVM,CEB,,http://www.mactan-cebuairport.com.ph/,https://en.wikipedia.org/wiki/Mactan-Cebu_International_Airport
5745,RPVR,medium_airport,Roxas Airport,11.597700119018556,122.7519989013672,10.0,AS,PH,PH-CAP,Roxas City,yes,RPVR,RXS,,,https://en.wikipedia.org/wiki/Roxas_Airport
5749,RPVV,medium_airport,Francisco B. Reyes (Busuanga) Airport,12.121865,120.100801,148.0,AS,PH,PH-PLW,Coron,yes,RPVV,USU,,,https://en.wikipedia.org/wiki/Busuanga_Airport
5765,SAAG,medium_airport,Gualeguaychu Airport,-33.005567,-58.612833,75.0,SA,AR,AR-E,Gualeguaychu,no,SAAG,GHU,GUA,,https://en.wikipedia.org/wiki/Gualeguaych%C3%BA_Airport
5768,SAAP,medium_airport,General Urquiza Airport,-31.7948,-60.4804,242.0,SA,AR,AR-E,Parana,yes,SAAP,PRA,PAR,,https://en.wikipedia.org/wiki/General_Urquiza_Airport
5769,SAAR,medium_airport,Rosario Islas Malvinas International Airport,-32.9036,-60.785,85.0,SA,AR,AR-S,Rosario,yes,SAAR,ROS,ROS,,https://en.wikipedia.org/wiki/Rosario_International_Airport
5770,SAAV,medium_airport,Sauce Viejo Airport,-31.7117,-60.8117,55.0,SA,AR,AR-S,Santa Fe,yes,SAAV,SFN,SVO,,https://en.wikipedia.org/wiki/Sauce_Viejo_Airport
5771,SABE,large_airport,Jorge Newbery Airpark,-34.5592,-58.4156,18.0,SA,AR,AR-C,Buenos Aires,yes,SABE,AEP,AER,,https://en.wikipedia.org/wiki/Aeroparque_Jorge_Newbery
5773,SACO,medium_airport,Ingeniero Ambrosio Taravella Airport,-31.323601,-64.208,1604.0,SA,AR,AR-X,Cordoba,yes,SACO,COR,CBA,,https://en.wikipedia.org/wiki/Ingeniero_Ambrosio_L.V._Taravella_International_Airport
5775,SADF,medium_airport,San Fernando Airport,-34.4532,-58.5896,10.0,SA,AR,AR-B,San Fernando,no,SADF,,FDO,,https://en.wikipedia.org/wiki/San_Fernando_Airport_(Argentina)
5777,SADL,medium_airport,La Plata Airport,-34.9722,-57.8947,72.0,SA,AR,AR-B,La Plata,no,SADL,LPG,PTA,,https://en.wikipedia.org/wiki/La_Plata_Airport
5780,SADP,medium_airport,El Palomar Airport,-34.6099,-58.6126,59.0,SA,AR,AR-B,El Palomar,no,SADP,EPA,PAL,,https://en.wikipedia.org/wiki/El_Palomar_Airport
5781,SAEZ,large_airport,Minister Pistarini International Airport,-34.8222,-58.5358,67.0,SA,AR,AR-B,Buenos Aires (Ezeiza),yes,SAEZ,EZE,EZE,http://www.aa2000.com.ar/index.php,https://en.wikipedia.org/wiki/Ministro_Pistarini_International_Airport
5786,SAME,medium_airport,El Plumerillo Airport,-32.8316993713,-68.7929000854,2310.0,SA,AR,AR-M,Mendoza,yes,SAME,MDZ,DOZ,,https://en.wikipedia.org/wiki/Governor_Francisco_Gabrielli_International_Airport
5787,SAMM,medium_airport,Comodoro D.R. Salomón Airport,-35.493599,-69.574303,4685.0,SA,AR,AR-M,Malargue,no,SAMM,LGS,MLG,,https://en.wikipedia.org/wiki/Comodoro_D._Ricardo_Salom%C3%B3n_Airport
5788,SAMR,medium_airport,Suboficial Ay Santiago Germano Airport,-34.588299,-68.4039,2470.0,SA,AR,AR-M,San Rafael,yes,SAMR,AFA,SRA,,https://en.wikipedia.org/wiki/San_Rafael_Airport_(Argentina)
5789,SANC,medium_airport,Coronel Felipe Varela International Airport,-28.593117,-65.7512,1522.0,SA,AR,AR-K,Catamarca,yes,SANC,CTC,CAT,,https://en.wikipedia.org/wiki/Coronel_Felipe_Varela_International_Airport
5790,SANE,medium_airport,Vicecomodoro Angel D. La Paz Aragonés Airport,-27.7655563354,-64.3099975586,656.0,SA,AR,AR-G,Santiago del Estero,yes,SANE,SDE,SDE,,https://en.wikipedia.org/wiki/Santiago_del_Estero_Airport
5792,SANL,medium_airport,Capitan V A Almonacid Airport,-29.381599,-66.795799,1437.0,SA,AR,AR-F,La Rioja,yes,SANL,IRJ,LAR,,https://en.wikipedia.org/wiki/Capit%C3%A1n_Vicente_Almandos_Almonacid_Airport
318304,SANR,medium_airport,Termas de Río Hondo international Airport,-27.4966,-64.93595,935.0,SA,AR,AR-G,Termas de Río Hondo,yes,SANR,RHD,TRH,,https://en.wikipedia.org/wiki/Las_Termas_Airport
5795,SANU,medium_airport,Domingo Faustino Sarmiento Airport,-31.571501,-68.418198,1958.0,SA,AR,AR-J,San Juan,yes,SANU,UAQ,JUA,,https://en.wikipedia.org/wiki/Domingo_Faustino_Sarmiento_Airport
5796,SAOC,medium_airport,Area De Material Airport,-33.085098,-64.261299,1380.0,SA,AR,AR-X,Rio Cuarto,no,SAOC,RCU,TRC,,https://en.wikipedia.org/wiki/Las_Higueras_Airport
5797,SAOD,medium_airport,Villa Dolores Airport,-31.9452,-65.146301,1847.0,SA,AR,AR-X,Villa Dolores,no,SAOD,VDR,LDR,,https://en.wikipedia.org/wiki/Villa_Dolores_Airport
5800,SAOR,medium_airport,Villa Reynolds Airport,-33.7299003601,-65.3873977661,1591.0,SA,AR,AR-D,Villa Mercedes,no,SAOR,VME,RYD,,https://en.wikipedia.org/wiki/Villa_Reynolds_Airport
5802,SAOU,medium_airport,Brigadier Mayor D Cesar Raul Ojeda Airport,-33.273201,-66.3564,2328.0,SA,AR,AR-D,San Luis,yes,SAOU,LUQ,UIS,,https://en.wikipedia.org/wiki/Brigadier_Mayor_C%C3%A9sar_Ra%C3%BAl_Ojeda_Airport
318502,SAOV,medium_airport,Presidente Néstor Kirchner Regional Airport,-32.3201,-63.22663,670.0,SA,AR,AR-X,Villa Maria,yes,SAOV,,VMR,,https://es.wikipedia.org/wiki/Aeropuerto_Regional_Presidente_N%C3%A9stor_Kirchner
5803,SARC,medium_airport,Corrientes Airport,-27.4455,-58.7619,202.0,SA,AR,AR-W,Corrientes,yes,SARC,CNQ,CRR,,https://en.wikipedia.org/wiki/Doctor_Fernando_Piragine_Niveyro_International_Airport
5804,SARE,medium_airport,Resistencia International Airport,-27.45,-59.0561,173.0,SA,AR,AR-H,Resistencia,yes,SARE,RES,SIS,,https://en.wikipedia.org/wiki/Resistencia_International_Airport
5805,SARF,medium_airport,Aeropuerto Nacional de Formosa,-26.2127,-58.2281,193.0,SA,AR,AR-P,Formosa,yes,SARF,FMA,FSA,,https://en.wikipedia.org/wiki/Formosa_International_Airport
5806,SARI,medium_airport,Cataratas Del Iguazú International Airport,-25.737301,-54.4734,916.0,SA,AR,AR-N,Puerto Iguazu,yes,SARI,IGR,IGU,http://www.aa2000.com.ar/iguazu,https://en.wikipedia.org/wiki/Cataratas_del_Iguaz%C3%BA_International_Airport
5809,SARP,medium_airport,Libertador Gral D Jose De San Martin Airport,-27.3858,-55.9707,430.0,SA,AR,AR-N,Posadas,yes,SARP,PSS,POS,,https://en.wikipedia.org/wiki/Libertador_General_Jos%C3%A9_de_San_Mart%C3%ADn_Airport
5811,SASA,medium_airport,Martin Miguel De Guemes International Airport,-24.8560009003,-65.4861984253,4088.0,SA,AR,AR-A,Salta,yes,SASA,SLA,SAL,,https://en.wikipedia.org/wiki/Mart%C3%ADn_Miguel_de_G%C3%BCemes_Airport
5812,SASJ,medium_airport,Gobernador Horacio Guzman International Airport,-24.392799,-65.097801,3019.0,SA,AR,AR-Y,San Salvador de Jujuy,yes,SASJ,JUJ,JUJ,,https://en.wikipedia.org/wiki/Gobernador_Horacio_Guzm%C3%A1n_International_Airport
5815,SAST,medium_airport,General Enrique Mosconi Airport,-22.6196,-63.793701,1472.0,SA,AR,AR-A,Tartagal,yes,SAST,TTG,TAR,,
5819,SATR,medium_airport,Reconquista Airport,-29.2103,-59.68,160.0,SA,AR,AR-S,Reconquista,no,SATR,RCQ,RTA,,https://en.wikipedia.org/wiki/Reconquista_Airport
5823,SAVE,medium_airport,Brigadier Antonio Parodi Airport,-42.908000946,-71.139503479,2621.0,SA,AR,AR-U,Esquel,yes,SAVE,EQS,ESQ,,http://es.wikipedia.org/wiki/Aeropuerto_Brigadier_General_Antonio_Parodi
5827,SAVT,medium_airport,Almirante Marco Andres Zar Airport,-43.2105,-65.2703,141.0,SA,AR,AR-U,Rawson,yes,SAVT,REL,TRE,,https://en.wikipedia.org/wiki/Almirante_Marco_Andr%C3%A9s_Zar_Airport
5828,SAVV,medium_airport,Gobernador Castello Airport,-40.8692,-63.0004,20.0,SA,AR,AR-R,Viedma / Carmen de Patagones,yes,SAVV,VDM,VIE,,https://en.wikipedia.org/wiki/Gobernador_Edgardo_Castello_Airport
5831,SAWC,medium_airport,El Calafate - Commander Armando Tola International Airport,-50.2803,-72.053101,669.0,SA,AR,AR-Z,El Calafate,yes,SAWC,FTE,ECA,http://www.aeropuertoelcalafate.com/en/,https://en.wikipedia.org/wiki/Comandante_Armando_Tola_International_Airport
5833,SAWE,medium_airport,Gobernador Ramón Trejo Noel International Airport,-53.7777,-67.7494,65.0,SA,AR,AR-V,Rio Grande,yes,SAWE,RGA,GRA,,https://en.wikipedia.org/wiki/Hermes_Quijada_Airport
5834,SAWG,medium_airport,Piloto Civil N. Fernández Airport,-51.6089,-69.3126,61.0,SA,AR,AR-Z,Rio Gallegos,yes,SAWG,RGL,GAL,,https://en.wikipedia.org/wiki/Piloto_Civil_Norberto_Fern%C3%A1ndez_International_Airport
5835,SAWH,medium_airport,Malvinas Argentinas Airport,-54.8433,-68.2958,102.0,SA,AR,AR-V,Ushuaia,yes,SAWH,USH,USU,,https://en.wikipedia.org/wiki/Ushuaia_International_Airport
5838,SAWP,medium_airport,Perito Moreno Airport,-46.537899,-70.978699,1410.0,SA,AR,AR-Z,Perito Moreno,yes,SAWP,PMQ,PTM,,https://en.wikipedia.org/wiki/Perito_Moreno_Airport
5840,SAZB,medium_airport,Comandante Espora Airport,-38.725,-62.1693,246.0,SA,AR,AR-B,Bahia Blanca,yes,SAZB,BHI,BCA,https://www.aeropuertobahiablanca.com/,https://en.wikipedia.org/wiki/Comandante_Espora_Airport
5843,SAZG,medium_airport,General Pico Airport,-35.696201,-63.758301,459.0,SA,AR,AR-L,General Pico,no,SAZG,GPO,GPI,,https://en.wikipedia.org/wiki/General_Pico_Airport
5847,SAZM,medium_airport,Ástor Piazzola International Airport,-37.9342,-57.5733,72.0,SA,AR,AR-B,Mar del Plata,yes,SAZM,MDQ,MDP,,https://en.wikipedia.org/wiki/%C3%81stor_Piazzola_International_Airport
5848,SAZN,medium_airport,Presidente Peron Airport,-38.949001,-68.155701,895.0,SA,AR,AR-Q,Neuquen,yes,SAZN,NQN,NEU,,https://en.wikipedia.org/wiki/Presidente_Per%C3%B3n_International_Airport
5849,SAZO,medium_airport,Necochea Airport,-38.490746,-58.816337,72.0,SA,AR,AR-B,Necochea,yes,SAZO,NEC,NEC,,https://en.wikipedia.org/wiki/Necochea_Airport
5850,SAZP,medium_airport,Comodoro Pedro Zanni Airport,-35.8446,-61.8576,278.0,SA,AR,AR-B,Pehuajó,no,SAZP,PEH,PEH,,https://en.wikipedia.org/wiki/Comodoro_P._Zanni_Airport
5851,SAZR,medium_airport,Santa Rosa Airport,-36.588299,-64.275703,630.0,SA,AR,AR-L,Santa Rosa,yes,SAZR,RSA,OSA,,https://en.wikipedia.org/wiki/Santa_Rosa_Airport_(Argentina)
5852,SAZS,medium_airport,San Carlos De Bariloche Airport,-41.151199,-71.157501,2774.0,SA,AR,AR-R,San Carlos de Bariloche,yes,SAZS,BRC,BAR,http://www.aa2000.com.ar/bariloche,https://en.wikipedia.org/wiki/San_Carlos_de_Bariloche_Airport
5853,SAZT,medium_airport,Héroes De Malvinas Airport,-37.234634,-59.228647,574.0,SA,AR,AR-B,Tandil,no,SAZT,TDL,DIL,,https://en.wikipedia.org/wiki/Tandil_Airport
5858,SBAF,medium_airport,Campo Délio Jardim de Mattos Airport,-22.875099,-43.384701,110.0,SA,BR,BR-RJ,Rio de Janeiro,no,SBAF,,RJ9002,,https://en.wikipedia.org/wiki/Afonsos_Air_Force_Base
5860,SBAN,medium_airport,Base Aérea Airport,-16.2292,-48.964298,3731.0,SA,BR,BR-GO,Anápolis,no,SBAN,,GO9001,,http://pt.wikipedia.org/wiki/Base_A%C3%A9rea_de_An%C3%A1polis
5861,SBAQ,medium_airport,Araraquara Airport,-21.812,-48.132999,2334.0,SA,BR,BR-SP,Araraquara,yes,SBAQ,AQA,SP0012,http://www.daesp.sp.gov.br/aeroporto-estadual-de-araraquara-bartolomeu-de-gusmao/,https://en.wikipedia.org/wiki/Araraquara_Airport
5862,SBAR,medium_airport,Aracaju - Santa Maria International Airport,-10.984,-37.070301,139.0,SA,BR,BR-SE,Aracaju,yes,SBAR,AJU,SE0001,https://www.aenabrasil.com.br/pt/aeroportos/aeroporto-internacional-santa-maria-aracaju/index.html,https://en.wikipedia.org/wiki/Santa_Maria_Airport_(Sergipe)
5864,SBAT,medium_airport,Piloto Osvaldo Marques Dias Airport,-9.866389,-56.106298,948.0,SA,BR,BR-MT,Alta Floresta,yes,SBAT,AFL,MT0003,,https://en.wikipedia.org/wiki/Alta_Floresta_Airport
5865,SBAU,medium_airport,Araçatuba Airport,-21.141479,-50.424575,1361.0,SA,BR,BR-SP,Araçatuba,yes,SBAU,ARU,SP0009,http://www.daesp.sp.gov.br/aeroporto-estadual-de-aracatuba-dario-guarita/,https://en.wikipedia.org/wiki/Ara%C3%A7atuba_Airport
5866,SBAX,medium_airport,Romeu Zema Airport,-19.5632,-46.9604,3276.0,SA,BR,BR-MG,Araxá,yes,SBAX,AAX,MG0008,,https://en.wikipedia.org/wiki/Arax%C3%A1_Airport
5867,SBBE,large_airport,Val de Cans/Júlio Cezar Ribeiro International Airport,-1.379279,-48.476207,54.0,SA,BR,BR-PA,Belém,yes,SBBE,BEL,PA0001,http://www.infraero.gov.br/index.php/br/aeroportos/para/aeroporto-internacional-de-belem.html,https://en.wikipedia.org/wiki/Val_de_Cans_International_Airport
5868,SBBG,medium_airport,Comandante Gustavo Kraemer Airport,-31.390499,-54.112202,600.0,SA,BR,BR-RS,Bagé,no,SBBG,BGX,RS0010,https://www4.infraero.gov.br/aeroportos/aeroporto-internacional-de-bage-comandante-gustavo-kraemer/,https://en.wikipedia.org/wiki/Comandante_Gustavo_Kraemer_Airport
5869,SBBH,medium_airport,Pampulha - Carlos Drummond de Andrade Airport,-19.8512,-43.9506,2589.0,SA,BR,BR-MG,Belo Horizonte,no,SBBH,PLU,MG0003,http://www.infraero.gov.br/usa/aero_prev_home.php?ai=204,https://en.wikipedia.org/wiki/Pampulha_Domestic_Airport
5870,SBBI,medium_airport,Bacacheri Airport,-25.4051,-49.231998,3057.0,SA,BR,BR-PR,Curitiba,no,SBBI,BFH,PR0006,,https://en.wikipedia.org/wiki/Bacacheri_Airport
5871,SBBQ,medium_airport,Major Brigadeiro Doorgal Borges Airport,-21.2672,-43.76101,3657.0,SA,BR,BR-MG,Barbacena,no,SBBQ,,MG9002,,https://pt.wikipedia.org/wiki/Aeroporto_de_Barbacena
5875,SBBV,medium_airport,Atlas Brasil Cantanhede Airport,2.845855,-60.690944,276.0,SA,BR,BR-RR,Boa Vista,yes,SBBV,BVB,RR0001,,https://en.wikipedia.org/wiki/Boa_Vista_International_Airport
5876,SBBW,medium_airport,Barra do Garças Airport,-15.861417,-52.389008,1147.0,SA,BR,BR-MT,Barra do Garças,no,SBBW,BPG,MT0008,,https://en.wikipedia.org/wiki/Barra_do_Gar%C3%A7as_Airport
5877,SBBZ,medium_airport,Umberto Modiano Airport,-22.770881,-41.96308,10.0,SA,BR,BR-RJ,Cabo Frio,no,SSBZ,BZC,RJ0012,,https://en.wikipedia.org/wiki/Umberto_Modiano_Airport
5878,SBCA,medium_airport,Coronel Adalberto Mendes da Silva Airport,-25.000323,-53.501208,2481.0,SA,BR,BR-PR,Cascavel,yes,SBCA,CAC,PR0005,,https://en.wikipedia.org/wiki/Cascavel_Airport
5880,SBCC,medium_airport,Campo de Provas Brigadeiro Veloso,-9.33394,-54.965401,1777.0,SA,BR,BR-PA,Novo Progresso,no,SBCC,,PA9001,https://www.fab.mil.br/organizacoes/mostra/61/CAMPO%20DE%20PROVAS%20BRIGADEIRO%20VELLOSO,https://en.wikipedia.org/wiki/Cachimbo_Airport
5883,SBCG,medium_airport,Campo Grande Airport,-20.469998,-54.673988,1833.0,SA,BR,BR-MS,Campo Grande,yes,SBCG,CGR,MS0001,,https://en.wikipedia.org/wiki/Campo_Grande_International_Airport
5884,SBCH,medium_airport,Serafin Enoss Bertaso Airport,-27.134199,-52.656601,2154.0,SA,BR,BR-SC,Chapecó,yes,SBCH,XAP,SC0003,,https://en.wikipedia.org/wiki/Chapec%C3%B3_Airport
5885,SBCI,medium_airport,Brig. Lysias Augusto Rodrigues Airport,-7.32044,-47.458698,565.0,SA,BR,BR-MA,Carolina,no,SBCI,CLN,MA0003,,https://en.wikipedia.org/wiki/Carolina_(Maranh%C3%A3o)_Airport
5886,SBCJ,medium_airport,Carajás Airport,-6.117841,-50.003372,2064.0,SA,BR,BR-PA,Parauapebas,yes,SBCJ,CKS,PA0006,http://www.infraero.gov.br/index.php/us/airports/para/carajas-airport.html,https://en.wikipedia.org/wiki/Caraj%C3%A1s_Airport
5887,SBCM,medium_airport,Forquilhinha - Criciúma  Airport,-28.725743,-49.424475,92.0,SA,BR,BR-SC,Criciúma,yes,SSIM,CCM,SC0009,,https://en.wikipedia.org/wiki/Diom%C3%ADcio_Freitas_Airport
5888,SBCO,medium_airport,Canoas Air Force Base,-29.945928,-51.144413,26.0,SA,BR,BR-RS,Porto Alegre,no,SBCO,QNS,RS9002,http://www.fab.mil.br/organizacoes/mostra/39/BASE%20A%C3%89REA%20DE%20CANOAS,https://en.wikipedia.org/wiki/Canoas_Air_Force_Base
5889,SBCP,medium_airport,Bartolomeu Lisandro Airport,-21.698299,-41.301701,59.0,SA,BR,BR-RJ,Campos Dos Goytacazes,yes,SBCP,CAW,RJ0006,http://www.infraero.gov.br/index.php/aeroportos/rio-de-janeiro/aeroporto-de-bartolomeu-lisandro.html,https://en.wikipedia.org/wiki/Bartolomeu_Lysandro_Airport
5890,SBCR,medium_airport,Corumbá International Airport,-19.01193,-57.672772,463.0,SA,BR,BR-MS,Corumbá,yes,SBCR,CMG,MS0009,,https://en.wikipedia.org/wiki/Corumb%C3%A1_International_Airport
5891,SBCT,medium_airport,Afonso Pena Airport,-25.5285,-49.1758,2988.0,SA,BR,BR-PR,Curitiba,yes,SBCT,CWB,PR0001,,https://en.wikipedia.org/wiki/Afonso_Pena_International_Airport
5892,SBCV,medium_airport,Caravelas Airport,-17.6523,-39.253101,36.0,SA,BR,BR-BA,Caravelas,no,SSCV,CRQ,BA0012,,https://pt.wikipedia.org/wiki/Aeroporto_de_Caravelas
5894,SBCY,medium_airport,Marechal Rondon Airport,-15.6529,-56.116699,617.0,SA,BR,BR-MT,Cuiabá,yes,SBCY,CGB,MT0001,http://www.infraero.gov.br/index.php/aeroportos/mato-grosso/aeroporto-internacional-marechal-rondon,https://en.wikipedia.org/wiki/Marechal_Rondon_International_Airport
5895,SBCZ,medium_airport,Cruzeiro do Sul Airport,-7.59991,-72.769501,637.0,SA,BR,BR-AC,Cruzeiro Do Sul,yes,SBCZ,CZS,AC0002,http://www.infraero.gov.br/index.php/aeroportos/acre/aeroporto-cruzeiro-do-sul.html,https://en.wikipedia.org/wiki/Cruzeiro_do_Sul_International_Airport
5896,SBDN,medium_airport,Presidente Prudente Airport,-22.1751,-51.424599,1477.0,SA,BR,BR-SP,Presidente Prudente,yes,SBDN,PPB,SP0005,http://www.daesp.sp.gov.br/aeroporto-detalhe/?id=879,https://en.wikipedia.org/wiki/Presidente_Prudente_Airport
5897,SBEG,large_airport,Eduardo Gomes International Airport,-3.03861,-60.049702,264.0,SA,BR,BR-AM,Manaus,yes,SBEG,MAO,AM0001,https://airport-manaus.com.br/,https://en.wikipedia.org/wiki/Eduardo_Gomes_International_Airport
5898,SBEK,medium_airport,Jacareacanga Airport,-6.23316,-57.776901,295.0,SA,BR,BR-PA,Jacareacanga,no,SBEK,JCR,PA0011,,
5900,SBFI,medium_airport,Cataratas International Airport,-25.594167,-54.489444,786.0,SA,BR,BR-PR,Foz do Iguaçu,yes,SBFI,IGU,PR0002,,https://en.wikipedia.org/wiki/Foz_do_Igua%C3%A7u_International_Airport
5902,SBFN,medium_airport,Fernando de Noronha Airport,-3.854471,-32.423302,193.0,SA,BR,BR-PE,Fernando de Noronha,yes,SBFN,FEN,PE0003,http://www.ilhadenoronha.com.br/ailha/aviacao_em_noronha.php,https://en.wikipedia.org/wiki/Fernando_de_Noronha_Airport
5906,SBGL,large_airport,Rio Galeão – Tom Jobim International Airport,-22.809999,-43.250557,28.0,SA,BR,BR-RJ,Rio De Janeiro,yes,SBGL,GIG,RJ0001,https://www.riogaleao.com/passageiros,https://en.wikipedia.org/wiki/Rio_de_Janeiro-Gale%C3%A3o_International_Airport
5910,SBGR,large_airport,Guarulhos - Governador André Franco Montoro International Airport,-23.431944,-46.467778,2461.0,SA,BR,BR-SP,São Paulo,yes,SBGR,GRU,SP0002,http://www.aeroportoguarulhos.net/,https://en.wikipedia.org/wiki/S%C3%A3o_Paulo-Guarulhos_International_Airport
5912,SBGV,medium_airport,Coronel Altino Machado Airport,-18.895882,-41.982869,561.0,SA,BR,BR-MG,Governador Valadares,yes,SBGV,GVR,MG0032,,https://en.wikipedia.org/wiki/Governador_Valadares_Airport
5913,SBGW,medium_airport,Edu Chaves Field,-22.791599,-45.2048,1761.0,SA,BR,BR-SP,Guaratinguetá,no,SBGW,GUJ,SP0076,,https://en.wikipedia.org/wiki/Guaratinguet%C3%A1_Airport
5914,SBHT,medium_airport,Altamira Interstate Airport,-3.253144,-52.253938,368.0,SA,BR,BR-PA,Altamira,yes,SBHT,ATM,PA0003,https://www4.infraero.gov.br/aeroportos/aeroporto-de-altamira-para/,https://en.wikipedia.org/wiki/Altamira_Airport
5915,SBIC,medium_airport,Itacoatiara Airport,-3.126539,-58.481668,142.0,SA,BR,BR-AM,Itacoatiara,no,SBIC,ITA,AM0012,,https://pt.wikipedia.org/wiki/Aeroporto_de_Itacoatiara
5916,SBIH,medium_airport,Itaituba Airport,-4.242131,-56.000651,110.0,SA,BR,BR-PA,Itaituba,yes,SBIH,ITB,PA0010,,https://en.wikipedia.org/wiki/Itaituba_Airport
5917,SBIL,medium_airport,Bahia - Jorge Amado Airport,-14.815929,-39.033458,15.0,SA,BR,BR-BA,Ilhéus,yes,SBIL,IOS,BA0004,,https://en.wikipedia.org/wiki/Ilh%C3%A9us_Jorge_Amado_Airport
5918,SBIP,medium_airport,Usiminas Airport,-19.470699,-42.487598,786.0,SA,BR,BR-MG,Ipatinga,yes,SBIP,IPN,MG0007,https://www4.infraero.gov.br/aeroportos/aeroporto-regional-do-vale-do-aco/,https://en.wikipedia.org/wiki/Vale_do_Aço_Regional_Airport
5920,SBIZ,medium_airport,Prefeito Renato Moreira Airport,-5.53129,-47.459999,430.0,SA,BR,BR-MA,Imperatriz,yes,SBIZ,IMP,MA0002,,https://en.wikipedia.org/wiki/Imperatriz_Airport
5922,SBJF,medium_airport,Francisco de Assis Airport,-21.791482,-43.386072,2989.0,SA,BR,BR-MG,Juiz de Fora,yes,SBJF,JDF,MG0016,,https://en.wikipedia.org/wiki/Juiz_de_Fora_Airport
5923,SBJP,medium_airport,Presidente Castro Pinto International Airport,-7.148691,-34.950554,217.0,SA,BR,BR-PB,João Pessoa,yes,SBJP,JPA,PB0001,,https://en.wikipedia.org/wiki/Presidente_Castro_Pinto_International_Airport
5925,SBJV,medium_airport,Lauro Carneiro de Loyola Airport,-26.224501,-48.797401,15.0,SA,BR,BR-SC,Joinville,yes,SBJV,JOI,SC0004,,https://en.wikipedia.org/wiki/Joinville-Lauro_Carneiro_de_Loyola_Airport
5927,SBKP,medium_airport,Viracopos International Airport,-23.007404,-47.134502,2170.0,SA,BR,BR-SP,Campinas,yes,SBKP,VCP,SP0003,http://www.aeroportoviracopos.net/,https://en.wikipedia.org/wiki/Viracopos-Campinas_International_Airport
5929,SBLJ,medium_airport,Lages Airport,-27.782101,-50.281502,3065.0,SA,BR,BR-SC,Lages,yes,SBLJ,LAJ,SC0007,,https://en.wikipedia.org/wiki/Lages_Airport
5931,SBLO,medium_airport,Governador José Richa Airport,-23.333599,-51.1301,1867.0,SA,BR,BR-PR,Londrina,yes,SBLO,LDB,PR0003,,https://en.wikipedia.org/wiki/Londrina_Airport
5932,SBLP,medium_airport,Bom Jesus da Lapa Airport,-13.2621,-43.4081,1454.0,SA,BR,BR-BA,Bom Jesus da Lapa,no,SBLP,LAZ,BA0037,,https://en.wikipedia.org/wiki/Bom_Jesus_da_Lapa_Airport
5934,SBMA,medium_airport,João Correa da Rocha Airport,-5.36859,-49.138,357.0,SA,BR,BR-PA,Marabá,yes,SBMA,MAB,PA0004,,https://en.wikipedia.org/wiki/Marab%C3%A1_Airport
5936,SBMD,medium_airport,Monte Dourado - Serra do Areão Airport,-0.889839,-52.6022,677.0,SA,BR,BR-PA,Almeirim,yes,SBMD,MEU,PA0009,,https://en.wikipedia.org/wiki/Monte_Dourado_Airport
5939,SBMK,medium_airport,Mário Ribeiro Airport,-16.706919,-43.818901,2191.0,SA,BR,BR-MG,Montes Claros,yes,SBMK,MOC,MG0004,https://www4.infraero.gov.br/aeroportos/aeroporto-de-montes-claros-mario-ribeiro/,https://en.wikipedia.org/wiki/Montes_Claros_Airport
5940,SBML,medium_airport,Frank Miloye Milenkowichi–Marília State Airport,-22.196899,-49.926485,2134.0,SA,BR,BR-SP,Marília,yes,SBML,MII,SP0014,https://www.daesp.sp.gov.br/aeroporto-estadual-de-marilia-frank-miloye-milenkowichi/,https://en.wikipedia.org/wiki/Mar%C3%ADlia_Airport
5941,SBMN,medium_airport,Ponta Pelada Airport / Manaus Air Base,-3.14604,-59.986301,267.0,SA,BR,BR-AM,Manaus,no,SBMN,PLL,AM9001,,https://en.wikipedia.org/wiki/Ponta_Pelada_Airport
5942,SBMO,medium_airport,Zumbi dos Palmares Airport,-9.51081,-35.791698,387.0,SA,BR,BR-AL,Maceió,yes,SBMO,MCZ,AL0001,,https://en.wikipedia.org/wiki/Zumbi_dos_Palmares_International_Airport
5943,SBMQ,medium_airport,Macapá - Alberto Alcolumbre International Airport,0.050664,-51.072201,56.0,SA,BR,BR-AP,Macapá,yes,SBMQ,MCP,AP0001,https://www4.infraero.gov.br/aeroportos/aeroporto-internacional-de-macapa-alberto-alcolumbre/,https://en.wikipedia.org/wiki/Macap%C3%A1_International_Airport
5945,SBMT,medium_airport,Campo de Marte Airport,-23.5091,-46.637798,2371.0,SA,BR,BR-SP,São Paulo,no,SBMT,RTE,SP0007,https://www4.infraero.gov.br/aeroportos/aeroporto-de-sao-paulo-campo-de-marte/,https://en.wikipedia.org/wiki/Campo_de_Marte_Airport
5946,SBMY,medium_airport,Manicoré Airport,-5.81138,-61.278301,174.0,SA,BR,BR-AM,Manicoré,yes,SBMY,MNX,AM0015,,https://en.wikipedia.org/wiki/Manicor%C3%A9_Airport
5948,SBNM,medium_airport,Santo Ângelo Airport,-28.282503,-54.169623,1056.0,SA,BR,BR-RS,Santo Ângelo,yes,SBNM,GEL,RS0008,,https://en.wikipedia.org/wiki/Santo_%C3%82ngelo_Airport
5949,SBNT,medium_airport,Natal Air Force Base,-5.91142,-35.2477,171.0,SA,BR,BR-RN,Natal,no,SBNT,,RN9001,,https://en.wikipedia.org/wiki/Natal_Air_Force_Base
5950,SBOI,medium_airport,Oiapoque Airport,3.85412,-51.797056,53.0,SA,BR,BR-AP,Oiapoque,no,SBOI,OYK,AP0002,,https://pt.wikipedia.org/wiki/Aeroporto_de_Oiapoque
5952,SBPB,medium_airport,Parnaíba - Prefeito Doutor João Silva Filho International Airport,-2.89375,-41.731998,23.0,SA,BR,BR-PI,Parnaíba,yes,SBPB,PHB,PI0002,,https://en.wikipedia.org/wiki/Parna%C3%ADba-Prefeito_Dr._Jo%C3%A3o_Silva_Filho_International_Airport
5953,SBPC,medium_airport,Poços de Caldas - Embaixador Walther Moreira Salles Airport,-21.842529,-46.569768,4138.0,SA,BR,BR-MG,Poços De Caldas,no,SBPC,POO,MG0018,,https://pt.wikipedia.org/wiki/Aeroporto_de_Po%C3%A7os_de_Caldas
5955,SBPJ,medium_airport,Brigadeiro Lysias Rodrigues Airport,-10.2915,-48.356998,774.0,SA,BR,BR-TO,Palmas,yes,SBPJ,PMW,TO0001,https://www4.infraero.gov.br/aeroportos/aeroporto-de-palmas-brigadeiro-lysias-rodrigues/,https://en.wikipedia.org/wiki/Palmas_Airport
5957,SBPL,medium_airport,Senador Nilo Coelho Airport,-9.362422,-40.569098,1263.0,SA,BR,BR-PE,Petrolina,yes,SBPL,PNZ,PE0002,https://www4.infraero.gov.br/aeroportos/aeroporto-de-petrolina-senador-nilo-coelho/,https://en.wikipedia.org/wiki/Petrolina_Airport
5958,SBPN,medium_airport,Porto Nacional Airport,-10.719402,-48.3997,870.0,SA,BR,BR-TO,Porto Nacional,no,SDPE,PNB,TO0003,,https://en.wikipedia.org/wiki/Porto_Nacional_Airport
5959,SBPP,medium_airport,Ponta Porã Airport,-22.549601,-55.702599,2156.0,SA,BR,BR-MS,Ponta Porã,yes,SBPP,PMG,MS0005,https://www4.infraero.gov.br/aeroportos/aeroporto-internacional-de-ponta-pora/,https://en.wikipedia.org/wiki/Ponta_Por%C3%A3_International_Airport
5962,SBPV,medium_airport,Governador Jorge Teixeira de Oliveira Airport,-8.707854,-63.90242,295.0,SA,BR,BR-RO,Porto Velho,yes,SBPV,PVH,RO0001,,https://en.wikipedia.org/wiki/Governador_Jorge_Teixeira_de_Oliveira_International_Airport
5968,SBRP,medium_airport,Leite Lopes Airport,-21.134314,-47.774053,1805.0,SA,BR,BR-SP,Ribeirão Preto,yes,SBRP,RAO,SP0004,https://www.daesp.sp.gov.br/aeroporto-estadual-de-ribeirao-preto-dr-leite-lopes/,https://en.wikipedia.org/wiki/Leite_Lopes_Airport
313262,SBSG,medium_airport,São Gonçalo do Amarante - Governador Aluízio Alves International Airport,-5.769804,-35.366578,272.0,SA,BR,BR-RN,Natal,yes,SBSG,NAT,RN0001,http://www.natal.aero,https://en.wikipedia.org/wiki/Greater_Natal_International_Airport
5970,SBSJ,medium_airport,Professor Urbano Ernesto Stumpf Airport,-23.2292,-45.8615,2120.0,SA,BR,BR-SP,São José Dos Campos,yes,SBSJ,SJK,SP0008,,https://en.wikipedia.org/wiki/S%C3%A3o_Jos%C3%A9_dos_Campos_Regional_Airport
5971,SBSL,medium_airport,Marechal Cunha Machado International Airport,-2.58536,-44.2341,178.0,SA,BR,BR-MA,São Luís,yes,SBSL,SLZ,MA0001,,https://en.wikipedia.org/wiki/Marechal_Cunha_Machado_International_Airport
5972,SBSM,medium_airport,Santa Maria Airport,-29.711399,-53.688202,287.0,SA,BR,BR-RS,Santa Maria,yes,SBSM,RIA,RS0003,,https://en.wikipedia.org/wiki/Santa_Maria_Airport_(Rio_Grande_do_Sul)
5973,SBSN,medium_airport,Santarém - Maestro Wilson Fonseca International Airport,-2.422423,-54.79306,198.0,SA,BR,BR-PA,Santarém,yes,SBSN,STM,PA0002,https://www4.infraero.gov.br/aeroportos/aeroporto-de-santarem-maestro-wilson-fonseca/,https://en.wikipedia.org/wiki/Santar%C3%A9m-Maestro_Wilson_Fonseca_Airport
5974,SBSP,medium_airport,Congonhas Airport,-23.627657,-46.654601,2631.0,SA,BR,BR-SP,São Paulo,yes,SBSP,CGH,SP0001,http://www.infraero.gov.br/usa/aero_prev_home.php?ai=219,https://en.wikipedia.org/wiki/Congonhas-S%C3%A3o_Paulo_International_Airport
5976,SBST,medium_airport,Santos Nero Moura Air Base / Guarujá Airport,-23.928192,-46.300195,13.0,SA,BR,BR-SP,Guarujá,no,SBST,SSZ,SP9006,https://www.fab.mil.br/organizacoes/mostra/50/BASE%20AÉREA%20DE%20SANTOS,https://pt.wikipedia.org/wiki/Base_Aérea_de_Santos
5977,SBSV,large_airport,Deputado Luiz Eduardo Magalhães International Airport,-12.908611,-38.322498,64.0,SA,BR,BR-BA,Salvador,yes,SBSV,SSA,BA0001,https://www4.infraero.gov.br/aeroportos/aeroporto-internacional-de-salvador-dep-luis-eduardo-magalhaes/web,https://en.wikipedia.org/wiki/Deputado_Lu%C3%ADs_Eduardo_Magalh%C3%A3es_International_Airport
5979,SBTB,medium_airport,Trombetas Airport,-1.4896,-56.396801,167.0,SA,BR,BR-PA,Oriximiná,yes,SBTB,TMT,PA0012,,https://en.wikipedia.org/wiki/Porto_Trombetas_Airport
5982,SBTE,medium_airport,Senador Petrônio Portela Airport,-5.06025,-42.823712,219.0,SA,BR,BR-PI,Teresina,yes,SBTE,THE,PI0001,,https://en.wikipedia.org/wiki/Teresina_Airport
5989,SBTU,medium_airport,Tucuruí Airport,-3.78601,-49.720299,830.0,SA,BR,BR-PA,Tucuruí,yes,SBTU,TUR,PA0007,,https://en.wikipedia.org/wiki/Tucuru%C3%AD_Airport
5990,SBUA,medium_airport,São Gabriel da Cachoeira Airport,-0.14835,-66.9855,249.0,SA,BR,BR-AM,São Gabriel da Cachoeira,yes,SBUA,SJL,AM0003,https://sjlairport.com.br/,https://en.wikipedia.org/wiki/São_Gabriel_da_Cachoeira_Airport
5991,SBUF,medium_airport,Paulo Afonso Airport,-9.40088,-38.250599,883.0,SA,BR,BR-BA,Paulo Afonso,yes,SBUF,PAV,BA0007,https://www4.infraero.gov.br/aeroportos/aeroporto-de-paulo-afonso/,https://en.wikipedia.org/wiki/Paulo_Afonso_Airport
5992,SBUG,medium_airport,Rubem Berta Airport,-29.7822,-57.0382,256.0,SA,BR,BR-RS,Uruguaiana,yes,SBUG,URG,RS0012,,https://en.wikipedia.org/wiki/Ruben_Berta_International_Airport
5993,SBUL,medium_airport,Ten. Cel. Aviador César Bombonato Airport,-18.883579,-48.225936,3094.0,SA,BR,BR-MG,Uberlândia,yes,SBUL,UDI,MG0002,https://www4.infraero.gov.br/aeroportos/aeroporto-de-uberlandia-ten-cel-aviador-cesar-bombonato/,https://en.wikipedia.org/wiki/Uberlândia_Airport
5995,SBUR,medium_airport,Mário de Almeida Franco Airport,-19.764722824097,-47.966110229492,2655.0,SA,BR,BR-MG,Uberaba,yes,SBUR,UBA,,,https://en.wikipedia.org/wiki/Uberaba_Airport
5996,SBVG,medium_airport,Major Brigadeiro Trompowsky Airport,-21.591375,-45.474116,3025.0,SA,BR,BR-MG,Varginha,no,SBVG,VAG,MG0019,,https://en.wikipedia.org/wiki/Varginha_Airport
5997,SBVH,medium_airport,Brigadeiro Camarão Airport,-12.6944,-60.098301,2018.0,SA,BR,BR-RO,Vilhena,yes,SBVH,BVH,RO0003,,https://en.wikipedia.org/wiki/Vilhena_Airport
5998,SBVT,large_airport,Eurico de Aguiar Salles Airport,-20.258,-40.285,34.0,SA,BR,BR-ES,Vitória,yes,SBVT,VIX,ES0001,https://vitoria-airport.com.br,https://en.wikipedia.org/wiki/Eurico_de_Aguiar_Salles_Airport
6000,SBYS,medium_airport,Campo Fontenelle,-21.984692,-47.341207,1968.0,SA,BR,BR-SP,Pirassununga,no,SBYS,QPS,SP9002,,https://pt.wikipedia.org/wiki/Aeródromo_Campo_de_Fontenelle
6001,SCAR,medium_airport,Chacalluta Airport,-18.348499,-70.338699,167.0,SA,CL,CL-AP,Arica,yes,SCAR,ARI,,,https://en.wikipedia.org/wiki/Chacalluta_International_Airport
6002,SCAT,medium_airport,Desierto de Atacama Airport,-27.2611999512,-70.7791976929,670.0,SA,CL,CL-AT,Copiapo,yes,SCAT,CPO,,,https://en.wikipedia.org/wiki/Desierto_de_Atacama_Airport
6003,SCBA,medium_airport,Balmaceda Airport,-45.915968,-71.689499,1722.0,SA,CL,CL-AI,Balmaceda,yes,SCBA,BBA,,https://aeropuertodebalmaceda.cl/,https://en.wikipedia.org/wiki/Balmaceda_Airport
6004,SCBE,medium_airport,Barriles Airport,-22.1411,-70.062897,3475.0,SA,CL,CL-AN,Tocopilla,no,SCBE,TOQ,,,https://en.wikipedia.org/wiki/Barriles_Airport
6007,SCCF,medium_airport,El Loa Airport,-22.498199,-68.903603,7543.0,SA,CL,CL-AN,Calama,yes,SCCF,CJC,,,https://en.wikipedia.org/wiki/El_Loa_Airport
6011,SCCY,medium_airport,Teniente Vidal Airport,-45.5942,-72.106102,1020.0,SA,CL,CL-AI,Coyhaique,no,SCCY,GXQ,,,https://en.wikipedia.org/wiki/Teniente_Vidal_Airfield
6015,SCEL,large_airport,Comodoro Arturo Merino Benítez International Airport,-33.393001556396484,-70.78579711914062,1555.0,SA,CL,CL-RM,Santiago,yes,SCEL,SCL,,http://www.aeropuertosantiago.cl/ingles/index.php,https://en.wikipedia.org/wiki/Comodoro_Arturo_Merino_Ben%C3%ADtez_International_Airport
6017,SCES,medium_airport,Ricardo García Posada Airport,-26.3111,-69.765198,5240.0,SA,CL,CL-AT,El Salvador,yes,SCES,ESR,,,https://en.wikipedia.org/wiki/Ricardo_Garc%C3%ADa_Posada_Airport
6019,SCFM,medium_airport,Captain Fuentes Martinez Airport,-53.2537,-70.319199,104.0,SA,CL,CL-MA,Porvenir,no,SCFM,WPR,,,https://en.wikipedia.org/wiki/Capit%C3%A1n_Fuentes_Mart%C3%ADnez_Airport
6023,SCGZ,medium_airport,Guardiamarina Zañartu Airport,-54.931099,-67.626297,88.0,SA,CL,CL-MA,Puerto Williams,no,SCGZ,WPU,,,https://en.wikipedia.org/wiki/Guardia_Marina_Za%C3%B1artu_Airport
6024,SCHR,medium_airport,Cochrane Airport,-47.243591,-72.58815,643.0,SA,CL,CL-AI,Cochrane,no,SCHR,LGR,,,https://en.wikipedia.org/wiki/Cochrane_Airfield
6025,SCIE,medium_airport,Carriel Sur Airport,-36.772701,-73.063103,26.0,SA,CL,CL-BI,Concepcion,yes,SCIE,CCP,,,https://en.wikipedia.org/wiki/Carriel_Sur_International_Airport
6031,SCNT,medium_airport,Lieutenant Julio Gallardo Airport,-51.67067,-72.529078,217.0,SA,CL,CL-MA,Puerto Natales,yes,SCNT,PNT,,,https://en.wikipedia.org/wiki/Teniente_Julio_Gallardo_Airport
314783,SCQP,medium_airport,La Araucanía Airport,-38.9259,-72.6515,333.0,SA,CL,CL-AR,Temuco,yes,SCQP,ZCO,,,https://en.wikipedia.org/wiki/La_Araucan%C3%ADa_International_Airport
6038,SCRG,medium_airport,La Independencia Airport,-34.173698,-70.775703,1446.0,SA,CL,CL-LI,Rancagua,no,SCRG,,,https://www.dgac.gob.cl/aerodromo-la-independencia-entra-en-funcionamiento/,https://en.wikipedia.org/wiki/Rancagua_de_la_Independencia_Airport
6040,SCSE,medium_airport,La Florida Airport,-29.916201,-71.199501,481.0,SA,CL,CL-CO,La Serena-Coquimbo,yes,SCSE,LSC,,,https://en.wikipedia.org/wiki/La_Florida_Airport_(Chile)
6042,SCTC,medium_airport,Maquehue Airport,-38.766799926758,-72.637100219727,304.0,SA,CL,CL-AR,Temuco,no,SCTC,PZS,,,https://en.wikipedia.org/wiki/Maquehue_Airport
6043,SCTE,medium_airport,El Tepual Airport,-41.43889999389648,-73.09400177001953,294.0,SA,CL,CL-LL,Puerto Montt,yes,SCTE,PMC,,,https://en.wikipedia.org/wiki/El_Tepual_Airport
6044,SCTL,medium_airport,Panguilemo Airport,-35.3778,-71.6017,371.0,SA,CL,CL-ML,Talca,no,SCTL,TLX,,,https://en.wikipedia.org/wiki/Panguilemo_Airport
6048,SCVD,medium_airport,Pichoy Airport,-39.6500015259,-73.0860977173,59.0,SA,CL,CL-LR,Valdivia,yes,SCVD,ZAL,,,https://en.wikipedia.org/wiki/Pichoy_Airport
6050,SCVM,medium_airport,Viña del Mar Airport,-32.9496,-71.4786,461.0,SA,CL,CL-VS,Viña del Mar,no,SCVM,KNA,,,https://en.wikipedia.org/wiki/Vi%C3%B1a_del_Mar_Airport
6054,SECU,medium_airport,Mariscal Lamar Airport,-2.88947,-78.984398,8306.0,SA,EC,EC-A,Cuenca,yes,SECU,CUE,,,https://en.wikipedia.org/wiki/Mariscal_Lamar_International_Airport
6056,SEGU,large_airport,José Joaquín de Olmedo International Airport,-2.15742,-79.883598,19.0,SA,EC,EC-G,Guayaquil,yes,SEGU,GYE,,,https://en.wikipedia.org/wiki/Jos%C3%A9_Joaqu%C3%ADn_de_Olmedo_International_Airport
6061,SELT,medium_airport,Cotopaxi International Airport,-0.906833,-78.615799,9205.0,SA,EC,EC-X,Latacunga,yes,SELT,LTX,,,https://en.wikipedia.org/wiki/Cotopaxi_International_Airport
6066,SEMT,medium_airport,Eloy Alfaro International Airport,-0.9460780024528505,-80.67880249023438,48.0,SA,EC,EC-M,Manta,yes,SEMT,MEC,,,https://en.wikipedia.org/wiki/Manta_Air_Base
308273,SEQM,large_airport,Mariscal Sucre International Airport,-0.125399,-78.354306,7841.0,SA,EC,EC-P,Quito,yes,SEQM,UIO,UIO,https://www.aeropuertoquito.aero/?lang=en,https://en.wikipedia.org/wiki/Mariscal_Sucre_International_Airport
6076,SESA,medium_airport,General Ulpiano Paez Airport,-2.210057,-80.985067,18.0,SA,EC,EC-25,Salinas,no,SESA,SNC,,,https://en.wikipedia.org/wiki/General_Ulpiano_Paez_Airport
6084,SETN,medium_airport,Carlos Concha Torres International Airport,0.978519,-79.626602,32.0,SA,EC,EC-E,Tachina,yes,SETN,ESM,,,https://en.wikipedia.org/wiki/Colonel_Carlos_Concha_Torres_Airport
6088,SGAS,large_airport,Silvio Pettirossi International Airport.,-25.240156,-57.519227,292.0,SA,PY,PY-11,Asunción,yes,SGAS,ASU,,,https://en.wikipedia.org/wiki/Silvio_Pettirossi_International_Airport
6089,SGAY,medium_airport,Aeropuerto Nacional de Juan De Ayolas,-27.378379,-56.856791,223.0,SA,PY,PY-8,Ayolas,no,SGAY,AYO,,,https://en.wikipedia.org/wiki/Juan_de_Ayolas_Airport
29851,SGEN,large_airport,Aeropuerto Internacional Tte. Amin Ayub González,-27.221691,-55.833807,659.0,SA,PY,PY-7,Encarnación,yes,SGEN,ENO,,,https://en.wikipedia.org/wiki/Teniente_Amin_Ayub_Gonzalez_Airport
6091,SGES,large_airport,Aeropuerto Internacional Guaraní,-25.457186,-54.839544,846.0,SA,PY,PY-10,Ciudad del Este,yes,SGES,AGT,,,https://en.wikipedia.org/wiki/Guarani_International_Airport
6092,SGIB,medium_airport,Aeropuerto Nacional de Itaipú,-25.407268,-54.620805,762.0,SA,PY,PY-10,Itaipú,no,SGIB,,,,https://en.wikipedia.org/wiki/Itaipu_Airport
6095,SGPJ,medium_airport,Dr. Augusto Roberto Fuster Airport,-22.641427,-55.829993,1873.0,SA,PY,PY-13,Pedro Juan Caballero,no,SGPJ,PJC,,,https://en.wikipedia.org/wiki/Dr._Augusto_Roberto_Fuster_International_Airport
6098,SKAP,medium_airport,Gomez Nino Apiay Air Base,4.07607,-73.5627,1207.0,SA,CO,CO-MET,Apiay,no,SKAP,API,APY,,https://en.wikipedia.org/wiki/Captain_Luis_F._G%C3%B3mez_Ni%C3%B1o_Air_Base
6099,SKAR,medium_airport,El Eden Airport,4.45278,-75.7664,3990.0,SA,CO,CO-QUI,Armenia,yes,SKAR,AXM,AXM,,https://en.wikipedia.org/wiki/El_Ed%C3%A9n_Airport
6104,SKBO,large_airport,El Dorado International Airport,4.70159,-74.1469,8361.0,SA,CO,CO-DC,Bogota,yes,SKBO,BOG,BOG,https://eldorado.aero/,https://en.wikipedia.org/wiki/El_Dorado_International_Airport
6105,SKBQ,medium_airport,Ernesto Cortissoz International Airport,10.8896,-74.7808,98.0,SA,CO,CO-ATL,Barranquilla,yes,SKBQ,BAQ,BAQ,,https://en.wikipedia.org/wiki/Ernesto_Cortissoz_International_Airport
6108,SKCC,medium_airport,Camilo Daza International Airport,7.92757,-72.5115,1096.0,SA,CO,CO-NSA,Cúcuta,yes,SKCC,CUC,CUC,,https://en.wikipedia.org/wiki/Camilo_Daza_International_Airport
6110,SKCL,medium_airport,Alfonso Bonilla Aragon International Airport,3.54322,-76.3816,3162.0,SA,CO,CO-VAC,Cali,yes,SKCL,CLO,CLO,https://www.aerocali.com.co/,https://en.wikipedia.org/wiki/Alfonso_Bonilla_Arag%C3%B3n_International_Airport
6112,SKCO,medium_airport,La Florida Airport,1.81442,-78.7492,8.0,SA,CO,CO-NAR,Tumaco,yes,SKCO,TCO,TCO,,https://en.wikipedia.org/wiki/La_Florida_Airport_(Colombia)
6114,SKCV,medium_airport,Coveñas Airport,9.40092,-75.6913,31.0,SA,CO,CO-SUC,Coveñas,no,SKCV,CVE,CVE,,https://en.wikipedia.org/wiki/Cove%C3%B1as_Airport
6115,SKCZ,medium_airport,Las Brujas Airport,9.33274,-75.2856,528.0,SA,CO,CO-SUC,Corozal,yes,SKCZ,CZU,CZU,,https://en.wikipedia.org/wiki/Las_Brujas_Airport_(Colombia)
6120,SKGI,medium_airport,Santiago Vila Airport,4.27624,-74.7967,900.0,SA,CO,CO-CUN,Girardot,no,SKGI,GIR,GIR,,https://en.wikipedia.org/wiki/Santiago_Vila_Airport
6129,SKLM,medium_airport,Jorge Isaac Airport,11.2325,-72.4901,281.0,SA,CO,CO-LAG,La Mina-Maicao,no,SKLM,MCJ,LMA,,https://en.wikipedia.org/wiki/Jorge_Isaacs_Airport
6132,SKMD,medium_airport,Enrique Olaya Herrera Airport,6.220549,-75.590582,4949.0,SA,CO,CO-ANT,Medellín,yes,SKMD,EOH,EOH,,https://en.wikipedia.org/wiki/Enrique_Olaya_Herrera_International_Airport
6139,SKMU,medium_airport,Fabio Alberto Leon Bentley Airport,1.25366,-70.2339,680.0,SA,CO,CO-VAU,Mitú,yes,SKMU,MVP,MVP,,https://en.wikipedia.org/wiki/Fabio_Alberto_Le%C3%B3n_Bentley_Airport
6142,SKOC,medium_airport,Aguas Claras Airport,8.31506,-73.3583,3850.0,SA,CO,CO-NSA,Ocaña,no,SKOC,OCV,OCV,,https://en.wikipedia.org/wiki/Aguas_Claras_Airport
6152,SKPQ,medium_airport,German Olano Air Base,5.48361,-74.6574,566.0,SA,CO,CO-CUN,La Dorada,no,SKPQ,PAL,PQE,,https://en.wikipedia.org/wiki/Captain_Germ%C3%A1n_Olano_Moreno_Air_Base
6157,SKQU,medium_airport,Mariquita Airport,5.21256,-74.8836,1531.0,SA,CO,CO-TOL,Mariquita,no,SKQU,MQU,MQU,,https://en.wikipedia.org/wiki/Mariquita_Airport
6158,SKRG,medium_airport,Jose Maria Córdova International Airport,6.16454,-75.4231,6955.0,SA,CO,CO-ANT,Medellín,yes,SKRG,MDE,MDE,,https://en.wikipedia.org/wiki/Jos%C3%A9_Mar%C3%ADa_C%C3%B3rdova_International_Airport
6160,SKSJ,medium_airport,Jorge E. Gonzalez Torres Airport,2.57969,-72.6394,605.0,SA,CO,CO-GUV,San José Del Guaviare,yes,SKSJ,SJE,SJE,,https://en.wikipedia.org/wiki/Jorge_Enrique_Gonz%C3%A1lez_Torres_Airport
6161,SKSM,medium_airport,Simón Bolívar International Airport,11.1196,-74.2306,22.0,SA,CO,CO-MAG,Santa Marta,yes,SKSM,SMR,SMR,,https://en.wikipedia.org/wiki/Sim%C3%B3n_Bol%C3%ADvar_International_Airport_(Colombia)
6163,SKSP,medium_airport,Gustavo Rojas Pinilla International Airport,12.5836,-81.7112,19.0,NA,CO,CO-SAP,San Andrés,yes,SKSP,ADZ,ADZ,,https://en.wikipedia.org/wiki/Gustavo_Rojas_Pinilla_International_Airport
6168,SKTM,medium_airport,Gustavo Vargas Airport,6.45108,-71.7603,1050.0,SA,CO,CO-ARA,Tame,yes,SKTM,TME,TME,,https://en.wikipedia.org/wiki/Gabriel_Vargas_Santos_Airport
6170,SKUA,medium_airport,Marandúa Air Base,5.52448,-68.6856,285.0,SA,CO,CO-VID,Marandúa,no,SKUA,,MQZ,,https://en.wikipedia.org/wiki/Marand%C3%BAa_Air_Base
6171,SKUC,medium_airport,Santiago Perez Airport,7.06888,-70.7369,420.0,SA,CO,CO-ARA,Arauca,yes,SKUC,AUC,AUC,,https://en.wikipedia.org/wiki/Santiago_P%C3%A9rez_Airport
6176,SKVP,medium_airport,Alfonso López Pumarejo Airport,10.435,-73.2495,483.0,SA,CO,CO-CES,Valledupar,yes,SKVP,VUP,VUP,,https://en.wikipedia.org/wiki/Valledupar_Airport
6178,SKYP,medium_airport,El Yopal Airport,5.31911,-72.384,1028.0,SA,CO,CO-CAS,El Yopal,yes,SKYP,EYP,EYP,,https://en.wikipedia.org/wiki/El_Alcarav%C3%A1n_Airport
6180,SLCB,medium_airport,Jorge Wilsterman International Airport,-17.421100616455078,-66.1771011352539,8360.0,SA,BO,BO-C,Cochabamba,yes,SLCB,CBB,,,https://en.wikipedia.org/wiki/Jorge_Wilstermann_International_Airport
6184,SLLP,medium_airport,El Alto International Airport,-16.5132999420166,-68.19229888916016,13355.0,SA,BO,BO-L,La Paz / El Alto,yes,SLLP,LPB,,,https://en.wikipedia.org/wiki/El_Alto_International_Airport
6185,SLOR,medium_airport,Juan Mendoza Airport,-17.962601,-67.076202,12152.0,SA,BO,BO-O,Oruro,no,SLOR,ORU,,http://en.wikipedia.org/wiki/Juan_Mendoza_Airport,https://en.wikipedia.org/wiki/Juan_Mendoza_Airport
6189,SLSU,medium_airport,Juana Azurduy De Padilla Airport,-19.007099,-65.288696,9540.0,SA,BO,BO-H,Sucre,no,SLSU,,,,https://en.wikipedia.org/wiki/Juana_Azurduy_de_Padilla_International_Airport
6191,SLTR,medium_airport,Teniente Av. Jorge Henrich Arauz Airport,-14.8186998367,-64.9179992676,509.0,SA,BO,BO-B,Trinidad,no,SLTR,TDD,,,https://en.wikipedia.org/wiki/Tte._Av._Jorge_Henrich_Arauz_Airport
6192,SLVM,medium_airport,Teniente Coronel Rafael Pabón Airport,-21.2551994324,-63.4056015015,1305.0,SA,BO,BO-T,Villamontes,no,SLVM,VLM,,,https://en.wikipedia.org/wiki/Tcnl._Rafael_Pab%C3%B3n_Airport
6195,SMJP,large_airport,Johan Adolf Pengel International Airport,5.45283,-55.187801,59.0,SA,SR,SR-PR,Zandery,yes,SMJP,PBM,,http://www.japi-airport.com,https://en.wikipedia.org/wiki/Johan_Adolf_Pengel_International_Airport
6198,SOCA,large_airport,Cayenne – Félix Eboué Airport,4.819964,-52.361326,26.0,SA,GF,GF-CY,Matoury,yes,SOCA,CAY,,,https://en.wikipedia.org/wiki/Cayenne_%E2%80%93_F%C3%A9lix_Ebou%C3%A9_Airport
6205,SPCL,medium_airport,Cap FAP David Abenzur Rengifo International Airport,-8.37794017791748,-74.57430267333984,513.0,SA,PE,PE-UCA,Pucallpa,yes,SPCL,PCL,,,https://en.wikipedia.org/wiki/Captain_Rolden_International_Airport
6213,SPHI,medium_airport,Air Force Captain Jose A Quinones Gonzales International Airport,-6.78748,-79.828102,97.0,SA,PE,PE-LAM,Chiclayo,yes,SPHI,CIX,,,https://en.wikipedia.org/wiki/Cap._FAP_Jos%C3%A9_A._Qui%C3%B1ones_Gonzales_International_Airport
6214,SPHO,medium_airport,Air Force Colonel Alfredo Mendivil Duarte Airport,-13.1548,-74.204399,8917.0,SA,PE,PE-AYA,Ayacucho,yes,SPHO,AYP,,,https://en.wikipedia.org/wiki/Coronel_FAP_Alfredo_Mendivil_Duarte_Airport
6216,SPHZ,medium_airport,Comandante FAP German Arias Graziani Airport,-9.347439765930176,-77.59839630126953,9097.0,SA,PE,PE-ANC,Anta,no,SPHZ,ATA,,,https://en.wikipedia.org/wiki/Comandante_FAP_Germ%C3%A1n_Arias_Graziani_Airport
6218,SPJA,medium_airport,Juan Simons Vela Airport,-6.06786,-77.160004,2707.0,SA,PE,PE-SAM,Rioja,no,SPJA,RIJ,,,https://en.wikipedia.org/wiki/Juan_Simons_Vela_Airport
6219,SPJE,medium_airport,Shumba Airport,-5.59248,-78.774002,2477.0,SA,PE,PE-CAJ,Jaén,yes,SPJE,JAE,,,https://en.wikipedia.org/wiki/Ja%C3%A9n_Airport
6222,SPJL,medium_airport,Inca Manco Capac International Airport,-15.467100143432615,-70.158203125,12552.0,SA,PE,PE-PUN,Juliaca,yes,SPJL,JUL,,,https://en.wikipedia.org/wiki/Inca_Manco_Capac_International_Airport
6223,SPJR,medium_airport,Mayor General FAP Armando Revoredo Iglesias Airport,-7.1391801834106445,-78.4894027709961,8781.0,SA,PE,PE-CAJ,Cajamarca,yes,SPJR,CJA,,,https://en.wikipedia.org/wiki/My._Gral._FAP._Armando_Revoredo_Iglesias_Airport
6224,SPLO,medium_airport,General Jorge Fernandez Maldon Airport,-17.695,-71.344002,72.0,SA,PE,PE-MOQ,Ilo,yes,SPLO,ILQ,,,https://en.wikipedia.org/wiki/Ilo_Airport
6226,SPME,medium_airport,Captain Pedro Canga Rodríguez International Airport,-3.552074,-80.381086,115.0,SA,PE,PE-TUM,Tumbes,yes,SPME,TBP,,,https://en.wikipedia.org/wiki/Cap._FAP_Pedro_Canga_Rodr%C3%ADguez_Airport
6229,SPNC,medium_airport,Alferez Fap David Figueroa Fernandini Airport,-9.878809928894045,-76.20480346679688,6070.0,SA,PE,PE-HUC,Huánuco,yes,SPNC,HUU,,,https://en.wikipedia.org/wiki/Alf%C3%A9rez_FAP_David_Figueroa_Fernandini_Airport
6231,SPPY,medium_airport,Chachapoyas Airport,-6.201911,-77.856195,8333.0,SA,PE,PE-AMA,Chachapoyas,yes,SPPY,CHH,,,https://en.wikipedia.org/wiki/Chachapoyas_Airport
6232,SPQT,medium_airport,Coronel FAP Francisco Secada Vignetta International Airport,-3.78474,-73.3088,306.0,SA,PE,PE-LOR,Iquitos,yes,SPQT,IQT,,,https://en.wikipedia.org/wiki/Crnl._FAP_Francisco_Secada_Vignetta_International_Airport
6233,SPQU,medium_airport,Rodríguez Ballón International Airport,-16.3411006927,-71.5830993652,8405.0,SA,PE,PE-ARE,Arequipa,yes,SPQU,AQP,,,https://en.wikipedia.org/wiki/Rodriguez_Ballon_International_Airport
6235,SPRU,medium_airport,Capitan FAP Carlos Martinez De Pinillos International Airport,-8.08141040802002,-79.10880279541016,106.0,SA,PE,PE-LAL,Trujillo,yes,SPRU,TRU,,,https://en.wikipedia.org/wiki/Cap._FAP_Carlos_Mart%C3%ADnez_de_Pinillos_International_Airport
6236,SPSO,medium_airport,Captain Renán Elías Olivera International Airport,-13.7449,-76.220299,39.0,SA,PE,PE-ICA,Pisco,no,SPSO,PIO,,,https://en.wikipedia.org/wiki/Capit%C3%A1n_FAP_Ren%C3%A1n_El%C3%ADas_Olivera_Airport
6237,SPST,medium_airport,Cadete FAP Guillermo Del Castillo Paredes Airport,-6.508739948272705,-76.37319946289062,869.0,SA,PE,PE-SAM,Tarapoto,yes,SPST,TPP,,,https://en.wikipedia.org/wiki/Cad._FAP_Guillermo_del_Castillo_Paredes_Airport
6238,SPTN,medium_airport,Coronel FAP Carlos Ciriani Santa Rosa International Airport,-18.0533008575,-70.2758026123,1538.0,SA,PE,PE-TAC,Tacna,yes,SPTN,TCQ,,,https://en.wikipedia.org/wiki/Crnl._FAP_Carlos_Ciriani_Santa_Rosa_International_Airport
6239,SPTU,medium_airport,Padre Aldamiz International Airport,-12.6135997772,-69.2285995483,659.0,SA,PE,PE-MDD,Puerto Maldonado,yes,SPTU,PEM,,,https://en.wikipedia.org/wiki/Padre_Aldamiz_International_Airport
6241,SPYL,medium_airport,Captain Victor Montes Arias International Airport,-4.57664,-81.254097,282.0,SA,PE,PE-PIU,Talara,yes,SPYL,TYL,,,https://en.wikipedia.org/wiki/Cap._FAP_Victor_Montes_Arias_Airport
6244,SUAA,medium_airport,Ángel S. Adami International Airport,-34.7892,-56.264702,174.0,SA,UY,UY-MO,Montevideo,no,SUAA,,,,https://en.wikipedia.org/wiki/%C3%81ngel_S._Adami_Airport
6245,SUDU,medium_airport,Santa Bernardina International Airport,-33.358898,-56.499199,305.0,SA,UY,UY-DU,Durazno,no,SUDU,DZO,,,https://en.wikipedia.org/wiki/Santa_Bernardina_International_Airport
6246,SULS,medium_airport,Capitan Corbeta CA Curbelo International Airport,-34.855099,-55.094299,95.0,SA,UY,UY-MA,Punta del Este,yes,SULS,PDP,,http://www.puntadeleste.aero/,https://en.wikipedia.org/wiki/Capitan_Corbeta_CA_Curbelo_International_Airport
6247,SUMU,large_airport,Carrasco General Cesáreo L. Berisso International Airport,-34.835647,-56.026497,105.0,SA,UY,UY-CA,Ciudad de la Costa,yes,SUMU,MVD,,,https://en.wikipedia.org/wiki/Carrasco_International_Airport
6248,SUSO,medium_airport,Nueva Hesperides International Airport,-31.438499,-57.985298,187.0,SA,UY,UY-SA,Salto,no,SUSO,STY,,,https://en.wikipedia.org/wiki/Nueva_Hesperides_International_Airport
6249,SVAC,medium_airport,Oswaldo Guevara Mujica Airport,9.553375,-69.237869,640.0,SA,VE,VE-P,Acarigua,yes,SVAC,AGV,,,https://en.wikipedia.org/wiki/Oswaldo_Guevara_Mujica_Airport
6251,SVAN,medium_airport,Anaco Airport,9.430225,-64.470726,721.0,SA,VE,VE-B,Anaco,no,SVAN,AAO,,,https://en.wikipedia.org/wiki/Anaco_Airport
6256,SVBI,medium_airport,Barinas Airport,8.615,-70.214167,615.0,SA,VE,VE-E,Barinas,yes,SVBI,BNS,,,https://en.wikipedia.org/wiki/Barinas_Airport
6258,SVBL,medium_airport,El Libertador Airbase,10.183375,-67.55732,1450.0,SA,VE,VE-D,,no,SVBL,,ELR,,https://en.wikipedia.org/wiki/El_Libertador_Air_Base
6261,SVBS,medium_airport,Escuela Mariscal Sucre Airport,10.249978065490724,-67.64942169189453,1338.0,SA,VE,VE-D,Maracay,yes,SVBS,MYC,,,https://en.wikipedia.org/wiki/Mariscal_Sucre_Airport_(Venezuela)
6262,SVCB,medium_airport,"Aeropuerto ""General Tomas de Heres"". Ciudad Bolivar",8.122161,-63.536957,197.0,SA,VE,VE-F,,no,SVCB,CBL,,,https://en.wikipedia.org/wiki/Tom%C3%A1s_de_Heres_Airport
6268,SVCN,medium_airport,Canaima Airport,6.231989,-62.85485,1450.0,SA,VE,VE-F,Canaima,yes,SVCN,CAJ,,,https://en.wikipedia.org/wiki/Canaima_Airport
6271,SVCR,medium_airport,José Leonardo Chirinos Airport,11.414944,-69.680901,52.0,SA,VE,VE-I,Coro,yes,SVCR,CZE,,,https://en.wikipedia.org/wiki/Jos%C3%A9_Leonardo_Chirino_Airport
6272,SVCS,medium_airport,Oscar Machado Zuluaga Airport,10.286111,-66.816109,2145.0,SA,VE,VE-M,Caracas,no,SVCS,,,,https://en.wikipedia.org/wiki/%C3%93scar_Machado_Zuloaga_International_Airport
6273,SVCU,medium_airport,Cumaná (Antonio José de Sucre) Airport,10.450333,-64.13047,14.0,SA,VE,VE-R,,yes,SVCU,CUM,,,https://en.wikipedia.org/wiki/Antonio_Jos%C3%A9_de_Sucre_Airport
6282,SVFM,medium_airport,Generalissimo Francisco de Miranda Air Base,10.485033,-66.843513,2739.0,SA,VE,VE-M,La Carlota,no,SVFM,,,,https://en.wikipedia.org/wiki/Generalissimo_Francisco_de_Miranda_Airbase
6285,SVGD,medium_airport,Guasdualito Airport,7.210834,-70.756386,427.0,SA,VE,VE-C,Guasdualito,no,SVGD,GDO,,,https://en.wikipedia.org/wiki/Guasdualito_Airport
6287,SVGU,medium_airport,Guanare Airport,9.026944,-69.75515,606.0,SA,VE,VE-P,Guanare,no,SVGU,GUQ,,,https://en.wikipedia.org/wiki/Guanare_Airport
6292,SVJC,medium_airport,Josefa Camejo International Airport,11.780775,-70.151497,75.0,SA,VE,VE-I,Paraguaná,yes,SVJC,LSP,,,https://en.wikipedia.org/wiki/Josefa_Camejo_International_Airport
6294,SVLF,medium_airport,La Fria Airport,8.239167,-72.271027,305.0,SA,VE,VE-S,,no,SVLF,LFR,,,https://en.wikipedia.org/wiki/La_Fr%C3%ADa_Airport
6297,SVMC,medium_airport,La Chinita International Airport,10.5582084656,-71.7278594971,239.0,SA,VE,VE-V,Maracaibo,yes,SVMC,MAR,,,https://en.wikipedia.org/wiki/La_Chinita_International_Airport
6299,SVMG,medium_airport,Del Caribe Santiago Mariño International Airport,10.912603378295898,-63.96659851074219,74.0,SA,VE,VE-O,Isla Margarita,yes,SVMG,PMV,,,https://en.wikipedia.org/wiki/Del_Caribe_International_General_Santiago_Marino_Airport
6300,SVMI,large_airport,Simón Bolívar International Airport,10.601194,-66.991222,234.0,SA,VE,VE-X,Caracas,yes,SVMI,CCS,,http://www.aeropuerto-maiquetia.com.ve/web/,https://en.wikipedia.org/wiki/Sim%C3%B3n_Bol%C3%ADvar_International_Airport
6301,SVMP,medium_airport,Metropolitano Airport,10.133169,-66.787827,574.0,SA,VE,VE-M,,no,SVMP,,,,https://en.wikipedia.org/wiki/Metropolitano_International_Airport
6310,SVPC,medium_airport,General Bartolome Salom International Airport,10.4805,-68.072998,32.0,SA,VE,VE-G,,no,SVPC,PBL,,,https://en.wikipedia.org/wiki/General_Bartolom%C3%A9_Salom_Airport
6315,SVPR,medium_airport,General Manuel Carlos Piar International Airport,8.288530349731445,-62.760398864746094,472.0,SA,VE,VE-F,Puerto Ordaz-Ciudad Guayana,yes,SVPR,PZO,,,https://en.wikipedia.org/wiki/Manuel_Carlos_Piar_Guayana_Airport
6323,SVSE,medium_airport,Santa Elena de Uairen Airport,4.555,-61.150002,2938.0,SA,VE,VE-F,,no,SVSE,SNV,,,https://en.wikipedia.org/wiki/Santa_Elena_de_Uair%C3%A9n_Airport
6326,SVSP,medium_airport,Sub Teniente Nestor Arias Airport,10.2787,-68.755203,761.0,SA,VE,VE-U,San Felipe,no,SVSP,SNF,,,
6334,SVVA,medium_airport,Arturo Michelena International Airport,10.14973258972168,-67.92839813232422,1411.0,SA,VE,VE-G,Valencia,yes,SVVA,VLN,,,https://en.wikipedia.org/wiki/Arturo_Michelena_International_Airport
538,SWGN,medium_airport,Araguaína Airport,-7.22787,-48.240501,771.0,SA,BR,BR-TO,Araguaína,yes,SWGN,AUX,TO0002,,https://en.wikipedia.org/wiki/Aragua%C3%ADna_Airport
6356,SYCJ,medium_airport,Cheddi Jagan International Airport,6.49855,-58.254101,95.0,SA,GY,GY-DE,Georgetown,yes,SYCJ,GEO,SYGT,http://www.cjairport-gy.com/,https://en.wikipedia.org/wiki/Cheddi_Jagan_International_Airport
6359,TAPA,medium_airport,V C Bird International Airport,17.1367,-61.792702,62.0,NA,AG,AG-03,Osbourn,yes,TAPA,ANU,,,https://en.wikipedia.org/wiki/VC_Bird_International_Airport
6360,TBPB,medium_airport,Grantley Adams International Airport,13.0746,-59.4925,169.0,NA,BB,BB-01,Bridgetown,yes,TBPB,BGI,,http://www.gaia.bb/content/about-gaia-inc,https://en.wikipedia.org/wiki/Grantley_Adams_International_Airport
6362,TDPD,medium_airport,Douglas-Charles Airport,15.547,-61.299999,73.0,NA,DM,DM-02,Marigot,yes,TDPD,DOM,,,https://en.wikipedia.org/wiki/Melville_Hall_Airport
6363,TFFF,large_airport,Martinique Aimé Césaire International Airport,14.591,-61.003201,16.0,NA,MQ,MQ-U-A,Fort-de-France,yes,TFFF,FDF,,http://www.martinique.aeroport.fr/,https://en.wikipedia.org/wiki/Martinique_Aim%C3%A9_C%C3%A9saire_International_Airport
6364,TFFG,medium_airport,Grand Case-Espérance Airport,18.099899,-63.047199,7.0,NA,MF,MF-U-A,Grand Case,yes,TFFG,SFG,,,https://en.wikipedia.org/wiki/Grand_Case-Esp%C3%A9rance_Airport
6366,TFFR,large_airport,Pointe-à-Pitre Le Raizet International  Airport,16.265301,-61.531799,36.0,NA,GP,GP-U-A,Pointe-à-Pitre,yes,TFFR,PTP,,http://www.guadeloupe.aeroport.fr/,https://en.wikipedia.org/wiki/Pointe-%C3%A0-Pitre_International_Airport
6367,TGPY,medium_airport,Maurice Bishop International Airport,12.0042,-61.786201,41.0,NA,GD,GD-GE,Saint George's,yes,TGPY,GND,,http://www.psiagrenada.com/,https://en.wikipedia.org/wiki/Point_Salines_International_Airport
6370,TISX,medium_airport,Henry E Rohlsen Airport,17.701567,-64.801634,74.0,NA,VI,VI-U-A,Christiansted,yes,TISX,STX,STX,https://www.viport.com/herastx,https://en.wikipedia.org/wiki/Henry_E._Rohlsen_Airport
6379,TJBQ,medium_airport,Rafael Hernández International Airport,18.4949,-67.129402,237.0,NA,PR,PR-U-A,Aguadilla,yes,TJBQ,BQN,BQN,,https://en.wikipedia.org/wiki/Rafael_Hern%C3%A1ndez_Airport
6381,TJIG,medium_airport,Fernando Luis Ribas Dominicci Airport,18.45680046081543,-66.09809875488281,10.0,NA,PR,PR-U-A,San Juan,yes,TJIG,SIG,SIG,,https://en.wikipedia.org/wiki/Fernando_Luis_Ribas_Dominicci_Airport
6383,TJPS,medium_airport,Mercedita Airport,18.00830078125,-66.56300354003906,29.0,NA,PR,PR-U-A,Ponce,yes,TJPS,PSE,PSE,,https://en.wikipedia.org/wiki/Mercedita_Airport
42321,TJRV,medium_airport,José Aponte de la Torre Airport,18.2453,-65.643402,38.0,NA,PR,PR-U-A,Ceiba,yes,TJRV,NRR,RVR,,https://en.wikipedia.org/wiki/Jos%C3%A9_Aponte_de_la_Torre_Airport
6384,TJSJ,large_airport,Luis Munoz Marin International Airport,18.4394,-66.001801,9.0,NA,PR,PR-U-A,San Juan,yes,TJSJ,SJU,SJU,https://aeropuertosju.com/,https://en.wikipedia.org/wiki/Luis_Mu%C3%B1oz_Mar%C3%ADn_International_Airport
6386,TKPK,medium_airport,Robert L. Bradshaw International Airport,17.311199188232422,-62.71870040893555,170.0,NA,KN,KN-U-A,Basseterre,yes,TKPK,SKB,,,https://en.wikipedia.org/wiki/Robert_L._Bradshaw_International_Airport
6387,TKPN,medium_airport,Vance W. Amory International Airport,17.205699920654297,-62.58990097045898,14.0,NA,KN,KN-U-A,Charlestown,yes,TKPN,NEV,,,https://en.wikipedia.org/wiki/Vance_W._Amory_International_Airport
6388,TLPC,medium_airport,George F. L. Charles Airport,14.0202,-60.992901,22.0,NA,LC,LC-02,Castries,yes,TLPC,SLU,,http://www.slaspa.com/contentPages/view/george-f-l-charles-airport,https://en.wikipedia.org/wiki/George_F._L._Charles_Airport
6389,TLPL,large_airport,Hewanorra International Airport,13.7332,-60.952599,14.0,NA,LC,LC-11,Vieux Fort,yes,TLPL,UVF,,http://www.slaspa.com/contentPages/view/hewanorra-international-airport,https://en.wikipedia.org/wiki/Hewanorra_International_Airport
6402,TNCA,large_airport,Queen Beatrix International Airport,12.5014,-70.015198,60.0,NA,AW,AW-U-A,Oranjestad,yes,TNCA,AUA,,,https://en.wikipedia.org/wiki/Queen_Beatrix_International_Airport
6403,TNCB,large_airport,Flamingo International Airport,12.131,-68.268501,20.0,NA,BQ,BQ-U-A,"Kralendijk, Bonaire",yes,TNCB,BON,,,https://en.wikipedia.org/wiki/Flamingo_International_Airport
6404,TNCC,large_airport,Hato International Airport,12.1889,-68.959801,29.0,NA,CW,CW-U-A,Willemstad,yes,TNCC,CUR,,,https://en.wikipedia.org/wiki/Hato_International_Airport
6407,TQPF,medium_airport,Clayton J Lloyd International Airport,18.204773,-63.05383,127.0,NA,AI,AI-U-A,The Valley,yes,TQPF,AXA,,http://www.news.ai/ref/airport.html,https://en.wikipedia.org/wiki/Clayton_J._Lloyd_International_Airport
6409,TTCP,medium_airport,A.N.R. Robinson International Airport,11.1497,-60.832199,38.0,NA,TT,TT-TOB,Scarborough,yes,TTCP,TAB,,https://tntairports.com/anr-robinson-international-airport/#,https://en.wikipedia.org/wiki/A.N.R._Robinson_International_Airport
6410,TTPP,medium_airport,Piarco International Airport,10.5954,-61.3372,58.0,NA,TT,TT-TUP,Port of Spain,yes,TTPP,POS,,https://tntairports.com/piarco-international-airport/,https://en.wikipedia.org/wiki/Piarco_International_Airport
6411,TUPJ,medium_airport,Terrance B. Lettsome International Airport,18.445492,-64.541707,15.0,NA,VG,VG-U-A,Road Town,yes,TUPJ,EIS,,http://www.bareboatsbvi.com/beef_island.html,https://en.wikipedia.org/wiki/Terrance_B._Lettsome_International_Airport
6412,TVSB,medium_airport,J F Mitchell Airport,12.9884,-61.262001,15.0,NA,VC,VC-06,Bequia,no,TVSB,BQU,,,https://en.wikipedia.org/wiki/J._F._Mitchell_Airport
6421,UAAA,large_airport,Almaty International Airport,43.354267,77.042828,2234.0,AS,KZ,KZ-ALA,Almaty,yes,UAAA,ALA,,,https://en.wikipedia.org/wiki/Almaty_International_Airport
6422,UAAH,medium_airport,Balkhash Airport,46.894246,75.004533,1446.0,AS,KZ,KZ-KAR,Balkhash,yes,UAAH,BXH,,,https://en.wikipedia.org/wiki/Balkhash_Airport
6423,UACC,large_airport,Nursultan Nazarbayev International Airport,51.027035,71.467094,1165.0,AS,KZ,KZ-AST,Astana,yes,UACC,NQZ,,https://www.nn-airport.kz,https://en.wikipedia.org/wiki/Nursultan_Nazarbayev_International_Airport
31768,UACK,medium_airport,Kokshetau Airport,53.329102,69.594597,900.0,AS,KZ,KZ-AKM,Kokshetau,yes,UACK,KOV,,,https://en.wikipedia.org/wiki/Kokshetau_Airport
6428,UAFW,medium_airport,Kant Air Base,42.85319900512695,74.84649658203125,2549.0,AS,KG,KG-C,Kant,no,UAFW,,,,https://en.wikipedia.org/wiki/Kant_Air_Base
6430,UAKD,medium_airport,Zhezkazgan National Airport,47.708953,67.738094,1250.0,AS,KZ,KZ-ULY,Zhezkazgan,yes,UAKD,DZN,,,https://en.wikipedia.org/wiki/Dzhezkazgan_Airport
6431,UAKK,medium_airport,Sary-Arka Airport,49.670799,73.334396,1765.0,AS,KZ,KZ-KAR,Karaganda,yes,UAKK,KGF,,,https://en.wikipedia.org/wiki/Sary-Arka_Airport
32501,UASA,medium_airport,Ayaguz Airport,47.919218,80.452194,2119.0,AS,KZ,KZ-ABA,Ayaguz,no,UASA,,,,https://kk.wikipedia.org/wiki/%D0%90%D1%8F%D0%B3%D3%A9%D0%B7_%D3%99%D1%83%D0%B5%D0%B6%D0%B0%D0%B9%D1%8B
6434,UASP,medium_airport,Pavlodar Airport,52.19499969482422,77.07389831542969,410.0,AS,KZ,KZ-PAV,Pavlodar,yes,UASP,PWQ,,,https://en.wikipedia.org/wiki/Pavlodar_Airport
6437,UATG,medium_airport,Atyrau International Airport,47.122559,51.819321,-72.0,AS,KZ,KZ-ATY,Atyrau,yes,UATG,GUW,,,https://en.wikipedia.org/wiki/Atyrau_Airport
6438,UATT,medium_airport,Aktobe Airport,50.2458,57.206699,738.0,AS,KZ,KZ-AKT,Aktobe,yes,UATT,AKX,,,https://en.wikipedia.org/wiki/Aktobe_Airport
6441,UBBG,medium_airport,Ganja International Airport,40.737701,46.3176,1083.0,AS,AZ,AZ-GA,Ganja,yes,UBBG,GNJ,,,https://en.wikipedia.org/wiki/Ganja_International_Airport
6442,UBBN,medium_airport,Nakhchivan Airport,39.18880081176758,45.45840072631836,2863.0,AS,AZ,AZ-NX,Nakhchivan,yes,UBBN,NAJ,,,https://en.wikipedia.org/wiki/Nakhichevan_Airport
300740,UBBQ,medium_airport,Gabala International Airport,40.808617,47.725389,935.0,AS,AZ,AZ-QAB,Gabala,yes,UBBQ,GBB,,,https://en.wikipedia.org/wiki/Gabala_Airport
6444,UDSG,medium_airport,Shirak International Airport,40.750401,43.859299,5000.0,AS,AM,AM-SH,Gyumri,yes,UDSG,LWN,,http://www.aviation.am/eng/gorc/aeroport.htm,https://en.wikipedia.org/wiki/Shirak_Airport
43006,UENW,medium_airport,Vilyuisk Airport,63.756668,121.693336,361.0,AS,RU,RU-SA,Vilyuisk,yes,UENW,VYI,,,https://en.wikipedia.org/wiki/Vilyuisk_Airport
6452,UGSB,medium_airport,Batumi International Airport,41.610298,41.599701,105.0,AS,GE,GE-AJ,Batumi,yes,UGSB,BUS,,https://batumiairport.com/,https://en.wikipedia.org/wiki/Batumi_International_Airport
6453,UGTB,large_airport,Tbilisi International Airport,41.669201,44.9547,1624.0,AS,GE,GE-TB,Tbilisi,yes,UGTB,TBS,,http://www.tbilisiairport.com/,https://en.wikipedia.org/wiki/Tbilisi_International_Airport
6455,UHHH,medium_airport,Khabarovsk Novy Airport,48.528338,135.188588,244.0,AS,RU,RU-KHA,Khabarovsk,yes,UHHH,KHV,,http://airkhv.ru/,https://en.wikipedia.org/wiki/Khabarovsk_Novy_Airport
32517,UHKD,medium_airport,Dzemgi Airport,50.605598,137.080994,89.0,AS,RU,RU-KHA,Komsomolsk-na-Amur,yes,UHKD,,,,https://en.wikipedia.org/wiki/Dzemgi_Airport
6458,UHMM,medium_airport,Sokol Airport,59.9109992980957,150.72000122070312,574.0,AS,RU,RU-MAG,Magadan,yes,UHMM,GDX,,,https://en.wikipedia.org/wiki/Sokol_Airport
44611,UHNN,medium_airport,Nikolayevsk-na-Amure Airport,53.154999,140.649994,170.0,AS,RU,RU-KHA,Nikolayevsk-na-Amure Airport,yes,UHNN,NLI,,,https://en.wikipedia.org/wiki/Nikolayevsk-on-Amur_Airport
35177,UHOO,medium_airport,Okhotsk Airport,59.410065,143.056503,45.0,AS,RU,RU-KHA,Okhotsk,yes,UHOO,OHO,,,https://en.wikipedia.org/wiki/Okhotsk_Airport
6461,UHSS,medium_airport,Yuzhno-Sakhalinsk Airport,46.885461,142.717466,59.0,AS,RU,RU-SAK,Yuzhno-Sakhalinsk,yes,UHSS,UUS,,http://www.airportus.ru/,https://en.wikipedia.org/wiki/Yuzhno-Sakhalinsk_Airport
6462,UHWW,large_airport,Vladivostok International Airport,43.396256,132.148155,59.0,EU,RU,RU-PRI,Artyom,yes,UHWW,VVO,,http://www.vladivostokavia.ru/en/airport/,https://en.wikipedia.org/wiki/Vladivostok_International_Airport
6463,UIAA,medium_airport,Chita-Kadala International Airport,52.026299,113.306,2272.0,EU,RU,RU-ZAB,Chita,yes,UIAA,HTA,,http://aerochita.ru/,https://en.wikipedia.org/wiki/Kadala_Airport
6464,UIBB,medium_airport,Bratsk Airport,56.370601654052734,101.697998046875,1610.0,AS,RU,RU-IRK,Bratsk,yes,UIBB,BTK,,,https://en.wikipedia.org/wiki/Bratsk_Airport
6465,UIII,medium_airport,Irkutsk International Airport,52.268002,104.389,1675.0,EU,RU,RU-IRK,Irkutsk,yes,UIII,IKT,,http://www.iktport.ru/,https://en.wikipedia.org/wiki/Irkutsk_Airport
6467,UKBB,large_airport,Boryspil International Airport,50.345001,30.894699,427.0,EU,UA,UA-32,Boryspil,yes,UKBB,KBP,,https://kbp.aero/en/,https://en.wikipedia.org/wiki/Boryspil_International_Airport
6469,UKCM,medium_airport,Mariupol International Airport,47.07609939575195,37.44960021972656,251.0,EU,UA,UA-14,Mariupol,yes,UKCM,MPW,,http://www.maraero.com/,https://en.wikipedia.org/wiki/Mariupol_International_Airport
6471,UKDD,medium_airport,Dnipro International Airport,48.357201,35.100601,481.0,EU,UA,UA-12,Dnipro,yes,UKDD,DNK,,,https://en.wikipedia.org/wiki/Dnipro_International_Airport
6472,UKDE,medium_airport,Zaporizhzhia International Airport,47.867000579833984,35.31570053100586,373.0,EU,UA,UA-23,Zaporizhia,yes,UKDE,OZH,,,https://en.wikipedia.org/wiki/Zaporizhia_International_Airport
6474,UKFF,medium_airport,Simferopol International Airport,45.0522,33.975101,639.0,EU,UA,UA-43,Simferopol,yes,UKFF,SIP,URFF,https://new.sipaero.ru/,https://en.wikipedia.org/wiki/Simferopol_International_Airport
44291,UKFG,medium_airport,Gvardeyskoe Air Base,45.116192,33.976625,721.0,EU,UA,UA-43,Sarabuz,no,UKFG,,XRFG,,https://en.wikipedia.org/wiki/Gvardeyskoye_(air_base)
44296,UKFI,medium_airport,Saky Air Base,45.090611,33.598536,36.0,EU,UA,UA-43,Novofedorovka,no,UKFI,,,,https://en.wikipedia.org/wiki/Saky_(air_base)
43680,UKFY,medium_airport,Dzhankoy Air Base,45.700901,34.4189,75.0,EU,UA,UA-43,Dzhankoy,no,UKFY,,XRFY,,https://en.wikipedia.org/wiki/Dzhankoi_(air_base)
6476,UKHH,medium_airport,Kharkiv International Airport,49.924801,36.290001,508.0,EU,UA,UA-63,Kharkiv,yes,UKHH,HRK,,http://www.airport.kharkov.ua/,https://en.wikipedia.org/wiki/Kharkiv_International_Airport
6477,UKKE,medium_airport,Cherkasy International Airport,49.4156,31.9953,375.0,EU,UA,UA-71,Cherkasy,no,UKKE,CKC,,,https://en.wikipedia.org/wiki/Cherkasy_International_Airport
6478,UKKK,medium_airport,Ihor Sikorsky Kyiv International Airport (Zhuliany),50.40194,30.45194,587.0,EU,UA,UA-30,Kyiv,yes,UKKK,IEV,,https://iev.aero/,https://en.wikipedia.org/wiki/Kyiv_International_Airport_(Zhuliany)
6479,UKKM,medium_airport,Hostomel Airport,50.6035,30.1919,517.0,EU,UA,UA-32,Kiev,no,UKKM,,,,https://en.wikipedia.org/wiki/Hostomel_Airport
6480,UKLI,medium_airport,Ivano-Frankivsk International Airport,48.88420104980469,24.68610000610352,919.0,EU,UA,UA-26,Ivano-Frankivsk,yes,UKLI,IFO,,http://www.aeroportifua.ifrastudio.com/index.php?area=2,https://en.wikipedia.org/wiki/Ivano-Frankivsk_International_Airport
6481,UKLL,large_airport,Lviv International Airport,49.8125,23.9561,1071.0,EU,UA,UA-46,Lviv,yes,UKLL,LWO,,http://www.airport.lviv.ua/index.php?id=home&L=1,https://en.wikipedia.org/wiki/Lviv_International_Airport
6482,UKLN,medium_airport,Chernivtsi International Airport,48.2593002319336,25.98080062866211,826.0,EU,UA,UA-77,Chernivtsi,yes,UKLN,CWC,,,https://en.wikipedia.org/wiki/Chernivtsi_International_Airport
6486,UKON,medium_airport,Mykolaiv International Airport,47.057899,31.9198,184.0,EU,UA,UA-48,Nikolayev,yes,UKON,NLV,,http://www.airport.nikolaev.ua/,https://en.wikipedia.org/wiki/Mykolaiv_Airport
35124,ULAH,medium_airport,Vaskovo Airport,64.441704,40.4217,82.0,EU,RU,RU-ARK,Arkhangelsk,no,ULAH,VKV,XLAH,,https://en.wikipedia.org/wiki/Vaskovo_Airport
32040,ULAM,medium_airport,Naryan Mar Airport,67.639999,53.121899,36.0,EU,RU,RU-NEN,Naryan Mar,yes,ULAM,NNM,,,https://en.wikipedia.org/wiki/Naryan-Mar_Airport
6489,ULLI,large_airport,Pulkovo Airport,59.800301,30.262501,78.0,EU,RU,RU-SPE,St. Petersburg,yes,ULLI,LED,,https://pulkovoairport.ru/,https://en.wikipedia.org/wiki/Pulkovo_Airport
34932,ULLP,medium_airport,Pushkin Airport,59.685001,30.338301,230.0,EU,RU,RU-SPE,St. Petersburg,no,ULLP,,,,https://en.wikipedia.org/wiki/Pushkin_Airport
42973,ULNR,medium_airport,Staraya Russa Air Base,57.961399,31.384399,82.0,EU,RU,RU-NGR,Staraya Russa,no,,,XLNR,,https://en.wikipedia.org/wiki/Staraya_Russa_Airport
6492,ULPB,medium_airport,Petrozavodsk Airport,61.88520050048828,34.15470123291016,151.0,EU,RU,RU-KR,Petrozavodsk,yes,ULPB,PES,,,https://en.wikipedia.org/wiki/Petrozavodsk_Airport
32571,ULWW,medium_airport,Vologda Airport,59.282501,39.944401,387.0,EU,RU,RU-VLG,Vologda,no,ULWW,VGD,,,https://en.wikipedia.org/wiki/Vologda_Airport
6495,UMBB,medium_airport,Brest Airport,52.108299,23.8981,468.0,EU,BY,BY-BR,Brest,yes,UMBB,BQT,,,https://en.wikipedia.org/wiki/Brest_Airport
6496,UMGG,medium_airport,Gomel Airport,52.527000427246094,31.016700744628903,472.0,EU,BY,BY-HO,Gomel,yes,UMGG,GME,,http://www.gomelavia.com/,https://en.wikipedia.org/wiki/Gomel_Airport
6497,UMII,medium_airport,Vitebsk Vostochny Airport,55.126499176025,30.349599838257,682.0,EU,BY,BY-VI,Vitebsk,no,UMII,VTB,,,https://en.wikipedia.org/wiki/Vitebsk_Vostochny_Airport
44338,UMMA,medium_airport,Baranavichi Air Base,53.099998,26.049999,,EU,BY,BY-BR,Baranavichi,no,UMMA,,,,https://en.wikipedia.org/wiki/Baranovichi_(air_base)
6499,UMMG,medium_airport,Hrodna Airport,53.60200119018555,24.053800582885746,443.0,EU,BY,BY-HR,Hrodna,yes,UMMG,GNA,,,https://en.wikipedia.org/wiki/Hrodna_Airport
44375,UMNB,medium_airport,Babruisk Air Base,53.105,29.205,502.0,EU,BY,BY-MA,Babruisk,no,UMNB,,,,https://ru.wikipedia.org/wiki/%D0%91%D0%BE%D0%B1%D1%80%D1%83%D0%B9%D1%81%D0%BA_(%D0%B0%D1%8D%D1%80%D0%BE%D0%B4%D1%80%D0%BE%D0%BC
6502,UMOO,medium_airport,Mogilev Airport,53.95489883422852,30.09510040283203,637.0,EU,BY,BY-MA,Mogilev,yes,UMOO,MVQ,,,https://en.wikipedia.org/wiki/Mogilev_Airport
6503,UNAA,medium_airport,Abakan International Airport,53.740002,91.385002,831.0,EU,RU,RU-KK,Abakan,yes,UNAA,ABA,,,https://en.wikipedia.org/wiki/Abakan_International_Airport
6504,UNBB,medium_airport,Barnaul Airport,53.363800048828125,83.53849792480469,837.0,AS,RU,RU-ALT,Barnaul,yes,UNBB,BAX,,http://airaltay.ru/,https://en.wikipedia.org/wiki/Barnaul_Airport
42913,UNBG,medium_airport,Gorno-Altaysk Airport,51.969204,85.836539,965.0,EU,RU,RU-AL,Gorno-Altaysk,no,UNBG,RGK,,,https://en.wikipedia.org/wiki/Gorno-Altaysk_Airport
6505,UNEE,medium_airport,Kemerovo Airport,55.27009963989258,86.1072006225586,863.0,AS,RU,RU-KEM,Kemerovo,yes,UNEE,KEJ,,,https://en.wikipedia.org/wiki/Kemerovo_Airport
6506,UNKL,large_airport,Krasnoyarsk International Airport,56.173077,92.492437,942.0,EU,RU,RU-KYA,Krasnoyarsk,yes,UNKL,KJA,,http://www.kja.aero,https://en.wikipedia.org/wiki/Krasnoyarsk_International_Airport
44425,UNKM,medium_airport,Krasnoyarsk Cheremshanka Airport,56.177584,92.545881,833.0,AS,RU,RU-KYA,Krasnoyarsk,yes,UNKM,KCY,,http://www.cheremshanka.ru/,https://en.wikipedia.org/wiki/Krasnoyarsk_Cheremshanka_Airport
31793,UNKY,medium_airport,Kyzyl Airport,51.669399,94.400597,2123.0,AS,RU,RU-TY,Kyzyl,yes,UNKY,KYZ,,,https://en.wikipedia.org/wiki/Kyzyl_Airport
6507,UNNT,large_airport,Novosibirsk Tolmachevo Airport,55.019756,82.618675,365.0,EU,RU,RU-NVS,Novosibirsk,yes,UNNT,OVB,,http://eng.tolmachevo.ru/,https://en.wikipedia.org/wiki/Tolmachevo_Airport
6508,UNOO,medium_airport,Omsk Central Airport,54.96699905395508,73.31050109863281,311.0,AS,RU,RU-OMS,Omsk,yes,UNOO,OMS,,,https://en.wikipedia.org/wiki/Tsentralny_Airport
32546,UNSS,medium_airport,Strezhevoy Airport,60.7094,77.660004,164.0,AS,RU,RU-TOM,Strezhevoy,no,UNSS,SWT,,,https://en.wikipedia.org/wiki/Strezhevoy_Airport
32045,UNWW,medium_airport,Spichenkovo Airport,53.811401,86.877197,1024.0,EU,RU,RU-KEM,Novokuznetsk,yes,UNWW,NOZ,,,https://en.wikipedia.org/wiki/Spichenkovo_Airport
45191,URKE,medium_airport,Yeysk Airport,46.68,38.21,60.0,EU,RU,RU-KDA,Yeysk,yes,,EIK,URKE,,https://en.wikipedia.org/wiki/Yeysk_Airport
31522,URKG,medium_airport,Gelendzhik Airport,44.5820926295,38.0124807358,98.0,EU,RU,RU-KDA,Gelendzhik,yes,URKG,GDZ,,http://basel.aero/en/gelendjik/,https://en.wikipedia.org/wiki/Gelendzhik_Airport
44321,URKH,medium_airport,Khanskaya Air Base,44.68,40.035,600.0,EU,RU,RU-AD,Maykop,no,,,XRKH,,
6512,URKK,medium_airport,Krasnodar Pashkovsky International Airport,45.034698,39.170502,118.0,EU,RU,RU-KDA,Krasnodar,yes,URKK,KRR,,https://krr.aero/en/,https://en.wikipedia.org/wiki/Pashkovsky_Airport
6513,URML,medium_airport,Makhachkala Uytash International Airport,42.816799,47.652302,12.0,EU,RU,RU-DA,Makhachkala,yes,URML,MCX,,,https://en.wikipedia.org/wiki/Uytash_airport
6514,URMM,medium_airport,Mineralnyye Vody Airport,44.22510147094727,43.08190155029297,1054.0,EU,RU,RU-STA,Mineralnyye Vody,yes,URMM,MRV,,,https://en.wikipedia.org/wiki/Mineralnye_Vody_Airport
6515,URMN,medium_airport,Nalchik Airport,43.51290130615234,43.636600494384766,1461.0,EU,RU,RU-KB,Nalchik,yes,URMN,NAL,,,https://en.wikipedia.org/wiki/Nalchik_Airport
6516,URMO,medium_airport,Vladikavkaz Beslan International Airport,43.205101,44.606602,1673.0,EU,RU,RU-SE,Beslan,yes,URMO,OGZ,,,https://en.wikipedia.org/wiki/Beslan_Airport
43689,URMS,medium_airport,Magas Airport,43.323268,45.012568,1165.0,AS,RU,RU-IN,Sunzha,yes,URMS,IGT,,,https://en.wikipedia.org/wiki/Magas_Airport
6517,URMT,medium_airport,Stavropol Shpakovskoye Airport,45.10919952392578,42.11280059814453,1486.0,EU,RU,RU-STA,Stavropol,yes,URMT,STW,,,https://en.wikipedia.org/wiki/Stavropol_Shpakovskoye_Airport
44865,URRT,medium_airport,Taganrog Yuzhny Airport,47.1983333,38.8491667,117.0,EU,RU,RU-ROS,Taganrog,yes,URRT,TGK,,http://www.beriev.com/rus/airport.html,https://ru.wikipedia.org/wiki/Таганрог-Южный_(аэропорт)
6519,URSS,large_airport,Sochi International Airport,43.449902,39.9566,89.0,EU,RU,RU-KDA,Sochi,yes,URSS,AER,,https://aer.aero/en,https://en.wikipedia.org/wiki/Sochi_International_Airport
6520,URWA,medium_airport,Astrakhan Narimanovo Boris M. Kustodiev International Airport,46.282843,48.010511,-65.0,AS,RU,RU-AST,Astrakhan,yes,URWA,ASF,,http://xn--80aaaa9dcahhdbllc1cxhc.xn--p1ai/,https://en.wikipedia.org/wiki/Narimanovo_Airport
6521,URWI,medium_airport,Elista Airport,46.3739013671875,44.33089828491211,501.0,EU,RU,RU-KL,Elista,yes,URWI,ESL,,,https://en.wikipedia.org/wiki/Elista_Airport
6522,URWW,medium_airport,Volgograd International Airport,48.782501220703125,44.34550094604492,482.0,EU,RU,RU-VGG,Volgograd,yes,URWW,VOG,,,https://en.wikipedia.org/wiki/Volgograd_International_Airport
26370,USCC,medium_airport,Chelyabinsk Balandino Airport,55.305801,61.5033,769.0,EU,RU,RU-CHE,Chelyabinsk,yes,USCC,CEK,,http://cekport.ru/,https://en.wikipedia.org/wiki/Chelyabinsk_Airport
26372,USDD,medium_airport,Salekhard Airport,66.5907974243164,66.61100006103516,218.0,AS,RU,RU-YAN,Salekhard,yes,USDD,SLY,,,https://en.wikipedia.org/wiki/Salekhard_Airport
26373,USHH,medium_airport,Khanty Mansiysk Airport,61.0285,69.086098,76.0,AS,RU,RU-KHM,Khanty-Mansiysk,yes,USHH,HMA,,,https://en.wikipedia.org/wiki/Khanty-Mansiysk_Airport
42944,USHN,medium_airport,Nyagan Airport,62.110001,65.614998,361.0,EU,RU,RU-KHM,Nyagan,yes,USHN,NYA,,,https://en.wikipedia.org/wiki/Nyagan_Airport
32554,USHS,medium_airport,Sovetskiy Airport,61.326622009277344,63.60191345214844,351.0,AS,RU,RU-KHM,Sovetskiy,yes,USHS,OVS,,,https://en.wikipedia.org/wiki/Sovetsky_Tyumenskaya
32548,USHU,medium_airport,Uray Airport,60.103298,64.826698,190.0,AS,RU,RU-KHM,Uray,yes,USHU,URJ,,,https://en.wikipedia.org/wiki/Uray_Airport
31670,USII,medium_airport,Izhevsk Airport,56.82809829711914,53.45750045776367,531.0,EU,RU,RU-UD,Izhevsk,yes,USII,IJK,,,https://en.wikipedia.org/wiki/Izhevsk_Airport
42945,USKK,medium_airport,Pobedilovo Airport,58.503883,49.347831,479.0,EU,RU,RU-KIR,Kirov,yes,USKK,KVX,,http://www.pobedilovo.com/,https://en.wikipedia.org/wiki/Pobedilovo_Airport
32057,USMU,medium_airport,Novy Urengoy Airport,66.06939697265625,76.52030181884766,210.0,AS,RU,RU-YAN,Novy Urengoy,yes,USMU,NUX,,,https://en.wikipedia.org/wiki/Novy_Urengoy_Airport
26374,USNN,medium_airport,Nizhnevartovsk Airport,60.949299,76.483597,177.0,AS,RU,RU-KHM,Nizhnevartovsk,yes,USNN,NJC,,,https://en.wikipedia.org/wiki/Nizhnevartovsk_Airport
26375,USPP,medium_airport,Perm International Airport,57.914501,56.021198,404.0,EU,RU,RU-PER,Perm,yes,USPP,PEE,,http://www.aviaperm.ru/,https://en.wikipedia.org/wiki/Perm_International_Airport
26376,USRK,medium_airport,Kogalym International Airport,62.19039916992188,74.53379821777344,220.0,AS,RU,RU-KHM,Kogalym,yes,USRK,KGP,,,https://en.wikipedia.org/wiki/Kogalym_International_Airport
42943,USRN,medium_airport,Nefteyugansk Airport,61.108299,72.650002,115.0,AS,RU,RU-KHM,Nefteyugansk,yes,USRN,NFG,,http://www.nuatc.ru/,https://en.wikipedia.org/wiki/Nefteyugansk_Airport
35176,USRO,medium_airport,Noyabrsk Airport,63.18330001831055,75.2699966430664,446.0,AS,RU,RU-YAN,Noyabrsk,yes,USRO,NOJ,,,https://en.wikipedia.org/wiki/Noyabrsk_Airport
26377,USRR,medium_airport,Surgut Airport,61.34370040893555,73.40180206298828,200.0,AS,RU,RU-KHM,Surgut,yes,USRR,SGC,,,https://en.wikipedia.org/wiki/Surgut_Airport
42985,USSK,medium_airport,Uktus Airport,56.701698,60.790001,643.0,AS,RU,RU-SVE,Yekaterinburg,no,USSK,,,http://uktus.uralfirm.ru/,https://en.wikipedia.org/wiki/Uktus_Airport
26378,USSS,large_airport,Koltsovo Airport,56.743099212646,60.802700042725,764.0,AS,RU,RU-SVE,Yekaterinburg,yes,USSS,SVX,,http://www.koltsovo.ru/en/,https://en.wikipedia.org/wiki/Koltsovo_Airport
26379,USTR,medium_airport,Roshchino International Airport,57.16833,65.31611,378.0,AS,RU,RU-TYU,Tyumen,yes,USTR,TJM,,,https://en.wikipedia.org/wiki/Roschino_International_Airport
31773,USUU,medium_airport,Kurgan Airport,55.4753,65.415604,240.0,AS,RU,RU-KGN,Kurgan,yes,USUU,KRO,,,https://en.wikipedia.org/wiki/Kurgan_Airport
26380,UTAA,large_airport,Ashgabat International Airport,37.986801,58.361,692.0,AS,TM,TM-S,Ashgabat,yes,UTAA,ASB,,,https://en.wikipedia.org/wiki/Ashgabat_International_Airport
26381,UTAK,medium_airport,Turkmenbashi International Airport,40.063301,53.007198,279.0,AS,TM,TM-B,Turkmenbashi,yes,UTAK,KRW,,,https://en.wikipedia.org/wiki/Turkmenbashi_International_Airport
26382,UTAM,medium_airport,Mary International Airport,37.62353,61.895668,728.0,AS,TM,TM-M,Mary,yes,UTAM,MYP,,,https://en.wikipedia.org/wiki/Mary_International_Airport
26385,UTDD,medium_airport,Dushanbe Airport,38.543301,68.824997,2575.0,AS,TJ,TJ-DU,Dushanbe,yes,UTDD,DYU,,,https://en.wikipedia.org/wiki/Dushanbe_Airport
32013,UTNN,medium_airport,Nukus Airport,42.4884,59.623299,246.0,AS,UZ,UZ-QR,Nukus,yes,UTNN,NCU,,,https://en.m.wikipedia.org/wiki/Nukus_Airport
26387,UTNU,medium_airport,Urgench Airport,41.58430099487305,60.641700744628906,320.0,AS,UZ,UZ-XO,Urgench,yes,UTNU,UGC,,,https://en.wikipedia.org/wiki/Urgench_Airport
26388,UTSB,medium_airport,Bukhara International Airport,39.775002,64.483299,751.0,AS,UZ,UZ-BU,Bukhara,yes,UTSB,BHK,,,https://en.wikipedia.org/wiki/Bukhara_International_Airport
26392,UTTT,large_airport,Tashkent International Airport,41.257900238,69.2811965942,1417.0,AS,UZ,UZ-TO,Tashkent,yes,UTTT,TAS,,,https://en.wikipedia.org/wiki/Tashkent_International_Airport
31761,UUBA,medium_airport,Kostroma Sokerkino Airport,57.796902,41.019402,446.0,EU,RU,RU-KOS,Kostroma,yes,UUBA,KMW,,http://www.kmtn.ru/~koao/,https://en.wikipedia.org/wiki/Kostroma_Airport
31690,UUBI,medium_airport,Ivanovo South Airport,56.93939971923828,40.940799713134766,410.0,EU,RU,RU-IVA,Ivanovo,yes,UUBI,IWA,,,https://en.wikipedia.org/wiki/Ivanovo_Yuzhny_Airport
35074,UUBL,medium_airport,Semyazino Airport,56.127423,40.315202,554.0,EU,RU,RU-VLA,Vladimir,no,,,UUBL,http://www2.vtsnet.ru/vlavia/HTMLs/airdrom_rus.htm,https://en.wikipedia.org/wiki/Semyazino_Airport
42966,UUBM,medium_airport,Myachkovo Airfield,55.560001,37.985001,410.0,EU,RU,RU-MOS,Moscow,no,,,UUBM,http://www.miachkovo.com/,https://en.wikipedia.org/wiki/Myachkovo_Airport
26393,UUBP,medium_airport,Bryansk Airport,53.214199,34.176399,663.0,EU,RU,RU-BRY,Bryansk,yes,UUBP,BZK,,http://www.airport.bryansk.ru/,https://en.wikipedia.org/wiki/Bryansk_International_Airport
42967,UUBW,large_airport,Zhukovsky International Airport,55.553299,38.150002,377.0,EU,RU,RU-MOS,Moscow,yes,UUBW,ZIA,,http://zia.aero/,https://en.wikipedia.org/wiki/Zhukovsky_International_Airport
26394,UUDD,large_airport,Domodedovo International Airport,55.408798,37.9063,588.0,EU,RU,RU-MOS,Moscow,yes,UUDD,DME,,http://www.domodedovo.ru/en/,https://en.wikipedia.org/wiki/Domodedovo_International_Airport
26396,UUEE,large_airport,Sheremetyevo International Airport,55.972599,37.4146,622.0,EU,RU,RU-MOS,Moscow,yes,UUEE,SVO,,http://svo.aero/en/,https://en.wikipedia.org/wiki/Sheremetyevo_International_Airport
26397,UUEM,medium_airport,Migalovo Air Base,56.82469940185547,35.7577018737793,469.0,EU,RU,RU-TVE,Tver,no,UUEM,KLD,,,https://en.wikipedia.org/wiki/Migalovo
34931,UUMO,medium_airport,Ostafyevo International Airport,55.511667,37.507222,568.0,EU,RU,RU-MOS,Moscow,no,UUMO,OSF,,http://eng.gazpromavia.ru/page20.shtml,https://en.wikipedia.org/wiki/Ostafievo_International_Airport
42968,UUMT,medium_airport,Tretyakovo Airport,54.904999,39.026669,515.0,EU,RU,RU-MOS,Lukhovitsy,no,UUMT,,,,https://en.wikipedia.org/wiki/Tretyakovo_Airport
34969,UUMU,medium_airport,Chkalovskiy Air Base,55.8783,38.061699,499.0,EU,RU,RU-MOS,Moscow,no,UUMU,CKL,,,https://en.wikipedia.org/wiki/Chkalovsky_Airport
26398,UUOB,medium_airport,Belgorod International Airport,50.643798828125,36.5900993347168,735.0,EU,RU,RU-BEL,Belgorod,yes,UUOB,EGO,,,https://en.wikipedia.org/wiki/Belgorod_Airport
26399,UUOK,medium_airport,Kursk East Airport,51.7505989074707,36.29560089111328,686.0,EU,RU,RU-KRS,Kursk,yes,UUOK,URS,,,https://en.wikipedia.org/wiki/Kursk_Vostochny_Airport
31846,UUOL,medium_airport,Lipetsk Airport,52.70280075073242,39.53779983520508,584.0,EU,RU,RU-LIP,Lipetsk,yes,UUOL,LPK,,,https://en.wikipedia.org/wiki/Lipetsk_Airport
26400,UUOO,medium_airport,Voronezh International Airport,51.81420135498047,39.22959899902344,514.0,EU,RU,RU-VOR,Voronezh,yes,UUOO,VOZ,,,https://en.wikipedia.org/wiki/Voronezh_International_Airport
32427,UUOT,medium_airport,Donskoye Airport,52.806099,41.4828,413.0,EU,RU,RU-TAM,Tambov,no,UUOT,TBW,,,https://en.wikipedia.org/wiki/Tambov_Donskoye_Airport
42933,UUWE,medium_airport,Yermolino Air Base,55.228333,36.608334,640.0,EU,RU,RU-KLU,Balabanovo,no,,,UUWE,,https://en.wikipedia.org/wiki/Ermolino_Airport
26401,UUWW,large_airport,Vnukovo International Airport,55.591499,37.261501,685.0,EU,RU,RU-MOW,Moscow,yes,UUWW,VKO,,https://vnukovo.ru/en/,https://en.wikipedia.org/wiki/Vnukovo_International_Airport
32154,UUYP,medium_airport,Pechora Airport,65.121101,57.130798,98.0,EU,RU,RU-KO,Pechora,yes,UUYP,PEX,,,https://en.wikipedia.org/wiki/Pechora_Airport
32555,UUYS,medium_airport,Usinsk Airport,66.0047,57.367199,262.0,AS,RU,RU-KO,Usinsk,yes,UUYS,USK,,,https://en.wikipedia.org/wiki/Usinsk_Airport
26402,UUYY,medium_airport,Syktyvkar Airport,61.64699935913086,50.84510040283203,342.0,EU,RU,RU-KO,Syktyvkar,yes,UUYY,SCW,,,https://en.wikipedia.org/wiki/Syktyvkar_Airport
35174,UWKB,medium_airport,Bugulma Airport,54.641184,52.800229,991.0,AS,RU,RU-TA,Bugulma,yes,UWKB,UUA,,,https://en.wikipedia.org/wiki/Bugulma_Airport
26405,UWKE,medium_airport,Begishevo Airport,55.564701080322266,52.09249877929688,643.0,EU,RU,RU-TA,Nizhnekamsk,yes,UWKE,NBC,,,https://en.wikipedia.org/wiki/Begishevo_Airport
31707,UWKJ,medium_airport,Yoshkar-Ola Airport,56.70059967041016,47.90470123291016,348.0,EU,RU,RU-ME,Yoshkar-Ola,yes,UWKJ,JOK,,,https://en.wikipedia.org/wiki/Yoshkar-Ola_Airport
26406,UWKS,medium_airport,Cheboksary Airport,56.09030151367188,47.3473014831543,558.0,EU,RU,RU-CU,Cheboksary,yes,UWKS,CSY,,,https://en.wikipedia.org/wiki/Cheboksary_Airport
26408,UWOO,medium_airport,Orenburg Central Airport,51.79579925537109,55.45669937133789,387.0,EU,RU,RU-ORE,Orenburg,yes,UWOO,REN,,http://www.airoport.orenair.ru/,https://en.wikipedia.org/wiki/Orenburg_Tsentralny_Airport
26409,UWOR,medium_airport,Orsk Airport,51.072498,58.5956,909.0,AS,RU,RU-ORE,Orsk,yes,UWOR,OSW,,,https://en.wikipedia.org/wiki/Orsk_Airport
32155,UWPP,medium_airport,Penza Airport,53.110599517822266,45.02109909057617,614.0,EU,RU,RU-PNZ,Penza,yes,UWPP,PEZ,,,https://en.wikipedia.org/wiki/Penza_Airport
42965,UWPS,medium_airport,Saransk Airport,54.12512969970703,45.21225738525391,676.0,EU,RU,RU-MO,Saransk,yes,UWPS,SKX,,,https://en.wikipedia.org/wiki/Saransk_Airport
30804,UWSB,medium_airport,Balakovo Airport,51.858299,47.745602,95.0,AS,RU,RU-SAR,Balakovo,yes,UWSB,BWO,,,https://en.wikipedia.org/wiki/Balakovo_Airport
26411,UWUU,large_airport,Ufa International Airport,54.557498931885,55.874401092529,449.0,EU,RU,RU-BA,Ufa,yes,UWUU,UFA,,http://www.airportufa.ru/en/,https://en.wikipedia.org/wiki/Ufa_International_Airport
26412,UWWW,large_airport,Kurumoch International Airport,53.504902,50.164299,477.0,EU,RU,RU-SAM,Samara,yes,UWWW,KUF,,https://kuf.aero/en/,https://en.wikipedia.org/wiki/Kurumoch_International_Airport
26431,VAAH,medium_airport,Sardar Vallabh Bhai Patel International Airport,23.0772,72.634697,189.0,AS,IN,IN-GJ,Ahmedabad,yes,VAAH,AMD,,https://www.adani.com/svpia-ahmedabad-airport,https://en.wikipedia.org/wiki/Sardar_Vallabhbhai_Patel_International_Airport
26433,VAAU,medium_airport,Aurangabad Airport,19.862699508666992,75.39810180664062,1911.0,AS,IN,IN-MM,Aurangabad,yes,VAAU,IXU,,http://aai.aero/allAirports/aurangabad_generalinfo.jsp,https://en.wikipedia.org/wiki/Aurangabad_Airport
26434,VABB,large_airport,Chhatrapati Shivaji International Airport,19.0886993408,72.8678970337,39.0,AS,IN,IN-MM,Mumbai,yes,VABB,BOM,,http://www.csia.in/,https://en.wikipedia.org/wiki/Chhatrapati_Shivaji_International_Airport
26435,VABI,medium_airport,Bilaspur Airport,21.9884,82.111,899.0,AS,IN,IN-CT,Bilaspur,yes,VEBU,PAB,,,https://en.wikipedia.org/wiki/Bilaspur_Airport
26436,VABJ,medium_airport,Bhuj Airport,23.2877998352,69.6701965332,268.0,AS,IN,IN-GJ,Bhuj,yes,VABJ,BHJ,,http://aai.aero/allAirports/bhuj_generalinfo.jsp,https://en.wikipedia.org/wiki/Bhuj_Airport
26439,VABP,medium_airport,Raja Bhoj International Airport,23.2875003815,77.3374023438,1711.0,AS,IN,IN-MP,Bhopal,yes,VABP,BHO,,http://aai.aero/allAirports/bhopal_generalinfo.jsp,https://en.wikipedia.org/wiki/Bhopal_Airport
26440,VABV,medium_airport,Bhavnagar Airport,21.752199173,72.1852035522,44.0,AS,IN,IN-GJ,Bhavnagar,yes,VABV,BHU,,http://aai.aero/allAirports/bhavnagar.jsp,https://en.wikipedia.org/wiki/Bhavnagar_Airport
26441,VADN,medium_airport,Daman Airport,20.434401,72.843201,33.0,AS,IN,IN-DH,Daman,no,VADN,NMB,,,https://en.wikipedia.org/wiki/Daman_Airport
26446,VAID,medium_airport,Devi Ahilyabai Holkar Airport,22.7217998505,75.8011016846,1850.0,AS,IN,IN-MP,Indore,yes,VAID,IDR,,http://aai.aero/allAirports/indore_technicalinfo.jsp,https://en.wikipedia.org/wiki/Devi_Ahilyabai_Holkar_International_Airport
26448,VAJM,medium_airport,Jamnagar Airport,22.465499877929688,70.01260375976562,69.0,AS,IN,IN-GJ,Jamnagar,yes,VAJM,JGA,,,https://en.wikipedia.org/wiki/Jamnagar_Airport
26449,VAKE,medium_airport,Kandla Airport,23.1127,70.100304,96.0,AS,IN,IN-GJ,Kandla,yes,VAKE,IXY,,http://aai.aero/allAirports/kandla_generalinfo.jsp,https://en.wikipedia.org/wiki/Kandla_Airport
26452,VAKS,medium_airport,Keshod Airport,21.317101,70.270401,167.0,AS,IN,IN-GJ,Keshod,yes,VAKS,IXK,,https://www.aai.aero/en/airports/keshod,https://en.wikipedia.org/wiki/Keshod_Airport
3301,VAOZ,medium_airport,Nashik Airport,20.119101,73.912903,1900.0,AS,IN,IN-MM,Nasik,yes,VAOZ,ISK,,,https://en.wikipedia.org/wiki/Nashik_Airport
26455,VAPO,medium_airport,Pune Airport / Lohagaon Air Force Station,18.5821,73.919701,1942.0,AS,IN,IN-MM,Pune,yes,VAPO,PNQ,,,https://en.wikipedia.org/wiki/Pune_Airport
26456,VAPR,medium_airport,Porbandar Airport,21.649524,69.656405,23.0,AS,IN,IN-GJ,Porbandar,yes,VAPR,PBD,,http://www.airportsindia.org.in/allAirports/porbander.jsp,https://en.wikipedia.org/wiki/Porbandar_Airport
26458,VARK,medium_airport,Rajkot Airport,22.3092002869,70.77950286869999,441.0,AS,IN,IN-GJ,Rajkot,yes,VARK,RAJ,,http://www.airportsindia.org.in/allAirports/rajkot.jsp,https://en.wikipedia.org/wiki/Rajkot_Airport
26459,VARP,medium_airport,Swami Vivekananda Airport,21.180401,81.7388,1041.0,AS,IN,IN-CT,Raipur,yes,VERP,RPR,,http://aai.aero/allAirports/raipur_generalinfo.jsp,https://en.wikipedia.org/wiki/Swami_Vivekananda_Airport
26461,VASU,medium_airport,Surat Airport,21.1141,72.741798,16.0,AS,IN,IN-GJ,Surat,yes,VASU,STV,,https://suratinternationalairport.com/,https://en.wikipedia.org/wiki/Surat_Airport
26462,VAUD,medium_airport,Maharana Pratap Airport,24.6177005768,73.89610290530001,1684.0,AS,IN,IN-RJ,Udaipur,yes,VAUD,UDR,,http://www.airportsindia.org.in/allAirports/udaipur_airpo_gi.jsp,https://en.wikipedia.org/wiki/Udaipur_Airport
26471,VCCT,medium_airport,China Bay Airport,8.5385103225708,81.18190002441406,6.0,AS,LK,LK-5,Trincomalee,yes,VCCT,TRR,,,https://en.wikipedia.org/wiki/China_Bay_Airport
26475,VDPP,large_airport,Phnom Penh International Airport,11.5466,104.844002,40.0,AS,KH,KH-12,Phnom Penh (Pou Senchey),yes,VDPP,PNH,,http://www.cambodia-airports.com/phnompenh/en/,https://en.wikipedia.org/wiki/Phnom_Penh_International_Airport
26491,VEBD,medium_airport,Bagdogra Airport,26.68120002746582,88.32859802246094,412.0,AS,IN,IN-WB,Siliguri,yes,VEBD,IXB,,http://aai.aero/allAirports/bagdogra_generalinfo.jsp,https://en.wikipedia.org/wiki/Bagdogra_Airport
26492,VEBI,medium_airport,Shillong Airport,25.70359992980957,91.97869873046876,2910.0,AS,IN,IN-ML,Shillong,yes,VEBI,SHL,,,https://en.wikipedia.org/wiki/Shillong_Airport
26494,VEBS,medium_airport,Biju Patnaik Airport,20.2444000244,85.8178024292,138.0,AS,IN,IN-OR,Bhubaneswar,yes,VEBS,BBI,,http://aai.aero/allAirports/bhubaneshwar_generalinfo.jsp,https://en.wikipedia.org/wiki/Biju_Patnaik_Airport
26496,VECC,large_airport,Netaji Subhash Chandra Bose International Airport,22.654699,88.446701,16.0,AS,IN,IN-WB,Kolkata,yes,VECC,CCU,,https://www.nscbiairport.com/,https://en.wikipedia.org/wiki/Netaji_Subhash_Chandra_Bose_International_Airport
317982,VEDG,medium_airport,Kazi Nazrul Islam Airport,23.6225,87.243,300.0,AS,IN,IN-WB,Durgapur,yes,VEDG,RDP,,,https://en.wikipedia.org/wiki/Kazi_Nazrul_Islam_Airport
26500,VEGK,medium_airport,Gorakhpur Airport,26.7397003174,83.4496994019,259.0,AS,IN,IN-UP,Gorakhpur,yes,VEGK,GOP,,http://www.aai.aero/allAirports/gorakhpur.jsp,https://en.wikipedia.org/wiki/Gorakhpur_Airport
26501,VEGT,medium_airport,Lokpriya Gopinath Bordoloi International Airport,26.10610008239746,91.58589935302734,162.0,AS,IN,IN-AS,Guwahati,yes,VEGT,GAU,,http://aai.aero/guwahati/index.jsp,https://en.wikipedia.org/wiki/Lokpriya_Gopinath_Bordoloi_International_Airport
26502,VEGY,medium_airport,Gaya Airport,24.744301,84.951202,380.0,AS,IN,IN-BR,Gaya,yes,VEGY,GAY,,,https://en.wikipedia.org/wiki/Gaya_Airport
26504,VEIM,medium_airport,Imphal Airport,24.7600002289,93.896697998,2540.0,AS,IN,IN-MN,Imphal,yes,VEIM,IMF,,http://www.aai.aero/allAirports/imphal_gen.jsp,https://en.wikipedia.org/wiki/Imphal_Airport
26509,VEKU,medium_airport,Silchar Airport,24.9129009247,92.9786987305,352.0,AS,IN,IN-AS,Silchar,yes,VEKU,IXS,,http://aai.aero/allAirports/silchar_general.jsp,https://en.wikipedia.org/wiki/Silchar_Airport
26511,VELR,medium_airport,Lilabari North Lakhimpur Airport,27.2955,94.097603,330.0,AS,IN,IN-AS,Lilabari,yes,VELR,IXI,,,https://en.wikipedia.org/wiki/Lilabari_Airport
26513,VEMR,medium_airport,Dimapur Airport,25.8838996887,93.7711029053,487.0,AS,IN,IN-NL,Dimapur,yes,VEMR,DMU,,,https://en.wikipedia.org/wiki/Dimapur_Airport
26517,VEPT,medium_airport,Jay Prakash Narayan Airport,25.591299,85.087997,170.0,AS,IN,IN-BR,Patna,yes,VEPT,PAT,,http://airportsindia.org.in/allAirports/patna_techinfo.jsp,https://en.wikipedia.org/wiki/Jay_Prakash_Narayan_Airport
26519,VERC,medium_airport,Birsa Munda Airport,23.314300537100003,85.3217010498,2148.0,AS,IN,IN-JH,Ranchi,yes,VERC,IXR,,http://airportsindia.org.in/allAirports/ranchi.jsp,https://en.wikipedia.org/wiki/Birsa_Munda_Airport
26520,VERK,medium_airport,Rourkela Airport,22.256571,84.815193,659.0,AS,IN,IN-OR,Rourkela,no,VERK,RRK,,,https://en.wikipedia.org/wiki/Rourkela_Airport
26525,VGBR,medium_airport,Barisal Airport,22.801000595092773,90.30120086669922,23.0,AS,BD,BD-1,Barisal,yes,VGBR,BZL,,,https://en.wikipedia.org/wiki/Barisal_Airport
26527,VGEG,medium_airport,Shah Amanat International Airport,22.249599,91.813301,12.0,AS,BD,BD-2,Chattogram (Chittagong),yes,VGEG,CGP,,,https://en.wikipedia.org/wiki/Shah_Amanat_International_Airport
26529,VGJR,medium_airport,Jessore Airport,23.1838,89.160797,20.0,AS,BD,BD-4,Jashore (Jessore),yes,VGJR,JSR,,,https://en.wikipedia.org/wiki/Jessore_Airport
26530,VGRJ,medium_airport,Shah Mokhdum Airport,24.43720054626465,88.61650085449219,64.0,AS,BD,BD-5,Rajshahi,yes,VGRJ,RJH,,,https://en.wikipedia.org/wiki/Shah_Makhdum_Airport
26531,VGSD,medium_airport,Saidpur Airport,25.75919914245605,88.90889739990234,125.0,AS,BD,BD-5,Saidpur,yes,VGSD,SPD,,,https://en.wikipedia.org/wiki/Saidpur_Airport
26532,VGSY,medium_airport,Osmany International Airport,24.963832,91.864843,50.0,AS,BD,BD-6,Sylhet,yes,VGSY,ZYL,,,https://en.wikipedia.org/wiki/Osmani_International_Airport
26535,VHHH,large_airport,Hong Kong International Airport,22.308901,113.915001,28.0,AS,HK,HK-NT,Hong Kong,yes,VHHH,HKG,,http://www.hongkongairport.com/,https://en.wikipedia.org/wiki/Hong_Kong_International_Airport
26537,VIAG,medium_airport,Agra Airport / Agra Air Force Station,27.157683,77.960942,551.0,AS,IN,IN-UP,Agra,yes,VIAG,AGR,,,https://en.wikipedia.org/wiki/Agra_Airport
26539,VIAM,medium_airport,Ambala Air Force Station,30.368099,76.816704,909.0,AS,IN,IN-HR,Ambala,no,VIAM,,VI18,,https://en.wikipedia.org/wiki/Halwara_Air_Force_Base
26543,VIBK,medium_airport,Nal Airport,28.070601,73.207199,750.0,AS,IN,IN-RJ,Bikaner,no,VIBK,BKB,,,https://en.wikipedia.org/wiki/Bikaner_Airport
26547,VIBT,medium_airport,Bhatinda Air Force Station,30.2701,74.755798,662.0,AS,IN,IN-PB,,no,VIBT,BUP,,,https://en.wikipedia.org/wiki/Bathinda_Airport
26549,VIBY,medium_airport,Bareilly Air Force Station,28.4221,79.450798,580.0,AS,IN,IN-UP,Bareilly,yes,VIBY,BEK,,,https://en.wikipedia.org/wiki/Trishul_Air-base
26552,VIDD,medium_airport,Safdarjung Airport,28.585453,77.203563,705.0,AS,IN,IN-DL,New Delhi,no,VIDD,,,,https://en.wikipedia.org/wiki/Safdarjung_Airport
26554,VIDN,medium_airport,Dehradun Jolly Grant Airport,30.189243,78.176651,1831.0,AS,IN,IN-UT,Dehradun (Jauligrant),yes,VIDN,DED,,http://aai.aero/allAirports/dehradun_generalinfo.jsp,https://en.wikipedia.org/wiki/Jolly_Grant_Airport
26555,VIDP,large_airport,Indira Gandhi International Airport,28.55563,77.09519,777.0,AS,IN,IN-DL,New Delhi,yes,VIDP,DEL,,http://www.newdelhiairport.in/,https://en.wikipedia.org/wiki/Indira_Gandhi_International_Airport
26557,VIGG,medium_airport,Kangra Airport,32.164902,76.263018,2525.0,AS,IN,IN-HP,Kangra,yes,VIGG,DHM,,https://www.aai.aero/en/airports/kangra-gaggal,https://en.wikipedia.org/wiki/Kangra_Airport
26562,VIJO,medium_airport,Jodhpur Airport,26.251100540161133,73.04889678955078,717.0,AS,IN,IN-RJ,Jodhpur,yes,VIJO,JDH,,,https://en.wikipedia.org/wiki/Jodhpur_Airport
26563,VIJP,medium_airport,Jaipur International Airport,26.8242,75.812202,1263.0,AS,IN,IN-RJ,Jaipur,yes,VIJP,JAI,,https://www.jaipurairport.com/,https://en.wikipedia.org/wiki/Jaipur_International_Airport
327453,VIKG,medium_airport,Kishangarh Airport Ajmer,26.591007,74.812956,,AS,IN,IN-RJ,Ajmer (Kishangarh),yes,VIKG,KQH,,,https://en.wikipedia.org/wiki/Kishangarh_Airport
26567,VIKO,medium_airport,Kota Airport,25.160200119,75.84559631350001,896.0,AS,IN,IN-RJ,Kota,no,VIKO,KTU,,,https://en.wikipedia.org/wiki/Kota_Airport
26568,VILD,medium_airport,Ludhiana Airport,30.854700088500977,75.95259857177734,834.0,AS,IN,IN-PB,,no,VILD,LUH,,,https://en.wikipedia.org/wiki/Sahnewal_Airport
26569,VILH,medium_airport,Leh Kushok Bakula Rimpochee Airport,34.135899,77.546501,10682.0,AS,IN,IN-LA,Leh,yes,VILH,IXL,,http://airportsindia.org.in/allAirports/leh_generalinfo.jsp,https://en.wikipedia.org/wiki/Leh_Kushok_Bakula_Rimpochee_Airport
26570,VILK,medium_airport,Chaudhary Charan Singh International Airport,26.7605991364,80.8892974854,410.0,AS,IN,IN-UP,Lucknow,yes,VILK,LKO,,http://aai.aero/allAirports/lucknow_generalinfo.jsp,https://en.wikipedia.org/wiki/Amausi_Airport
26571,VIPK,medium_airport,Pathankot Airport,32.233611,75.634444,1017.0,AS,IN,IN-PB,Pathankot,yes,VIPK,IXP,,,https://en.wikipedia.org/wiki/Pathankot_Airport
26573,VIPT,medium_airport,Pantnagar Airport,29.0334,79.473701,769.0,AS,IN,IN-UP,Pantnagar,yes,VIPT,PGH,,,https://en.wikipedia.org/wiki/Pantnagar_Airport
26578,VISR,medium_airport,Sheikh ul Alam International Airport,33.987099,74.7742,5429.0,AS,IN,IN-JK,Srinagar,yes,VISR,SXR,,,https://en.wikipedia.org/wiki/Srinagar_Airport
26581,VIUX,medium_airport,Udhampur Air Force Station,32.902152,75.155709,2066.0,AS,IN,IN-JK,Udhampur,no,VIUX,,,,
26583,VLLB,medium_airport,Luang Phabang International Airport,19.897300720214844,102.16100311279295,955.0,AS,LA,LA-LP,Luang Phabang,yes,VLLB,LPQ,,,https://en.wikipedia.org/wiki/Luang_Prabang_International_Airport
26586,VLSK,medium_airport,Savannakhet Airport,16.55660057067871,104.76000213623048,509.0,AS,LA,LA-SV,,no,VLSK,ZVK,,,https://en.wikipedia.org/wiki/Savannakhet_Airport
26588,VLVT,medium_airport,Wattay International Airport,17.988300323500003,102.56300354,564.0,AS,LA,LA-VT,Vientiane,yes,VLVT,VTE,,http://www.vientianeairport.com/,https://en.wikipedia.org/wiki/Wattay_International_Airport
26589,VMMC,large_airport,Macau International Airport,22.149599,113.592003,20.0,AS,MO,MO-CAR,Nossa Senhora do Carmo,yes,VMMC,MFM,,http://www.macau-airport.gov.mo/en/index.php,https://en.wikipedia.org/wiki/Macau_International_Airport
26598,VNPK,medium_airport,Pokhara Airport,28.200621,83.981203,2712.0,AS,NP,NP-P4,Pokhara,yes,VNPK,,,,https://en.wikipedia.org/wiki/Pokhara_Airport
26600,VNVT,medium_airport,Biratnagar Airport,26.48150062561035,87.26399993896484,236.0,AS,NP,NP-P1,Biratnagar,yes,VNVT,BIR,,,https://en.wikipedia.org/wiki/Biratnagar_Airport
26603,VOBG,medium_airport,HAL Airport,12.95,77.668198,2912.0,AS,IN,IN-KA,Bangalore,no,VOBG,,,,https://en.wikipedia.org/wiki/HAL_Bangalore_International_Airport
35145,VOBL,large_airport,Kempegowda International Airport,13.1979,77.706299,3000.0,AS,IN,IN-KA,Bangalore,yes,VOBL,BLR,,http://www.bengaluruairport.com/home/home.jspx,https://en.wikipedia.org/wiki/Kempegowda_International_Airport
26605,VOBR,medium_airport,Bidar Airport / Bidar Air Force Station,17.9081,77.487099,2178.0,AS,IN,IN-KA,Bidar,no,VOBR,IXX,,,https://en.wikipedia.org/wiki/Bidar_Airport
26607,VOCB,medium_airport,Coimbatore International Airport,11.029999733,77.0434036255,1324.0,AS,IN,IN-TN,Coimbatore,yes,VOCB,CJB,,http://www.airportsindia.org.in/allAirports/coimbatore_generalinfo.jsp,https://en.wikipedia.org/wiki/Coimbatore_Airport
26609,VOCI,large_airport,Cochin International Airport,10.152,76.401901,30.0,AS,IN,IN-KL,Kochi,yes,VOCI,COK,,http://www.cial.aero/,https://en.wikipedia.org/wiki/Cochin_International_Airport
26610,VOCL,medium_airport,Calicut International Airport,11.1368,75.955299,342.0,AS,IN,IN-KL,Calicut,yes,VOCL,CCJ,,,https://en.wikipedia.org/wiki/Calicut_International_Airport
26612,VOCX,medium_airport,Car Nicobar Air Force Base,9.153056,92.819273,5.0,AS,IN,IN-AN,IAF Camp,no,VOCX,CBD,,,https://en.wikipedia.org/wiki/Car_Nicobar_Air_Force_Base
35141,VOHS,large_airport,Rajiv Gandhi International Airport,17.231318,78.429855,2024.0,AS,IN,IN-TG,Hyderabad,yes,VOHS,HYD,,http://www.hyderabad.aero/,https://en.wikipedia.org/wiki/Rajiv_Gandhi_International_Airport
26616,VOMD,medium_airport,Madurai Airport,9.83450984955,78.09339904790001,459.0,AS,IN,IN-TN,Madurai,yes,VOMD,IXM,,http://www.airportsindia.org.in/allAirports/madurai_airpo_gi.jsp,https://en.wikipedia.org/wiki/Madurai_Airport
26617,VOML,medium_airport,Mangalore International Airport,12.9612998962,74.8900985718,337.0,AS,IN,IN-KA,Mangalore,yes,VOML,IXE,,,https://en.wikipedia.org/wiki/Mangalore_International_Airport
26618,VOMM,large_airport,Chennai International Airport,12.990005,80.169296,52.0,AS,IN,IN-TN,Chennai,yes,VOMM,MAA,,,https://en.wikipedia.org/wiki/Chennai_International_Airport
26621,VOPC,medium_airport,Pondicherry Airport,11.968,79.812,134.0,AS,IN,IN-PY,Puducherry (Pondicherry),yes,VOPC,PNY,,,https://en.wikipedia.org/wiki/Pondicherry_Airport
26622,VOPN,medium_airport,Sri Sathya Sai Airport,14.1492996216,77.7910995483,1558.0,AS,IN,IN-AP,Puttaparthi,no,VOPN,PUT,,,https://en.wikipedia.org/wiki/Sri_Sathya_Sai_Airport
26624,VOSM,medium_airport,Salem Airport,11.78330039978,78.06559753418,1008.0,AS,IN,IN-TN,Salem,no,VOSM,SXV,,,https://en.wikipedia.org/wiki/Salem_Airport_(India)
26628,VOTR,medium_airport,Tiruchirappalli International Airport,10.766223,78.71774,288.0,AS,IN,IN-TN,Tiruchirappalli,yes,VOTR,TRZ,,,https://en.wikipedia.org/wiki/Tiruchirappalli_International_Airport
26629,VOTV,large_airport,Thiruvananthapuram International Airport,8.48212,76.920097,15.0,AS,IN,IN-KL,Thiruvananthapuram,yes,VOTV,TRV,,,https://en.wikipedia.org/wiki/Trivandrum_International_Airport
308995,VQGP,medium_airport,Gelephu Airport,26.88456,90.46412,980.0,AS,BT,BT-31,Gelephu,no,VQGP,GLU,,,https://en.wikipedia.org/wiki/Gelephu_Airport
26632,VQPR,medium_airport,Paro International Airport,27.4032,89.424599,7364.0,AS,BT,BT-11,Paro,yes,VQPR,PBH,,https://www.paroairport.com/,https://en.wikipedia.org/wiki/Paro_Airport
26634,VRMH,medium_airport,Hanimaadhoo Airport,6.744229793548584,73.17050170898438,4.0,AS,MV,MV-23,Haa Dhaalu Atoll,yes,VRMH,HAQ,,,https://en.wikipedia.org/wiki/Hanimaadhoo_Airport
26635,VRMK,medium_airport,Kadhdhoo Airport,1.8591699600219729,73.52189636230469,4.0,AS,MV,MV-05,Kadhdhoo,yes,VRMK,KDO,,,https://en.wikipedia.org/wiki/Kadhdhoo_Airport
26638,VTBD,large_airport,Don Mueang International Airport,13.9125995636,100.607002258,9.0,AS,TH,TH-10,Bangkok,yes,VTBD,DMK,,http://www2.airportthai.co.th/airportnew/bangkok/index.asp?lang=en,https://en.wikipedia.org/wiki/Don_Mueang_International_Airport
26641,VTBK,medium_airport,Kamphaeng Saen Airport,14.1020002365,99.9171981812,30.0,AS,TH,TH-72,Nakhon Pathom,no,VTBK,KDT,,,
26642,VTBL,medium_airport,Khok Kathiam Airport,14.8746,100.663002,123.0,AS,TH,TH-16,,no,VTBL,,,,https://en.wikipedia.org/wiki/Khok_Kathiam_Air_Force_Base
26643,VTBO,medium_airport,Trat Airport,12.2746,102.319,105.0,AS,TH,TH-23,Laem Ngop,yes,VTBO,TDX,,,https://en.wikipedia.org/wiki/Trat_Airport
28118,VTBS,large_airport,Suvarnabhumi Airport,13.681099891662598,100.74700164794922,5.0,AS,TH,TH-10,Bangkok,yes,VTBS,BKK,,,https://en.wikipedia.org/wiki/Suvarnabhumi_Airport
26645,VTBU,medium_airport,U-Tapao International Airport,12.67990016937256,101.00499725341795,42.0,AS,TH,TH-21,Rayong,yes,VTBU,UTP,,http://www.utapao.com/,https://en.wikipedia.org/wiki/U-Tapao_International_Airport
26647,VTCC,large_airport,Chiang Mai International Airport,18.7667999268,98.962600708,1036.0,AS,TH,TH-50,Chiang Mai,yes,VTCC,CNX,,,https://en.wikipedia.org/wiki/Chiang_Mai_International_Airport
26649,VTCL,medium_airport,Lampang Airport,18.27090072631836,99.50420379638672,811.0,AS,TH,TH-52,,yes,VTCL,LPT,,,https://en.wikipedia.org/wiki/Lampang_Airport
26651,VTCP,medium_airport,Phrae Airport,18.1322,100.165001,538.0,AS,TH,TH-54,,no,VTCP,PRH,,,https://en.wikipedia.org/wiki/Phrae_Airport
26653,VTCT,medium_airport,Mae Fah Luang - Chiang Rai International Airport,19.952299,99.882896,1280.0,AS,TH,TH-57,Chiang Rai,yes,VTCT,CEI,,,https://en.wikipedia.org/wiki/Chiang_Rai_International_Airport
26654,VTPB,medium_airport,Phetchabun Airport,16.6760005951,101.194999695,450.0,AS,TH,TH-67,,yes,VTPB,PHY,,,https://en.wikipedia.org/wiki/Phetchabun_Airport
26662,VTPT,medium_airport,Tak Airport,16.896,99.253304,478.0,AS,TH,TH-63,,no,VTPT,TKT,,,https://en.wikipedia.org/wiki/Tak_Airport
26665,VTSB,medium_airport,Surat Thani Airport,9.13259983063,99.135597229,20.0,AS,TH,TH-84,Surat Thani,yes,VTSB,URT,,,https://en.wikipedia.org/wiki/Surat_Thani_Airport
26666,VTSC,medium_airport,Narathiwat Airport,6.519919872283936,101.74299621582033,16.0,AS,TH,TH-96,,yes,VTSC,NAW,,,https://en.wikipedia.org/wiki/Narathiwat_Airport
26667,VTSE,medium_airport,Chumphon Airport,10.7112,99.361702,18.0,AS,TH,TH-86,Chumphon,yes,VTSE,CJM,,,https://en.wikipedia.org/wiki/Chumphon_Airport
26668,VTSF,medium_airport,Nakhon Si Thammarat Airport,8.539620399475098,99.9447021484375,13.0,AS,TH,TH-80,Nakhon Si Thammarat,yes,VTSF,NST,,,https://en.wikipedia.org/wiki/Nakhon_Si_Thammarat_Airport
26669,VTSG,medium_airport,Krabi Airport,8.09912014008,98.9861984253,82.0,AS,TH,TH-81,Krabi,yes,VTSG,KBV,,,https://en.wikipedia.org/wiki/Krabi_Airport
26670,VTSH,medium_airport,Songkhla Airport,7.186560153961182,100.60800170898438,12.0,AS,TH,TH-90,,no,VTSH,SGZ,,,
26671,VTSK,medium_airport,Pattani Airport,6.78546,101.153999,8.0,AS,TH,TH-94,,no,VTSK,PAN,,,https://en.wikipedia.org/wiki/Pattani_Airport
26672,VTSM,medium_airport,Samui Airport,9.54779,100.061996,64.0,AS,TH,TH-84,Na Thon (Ko Samui Island),yes,VTSM,USM,,http://www.samuiairportonline.com,https://en.wikipedia.org/wiki/Samui_Airport
26674,VTSP,large_airport,Phuket International Airport,8.1132,98.316902,82.0,AS,TH,TH-83,Phuket,yes,VTSP,HKT,,,https://en.wikipedia.org/wiki/Phuket_International_Airport
26675,VTSR,medium_airport,Ranong Airport,9.77762,98.585503,57.0,AS,TH,TH-85,Ranong,yes,VTSR,UNN,,,https://en.wikipedia.org/wiki/Ranong_Airport
26676,VTSS,medium_airport,Hat Yai International Airport,6.93320989609,100.392997742,90.0,AS,TH,TH-90,Hat Yai,yes,VTSS,HDY,,,https://en.wikipedia.org/wiki/Hat_Yai_International_Airport
26677,VTST,medium_airport,Trang Airport,7.50874,99.6166,67.0,AS,TH,TH-92,Trang,yes,VTST,TST,,,https://en.wikipedia.org/wiki/Trang_Airport
26678,VTUD,medium_airport,Udon Thani Airport,17.386400222800003,102.788002014,579.0,AS,TH,TH-41,Udon Thani,yes,VTUD,UTH,,http://www.udonthaniairport.com/,https://en.wikipedia.org/wiki/Udon_Thani_International_Airport
26679,VTUI,medium_airport,Sakon Nakhon Airport,17.195100784301758,104.11900329589844,529.0,AS,TH,TH-47,,yes,VTUI,SNO,,,https://en.wikipedia.org/wiki/Sakon_Nakhon_Airport
26680,VTUJ,medium_airport,Surin Airport,14.868300437927,103.49800109863,478.0,AS,TH,TH-32,Surin,yes,VTUJ,PXR,,,https://en.wikipedia.org/wiki/Surin_Airport
26682,VTUL,medium_airport,Loei Airport,17.43910026550293,101.72200012207033,860.0,AS,TH,TH-42,,yes,VTUL,LOE,,,https://en.wikipedia.org/wiki/Loei_Airport
26684,VTUO,medium_airport,Buri Ram Airport,15.2295,103.252998,590.0,AS,TH,TH-31,Buriram,yes,VTUO,BFV,,,https://en.wikipedia.org/wiki/Buriram_Airport
26687,VTUU,medium_airport,Ubon Ratchathani Airport,15.2512998581,104.870002747,406.0,AS,TH,TH-34,Ubon Ratchathani,yes,VTUU,UBP,,,https://en.wikipedia.org/wiki/Ubon_Ratchathani_Airport
26689,VTUW,medium_airport,Nakhon Phanom Airport,17.383801,104.642998,587.0,AS,TH,TH-48,Nakhon Phanom,yes,VTUW,KOP,,,https://en.wikipedia.org/wiki/Nakhon_Phanom_Airport
26690,VVBM,medium_airport,Buon Ma Thuot Airport,12.668299675,108.120002747,1729.0,AS,VN,VN-CH,Buon Ma Thuot,yes,VVBM,BMV,,,https://en.wikipedia.org/wiki/Buon_Ma_Thuot_Airport
301824,VVCM,medium_airport,Cà Mau Airport,9.177667,105.177778,6.0,AS,VN,VN-SW,Ca Mau City,yes,VVCM,CAH,,,https://en.wikipedia.org/wiki/C%C3%A0_Mau_Airport
26693,VVCR,medium_airport,Cam Ranh International Airport / Cam Ranh Air Base,11.9982,109.219002,40.0,AS,VN,VN-SCC,Cam Ranh,yes,VVCR,CXR,,,https://en.wikipedia.org/wiki/Cam_Ranh_International_Airport
26694,VVCS,medium_airport,Con Dao Airport,8.73183,106.633003,20.0,AS,VN,VN-SE,Con Dao,yes,VVCS,VCS,,,https://en.wikipedia.org/wiki/Con_Dao_Airport
26695,VVCT,medium_airport,Can Tho International Airport,10.0851,105.711998,9.0,AS,VN,VN-SW,Can Tho,yes,VVCT,VCA,,,https://en.wikipedia.org/wiki/Can_Tho_International_Airport
30923,VVDL,medium_airport,Lien Khuong Airport,11.75,108.366997,3156.0,AS,VN,VN-CH,Da Lat,yes,VVDL,DLI,,,https://en.wikipedia.org/wiki/Lien_Khuong_Airport
26697,VVDN,medium_airport,Da Nang International Airport,16.0439,108.198997,33.0,AS,VN,VN-SCC,Da Nang,yes,VVDN,DAD,,,https://en.wikipedia.org/wiki/Da_Nang_International_Airport
26698,VVGL,medium_airport,Gia Lam Air Base,21.040501,105.886002,50.0,AS,VN,VN-RRD,Hanoi  (Long Bien),no,VVGL,,,,https://en.wikipedia.org/wiki/Gia_Lam_Airbase
26700,VVNB,large_airport,Noi Bai International Airport,21.221201,105.806999,39.0,AS,VN,VN-RRD,Hanoi (Soc Son),yes,VVNB,HAN,,,https://en.wikipedia.org/wiki/Noi_Bai_International_Airport
26702,VVPB,medium_airport,Phu Bai International Airport,16.400628,107.703094,48.0,AS,VN,VN-NC,Huế,yes,VVPB,HUI,,,https://en.wikipedia.org/wiki/Phu_Bai_International_Airport
26703,VVPC,medium_airport,Phu Cat Airport,13.955,109.042,80.0,AS,VN,VN-SCC,Quy Nohn,yes,VVPC,UIH,,https://vietnamairport.vn/phucatairport/,https://en.wikipedia.org/wiki/Phu_Cat_Airport
26705,VVPQ,medium_airport,Phu Quoc International Airport,10.1698,103.9931,37.0,AS,VN,VN-SW,Phu Quoc Island,yes,VVPQ,PQC,,,https://en.wikipedia.org/wiki/Phu_Quoc_International_Airport
32580,VVRG,medium_airport,Rach Gia Airport,9.95802997234,105.132379532,7.0,AS,VN,VN-SW,Rach Gia,yes,VVRG,VKG,,,https://en.wikipedia.org/wiki/Rach_Gia_Airport
26707,VVTH,medium_airport,Dong Tac Airport,13.0496,109.334,20.0,AS,VN,VN-SCC,Tuy Hoa,yes,VVTH,TBB,,,https://en.wikipedia.org/wiki/%C4%90%C3%B4ng_T%C3%A1c_(Tuy_Hoa)_Airport
26708,VVTS,large_airport,Tan Son Nhat International Airport,10.8188,106.652,33.0,AS,VN,VN-SE,Ho Chi Minh City,yes,VVTS,SGN,,http://www.tsnairport.hochiminhcity.gov.vn/,https://en.wikipedia.org/wiki/Tan_Son_Nhat_International_Airport
26709,VVVH,medium_airport,Vinh Airport,18.7376003265,105.67099762,23.0,AS,VN,VN-NC,Vinh,yes,VVVH,VII,,,https://en.wikipedia.org/wiki/Vinh_Airport
26720,VYKG,medium_airport,Kengtung Airport,21.30159950256348,99.63600158691406,2798.0,AS,MM,MM-17,Kengtung,yes,VYKG,KET,,,https://en.wikipedia.org/wiki/Kengtung_Airport
26725,VYLS,medium_airport,Lashio Airport,22.9778995513916,97.752197265625,2450.0,AS,MM,MM-17,Lashio,yes,VYLS,LSH,,,https://en.wikipedia.org/wiki/Lashio_Airport
26727,VYMD,large_airport,Mandalay International Airport,21.70219993591309,95.97789764404295,300.0,AS,MM,MM-04,Mandalay,yes,VYMD,MDL,,,https://en.wikipedia.org/wiki/Mandalay_International_Airport
26729,VYMK,medium_airport,Myitkyina Airport,25.3836,97.351898,475.0,AS,MM,MM-11,Myitkyina,yes,VYMK,MYT,,,https://en.wikipedia.org/wiki/Myitkyina_Airport
26732,VYMS,medium_airport,Mong Hsat Airport,20.51679992675781,99.25679779052734,1875.0,AS,MM,MM-17,Mong Hsat,yes,VYMS,MOG,,,https://en.wikipedia.org/wiki/Monghsat_Airport
26734,VYNS,medium_airport,Namsang Airport,20.890499114990234,97.73590087890624,3100.0,AS,MM,MM-17,Namsang,no,VYNS,NMS,,,
26739,VYST,medium_airport,Shante Air Base,20.941699981689453,95.91449737548828,630.0,AS,MM,MM-04,Meiktila,no,VYST,,,,
26742,VYTL,medium_airport,Tachileik Airport,20.483800888061523,99.9354019165039,1280.0,AS,MM,MM-17,Tachileik,yes,VYTL,THL,,,https://en.wikipedia.org/wiki/Tachilek_Airport
26745,WAAA,large_airport,Hasanuddin International Airport,-5.06163,119.554001,47.0,AS,ID,ID-SN,Ujung Pandang,yes,WAAA,UPG,,,https://en.wikipedia.org/wiki/Hasanuddin_International_Airport
26747,WABI,medium_airport,Nabire Airport,-3.368586,135.496702,20.0,AS,ID,ID-PT,Nabire,yes,,,,,
26751,WADD,large_airport,Ngurah Rai (Bali) International Airport,-8.74817,115.167,14.0,AS,ID,ID-BA,Denpasar,yes,WADD,DPS,,http://www.angkasapura1.co.id/eng/location/bali.htm,https://en.wikipedia.org/wiki/Ngurah_Rai_Airport
26772,WAEW,medium_airport,Pitu Airport,2.04599,128.324997,49.0,AS,ID,ID-MU,Gotalalamo-Morotai Island,no,WAEW,OTI,,,https://en.wikipedia.org/wiki/Pitu_Airport
26780,WAGG,medium_airport,Tjilik Riwut Airport,-2.22513,113.943001,82.0,AS,ID,ID-KT,Palangkaraya,yes,WAGG,PKY,,,https://en.wikipedia.org/wiki/Tjilik_Riwut_Airport
26833,WAHL,medium_airport,Tunggul Wulung Airport,-7.64506,109.033997,69.0,AS,ID,ID-JT,Cilacap,yes,WAHL,CXP,,,https://en.wikipedia.org/wiki/Tunggul_Wulung_Airport
26755,WAJJ,large_airport,Dortheys Hiyo Eluay International Airport,-2.579627,140.519857,289.0,AS,ID,ID-PA,Sentani,yes,WAJJ,DJJ,,https://sentani-airport.co.id/en,https://en.wikipedia.org/wiki/Dortheys_Hiyo_Eluay_International_Airport
26757,WAKK,medium_airport,Mopah International Airport,-8.523898,140.419693,10.0,AS,ID,ID-PS,Merauke,yes,WAKK,MKQ,,,https://en.wikipedia.org/wiki/Mopah_International_Airport
26760,WALL,large_airport,Sultan Aji Muhammad Sulaiman Sepinggan International Airport,-1.268342,116.89452,12.0,AS,ID,ID-KI,Balikpapan,yes,WALL,BPN,,http://sepinggan-airport.com/,https://en.wikipedia.org/wiki/Sultan_Aji_Muhamad_Sulaiman_Airport
26770,WAMM,medium_airport,Sam Ratulangi Airport,1.54926,124.926003,264.0,AS,ID,ID-SA,Manado,yes,WAMM,MDC,,,https://en.wikipedia.org/wiki/Sam_Ratulangi_Airport
26778,WAON,medium_airport,Warukin Airport,-2.21656,115.435997,197.0,AS,ID,ID-KS,Tanta-Tabalong,yes,WAON,TJG,,,http://id.wikipedia.org/wiki/Bandar_Udara_Warukin
26779,WAOO,medium_airport,Syamsudin Noor International Airport,-3.44236,114.763,66.0,AS,ID,ID-KS,Landasan Ulin,yes,WAOO,BDJ,,https://syamsudinnoor-airport.co.id/id,https://en.wikipedia.org/wiki/Syamsudin_Noor_Airport
26784,WAPP,medium_airport,Pattimura International Airport,-3.71026,128.089005,33.0,AS,ID,ID-MA,Ambon,yes,WAPP,AMQ,,,https://en.wikipedia.org/wiki/Pattimura_Airport
26789,WARR,large_airport,Juanda International Airport,-7.37983,112.787003,9.0,AS,ID,ID-JI,Surabaya,yes,WARR,SUB,,http://www.juanda-airport.com/,https://en.wikipedia.org/wiki/Juanda_International_Airport
26791,WASF,medium_airport,Fakfak Airport,-2.920508,132.267011,462.0,AS,ID,ID-PB,Fakfak,yes,WASF,FKQ,,,https://en.wikipedia.org/wiki/Fakfak_Airport
333072,WAWD,medium_airport,Matahora Airport,-5.293996,123.634,88.0,AS,ID,ID-SG,Wangi-wangi Island,yes,WAWD,WNI,,,https://en.wikipedia.org/wiki/Matahora_Airport
26807,WBGB,medium_airport,Bintulu Airport,3.12385010719,113.019996643,74.0,AS,MY,MY-13,Bintulu,yes,WBGB,BTU,,,https://en.wikipedia.org/wiki/Bintulu_Airport
26809,WBGJ,medium_airport,Limbang Airport,4.808300018310547,115.01000213623048,14.0,AS,MY,MY-13,Limbang,yes,WBGJ,LMN,,,https://en.wikipedia.org/wiki/Limbang_Airport
350992,WBGK,medium_airport,Mukah Airport,2.881944,112.043333,20.0,AS,MY,MY-13,Mukah,yes,WBGK,MKM,,,https://en.wikipedia.org/wiki/Mukah_Airport
26810,WBGM,medium_airport,Marudi Airport,4.178734,114.330318,103.0,AS,MY,MY-13,Marudi,yes,WBGM,MUR,,,https://en.wikipedia.org/wiki/Marudi_Airport
26811,WBGR,medium_airport,Miri Airport,4.32201,113.987,59.0,AS,MY,MY-13,Miri,yes,WBGR,MYY,,,https://en.wikipedia.org/wiki/Miri_Airport
26812,WBGS,medium_airport,Sibu Airport,2.2616,111.985001,122.0,AS,MY,MY-13,Sibu,yes,WBGS,SBW,,,https://en.wikipedia.org/wiki/Sibu_Airport
26814,WBKK,medium_airport,Kota Kinabalu International Airport,5.932743,116.049324,10.0,AS,MY,MY-12,Kota Kinabalu,yes,WBKK,BKI,,,https://en.wikipedia.org/wiki/Kota_Kinabalu_International_Airport
26815,WBKL,medium_airport,Labuan Airport,5.300680160522461,115.25,101.0,AS,MY,MY-15,Labuan,yes,WBKL,LBU,,,https://en.wikipedia.org/wiki/Labuan_Airport
26819,WBSB,large_airport,Brunei International Airport,4.9442,114.928001,73.0,AS,BN,BN-BM,Bandar Seri Begawan,yes,WBSB,BWN,,,https://en.wikipedia.org/wiki/Brunei_International_Airport
26824,WICC,medium_airport,Husein Sastranegara International Airport,-6.90063,107.575996,2436.0,AS,ID,ID-JB,Bandung,yes,WICC,BDO,,,https://en.wikipedia.org/wiki/Husein_Sastranegara_International_Airport
26828,WIDD,medium_airport,Hang Nadim International Airport,1.12103,104.119003,126.0,AS,ID,ID-KR,Batam,yes,WIDD,BTH,,,https://en.wikipedia.org/wiki/Hang_Nadim_Airport
26832,WIHH,medium_airport,Halim Perdanakusuma International Airport,-6.266610145568848,106.89099884033205,84.0,AS,ID,ID-JK,Jakarta,yes,WIHH,HLP,,http://www.angkasapura2.co.id/cabang/hlp/content.php?menu=8&page_id=1,https://en.wikipedia.org/wiki/Halim_Perdanakusuma_International_Airport
26835,WIII,large_airport,Soekarno-Hatta International Airport,-6.1255698204,106.65599823,34.0,AS,ID,ID-BT,Jakarta,yes,WIII,CGK,,http://www.jakartasoekarnohattaairport.com/,https://en.wikipedia.org/wiki/Soekarno-Hatta_International_Airport
26837,WIME,medium_airport,Aek Godang Airport,1.4001,99.430496,922.0,AS,ID,ID-SU,Padang Sidempuan,yes,WIME,AEG,,,https://en.wikipedia.org/wiki/Aek_Godang_Airport
309577,WIMM,large_airport,Kualanamu International Airport,3.637847,98.870566,23.0,AS,ID,ID-SU,Medan,yes,WIMM,KNO,,http://www.kualanamu-airport.co.id/,https://en.wikipedia.org/wiki/Kualanamu_International_Airport
26841,WIMS,medium_airport,Dr. Ferdinand Lumban Tobing Airport,1.557127,98.887145,33.0,AS,ID,ID-SU,Sibolga (Pinangsori),yes,WIMS,FLZ,,,https://en.wikipedia.org/wiki/Ferdinand_Lumban_Tobing_Airport
26855,WIPP,medium_airport,Sultan Mahmud Badaruddin II Airport,-2.897653,104.698147,49.0,AS,ID,ID-SS,Palembang,yes,WIPP,PLM,,,https://en.wikipedia.org/wiki/Sultan_Mahmud_Badaruddin_II_Airport
31889,WITC,medium_airport,Cut Nyak Dhien Airport,4.040631,96.253538,10.0,AS,ID,ID-AC,Kuala Pesisir,yes,WITC,MEQ,,,https://en.wikipedia.org/wiki/Cut_Nyak_Dhien_Airport
26862,WITT,medium_airport,Sultan Iskandar Muda International Airport,5.522872024010001,95.42063713070002,65.0,AS,ID,ID-AC,Banda Aceh,yes,WITT,BTJ,,,https://en.wikipedia.org/wiki/Sultan_Iskandar_Muda_International_Airport
26866,WMKA,medium_airport,Sultan Abdul Halim Airport,6.189670085906982,100.39800262451172,15.0,AS,MY,MY-02,Alor Satar,yes,WMKA,AOR,,,https://en.wikipedia.org/wiki/Sultan_Abdul_Halim_Airport
26868,WMKC,medium_airport,Sultan Ismail Petra Airport,6.166850090026856,102.29299926757812,16.0,AS,MY,MY-03,Kota Baharu,yes,WMKC,KBR,,,https://en.wikipedia.org/wiki/Sultan_Ismail_Petra_Airport
26869,WMKD,medium_airport,Kuantan Airport,3.775389909744263,103.20899963378906,58.0,AS,MY,MY-06,Kuantan,yes,WMKD,KUA,,,https://en.wikipedia.org/wiki/Sultan_Haji_Ahmad_Shah_Airport
26870,WMKE,medium_airport,Kerteh Airport,4.53722,103.427002,18.0,AS,MY,MY-11,Kerteh,no,WMKE,KTE,,,https://en.wikipedia.org/wiki/Kerteh_Airport
26873,WMKJ,medium_airport,Senai International Airport,1.64131,103.669998,135.0,AS,MY,MY-01,Johor Bahru,yes,WMKJ,JHB,,,https://en.wikipedia.org/wiki/Senai_International_Airport
26874,WMKK,large_airport,Kuala Lumpur International Airport,2.74558,101.709999,69.0,AS,MY,MY-10,Sepang,yes,WMKK,KUL,,,https://en.wikipedia.org/wiki/Kuala_Lumpur_International_Airport
26878,WMKP,medium_airport,Penang International Airport,5.297140121459961,100.2770004272461,11.0,AS,MY,MY-07,Penang,yes,WMKP,PEN,,,https://en.wikipedia.org/wiki/Penang_International_Airport
26879,WMSA,medium_airport,Sultan Abdul Aziz Shah International Airport,3.130579948425293,101.54900360107422,90.0,AS,MY,MY-10,Subang,yes,WMSA,SZB,,,https://en.wikipedia.org/wiki/Sultan_Abdul_Aziz_Shah_Airport
26880,WPDB,medium_airport,Suai Airport,-9.30331039428711,125.28700256347656,96.0,AS,TL,TL-CO,Suai,no,WPDB,UAI,,,https://en.wikipedia.org/wiki/Suai_Airport
26881,WPDL,medium_airport,Presidente Nicolau Lobato International Airport,-8.546562,125.524507,154.0,AS,TL,TL-DI,Dili,yes,WPDL,DIL,,,https://en.wikipedia.org/wiki/Presidente_Nicolau_Lobato_International_Airport
32675,WSAC,medium_airport,Changi Air Base (East),1.3441400528,104.009002686,22.0,AS,SG,SG-04,Singapore,no,WSAC,,,,https://en.wikipedia.org/wiki/Changi_Air_Base
26883,WSAG,medium_airport,Sembawang Air Base,1.42526,103.813004,86.0,AS,SG,SG-03,Sembawang,no,WSAG,,,,https://en.wikipedia.org/wiki/Sembawang_Air_Base
26884,WSAP,medium_airport,Paya Lebar Air Base,1.36042,103.910004,65.0,AS,SG,SG-04,Paya Lebar,no,WSAP,QPG,,,https://en.wikipedia.org/wiki/Paya_Lebar_Airbase
26885,WSAT,medium_airport,Tengah Air Base,1.387561,103.708291,50.0,AS,SG,SG-03,Western Water Catchment,no,WSAT,TGA,,,https://en.wikipedia.org/wiki/Tengah_Air_Base
26886,WSSL,medium_airport,Seletar Airport,1.41555,103.86673,36.0,AS,SG,SG-02,Seletar,yes,WSSL,XSP,,,https://en.wikipedia.org/wiki/Seletar_Airport
26887,WSSS,large_airport,Singapore Changi Airport,1.35019,103.994003,22.0,AS,SG,SG-04,Singapore,yes,WSSS,SIN,,http://www.changiairport.com/,https://en.wikipedia.org/wiki/Singapore_Changi_Airport
35085,XLLL,medium_airport,Soltsy-2 Air Base,58.139545,30.33042,131.0,EU,RU,RU-NGR,Soltsy,no,,,XLLL,,https://en.wikipedia.org/wiki/Soltsy-2
43010,XLWF,medium_airport,Fedotovo Naval Air Base,59.190372,39.123459,574.0,EU,RU,RU-VLG,Kipelovo,no,,,XLWF,http://www.vologda18.narod.ru/,https://en.wikipedia.org/wiki/Fedotovo_(air_base)
44992,XUBS,medium_airport,Smolensk North Airport,54.824,32.025,820.0,EU,RU,RU-SMO,Smolensk,no,,LNX,XUBS,,https://en.wikipedia.org/wiki/Smolensk_North_Airport
35064,XWPR,medium_airport,Rtishchevo Air Base,52.297317,43.7241,673.0,EU,RU,RU-SAR,Rtishchevo,no,,,XWPR,,https://en.wikipedia.org/wiki/Rtishchevo_(air_base)
26888,YABA,medium_airport,Albany Airport,-34.94329833984375,117.80899810791016,233.0,OC,AU,AU-WA,Albany,yes,YABA,ALH,,,https://en.wikipedia.org/wiki/Albany_Airport_(Australia)
26889,YAMB,medium_airport,RAAF Base Amberley,-27.640976,152.713688,91.0,OC,AU,AU-QLD,,no,YAMB,,,,https://en.wikipedia.org/wiki/RAAF_Base_Amberley
26891,YARA,medium_airport,Ararat Airport,-37.309978,142.988688,1008.0,OC,AU,AU-VIC,Ararat,no,YARA,ARY,,,https://en.wikipedia.org/wiki/Ararat_Airport
26893,YARM,medium_airport,Armidale Airport,-30.5280990601,151.617004395,3556.0,OC,AU,AU-NSW,Armidale,yes,YARM,ARM,,,https://en.wikipedia.org/wiki/Armidale_Airport
26895,YAYE,medium_airport,Ayers Rock Connellan Airport,-25.185913,130.97703,1626.0,OC,AU,AU-NT,Yulara,yes,YAYE,AYQ,,,https://en.wikipedia.org/wiki/Ayers_Rock_Airport
26899,YBAR,medium_airport,Barcaldine Airport,-23.566268,145.302086,878.0,OC,AU,AU-QLD,Barcaldine,yes,YBAR,BCI,,,https://en.wikipedia.org/wiki/Barcaldine_Airport
26900,YBAS,medium_airport,Alice Springs Airport,-23.806588,133.903427,1789.0,OC,AU,AU-NT,Alice Springs,yes,YBAS,ASP,,http://www.alicespringsairport.com.au/,https://en.wikipedia.org/wiki/Alice_Springs_Airport
26901,YBBN,large_airport,Brisbane International Airport,-27.38419914245605,153.11700439453125,13.0,OC,AU,AU-QLD,Brisbane,yes,YBBN,BNE,,,https://en.wikipedia.org/wiki/Brisbane_Airport
26902,YBCG,medium_airport,Gold Coast Airport,-28.165962,153.506641,21.0,OC,AU,AU-QLD,Gold Coast,yes,YBCG,OOL,,,https://en.wikipedia.org/wiki/Gold_Coast_Airport
26903,YBCK,medium_airport,Blackall Airport,-24.431678,145.429716,928.0,OC,AU,AU-QLD,Blackall,yes,YBCK,BKQ,,,https://en.wikipedia.org/wiki/Blackall_Airport
26904,YBCS,medium_airport,Cairns International Airport,-16.885799408,145.755004883,10.0,OC,AU,AU-QLD,Cairns,yes,YBCS,CNS,,,https://en.wikipedia.org/wiki/Cairns_International_Airport
26905,YBCV,medium_airport,Charleville Airport,-26.4132995605,146.261993408,1003.0,OC,AU,AU-QLD,Charleville,yes,YBCV,CTL,,,https://en.wikipedia.org/wiki/Charleville_Airport
26907,YBDV,medium_airport,Birdsville Airport,-25.897499084472656,139.34800720214844,159.0,OC,AU,AU-QLD,,yes,YBDV,BVI,,,https://en.wikipedia.org/wiki/Birdsville_Airport
26908,YBHI,medium_airport,Broken Hill Airport,-32.0013999939,141.472000122,958.0,OC,AU,AU-NSW,Broken Hill,yes,YBHI,BHQ,,,https://en.wikipedia.org/wiki/Broken_Hill_Airport
26909,YBHM,medium_airport,Hamilton Island Airport,-20.3581008911,148.95199585,15.0,OC,AU,AU-QLD,Hamilton Island,yes,YBHM,HTI,,http://www.hamiltonisland.com.au/airport/,https://en.wikipedia.org/wiki/Hamilton_Island_Airport
26910,YBIE,medium_airport,Bedourie Airport,-24.346099853515625,139.4600067138672,300.0,OC,AU,AU-QLD,,yes,YBIE,BEU,,,https://en.wikipedia.org/wiki/Bedourie_Airport
26917,YBMA,medium_airport,Mount Isa Airport,-20.6639003754,139.488998413,1121.0,OC,AU,AU-QLD,Mount Isa,yes,YBMA,ISA,,,https://en.wikipedia.org/wiki/Mount_Isa_Airport
26919,YBMK,medium_airport,Mackay Airport,-21.170816,149.182588,19.0,OC,AU,AU-QLD,Mackay,yes,YBMK,MKY,,http://www.mackayairport.com.au/,https://en.wikipedia.org/wiki/Mackay_Airport
26920,YBNA,medium_airport,Ballina Byron Gateway Airport,-28.833236,153.561471,7.0,OC,AU,AU-NSW,Ballina,yes,YBNA,BNK,,,https://en.wikipedia.org/wiki/Ballina_Airport
26922,YBOK,medium_airport,Oakey Army Aviation Centre,-27.409262,151.736727,1335.0,OC,AU,AU-QLD,,yes,YBOK,OKY,,,https://en.wikipedia.org/wiki/Oakey_Army_Aviation_Centre
26923,YBOU,medium_airport,Boulia Airport,-22.913299560546875,139.89999389648438,542.0,OC,AU,AU-QLD,,yes,YBOU,BQL,,,https://en.wikipedia.org/wiki/Boulia_Airport
26924,YBPN,medium_airport,Proserpine Whitsunday Coast Airport,-20.494416,148.553583,82.0,OC,AU,AU-QLD,Proserpine,yes,YBPN,PPP,,,https://en.wikipedia.org/wiki/Proserpine_/_Whitsunday_Coast_Airport
26925,YBRK,medium_airport,Rockhampton Airport,-23.380019,150.475359,34.0,OC,AU,AU-QLD,Rockhampton,yes,YBRK,ROK,,http://www.rok.aero/,https://en.wikipedia.org/wiki/Rockhampton_Airport
26929,YBRW,medium_airport,Brewarrina Airport,-29.975792,146.81438,414.0,OC,AU,AU-NSW,,no,YBRW,BWQ,,,https://en.wikipedia.org/wiki/Brewarrina_Airport
26932,YBTH,medium_airport,Bathurst Airport,-33.406817,149.651161,2435.0,OC,AU,AU-NSW,Bathurst,yes,YBTH,BHS,,,https://en.wikipedia.org/wiki/Bathurst_Airport_(New_South_Wales)
26933,YBTI,medium_airport,Bathurst Island Airport,-11.764966,130.615774,67.0,OC,AU,AU-NT,Wurrumiyanga,no,YBTI,BRT,,,https://en.wikipedia.org/wiki/Bathurst_Island_Airport
26934,YBTL,medium_airport,Townsville Airport / RAAF Base Townsville,-19.252904,146.766512,18.0,OC,AU,AU-QLD,Townsville,yes,YBTL,TSV,,http://www.townsvilleairport.com.au/,https://en.wikipedia.org/wiki/Townsville_Airport
26935,YBTR,medium_airport,Blackwater Airport,-23.603099822998047,148.8070068359375,657.0,OC,AU,AU-QLD,,yes,YBTR,BLT,,,https://en.wikipedia.org/wiki/Blackwater_Airport
26936,YBUD,medium_airport,Bundaberg Airport,-24.905039,152.322612,107.0,OC,AU,AU-QLD,Bundaberg,yes,YBUD,BDB,,http://bundaberg.qld.gov.au/services/airport,https://en.wikipedia.org/wiki/Bundaberg_Airport
26939,YBWP,medium_airport,Weipa Airport,-12.677493,141.922618,63.0,OC,AU,AU-QLD,Weipa,yes,YBWP,WEI,,,https://en.wikipedia.org/wiki/Weipa_Airport
26941,YCAR,medium_airport,Carnarvon Airport,-24.880091,113.670752,13.0,OC,AU,AU-WA,Carnarvon,yes,YCAR,CVQ,,,https://en.wikipedia.org/wiki/Carnarvon_Airport_(Western_Australia)
26943,YCBA,medium_airport,Cobar Airport,-31.538299560546875,145.79400634765625,724.0,OC,AU,AU-NSW,,yes,YCBA,CAZ,,,https://en.wikipedia.org/wiki/Cobar_Airport
26944,YCBB,medium_airport,Coonabarabran Airport,-31.3325,149.266998,2117.0,OC,AU,AU-NSW,,no,YCBB,COJ,,,https://en.wikipedia.org/wiki/Coonabarabran_Airport
26946,YCBP,medium_airport,Coober Pedy Airport,-29.038312,134.722166,740.0,OC,AU,AU-SA,Coober Pedy,yes,YCBP,CPD,,,https://en.wikipedia.org/wiki/Coober_Pedy_Airport
26948,YCCY,medium_airport,Cloncurry Airport,-20.6686000824,140.503997803,616.0,OC,AU,AU-QLD,Cloncurry,yes,YCCY,CNJ,,,https://en.wikipedia.org/wiki/Cloncurry_Airport
26950,YCDU,medium_airport,Ceduna Airport,-32.13059997558594,133.7100067138672,77.0,OC,AU,AU-SA,,yes,YCDU,CED,,,https://en.wikipedia.org/wiki/Ceduna_Airport
27132,YCFS,medium_airport,Coffs Harbour Airport,-30.320601,153.115997,18.0,OC,AU,AU-NSW,Coffs Harbour,yes,YCFS,CFS,,,https://en.wikipedia.org/wiki/Coffs_Harbour_Airport
26954,YCIN,medium_airport,RAAF Base Curtin,-17.580458,123.828449,300.0,OC,AU,AU-WA,Derby,no,YCIN,DCN,,,https://en.wikipedia.org/wiki/RAAF_Curtin
26955,YCKN,medium_airport,Cooktown Airport,-15.443649,145.183221,26.0,OC,AU,AU-QLD,,yes,YCKN,CTN,,,https://en.wikipedia.org/wiki/Cooktown_Airport
26956,YCMT,medium_airport,Clermont Airport,-22.7731,147.621002,908.0,OC,AU,AU-QLD,,no,YCMT,CMQ,,,https://en.wikipedia.org/wiki/Clermont_Airport
26957,YCMU,medium_airport,Cunnamulla Airport,-28.030000686645508,145.6219940185547,630.0,OC,AU,AU-QLD,,yes,YCMU,CMA,,,https://en.wikipedia.org/wiki/Cunnamulla_Airport
26959,YCNM,medium_airport,Coonamble Airport,-30.980946,148.377833,604.0,OC,AU,AU-NSW,,yes,YCNM,CNB,,,https://en.wikipedia.org/wiki/Coonamble_Airport
26963,YCOR,medium_airport,Corowa Airport,-35.994701,146.356995,469.0,OC,AU,AU-NSW,,no,YCOR,CWW,,,https://en.wikipedia.org/wiki/Corowa_Airport
26964,YCRG,medium_airport,Corryong Airport,-36.18280029296875,147.88800048828125,963.0,OC,AU,AU-VIC,,no,YCRG,CYG,,,https://en.wikipedia.org/wiki/Corryong_Airport
26965,YCTM,medium_airport,Cootamundra Airport,-34.624283,148.036641,1110.0,OC,AU,AU-NSW,,no,YCTM,CMD,,,https://en.wikipedia.org/wiki/Cootamundra_Airport
26968,YCWR,medium_airport,Cowra Airport,-33.846894,148.648007,966.0,OC,AU,AU-NSW,,no,YCWR,CWT,,https://www.cowracouncil.com.au/Facilities/Airport,https://en.wikipedia.org/wiki/Cowra_Airport
26970,YDBI,medium_airport,Dirranbandi Airport,-28.587912,148.217161,567.0,OC,AU,AU-QLD,,no,YDBI,DRN,,,https://en.wikipedia.org/wiki/Dirranbandi_Airport
26971,YDBY,medium_airport,Derby Airport,-17.37193,123.66221,24.0,OC,AU,AU-WA,Derby,no,YDBY,DRB,,,https://en.wikipedia.org/wiki/Derby_Airport_(Australia)
26975,YDPO,medium_airport,Devonport Airport,-41.1697006226,146.429992676,33.0,OC,AU,AU-TAS,Devonport,yes,YDPO,DPO,,http://www.tasports.com.au/infrastructure/devonport_airport.html,https://en.wikipedia.org/wiki/Devonport_Airport
26976,YDYS,medium_airport,Dysart Airport,-22.6222,148.363998,670.0,OC,AU,AU-QLD,,no,YDYS,DYA,,,https://en.wikipedia.org/wiki/Dysart_Airport
26980,YELD,medium_airport,Elcho Island Airport,-12.019399642899998,135.570999146,101.0,OC,AU,AU-NT,Elcho Island,yes,YELD,ELC,,,https://en.wikipedia.org/wiki/Elcho_Island_Airport
26981,YEML,medium_airport,Emerald Airport,-23.5674991608,148.179000854,624.0,OC,AU,AU-QLD,Emerald,yes,YEML,EMD,,http://www.emerald.qld.gov.au/Council/Departments/Engineering_Operations/Engineering_Operations.htm,https://en.wikipedia.org/wiki/Emerald_Airport
26982,YESP,medium_airport,Esperance Airport,-33.684399,121.822998,470.0,OC,AU,AU-WA,Esperance,yes,YESP,EPR,,,https://en.wikipedia.org/wiki/Esperance_Airport
26984,YFBS,medium_airport,Forbes Airport,-33.363602,147.934998,760.0,OC,AU,AU-NSW,Forbes,no,YFBS,FRB,,,https://en.wikipedia.org/wiki/Forbes_Airport
26986,YFTZ,medium_airport,Fitzroy Crossing Airport,-18.183596,125.559783,368.0,OC,AU,AU-WA,,no,YFTZ,FIZ,,,https://en.wikipedia.org/wiki/Fitzroy_Crossing_Airport
26989,YGDH,medium_airport,Gunnedah Airport,-30.957511,150.248981,863.0,OC,AU,AU-NSW,,no,YGDH,GUH,,,https://en.wikipedia.org/wiki/Gunnedah_Airport
26994,YGLA,medium_airport,Gladstone Airport,-23.869763,151.225439,64.0,OC,AU,AU-QLD,Gladstone,yes,YGLA,GLT,4680,,https://en.wikipedia.org/wiki/Gladstone_Airport_(Australia)
26996,YGLI,medium_airport,Glen Innes Airport,-29.676029,151.691156,3433.0,OC,AU,AU-NSW,Glen Innes,no,YGLI,GLI,,,https://en.wikipedia.org/wiki/Glen_Innes_Airport
26998,YGTE,medium_airport,Groote Eylandt Airport,-13.972405,136.458553,53.0,OC,AU,AU-NT,Groote Eylandt,yes,YGTE,GTE,,,https://en.wikipedia.org/wiki/Groote_Eylandt_Airport
26999,YGTH,medium_airport,Griffith Airport,-34.2508010864,146.067001343,439.0,OC,AU,AU-NSW,Griffith,yes,YGTH,GFF,,,https://en.wikipedia.org/wiki/Griffith_Airport
27002,YHAY,medium_airport,Hay Airport,-34.531399,144.830002,305.0,OC,AU,AU-NSW,,no,YHAY,HXX,,,https://en.wikipedia.org/wiki/Hay_Airport
27003,YHBA,medium_airport,Hervey Bay Airport,-25.320127,152.880662,60.0,OC,AU,AU-QLD,Hervey Bay,yes,YHBA,HVB,,,https://en.wikipedia.org/wiki/Hervey_Bay_Airport
27004,YHID,medium_airport,Horn Island Airport,-10.585628,142.292653,43.0,OC,AU,AU-QLD,Horn,yes,YHID,HID,,,https://en.wikipedia.org/wiki/Horn_Island_Airport
27005,YHLC,medium_airport,Halls Creek Airport,-18.2339,127.669998,1346.0,OC,AU,AU-WA,,no,YHLC,HCQ,,,https://en.wikipedia.org/wiki/Halls_Creek_Airport
27008,YHOT,medium_airport,Mount Hotham Airport,-37.0475006104,147.333999634,4260.0,OC,AU,AU-VIC,Mount Hotham,yes,YHOT,MHU,,,https://en.wikipedia.org/wiki/Mount_Hotham_Airport
27011,YHSM,medium_airport,Horsham Airport,-36.669700622558594,142.17300415039062,445.0,OC,AU,AU-VIC,,no,YHSM,HSM,,,https://en.wikipedia.org/wiki/Horsham_Airport
27016,YIVL,medium_airport,Inverell Airport,-29.888299942,151.143997192,2667.0,OC,AU,AU-NSW,Inverell,no,YIVL,IVR,,,https://en.wikipedia.org/wiki/Inverell_Airport
27023,YKII,medium_airport,King Island Airport,-39.87749862670898,143.8780059814453,132.0,OC,AU,AU-TAS,,yes,YKII,KNS,,,https://en.wikipedia.org/wiki/King_Island_Airport
27025,YKMP,medium_airport,Kempsey Airport,-31.07232,152.765313,54.0,OC,AU,AU-NSW,,no,YKMP,KPS,,,https://en.wikipedia.org/wiki/Kempsey_Airport
27026,YKOW,medium_airport,Kowanyama Airport,-15.485369,141.752572,35.0,OC,AU,AU-QLD,Kowanyama,yes,YKOW,KWM,,,https://en.wikipedia.org/wiki/Kowanyama_Airport
27027,YKRY,medium_airport,Kingaroy Airport,-26.581077,151.839927,1492.0,OC,AU,AU-QLD,,no,YKRY,KGY,,,https://en.wikipedia.org/wiki/Kingaroy_Airport
27028,YKSC,medium_airport,Kingscote Airport,-35.71390151977539,137.52099609375,24.0,OC,AU,AU-SA,,yes,YKSC,KGC,,,https://en.wikipedia.org/wiki/Kingscote_Airport
27030,YLEC,medium_airport,Leigh Creek Airport,-30.598301,138.425995,856.0,OC,AU,AU-SA,,no,YLEC,LGH,,,https://en.wikipedia.org/wiki/Leigh_Creek_Airport
27032,YLEO,medium_airport,Leonora Airport,-28.87809944152832,121.31500244140624,1217.0,OC,AU,AU-WA,Leonora,yes,YLEO,LNO,,http://www.leonora.wa.gov.au/services_facilities/airport.html,https://en.wikipedia.org/wiki/Leonora_Airport
27034,YLHR,medium_airport,Lockhart River Airport,-12.7869,143.304993,77.0,OC,AU,AU-QLD,Lockhart River,yes,YLHR,IRG,,,https://en.wikipedia.org/wiki/Lockhart_River_Airport
27035,YLIS,medium_airport,Lismore Airport,-28.830689,153.258419,35.0,OC,AU,AU-NSW,Lismore,yes,YLIS,LSY,,,https://en.wikipedia.org/wiki/Lismore_Airport
27038,YLRE,medium_airport,Longreach Airport,-23.4342,144.279999,627.0,OC,AU,AU-QLD,Longreach,yes,YLRE,LRE,,https://www.longreachairport.com.au/,https://en.wikipedia.org/wiki/Longreach_Airport
27039,YLST,medium_airport,Leinster Airport,-27.843299865722656,120.7030029296875,1631.0,OC,AU,AU-WA,,yes,YLST,LER,,,https://en.wikipedia.org/wiki/Leinster_Airport
27041,YLTV,medium_airport,Latrobe Valley Airport,-38.211004,146.470817,180.0,OC,AU,AU-VIC,Morwell,no,YLTV,TGN,,,https://en.wikipedia.org/wiki/Latrobe_Valley_Airport
27043,YMAV,medium_airport,Avalon Airport,-38.039398,144.468994,35.0,OC,AU,AU-VIC,Lara,yes,YMAV,AVV,,https://www.avalonairport.com.au/,https://en.wikipedia.org/wiki/Avalon_Airport
27044,YMAY,medium_airport,Albury Airport,-36.066758,146.959148,539.0,OC,AU,AU-NSW,Albury,yes,YMAY,ABX,,,https://en.wikipedia.org/wiki/Albury_Airport
27045,YMBA,medium_airport,Mareeba Airport,-17.070277,145.424228,1560.0,OC,AU,AU-QLD,Mareeba,no,YMBA,MRG,,https://msc.qld.gov.au/region/mareeba-airport-aviation-industrial-park/,https://en.wikipedia.org/wiki/Mareeba_Airfield
27048,YMDG,medium_airport,Mudgee Airport,-32.564794,149.609452,1545.0,OC,AU,AU-NSW,Mudgee,no,YMDG,DGE,,,https://en.wikipedia.org/wiki/Mudgee_Airport
27050,YMEK,medium_airport,Meekatharra Airport,-26.6117000579834,118.5479965209961,1713.0,OC,AU,AU-WA,,yes,YMEK,MKR,,,https://en.wikipedia.org/wiki/Meekatharra_Airport
27051,YMEN,medium_airport,Melbourne Essendon Airport,-37.7281,144.901993,282.0,OC,AU,AU-VIC,Essendon Fields,yes,YMEN,MEB,,http://www.essendonairport.com.au/,https://en.wikipedia.org/wiki/Essendon_Airport
27053,YMES,medium_airport,RAAF Base East Sale,-38.0989,147.149002,23.0,OC,AU,AU-VIC,,no,YMES,,,http://www.defence.gov.au/raaf/bases/eastsale/index.htm,https://en.wikipedia.org/wiki/RAAF_Base_East_Sale
27055,YMGD,medium_airport,Maningrida Airport,-12.0560998917,134.23399353,123.0,OC,AU,AU-NT,Maningrida,yes,YMGD,MNG,,,https://en.wikipedia.org/wiki/Maningrida_Airport
27058,YMHB,medium_airport,Hobart International Airport,-42.836101532,147.509994507,13.0,OC,AU,AU-TAS,Hobart,yes,YMHB,HBA,,,https://en.wikipedia.org/wiki/Hobart_International_Airport
27060,YMIA,medium_airport,Mildura Airport,-34.229198455799995,142.085998535,167.0,OC,AU,AU-VIC,Mildura,yes,YMIA,MQL,,http://www.milduraairport.com.au/,https://en.wikipedia.org/wiki/Mildura_Airport
27063,YMLT,medium_airport,Launceston Airport,-41.54529953,147.214004517,562.0,OC,AU,AU-TAS,Launceston,yes,YMLT,LST,,http://www.launcestonairport.com.au/,https://en.wikipedia.org/wiki/Launceston_Airport
27064,YMMB,medium_airport,Melbourne Moorabbin Airport,-37.97579956054688,145.1020050048828,50.0,OC,AU,AU-VIC,Melbourne,yes,YMMB,MBW,,http://www.moorabbinairport.com.au/,https://en.wikipedia.org/wiki/Moorabbin_Airport
27066,YMML,large_airport,Melbourne International Airport,-37.673302,144.843002,434.0,OC,AU,AU-VIC,Melbourne,yes,YMML,MEL,,http://melbourneairport.com.au/,https://en.wikipedia.org/wiki/Melbourne_Airport
27069,YMNE,medium_airport,Mount Keith Airport,-27.28733,120.554937,1792.0,OC,AU,AU-WA,,no,YMNE,WME,,,https://en.wikipedia.org/wiki/Mount_Keith_Airport
27071,YMOG,medium_airport,Mount Magnet Airport,-28.116100311279297,117.84200286865234,1354.0,OC,AU,AU-WA,,yes,YMOG,MMG,,,https://en.wikipedia.org/wiki/Mount_Magnet_Airport
27072,YMOR,medium_airport,Moree Airport,-29.4988994598,149.845001221,701.0,OC,AU,AU-NSW,Moree,yes,YMOR,MRZ,,,https://en.wikipedia.org/wiki/Moree_Airport
27074,YMRB,medium_airport,Moranbah Airport,-22.057800293,148.07699585,770.0,OC,AU,AU-QLD,Moranbah,yes,YMRB,MOV,,,https://en.wikipedia.org/wiki/Moranbah_Airport
507498,YMTG,medium_airport,Mount Gambier Airport,-37.744382,140.780561,,OC,AU,AU-SA,Mount Gambier,yes,YMTG,MGB,,https://www.dcgrant.sa.gov.au/services/mount-gambier-regional-airport,https://en.wikipedia.org/wiki/Mount_Gambier_Airport
27081,YNAR,medium_airport,Narrandera Airport,-34.7022018433,146.511993408,474.0,OC,AU,AU-NSW,Narrandera,yes,YNAR,NRA,,,https://en.wikipedia.org/wiki/Narrandera_Airport
27086,YNRM,medium_airport,Narromine Airport,-32.214699,148.225006,782.0,OC,AU,AU-NSW,,no,YNRM,QRM,,,https://en.wikipedia.org/wiki/Narromine_Airport
27088,YNTN,medium_airport,Normanton Airport,-17.68409,141.069664,73.0,OC,AU,AU-QLD,Normanton,yes,YNTN,NTN,,,https://en.wikipedia.org/wiki/Normanton_Airport
27090,YNWN,medium_airport,Newman Airport,-23.4178009033,119.803001404,1724.0,OC,AU,AU-WA,Newman,yes,YNWN,ZNE,,,https://en.wikipedia.org/wiki/Newman_Airport
27096,YPAD,large_airport,Adelaide International Airport,-34.947512,138.533393,20.0,OC,AU,AU-SA,Adelaide,yes,YPAD,ADL,,,https://en.wikipedia.org/wiki/Adelaide_International_Airport
27097,YPAG,medium_airport,Port Augusta Airport,-32.50690078735352,137.7169952392578,56.0,OC,AU,AU-SA,,yes,YPAG,PUG,,,https://en.wikipedia.org/wiki/Port_Augusta_Airport
27099,YPBO,medium_airport,Paraburdoo Airport,-23.1711006165,117.745002747,1406.0,OC,AU,AU-WA,Paraburdoo,yes,YPBO,PBO,,,https://en.wikipedia.org/wiki/Paraburdoo_Airport
27100,YPCC,medium_airport,Cocos (Keeling) Islands Airport,-12.19134,96.833696,10.0,AS,CC,CC-U-A,West Island,yes,YPCC,CCK,,,https://en.wikipedia.org/wiki/Cocos_(Keeling)_Island_International_Airport
27101,YPDN,large_airport,Darwin International Airport / RAAF Darwin,-12.41497,130.88185,103.0,OC,AU,AU-NT,Darwin,yes,YPDN,DRW,,https://www.darwinairport.com.au/,https://en.wikipedia.org/wiki/Darwin_International_Airport
27102,YPEA,medium_airport,RAAF Base Pearce,-31.667800903320312,116.01499938964844,149.0,OC,AU,AU-WA,Bullsbrook,no,YPEA,,,,https://en.wikipedia.org/wiki/RAAF_Base_Pearce
27104,YPGV,medium_airport,Gove Airport,-12.269399642899998,136.817993164,192.0,OC,AU,AU-NT,Nhulunbuy,yes,YPGV,GOV,,,https://en.wikipedia.org/wiki/Gove_Airport
27106,YPJT,medium_airport,Perth Jandakot Airport,-32.09749984741211,115.88099670410156,99.0,OC,AU,AU-WA,Perth,no,YPJT,JAD,,,https://en.wikipedia.org/wiki/Jandakot_Airport
27107,YPKA,medium_airport,Karratha Airport,-20.712200164799995,116.773002625,29.0,OC,AU,AU-WA,Karratha,yes,YPKA,KTA,,,https://en.wikipedia.org/wiki/Karratha_Airport
27108,YPKG,medium_airport,Kalgoorlie Boulder Airport,-30.791543,121.464586,1203.0,OC,AU,AU-WA,Broadwood,yes,YPKG,KGI,,,https://en.wikipedia.org/wiki/Kalgoorlie-Boulder_Airport
27109,YPKS,medium_airport,Parkes Airport,-33.131401062,148.238998413,1069.0,OC,AU,AU-NSW,Parkes,yes,YPKS,PKE,,,https://en.wikipedia.org/wiki/Parkes_Airport
27110,YPKT,medium_airport,Port Keats Airport,-14.249701,129.529538,91.0,OC,AU,AU-NT,Wadeye,no,YPKT,PKT,,,https://en.wikipedia.org/wiki/Port_Keats_Airfield
27111,YPKU,medium_airport,East Kimberley Regional (Kununurra) Airport,-15.7781,128.707993,145.0,OC,AU,AU-WA,Kununurra,yes,YPKU,KNX,,,https://en.wikipedia.org/wiki/Kununurra_Airport
27112,YPLC,medium_airport,Port Lincoln Airport,-34.6053009033,135.880004883,36.0,OC,AU,AU-SA,Port Lincoln,yes,YPLC,PLO,,,https://en.wikipedia.org/wiki/Port_Lincoln_Airport
27115,YPMQ,medium_airport,Port Macquarie Airport,-31.4358005524,152.863006592,12.0,OC,AU,AU-NSW,Port Macquarie,yes,YPMQ,PQQ,,http://www.hastings.nsw.gov.au/www/html/455-welcome-to-port-macquarie-airport.asp?intLocationID=455,https://en.wikipedia.org/wiki/Port_Macquarie_Airport
27116,YPOD,medium_airport,Portland Airport,-38.31809997558594,141.4709930419922,265.0,OC,AU,AU-VIC,,yes,YPOD,PTJ,,,https://en.wikipedia.org/wiki/Portland_Airport_(Australia)
27117,YPPD,medium_airport,Port Hedland International Airport,-20.3777999878,118.625999451,33.0,OC,AU,AU-WA,Port Hedland,yes,YPPD,PHE,,,https://en.wikipedia.org/wiki/Port_Hedland_International_Airport
27119,YPPH,large_airport,Perth International Airport,-31.94029998779297,115.96700286865234,67.0,OC,AU,AU-WA,Perth,yes,YPPH,PER,,,https://en.wikipedia.org/wiki/Perth_Airport
27124,YQLP,medium_airport,Quilpie Airport,-26.612199783325195,144.2530059814453,655.0,OC,AU,AU-QLD,,yes,YQLP,ULP,,,https://en.wikipedia.org/wiki/Quilpie_Airport
27125,YREN,medium_airport,Renmark Airport,-34.1964,140.673996,115.0,OC,AU,AU-SA,,no,YREN,RMK,,,https://en.wikipedia.org/wiki/Renmark_Airport
27128,YROM,medium_airport,Roma Airport,-26.545000076300003,148.774993896,1032.0,OC,AU,AU-QLD,Roma,yes,YROM,RMA,,,https://en.wikipedia.org/wiki/Roma_Airport
27130,YSBK,medium_airport,Sydney Bankstown Airport,-33.923618,150.990792,29.0,OC,AU,AU-NSW,Sydney,no,YSBK,BWU,,,https://en.wikipedia.org/wiki/Bankstown_Airport
27131,YSCB,medium_airport,Canberra International Airport,-35.3069,149.195007,1886.0,OC,AU,AU-ACT,Canberra,yes,YSCB,CBR,,,https://en.wikipedia.org/wiki/Canberra_International_Airport
27133,YSCN,medium_airport,Camden Airport,-34.038338,150.686406,230.0,OC,AU,AU-NSW,Cobbitty,no,YSCN,CDU,,,https://en.wikipedia.org/wiki/Camden_Airport
27135,YSDU,medium_airport,Dubbo City Regional Airport,-32.2167015076,148.574996948,935.0,OC,AU,AU-NSW,Dubbo,yes,YSDU,DBO,,http://www.dubbo.nsw.gov.au/BusinessandIndustry/DubboCityRegionalAirport.html,https://en.wikipedia.org/wiki/Dubbo_Airport
27137,YSHK,medium_airport,Shark Bay Airport,-25.897294,113.575802,111.0,OC,AU,AU-WA,Denham,yes,YSHK,MJK,,,https://en.wikipedia.org/wiki/Shark_Bay_Airport
27177,YSHL,medium_airport,Shellharbour Airport,-34.5611,150.789001,31.0,OC,AU,AU-NSW,Albion Park Rail,yes,YSHL,WOL,,https://www.shellharbourairport.com.au/,https://en.wikipedia.org/wiki/Shellharbour_Airport
27140,YSNB,medium_airport,Snake Bay Airport,-11.417674,130.648481,173.0,OC,AU,AU-NT,Milikapiti,yes,YSNK,SNB,,,https://en.wikipedia.org/wiki/Snake_Bay_Airport
27141,YSNF,medium_airport,Norfolk Island International Airport,-29.041887,167.939616,371.0,OC,NF,NF-U-A,Burnt Pine,yes,YSNF,NLK,,http://www.airport.gov.nf/,https://en.wikipedia.org/wiki/Norfolk_Island_Airport
27142,YSNW,medium_airport,Naval Air Station Nowra - HMAS Albatross,-34.9466,150.542451,400.0,OC,AU,AU-NSW,Nowra Hill,no,YSNW,NOA,,https://www.navy.gov.au/establishments/hmas-albatross,https://en.wikipedia.org/wiki/HMAS_Albatross_(air_station)
27144,YSRI,medium_airport,RAAF Base Richmond,-33.604652,150.783051,67.0,OC,AU,AU-NSW,Richmond,no,YSRI,XRH,,,https://en.wikipedia.org/wiki/RAAF_Base_Richmond
27145,YSSY,large_airport,Sydney Kingsford Smith International Airport,-33.94609832763672,151.177001953125,21.0,OC,AU,AU-NSW,Sydney,yes,YSSY,SYD,,http://www.sydneyairport.com.au/,https://en.wikipedia.org/wiki/Kingsford_Smith_International_Airport
27147,YSTW,medium_airport,Tamworth Airport,-31.077898,150.845484,1334.0,OC,AU,AU-NSW,Tamworth,yes,YSTW,TMW,,http://www.tamworth.nsw.gov.au/Council/Council-Enterprises-and-Venues/Tamworth-Regional-Airport/Tamworth-Regional-Airport/defaul,https://en.wikipedia.org/wiki/Tamworth_Airport
27148,YSWG,medium_airport,Wagga Wagga City Airport,-35.163484,147.46832,724.0,OC,AU,AU-NSW,Wagga Wagga,yes,YSWG,WGA,,http://www.wagga.nsw.gov.au/www/html/271-airport.asp,https://en.wikipedia.org/wiki/Wagga_Wagga_Airport
27149,YSWH,medium_airport,Swan Hill Airport,-35.37580108642578,143.5330047607422,234.0,OC,AU,AU-VIC,,no,YSWH,SWH,,,https://en.wikipedia.org/wiki/Swan_Hill_Airport
27150,YSWL,medium_airport,Stawell Airport,-37.07170104980469,142.74099731445312,807.0,OC,AU,AU-VIC,,no,YSWL,SWC,,,https://en.wikipedia.org/wiki/Stawell_Airport
27152,YTEF,medium_airport,Telfer Airport,-21.715,122.228996,970.0,OC,AU,AU-WA,,no,YTEF,TEF,,,https://en.wikipedia.org/wiki/Telfer_Airport
27153,YTEM,medium_airport,Temora Airport,-34.421398,147.511993,921.0,OC,AU,AU-NSW,Temora,no,YTEM,TEM,,https://www.temora.nsw.gov.au/Council-Facilities/Airpark-and-Aerodrome,https://en.wikipedia.org/wiki/Temora_Airport
27154,YTGM,medium_airport,Thargomindah Airport,-27.986368,143.812065,433.0,OC,AU,AU-QLD,Thargomindah,yes,YTGM,XTG,,,https://en.wikipedia.org/wiki/Thargomindah_Airport
27158,YTNG,medium_airport,Thangool Airport,-24.494863,150.577967,644.0,OC,AU,AU-QLD,Biloela,yes,YTNG,THG,,,https://en.wikipedia.org/wiki/Thangool_Airport
27159,YTNK,medium_airport,Tennant Creek Airport,-19.6343994140625,134.18299865722656,1236.0,OC,AU,AU-NT,Tennant Creek,yes,YTNK,TCA,,http://www.tennantcreekairport.com.au/,https://en.wikipedia.org/wiki/Tennant_Creek_Airport
27161,YTRE,medium_airport,Taree Airport,-31.888599,152.514008,38.0,OC,AU,AU-NSW,Taree,yes,YTRE,TRO,,,https://en.wikipedia.org/wiki/Taree_Airport
27168,YWDH,medium_airport,Windorah Airport,-25.41309928894043,142.66700744628906,452.0,OC,AU,AU-QLD,,yes,YWDH,WNR,,,https://en.wikipedia.org/wiki/Windorah_Airport
27172,YWKB,medium_airport,Warracknabeal Airport,-36.32109832763672,142.41900634765625,397.0,OC,AU,AU-VIC,,no,YWKB,WKB,,,https://en.wikipedia.org/wiki/Warracknabeal_Airport
27174,YWLG,medium_airport,Walgett Airport,-30.032801,148.126007,439.0,OC,AU,AU-NSW,,no,YWLG,WGE,,,https://en.wikipedia.org/wiki/Walgett_Airport
27176,YWLU,medium_airport,Wiluna Airport,-26.629199981689453,120.22100067138672,1649.0,OC,AU,AU-WA,,yes,YWLU,WUN,,,https://en.wikipedia.org/wiki/Wiluna_Airport
27180,YWTN,medium_airport,Winton Airport,-22.36359977722168,143.08599853515625,638.0,OC,AU,AU-QLD,,yes,YWTN,WIN,,,https://en.wikipedia.org/wiki/Winton_Airport
27182,YWWL,medium_airport,West Wyalong Airport,-33.9371986389,147.190994263,859.0,OC,AU,AU-NSW,West Wyalong,no,YWWL,WWY,,,https://en.wikipedia.org/wiki/West_Wyalong_Airport
27184,YWYY,medium_airport,Wynyard Airport,-40.997039,145.726,62.0,OC,AU,AU-TAS,Burnie,yes,YWYY,BWT,,,https://en.wikipedia.org/wiki/Burnie_Airport
27188,ZBAA,large_airport,Beijing Capital International Airport,40.0801010131836,116.58499908447266,116.0,AS,CN,CN-11,Beijing,yes,ZBAA,PEK,,http://en.bcia.com.cn/,https://en.wikipedia.org/wiki/Beijing_Capital_International_Airport
32006,ZBBB,medium_airport,Beijing Xijiao Airport,39.9608,116.257004,,AS,CN,CN-11,Beijing,no,ZBBB,,,,https://en.wikipedia.org/wiki/Beijing_Xijiao_Airport
315854,ZBES,medium_airport,Arxan Yi'ershi Airport,47.3106,119.9117,2925.0,AS,CN,CN-15,Arxan,yes,ZBES,YIE,,,https://en.wikipedia.org/wiki/Arxan_Yi%27ershi_Airport
27190,ZBLA,medium_airport,Hulunbuir Hailar Airport,49.205002,119.824997,2169.0,AS,CN,CN-15,Hailar,yes,ZBLA,HLD,,,https://en.wikipedia.org/wiki/Hulunbuir_Hailar_Airport
322165,ZBMZ,medium_airport,Manzhouli Xijiao Airport,49.566667,117.33,2231.0,AS,CN,CN-15,Manzhouli,yes,ZBMZ,NZH,,,https://en.wikipedia.org/wiki/Manzhouli_Xijiao_Airport
30679,ZBOW,medium_airport,Baotou Donghe Airport,40.560001,109.997002,3321.0,AS,CN,CN-15,Baotou,yes,ZBOW,BAV,,,https://en.wikipedia.org/wiki/Baotou_Airport
27191,ZBSJ,medium_airport,Shijiazhuang Zhengding International Airport,38.280701,114.696999,233.0,AS,CN,CN-13,Shijiazhuang,yes,ZBSJ,SJW,,,https://en.wikipedia.org/wiki/Shijiazhuang_Zhengding_International_Airport
27192,ZBTJ,large_airport,Tianjin Binhai International Airport,39.1244010925,117.346000671,10.0,AS,CN,CN-12,Tianjin,yes,ZBTJ,TSN,,,https://en.wikipedia.org/wiki/Tianjin_Binhai_International_Airport
327445,ZBUC,medium_airport,Ulanqab Jining Airport,41.130266,113.107274,,AS,CN,CN-15,Ulanqab,yes,ZBUC,UCB,,,https://en.wikipedia.org/wiki/Ulanqab_Jining_Airport
32700,ZBXH,medium_airport,Xilinhot Airport,43.91559982299805,115.96399688720705,,AS,CN,CN-15,Xilinhot,yes,ZBXH,XIL,,,https://en.wikipedia.org/wiki/Xilinhot_Airport
27193,ZBYN,large_airport,Taiyuan Wusu Airport,37.746899,112.627998,2575.0,AS,CN,CN-14,Taiyuan,yes,ZBYN,TYN,,,https://en.wikipedia.org/wiki/Taiyuan_Wusu_Airport
314499,ZBYZ,medium_airport,Bayannur Tianjitai Airport,40.926,107.7428,3400.0,AS,CN,CN-15,Bavannur,yes,ZBYZ,RLK,,,https://en.wikipedia.org/wiki/Bayannur_Tianjitai_Airport
30708,ZGBH,medium_airport,Beihai Fucheng Airport,21.5394,109.293999,75.0,AS,CN,CN-45,Beihai (Yinhai),yes,ZGBH,BHY,,,https://en.wikipedia.org/wiki/Beihai_Fucheng_Airport
27195,ZGHA,large_airport,Changsha Huanghua International Airport,28.189199,113.220001,217.0,AS,CN,CN-43,Changsha (Changsha),yes,ZGHA,CSX,,,https://en.wikipedia.org/wiki/Changsha_Huanghua_International_Airport
27196,ZGKL,large_airport,Guilin Liangjiang International Airport,25.219828,110.039553,570.0,AS,CN,CN-45,Guilin (Lingui),yes,ZGKL,KWL,,,https://en.wikipedia.org/wiki/Guilin_Liangjiang_International_Airport
308238,ZGLG,medium_airport,Yongzhou Lingling Airport,26.338661,111.610043,340.0,AS,CN,CN-43,Yongzhou,yes,ZGLG,LLF,,,https://en.wikipedia.org/wiki/Yongzhou_Lingling_Airport
27198,ZGSZ,large_airport,Shenzhen Bao'an International Airport,22.639299,113.810997,13.0,AS,CN,CN-44,Shenzhen (Bao'an),yes,ZGSZ,SZX,,http://eng.szairport.com/,https://en.wikipedia.org/wiki/Shenzhen_Bao'an_International_Airport
31874,ZGZH,medium_airport,Liuzhou Bailian Airport / Bailian Air Base,24.2075,109.390999,295.0,AS,CN,CN-45,Liuzhou (Liujiang),yes,ZGZH,LZH,,,https://en.wikipedia.org/wiki/Liuzhou_Bailian_Airport
27199,ZHCC,large_airport,Zhengzhou Xinzheng International Airport,34.526497,113.849165,495.0,AS,CN,CN-41,Zhengzhou,yes,ZHCC,CGO,,,https://en.wikipedia.org/wiki/Zhengzhou_Xinzheng_International_Airport
27200,ZHHH,large_airport,Wuhan Tianhe International Airport,30.774798,114.213723,113.0,AS,CN,CN-42,Wuhan (Huangpi),yes,ZHHH,WUH,,http://www.whairport.com/,https://en.wikipedia.org/wiki/Wuhan_Tianhe_International_Airport
31870,ZHLY,medium_airport,Luoyang Beijiao Airport,34.7411,112.388,840.0,AS,CN,CN-41,Luoyang (Laocheng),yes,ZHLY,LYA,,,https://en.wikipedia.org/wiki/Luoyang_Beijiao_Airport
32697,ZHXF,medium_airport,Xiangyang Liuji Airport,32.152222,112.291666,234.0,AS,CN,CN-42,Xiangyang (Xiangzhou),yes,ZHXF,XFN,,http://www.hbxyairport.com/,https://en.wikipedia.org/wiki/Xiangyang_Liuji_Airport
27201,ZJHK,large_airport,Haikou Meilan International Airport,19.9349,110.459,75.0,AS,CN,CN-46,Haikou (Meilan),yes,ZJHK,HAK,,,https://en.wikipedia.org/wiki/Haikou_Meilan_International_Airport
27202,ZJSY,large_airport,Sanya Phoenix International Airport,18.3029,109.412003,92.0,AS,CN,CN-46,Sanya (Tianya),yes,ZJSY,SYX,,,https://en.wikipedia.org/wiki/Sanya_Phoenix_International_Airport
35218,ZKSD,medium_airport,Sondok Airport,39.745201,127.473999,12.0,AS,KP,KP-08,Sŏndŏng-ni,yes,ZKSD,DSO,,,https://en.wikipedia.org/wiki/Sondok_Airport
35308,ZLGM,medium_airport,Golmud Airport,36.4006,94.786102,9334.0,AS,CN,CN-63,Golmud,yes,ZLGM,GOQ,,,https://en.wikipedia.org/wiki/Golmud_Airport
32299,ZLSN,medium_airport,Xi'an Xiguan Airport,34.376701,109.120003,,AS,CN,CN-61,Xi'an (Baqiao),no,ZLSN,SIA,,,https://en.wikipedia.org/wiki/Xi%27an_Xiguan_Airport
32709,ZLXN,medium_airport,Xining Caojiabao International Airport,36.530093,102.040062,7119.0,AS,CN,CN-63,Haidong (Huzhu Tu Autonomous County),yes,ZLXN,XNN,,,https://en.wikipedia.org/wiki/Xining_Caojiabao_International_Airport
27205,ZLXY,large_airport,Xi'an Xianyang International Airport,34.447102,108.751999,1572.0,AS,CN,CN-61,Xianyang (Weicheng),yes,ZLXY,XIY,,http://www.xxia.com/,https://en.wikipedia.org/wiki/Xi'an_Xianyang_International_Airport
308462,ZLZW,medium_airport,Zhongwei Shapotou Airport,37.573125,105.154454,8202.0,AS,CN,CN-64,Zhongwei (Shapotou),yes,ZLZW,ZHY,,,https://en.wikipedia.org/wiki/Zhongwei_Shapotou_Airport
27208,ZMCD,medium_airport,Choibalsan Airport,48.13570022583008,114.64600372314452,2457.0,AS,MN,MN-061,,no,ZMCD,COQ,,,https://en.wikipedia.org/wiki/Choibalsan_airport
27209,ZMDZ,medium_airport,Dalanzadgad Airport,43.608628,104.367734,4787.0,AS,MN,MN-053,Dalanzadgad,yes,ZMDZ,DLZ,,,https://en.wikipedia.org/wiki/Dalanzadgad_Airport
27211,ZMMN,medium_airport,Mörön Airport,49.66329956054688,100.0989990234375,4272.0,AS,MN,MN-041,Mörön,yes,ZMMN,MXV,,,https://en.wikipedia.org/wiki/M%C3%B6r%C3%B6n_Airport
27212,ZMUB,medium_airport,Buyant-Ukhaa International Airport,47.843102,106.766998,4364.0,AS,MN,MN-1,Ulaanbaatar,no,ZMUB,ULN,,,https://en.wikipedia.org/wiki/Buyant-Ukhaa_International_Airport
30916,ZPDQ,medium_airport,Diqing Shangri-La Airport,27.7936,99.6772,10761.0,AS,CN,CN-53,Diqing (Shangri-La),yes,ZPDQ,DIG,,,https://en.wikipedia.org/wiki/Diqing_Shangri-La_Airport
27213,ZPJH,medium_airport,Xishuangbanna Gasa International Airport,21.974648,100.762224,1815.0,AS,CN,CN-53,Jinghong (Gasa),yes,ZPJH,JHG,,,https://en.wikipedia.org/wiki/Xishuangbanna_Gasa_International_Airport
31828,ZPLJ,medium_airport,Lijiang Sanyi International Airport,26.68,100.246002,7359.0,AS,CN,CN-53,Lijiang (Gucheng),yes,ZPLJ,LJG,,,https://en.wikipedia.org/wiki/Lijiang_Sanyi_Airport
27214,ZPPP,large_airport,Kunming Changshui International Airport,25.110313,102.936743,6903.0,AS,CN,CN-53,Kunming,yes,ZPPP,KMG,,,https://en.wikipedia.org/wiki/Kunming_Changshui_International_Airport
27215,ZSAM,large_airport,Xiamen Gaoqi International Airport,24.54400062561035,118.12799835205078,59.0,AS,CN,CN-35,Xiamen,yes,ZSAM,XMN,,http://www.xiagc.com.cn/enweb/,https://en.wikipedia.org/wiki/Xiamen_Gaoqi_International_Airport
30650,ZSAQ,medium_airport,Anqing Tianzhushan Airport / Anqing North Air Base,30.582199,117.050003,,AS,CN,CN-34,Anqing,yes,ZSAQ,AQG,,,https://en.wikipedia.org/wiki/Anqing_Tianzhushan_Airport
301883,ZSBB,medium_airport,Bengbu Airport,32.8477333333,117.320244444,100.0,AS,CN,CN-34,Bengbu,no,ZSBB,BFU,,,https://en.wikipedia.org/wiki/Bengbu_Airport
27217,ZSFZ,large_airport,Fuzhou Changle International Airport,25.934669,119.66318,46.0,AS,CN,CN-35,Fuzhou,yes,ZSFZ,FOC,FOC,,https://en.wikipedia.org/wiki/Fuzhou_Changle_International_Airport
31695,ZSJD,medium_airport,Jingdezhen Luojia Airport,29.3386,117.176003,112.0,AS,CN,CN-36,Jingdezhen,yes,ZSJD,JDZ,,,https://en.wikipedia.org/wiki/Jingdezhen_Luojia_Airport
27219,ZSJN,large_airport,Jinan Yaoqiang International Airport,36.857201,117.216003,76.0,AS,CN,CN-37,Jinan (Licheng),yes,ZSJN,TNA,,,https://en.wikipedia.org/wiki/Jinan_Yaoqiang_International_Airport
31658,ZSLQ,medium_airport,Taizhou Luqiao Airport,28.562201,121.429001,,AS,CN,CN-33,Huangyan,yes,ZSLQ,HYN,,,https://en.wikipedia.org/wiki/Huangyan_Luqiao_Airport
27220,ZSNB,large_airport,Ningbo Lishe International Airport,29.82670021057129,121.46199798583984,13.0,AS,CN,CN-33,Ningbo,yes,ZSNB,NGB,,,https://en.wikipedia.org/wiki/Ningbo_Lishe_International_Airport
27222,ZSOF,medium_airport,Hefei Xinqiao International Airport,31.98779,116.9769,207.0,AS,CN,CN-34,Hefei,yes,ZSOF,HFE,,,https://en.wikipedia.org/wiki/Hefei_Xinqiao_International_Airport
27223,ZSPD,large_airport,Shanghai Pudong International Airport,31.1434,121.805,13.0,AS,CN,CN-31,Shanghai (Pudong),yes,ZSPD,PVG,,https://www.shanghaiairport.com/index.html,https://en.wikipedia.org/wiki/Shanghai_Pudong_International_Airport
31705,ZSQZ,medium_airport,Quanzhou Jinjiang International Airport,24.7964,118.589996,39.0,AS,CN,CN-35,Quanzhou,yes,ZSQZ,JJN,,,https://en.wikipedia.org/wiki/Quanzhou_Jinjiang_International_Airport
27225,ZSSS,large_airport,Shanghai Hongqiao International Airport,31.198104,121.33426,10.0,AS,CN,CN-31,Shanghai (Minhang),yes,ZSSS,SHA,,,https://en.wikipedia.org/wiki/Shanghai_Hongqiao_International_Airport
32489,ZSTX,medium_airport,Tunxi International Airport,29.733299255371094,118.25599670410156,,AS,CN,CN-34,Huangshan,yes,ZSTX,TXN,,,https://en.wikipedia.org/wiki/Huangshan_Tunxi_International_Airport
32646,ZSWF,medium_airport,Weifang Nanyuan Airport,36.646702,119.119003,,AS,CN,CN-37,Weifang (Kuiwen),yes,ZSWF,WEF,,,https://en.wikipedia.org/wiki/Weifang_Airport
27226,ZSWH,medium_airport,Weihai Dashuibo Airport,37.187099,122.228996,145.0,AS,CN,CN-37,Weihai,yes,ZSWH,WEH,,,https://en.wikipedia.org/wiki/Weihai_Airport
32684,ZSWX,medium_airport,Sunan Shuofang International Airport,31.4944000244,120.429000854,24.0,AS,CN,CN-32,Wuxi,yes,ZSWX,WUX,,,https://en.wikipedia.org/wiki/Wuxi_Shuofang_Airport
32683,ZSWY,medium_airport,Nanping Wuyishan Airport,27.7019,118.000999,614.0,AS,CN,CN-35,Wuyishan,yes,ZSWY,WUS,,,https://en.wikipedia.org/wiki/Wuyishan_Airport
32713,ZSXZ,medium_airport,Xuzhou Guanyin International Airport,34.059056,117.555278,108.0,AS,CN,CN-32,Xuzhou,yes,ZSXZ,XUZ,,,https://en.wikipedia.org/wiki/Xuzhou_Guanyin_Airport
315853,ZSYC,medium_airport,Yichun Mingyueshan Airport,27.8025,114.3062,430.0,AS,CN,CN-36,Yichun,yes,ZSYC,YIC,,,https://en.wikipedia.org/wiki/Yichun_Mingyueshan_Airport
31624,ZSZS,medium_airport,Zhoushan Putuoshan Airport,29.9342,122.362,3.0,AS,CN,CN-33,Zhoushan,yes,ZSZS,HSN,,,https://en.wikipedia.org/wiki/Zhoushan_Putuoshan_Airport
300545,ZUAL,medium_airport,Ngari Gunsa Airport,32.1,80.053056,14022.0,AS,CN,CN-54,Shiquanhe,yes,ZUAL,NGQ,,,https://en.wikipedia.org/wiki/Ngari_Gunsa_Airport
300785,ZUAS,medium_airport,Anshun Huangguoshu Airport,26.260556,105.873333,4812.0,AS,CN,CN-52,Anshun (Xixiu),yes,ZUAS,AVA,,,https://en.wikipedia.org/wiki/Anshun_Huangguoshu_Airport
27228,ZUCK,large_airport,Chongqing Jiangbei International Airport,29.712254,106.651895,1365.0,AS,CN,CN-50,Chongqing,yes,ZUCK,CKG,,,https://en.wikipedia.org/wiki/Chongqing_Jiangbei_International_Airport
31562,ZUGU,medium_airport,Guangyuan Panlong Airport,32.390254,105.694571,,AS,CN,CN-51,Guangyuan (Lizhou),yes,ZUGU,GYS,,,https://en.wikipedia.org/wiki/Guangyuan_Airport
27229,ZUGY,large_airport,Guiyang Longdongbao International Airport,26.541466,106.803331,3736.0,AS,CN,CN-52,Guiyang (Nanming),yes,ZUGY,KWE,,,https://en.wikipedia.org/wiki/Guiyang_Longdongbao_Airport
300512,ZUJZ,medium_airport,Jiuzhai Huanglong Airport,32.853333,103.682222,11327.0,AS,CN,CN-51,Ngawa (Songpan),yes,ZUJZ,JZH,,,https://en.wikipedia.org/wiki/Jiuzhai_Huanglong_Airport
327350,ZUKD,medium_airport,Kangding Airport,30.142464,101.73872,14042.0,AS,CN,CN-51,Garzê (Kangding),yes,ZUKD,KGT,,,https://en.wikipedia.org/wiki/Kangding_Airport
31867,ZULS,medium_airport,Lhasa Gonggar Airport,29.298001,90.911951,11713.0,AS,CN,CN-54,Shannan (Gonggar),yes,ZULS,LXA,,,https://en.wikipedia.org/wiki/Lhasa_Gonggar_Airport
336114,ZULZ,medium_airport,Luzhou Yunlong Airport,29.030357,105.468407,,AS,CN,CN-51,Luzhou (Yunlong),yes,ZULZ,LZO,,,https://en.wikipedia.org/wiki/Luzhou_Yunlong_Airport
31908,ZUMY,medium_airport,Mianyang Nanjiao Airport,31.428101,104.740997,7874.0,AS,CN,CN-51,Mianyang (Fucheng),yes,ZUMY,MIG,,,https://en.wikipedia.org/wiki/Mianyang_Airport
31876,ZUNZ,medium_airport,Nyingchi Mainling Airport,29.303301,94.335297,9675.0,AS,CN,CN-54,Nyingchi (Mainling),yes,ZUNZ,LZY,,,https://en.wikipedia.org/wiki/Nyingchi_Airport
27230,ZUUU,large_airport,Chengdu Shuangliu International Airport,30.558257,103.945966,1625.0,AS,CN,CN-51,Chengdu (Shuangliu),yes,ZUUU,CTU,,http://www.cdairport.com/cdairport/en_front/index.jsp,https://en.wikipedia.org/wiki/Chengdu_Shuangliu_International_Airport
27231,ZUXC,medium_airport,Xichang Qingshan Airport,27.9891,102.183998,5112.0,AS,CN,CN-51,Liangshan (Xichang),yes,ZUXC,XIC,,,https://en.wikipedia.org/wiki/Xichang_Qingshan_Airport
30635,ZWAK,medium_airport,Aksu Hongqipo Airport,41.262501,80.291702,3816.0,AS,CN,CN-65,Aksu (Onsu),yes,ZWAK,AKU,,,https://en.wikipedia.org/wiki/Aksu_Hongqipo_Airport
46650,ZWAX,medium_airport,Bole Alashankou Airport,44.895461,82.30007,1253.0,AS,CN,CN-65,Bole,yes,ZWBL,BPL,,,https://en.wikipedia.org/wiki/Bole_Alashankou_Airport
31771,ZWKL,medium_airport,Korla Licheng Airport,41.614979,86.140817,3041.0,AS,CN,CN-65,Korla,yes,ZWKL,KRL,,,https://en.wikipedia.org/wiki/Korla_Licheng_Airport
313426,ZWKN,medium_airport,Burqin Kanas Airport,48.2223,86.9959,3921.0,AS,CN,CN-65,Burqin,yes,ZWKN,KJI,,,https://en.wikipedia.org/wiki/Kanas_Airport
316548,ZWNL,medium_airport,Xinyuan Nalati Airport,43.4318,83.3786,3050.0,AS,CN,CN-65,Xinyuan,yes,ZWNL,NLT,,,https://en.wikipedia.org/wiki/Xinyuan_Nalati_Airport
27234,ZWSH,medium_airport,Kashgar Airport,39.5429000854,76.0199966431,4529.0,AS,CN,CN-65,Kashgar,yes,ZWSH,KHG,,,https://en.wikipedia.org/wiki/Kashgar_Airport
27235,ZWTN,medium_airport,Hotan Airport,37.03850173950195,79.86489868164062,4672.0,AS,CN,CN-65,Hotan,yes,ZWTN,HTN,,,https://en.wikipedia.org/wiki/Hotan_Airport
27236,ZWWW,large_airport,Ürümqi Diwopu International Airport,43.90710067749024,87.47419738769531,2125.0,AS,CN,CN-65,Ürümqi,yes,ZWWW,URC,,,https://en.wikipedia.org/wiki/%C3%9Cr%C3%BCmqi_Diwopu_International_Airport
27237,ZYCC,large_airport,Changchun Longjia International Airport,43.996201,125.684998,706.0,AS,CN,CN-22,Changchun,yes,ZYCC,CGQ,,,https://en.wikipedia.org/wiki/Changchun_Longjia_International_Airport
30827,ZYCY,medium_airport,Chaoyang Airport,41.538101,120.434998,568.0,AS,CN,CN-21,"Shuangta, Chaoyang",yes,ZYCY,CHG,,,https://en.wikipedia.org/wiki/Chaoyang_Airport
313994,ZYFY,medium_airport,Fuyuan Dongji Aiport,48.197219,134.36298,,AS,CN,CN-23,Fuyuan,yes,ZYFY,FYJ,,,https://en.wikipedia.org/wiki/Fuyuan_Dongji_Airport
27238,ZYHB,large_airport,Harbin Taiping International Airport,45.623402,126.25,457.0,AS,CN,CN-23,Harbin,yes,ZYHB,HRB,,,https://en.wikipedia.org/wiki/Harbin_Taiping_International_Airport
31576,ZYHE,medium_airport,Heihe Aihui Airport,50.171621,127.308884,1047.0,AS,CN,CN-23,Heihe,yes,ZYHE,HEK,,,https://en.wikipedia.org/wiki/Heihe_Aihui_Airport
300516,ZYLS,medium_airport,Yushu Batang Airport,32.836389,97.036389,12816.0,AS,CN,CN-63,Yushu (Batang),yes,ZLYS,YUS,,,https://en.wikipedia.org/wiki/Yushu_Batang_Airport
27240,ZYMD,medium_airport,Mudanjiang Hailang International Airport,44.5241012573,129.569000244,883.0,AS,CN,CN-23,Mudanjiang,yes,ZYMD,MDG,,,https://en.wikipedia.org/wiki/Mudanjiang_Airport
301193,ZYMH,medium_airport,Mohe Gulian Airport,52.916871,122.422759,1836.0,AS,CN,CN-23,Mohe,yes,ZYMH,OHE,,,https://en.wikipedia.org/wiki/Mohe_Gulian_Airport
27243,ZYTX,large_airport,Shenyang Taoxian International Airport,41.639801,123.483002,198.0,AS,CN,CN-21,"Hunnan, Shenyang",yes,ZYTX,SHE,,,https://en.wikipedia.org/wiki/Shenyang_Taoxian_International_Airport
27244,ZYYJ,medium_airport,Yanji Chaoyangchuan Airport,42.8828010559,129.451004028,624.0,AS,CN,CN-22,Yanji,yes,ZYYJ,YNJ,,,https://en.wikipedia.org/wiki/Yanji_Chaoyangchuan_Airport
